equation,artifact_method,public_method,method_folder,seed,role,source_relpath,artifact_relpath,sha256,size_bytes
1d_burgers,AAF-PINN,AAF-PINN,aaf_pinn,7,checkpoint,results/raw/runs/1d_burgers/aaf_pinn/seed_7/model_final.pt,1d_burgers/aaf_pinn/seed_7/model_final.pt,845b89de0831b58d1c6964260fb68294bdda08e3ba390602e94ab047f374409f,339324
1d_burgers,AAF-PINN,AAF-PINN,aaf_pinn,7,checkpoint_adamw,results/raw/runs/1d_burgers/aaf_pinn/seed_7/model_adamw_final.pt,1d_burgers/aaf_pinn/seed_7/model_adamw_final.pt,a440b4b99be25c1de8226428533a9c73ad2cb7abb6ad2a5f65d6301a2fb2939f,339426
1d_burgers,AAF-PINN,AAF-PINN,aaf_pinn,7,config,results/raw/runs/1d_burgers/aaf_pinn/seed_7/config.json,1d_burgers/aaf_pinn/seed_7/config.json,c85b36e26ef4fa83891e8f1817e8a7efb469c2b39bce87d8b325ef1e6cb525f8,1162
1d_burgers,AAF-PINN,AAF-PINN,aaf_pinn,7,environment,results/raw/runs/1d_burgers/aaf_pinn/seed_7/env.json,1d_burgers/aaf_pinn/seed_7/env.json,3ea9611b4a501b9d8258401458ea7fbd12107e673f8ddeac71518e0ffecb3269,244
1d_burgers,AAF-PINN,AAF-PINN,aaf_pinn,7,method,results/raw/runs/1d_burgers/aaf_pinn/seed_7/method.json,1d_burgers/aaf_pinn/seed_7/method.json,e051228ae186d1f03a20d2f76d1ad319d4431b3341a940f1d2fb6c30c9d1cf17,526
1d_burgers,AAF-PINN,AAF-PINN,aaf_pinn,7,metrics,results/raw/runs/1d_burgers/aaf_pinn/seed_7/metrics_final.json,1d_burgers/aaf_pinn/seed_7/metrics_final.json,0f3fa71662ca5ea18559027bc58a42d01cd6530741d231355a699a62cd6e7283,2975
1d_burgers,AAF-PINN,AAF-PINN,aaf_pinn,7,status,results/raw/runs/1d_burgers/aaf_pinn/seed_7/status.json,1d_burgers/aaf_pinn/seed_7/status.json,49dad2ffcf62da73694b6da53013910fcd74c8c55f7ceeb3b4bb90505237ca0b,104
1d_burgers,AAF-PINN,AAF-PINN,aaf_pinn,7,success_marker,results/raw/runs/1d_burgers/aaf_pinn/seed_7/_SUCCESS,1d_burgers/aaf_pinn/seed_7/_SUCCESS,81b2bd4ea98c8db66554fbc8d7637a1a69a130f331feb732b75caab4c4868fd5,8
1d_burgers,AAF-PINN,AAF-PINN,aaf_pinn,42,checkpoint,results/raw/runs/1d_burgers/aaf_pinn/seed_42/model_final.pt,1d_burgers/aaf_pinn/seed_42/model_final.pt,175b05eaea00f51277011e86bb5f878df69feeb706a46484852f7745eabbd161,339324
1d_burgers,AAF-PINN,AAF-PINN,aaf_pinn,42,checkpoint_adamw,results/raw/runs/1d_burgers/aaf_pinn/seed_42/model_adamw_final.pt,1d_burgers/aaf_pinn/seed_42/model_adamw_final.pt,42a509d2a724135dedbb82390a96d83fe24334949319deb0387a3178667d2383,339426
1d_burgers,AAF-PINN,AAF-PINN,aaf_pinn,42,config,results/raw/runs/1d_burgers/aaf_pinn/seed_42/config.json,1d_burgers/aaf_pinn/seed_42/config.json,409a668bbc358739719ad69988f7d5bebf997f8948e20dacd4b412fc16aac718,1164
1d_burgers,AAF-PINN,AAF-PINN,aaf_pinn,42,environment,results/raw/runs/1d_burgers/aaf_pinn/seed_42/env.json,1d_burgers/aaf_pinn/seed_42/env.json,3ea9611b4a501b9d8258401458ea7fbd12107e673f8ddeac71518e0ffecb3269,244
1d_burgers,AAF-PINN,AAF-PINN,aaf_pinn,42,method,results/raw/runs/1d_burgers/aaf_pinn/seed_42/method.json,1d_burgers/aaf_pinn/seed_42/method.json,e051228ae186d1f03a20d2f76d1ad319d4431b3341a940f1d2fb6c30c9d1cf17,526
1d_burgers,AAF-PINN,AAF-PINN,aaf_pinn,42,metrics,results/raw/runs/1d_burgers/aaf_pinn/seed_42/metrics_final.json,1d_burgers/aaf_pinn/seed_42/metrics_final.json,434e9e4041fcf1063bb8eb9fcb4317a6e61f14ef316b0e4aefb209ff23d6a029,2961
1d_burgers,AAF-PINN,AAF-PINN,aaf_pinn,42,status,results/raw/runs/1d_burgers/aaf_pinn/seed_42/status.json,1d_burgers/aaf_pinn/seed_42/status.json,674f1728df4bc9968886905e3441d71eec05e1079404dc2f868ca98d4ea58a09,103
1d_burgers,AAF-PINN,AAF-PINN,aaf_pinn,42,success_marker,results/raw/runs/1d_burgers/aaf_pinn/seed_42/_SUCCESS,1d_burgers/aaf_pinn/seed_42/_SUCCESS,81b2bd4ea98c8db66554fbc8d7637a1a69a130f331feb732b75caab4c4868fd5,8
1d_burgers,AAF-PINN,AAF-PINN,aaf_pinn,100,checkpoint,results/raw/runs/1d_burgers/aaf_pinn/seed_100/model_final.pt,1d_burgers/aaf_pinn/seed_100/model_final.pt,eb7173a32b82a979060bc731ec732a028db5a18871eb664dfca8b35889ac00f0,339324
1d_burgers,AAF-PINN,AAF-PINN,aaf_pinn,100,checkpoint_adamw,results/raw/runs/1d_burgers/aaf_pinn/seed_100/model_adamw_final.pt,1d_burgers/aaf_pinn/seed_100/model_adamw_final.pt,7378624641f37fe002e1fd971d17fd481cbbd1c4edcfb5a1a4dddcf26f467be0,339426
1d_burgers,AAF-PINN,AAF-PINN,aaf_pinn,100,config,results/raw/runs/1d_burgers/aaf_pinn/seed_100/config.json,1d_burgers/aaf_pinn/seed_100/config.json,e27352976ebd6cc53984cd44c87f9c626e3b00035f1f9bfec7a8c622125e9f54,1166
1d_burgers,AAF-PINN,AAF-PINN,aaf_pinn,100,environment,results/raw/runs/1d_burgers/aaf_pinn/seed_100/env.json,1d_burgers/aaf_pinn/seed_100/env.json,3ea9611b4a501b9d8258401458ea7fbd12107e673f8ddeac71518e0ffecb3269,244
1d_burgers,AAF-PINN,AAF-PINN,aaf_pinn,100,method,results/raw/runs/1d_burgers/aaf_pinn/seed_100/method.json,1d_burgers/aaf_pinn/seed_100/method.json,e051228ae186d1f03a20d2f76d1ad319d4431b3341a940f1d2fb6c30c9d1cf17,526
1d_burgers,AAF-PINN,AAF-PINN,aaf_pinn,100,metrics,results/raw/runs/1d_burgers/aaf_pinn/seed_100/metrics_final.json,1d_burgers/aaf_pinn/seed_100/metrics_final.json,97bb489d000ec1a9801e80ec3c5d145a4fa0ef6fa52c9e8b41c8c9625c60c1d2,2945
1d_burgers,AAF-PINN,AAF-PINN,aaf_pinn,100,status,results/raw/runs/1d_burgers/aaf_pinn/seed_100/status.json,1d_burgers/aaf_pinn/seed_100/status.json,7d99f1a2f8c660fa316da68e31fa2332635dd796604b32945b57a38f1d3cea00,104
1d_burgers,AAF-PINN,AAF-PINN,aaf_pinn,100,success_marker,results/raw/runs/1d_burgers/aaf_pinn/seed_100/_SUCCESS,1d_burgers/aaf_pinn/seed_100/_SUCCESS,81b2bd4ea98c8db66554fbc8d7637a1a69a130f331feb732b75caab4c4868fd5,8
1d_burgers,AAF-PINN,AAF-PINN,aaf_pinn,2026,checkpoint,results/raw/runs/1d_burgers/aaf_pinn/seed_2026/model_final.pt,1d_burgers/aaf_pinn/seed_2026/model_final.pt,7eaec1959095eed6b61aae7176606b2583e1fd8d395eee867668d2db1ed5d91d,339324
1d_burgers,AAF-PINN,AAF-PINN,aaf_pinn,2026,checkpoint_adamw,results/raw/runs/1d_burgers/aaf_pinn/seed_2026/model_adamw_final.pt,1d_burgers/aaf_pinn/seed_2026/model_adamw_final.pt,13dc75ced538804a2cbdf4ceb96f01c82124faec692ec9257c3b040a768cc868,339426
1d_burgers,AAF-PINN,AAF-PINN,aaf_pinn,2026,config,results/raw/runs/1d_burgers/aaf_pinn/seed_2026/config.json,1d_burgers/aaf_pinn/seed_2026/config.json,b9c8d53e969a59b30d9fbeba3ecfe600f074d6e6902cb0af243b964e95b8d0db,1168
1d_burgers,AAF-PINN,AAF-PINN,aaf_pinn,2026,environment,results/raw/runs/1d_burgers/aaf_pinn/seed_2026/env.json,1d_burgers/aaf_pinn/seed_2026/env.json,3ea9611b4a501b9d8258401458ea7fbd12107e673f8ddeac71518e0ffecb3269,244
1d_burgers,AAF-PINN,AAF-PINN,aaf_pinn,2026,method,results/raw/runs/1d_burgers/aaf_pinn/seed_2026/method.json,1d_burgers/aaf_pinn/seed_2026/method.json,e051228ae186d1f03a20d2f76d1ad319d4431b3341a940f1d2fb6c30c9d1cf17,526
1d_burgers,AAF-PINN,AAF-PINN,aaf_pinn,2026,metrics,results/raw/runs/1d_burgers/aaf_pinn/seed_2026/metrics_final.json,1d_burgers/aaf_pinn/seed_2026/metrics_final.json,deb47359961b6714301de4c4bc263a28338a077b6508f8455c30109a18c53818,2975
1d_burgers,AAF-PINN,AAF-PINN,aaf_pinn,2026,status,results/raw/runs/1d_burgers/aaf_pinn/seed_2026/status.json,1d_burgers/aaf_pinn/seed_2026/status.json,41c5830c262db3e78630c972296070dd1c3420a507b2586c7cf277ee1f8479dc,102
1d_burgers,AAF-PINN,AAF-PINN,aaf_pinn,2026,success_marker,results/raw/runs/1d_burgers/aaf_pinn/seed_2026/_SUCCESS,1d_burgers/aaf_pinn/seed_2026/_SUCCESS,81b2bd4ea98c8db66554fbc8d7637a1a69a130f331feb732b75caab4c4868fd5,8
1d_burgers,AAF-PINN,AAF-PINN,aaf_pinn,31415,checkpoint,results/raw/runs/1d_burgers/aaf_pinn/seed_31415/model_final.pt,1d_burgers/aaf_pinn/seed_31415/model_final.pt,0d35aff42e4bdacfab6ab620c8c93bba8fd76ce21532933dc2e5ef9f6ed93d2d,339324
1d_burgers,AAF-PINN,AAF-PINN,aaf_pinn,31415,checkpoint_adamw,results/raw/runs/1d_burgers/aaf_pinn/seed_31415/model_adamw_final.pt,1d_burgers/aaf_pinn/seed_31415/model_adamw_final.pt,f13c3aac3849dccf888dfd3f529e8d3d5e63ce16575577799b6f9018848224f3,339426
1d_burgers,AAF-PINN,AAF-PINN,aaf_pinn,31415,config,results/raw/runs/1d_burgers/aaf_pinn/seed_31415/config.json,1d_burgers/aaf_pinn/seed_31415/config.json,b768a3db8aa16007443ed8cec75878bd9b4f75d44f18e457f9f81b57dbdb5ef6,1170
1d_burgers,AAF-PINN,AAF-PINN,aaf_pinn,31415,environment,results/raw/runs/1d_burgers/aaf_pinn/seed_31415/env.json,1d_burgers/aaf_pinn/seed_31415/env.json,3ea9611b4a501b9d8258401458ea7fbd12107e673f8ddeac71518e0ffecb3269,244
1d_burgers,AAF-PINN,AAF-PINN,aaf_pinn,31415,method,results/raw/runs/1d_burgers/aaf_pinn/seed_31415/method.json,1d_burgers/aaf_pinn/seed_31415/method.json,e051228ae186d1f03a20d2f76d1ad319d4431b3341a940f1d2fb6c30c9d1cf17,526
1d_burgers,AAF-PINN,AAF-PINN,aaf_pinn,31415,metrics,results/raw/runs/1d_burgers/aaf_pinn/seed_31415/metrics_final.json,1d_burgers/aaf_pinn/seed_31415/metrics_final.json,c4f11a5ed2463e9cadc19b3ddd34a4e1f0dda7e5e3a12b9d53b15f4f5caf75b2,2956
1d_burgers,AAF-PINN,AAF-PINN,aaf_pinn,31415,status,results/raw/runs/1d_burgers/aaf_pinn/seed_31415/status.json,1d_burgers/aaf_pinn/seed_31415/status.json,c3a2a10f1faed4ba93417e4e653a684fec0fa59299caef6982a685c6648e915f,103
1d_burgers,AAF-PINN,AAF-PINN,aaf_pinn,31415,success_marker,results/raw/runs/1d_burgers/aaf_pinn/seed_31415/_SUCCESS,1d_burgers/aaf_pinn/seed_31415/_SUCCESS,81b2bd4ea98c8db66554fbc8d7637a1a69a130f331feb732b75caab4c4868fd5,8
1d_burgers,LRA-PINN,LRA-PINN,lra_pinn,7,checkpoint,results/raw/runs/1d_burgers/lra_pinn/seed_7/model_final.pt,1d_burgers/lra_pinn/seed_7/model_final.pt,b2537351bc6dcdd32161ed1ab86d890784a09dcf72859f0106e2f76141370ad6,339131
1d_burgers,LRA-PINN,LRA-PINN,lra_pinn,7,checkpoint_adamw,results/raw/runs/1d_burgers/lra_pinn/seed_7/model_adamw_final.pt,1d_burgers/lra_pinn/seed_7/model_adamw_final.pt,71e976d2096195b258e319791661bc7a101030b5835f0c0c7a8c8ff6c65cafe7,339227
1d_burgers,LRA-PINN,LRA-PINN,lra_pinn,7,config,results/raw/runs/1d_burgers/lra_pinn/seed_7/config.json,1d_burgers/lra_pinn/seed_7/config.json,a15583a417728ff4c2af6f4f348830e82a60a135f8ac576d0dc292145be39a9d,1162
1d_burgers,LRA-PINN,LRA-PINN,lra_pinn,7,environment,results/raw/runs/1d_burgers/lra_pinn/seed_7/env.json,1d_burgers/lra_pinn/seed_7/env.json,3ea9611b4a501b9d8258401458ea7fbd12107e673f8ddeac71518e0ffecb3269,244
1d_burgers,LRA-PINN,LRA-PINN,lra_pinn,7,method,results/raw/runs/1d_burgers/lra_pinn/seed_7/method.json,1d_burgers/lra_pinn/seed_7/method.json,b0f30434975da8eddc853e7889ede5109a3600fe6012bc0e26e818e699f782ad,458
1d_burgers,LRA-PINN,LRA-PINN,lra_pinn,7,metrics,results/raw/runs/1d_burgers/lra_pinn/seed_7/metrics_final.json,1d_burgers/lra_pinn/seed_7/metrics_final.json,fc7a87b28f7ec7706c86775adc578a1a689c19bfc226467c2916ae716b1d3120,2984
1d_burgers,LRA-PINN,LRA-PINN,lra_pinn,7,status,results/raw/runs/1d_burgers/lra_pinn/seed_7/status.json,1d_burgers/lra_pinn/seed_7/status.json,d8aa4cf6f177fb162de38c05afbe5cacd454b710a3240ee75be84bf1181ba4e4,104
1d_burgers,LRA-PINN,LRA-PINN,lra_pinn,7,success_marker,results/raw/runs/1d_burgers/lra_pinn/seed_7/_SUCCESS,1d_burgers/lra_pinn/seed_7/_SUCCESS,81b2bd4ea98c8db66554fbc8d7637a1a69a130f331feb732b75caab4c4868fd5,8
1d_burgers,LRA-PINN,LRA-PINN,lra_pinn,42,checkpoint,results/raw/runs/1d_burgers/lra_pinn/seed_42/model_final.pt,1d_burgers/lra_pinn/seed_42/model_final.pt,651e11139ec3a76440d0e95a22830d489058f7d564a62ae72701bc2a5af98bca,339131
1d_burgers,LRA-PINN,LRA-PINN,lra_pinn,42,checkpoint_adamw,results/raw/runs/1d_burgers/lra_pinn/seed_42/model_adamw_final.pt,1d_burgers/lra_pinn/seed_42/model_adamw_final.pt,2cb2facf6ad933ddb96bdd17155021791b75fdd1b2260911e2257bdb990fac6b,339227
1d_burgers,LRA-PINN,LRA-PINN,lra_pinn,42,config,results/raw/runs/1d_burgers/lra_pinn/seed_42/config.json,1d_burgers/lra_pinn/seed_42/config.json,ef61cd88c0ca02785c5d294173cf74f9d4f133c9c9c1e33a82a624cda3f0be78,1164
1d_burgers,LRA-PINN,LRA-PINN,lra_pinn,42,environment,results/raw/runs/1d_burgers/lra_pinn/seed_42/env.json,1d_burgers/lra_pinn/seed_42/env.json,3ea9611b4a501b9d8258401458ea7fbd12107e673f8ddeac71518e0ffecb3269,244
1d_burgers,LRA-PINN,LRA-PINN,lra_pinn,42,method,results/raw/runs/1d_burgers/lra_pinn/seed_42/method.json,1d_burgers/lra_pinn/seed_42/method.json,b0f30434975da8eddc853e7889ede5109a3600fe6012bc0e26e818e699f782ad,458
1d_burgers,LRA-PINN,LRA-PINN,lra_pinn,42,metrics,results/raw/runs/1d_burgers/lra_pinn/seed_42/metrics_final.json,1d_burgers/lra_pinn/seed_42/metrics_final.json,8ef4650495d70f2d7e141f03eb2c22fb6cbba455673d91259ae9b2e25ee9a5b8,2976
1d_burgers,LRA-PINN,LRA-PINN,lra_pinn,42,status,results/raw/runs/1d_burgers/lra_pinn/seed_42/status.json,1d_burgers/lra_pinn/seed_42/status.json,a352960f97419fec0907be80defd78788734a8ef1370636c70ebda741cbd9c2e,103
1d_burgers,LRA-PINN,LRA-PINN,lra_pinn,42,success_marker,results/raw/runs/1d_burgers/lra_pinn/seed_42/_SUCCESS,1d_burgers/lra_pinn/seed_42/_SUCCESS,81b2bd4ea98c8db66554fbc8d7637a1a69a130f331feb732b75caab4c4868fd5,8
1d_burgers,LRA-PINN,LRA-PINN,lra_pinn,100,checkpoint,results/raw/runs/1d_burgers/lra_pinn/seed_100/model_final.pt,1d_burgers/lra_pinn/seed_100/model_final.pt,8013d1c982ee2f98164a27cf32ad4df02d2e8557d0656985084fd137edeced73,339131
1d_burgers,LRA-PINN,LRA-PINN,lra_pinn,100,checkpoint_adamw,results/raw/runs/1d_burgers/lra_pinn/seed_100/model_adamw_final.pt,1d_burgers/lra_pinn/seed_100/model_adamw_final.pt,5b1789fd5d24b732921c8a818fd9e0d80d45265d5f810542c7969ed9183ed9fc,339227
1d_burgers,LRA-PINN,LRA-PINN,lra_pinn,100,config,results/raw/runs/1d_burgers/lra_pinn/seed_100/config.json,1d_burgers/lra_pinn/seed_100/config.json,89e05965ac5a98a54b67dc9a86b6820c3e570968785f7bd770bb2a14bca6a3bc,1166
1d_burgers,LRA-PINN,LRA-PINN,lra_pinn,100,environment,results/raw/runs/1d_burgers/lra_pinn/seed_100/env.json,1d_burgers/lra_pinn/seed_100/env.json,3ea9611b4a501b9d8258401458ea7fbd12107e673f8ddeac71518e0ffecb3269,244
1d_burgers,LRA-PINN,LRA-PINN,lra_pinn,100,method,results/raw/runs/1d_burgers/lra_pinn/seed_100/method.json,1d_burgers/lra_pinn/seed_100/method.json,b0f30434975da8eddc853e7889ede5109a3600fe6012bc0e26e818e699f782ad,458
1d_burgers,LRA-PINN,LRA-PINN,lra_pinn,100,metrics,results/raw/runs/1d_burgers/lra_pinn/seed_100/metrics_final.json,1d_burgers/lra_pinn/seed_100/metrics_final.json,8b3b5805ca8dc3ed4d517a1e0f9c0112a696ca6ac2969772cd35f5a3201439ad,2982
1d_burgers,LRA-PINN,LRA-PINN,lra_pinn,100,status,results/raw/runs/1d_burgers/lra_pinn/seed_100/status.json,1d_burgers/lra_pinn/seed_100/status.json,fb4aa09c205e3405c278a62b76d7609305129f0194bf9de8e075887742900fb6,103
1d_burgers,LRA-PINN,LRA-PINN,lra_pinn,100,success_marker,results/raw/runs/1d_burgers/lra_pinn/seed_100/_SUCCESS,1d_burgers/lra_pinn/seed_100/_SUCCESS,81b2bd4ea98c8db66554fbc8d7637a1a69a130f331feb732b75caab4c4868fd5,8
1d_burgers,LRA-PINN,LRA-PINN,lra_pinn,2026,checkpoint,results/raw/runs/1d_burgers/lra_pinn/seed_2026/model_final.pt,1d_burgers/lra_pinn/seed_2026/model_final.pt,f0e1c04d3a736da2084794d7bc22d3701669dfb450627ca019947a176320765b,339131
1d_burgers,LRA-PINN,LRA-PINN,lra_pinn,2026,checkpoint_adamw,results/raw/runs/1d_burgers/lra_pinn/seed_2026/model_adamw_final.pt,1d_burgers/lra_pinn/seed_2026/model_adamw_final.pt,8169f8026f4ee0520d63617554c32e1a65c44b12989d4ac07b2d7a192125a5a7,339227
1d_burgers,LRA-PINN,LRA-PINN,lra_pinn,2026,config,results/raw/runs/1d_burgers/lra_pinn/seed_2026/config.json,1d_burgers/lra_pinn/seed_2026/config.json,62cf66bbd9aca7ba85ef84c2036e4cfb3a1abcc9673b98520416ef52cf177951,1168
1d_burgers,LRA-PINN,LRA-PINN,lra_pinn,2026,environment,results/raw/runs/1d_burgers/lra_pinn/seed_2026/env.json,1d_burgers/lra_pinn/seed_2026/env.json,3ea9611b4a501b9d8258401458ea7fbd12107e673f8ddeac71518e0ffecb3269,244
1d_burgers,LRA-PINN,LRA-PINN,lra_pinn,2026,method,results/raw/runs/1d_burgers/lra_pinn/seed_2026/method.json,1d_burgers/lra_pinn/seed_2026/method.json,b0f30434975da8eddc853e7889ede5109a3600fe6012bc0e26e818e699f782ad,458
1d_burgers,LRA-PINN,LRA-PINN,lra_pinn,2026,metrics,results/raw/runs/1d_burgers/lra_pinn/seed_2026/metrics_final.json,1d_burgers/lra_pinn/seed_2026/metrics_final.json,d1cc420fc0189054b26dcbc57615f0e6b173035c76a378931aad36b23bc4c512,2990
1d_burgers,LRA-PINN,LRA-PINN,lra_pinn,2026,status,results/raw/runs/1d_burgers/lra_pinn/seed_2026/status.json,1d_burgers/lra_pinn/seed_2026/status.json,d108ed5207f120580271476d47108528758a1fdf13dde9f64d6eab3b4d71bba2,104
1d_burgers,LRA-PINN,LRA-PINN,lra_pinn,2026,success_marker,results/raw/runs/1d_burgers/lra_pinn/seed_2026/_SUCCESS,1d_burgers/lra_pinn/seed_2026/_SUCCESS,81b2bd4ea98c8db66554fbc8d7637a1a69a130f331feb732b75caab4c4868fd5,8
1d_burgers,LRA-PINN,LRA-PINN,lra_pinn,31415,checkpoint,results/raw/runs/1d_burgers/lra_pinn/seed_31415/model_final.pt,1d_burgers/lra_pinn/seed_31415/model_final.pt,f0d5a8c83b832b54abb7aff5bf1928cf44c5871376f85089e786f12196ea374f,339131
1d_burgers,LRA-PINN,LRA-PINN,lra_pinn,31415,checkpoint_adamw,results/raw/runs/1d_burgers/lra_pinn/seed_31415/model_adamw_final.pt,1d_burgers/lra_pinn/seed_31415/model_adamw_final.pt,569096b999bea0a3e6ba57db0a7af42bf9d13cd5a6d7a8e537fab088712d9738,339227
1d_burgers,LRA-PINN,LRA-PINN,lra_pinn,31415,config,results/raw/runs/1d_burgers/lra_pinn/seed_31415/config.json,1d_burgers/lra_pinn/seed_31415/config.json,348d413c8d2456a1ee2329a52106d88190edc42505a7f685ab31c7a0a8ebfee3,1170
1d_burgers,LRA-PINN,LRA-PINN,lra_pinn,31415,environment,results/raw/runs/1d_burgers/lra_pinn/seed_31415/env.json,1d_burgers/lra_pinn/seed_31415/env.json,3ea9611b4a501b9d8258401458ea7fbd12107e673f8ddeac71518e0ffecb3269,244
1d_burgers,LRA-PINN,LRA-PINN,lra_pinn,31415,method,results/raw/runs/1d_burgers/lra_pinn/seed_31415/method.json,1d_burgers/lra_pinn/seed_31415/method.json,b0f30434975da8eddc853e7889ede5109a3600fe6012bc0e26e818e699f782ad,458
1d_burgers,LRA-PINN,LRA-PINN,lra_pinn,31415,metrics,results/raw/runs/1d_burgers/lra_pinn/seed_31415/metrics_final.json,1d_burgers/lra_pinn/seed_31415/metrics_final.json,c80a847c8ba0f12532f0caf15cea54a1a10a291601802df3a812d0bbaabeb2b6,2988
1d_burgers,LRA-PINN,LRA-PINN,lra_pinn,31415,status,results/raw/runs/1d_burgers/lra_pinn/seed_31415/status.json,1d_burgers/lra_pinn/seed_31415/status.json,c504911bfe1af623425bad8366ad22a2f8beea66d6efed4d4ebbb6a53fa5e16d,104
1d_burgers,LRA-PINN,LRA-PINN,lra_pinn,31415,success_marker,results/raw/runs/1d_burgers/lra_pinn/seed_31415/_SUCCESS,1d_burgers/lra_pinn/seed_31415/_SUCCESS,81b2bd4ea98c8db66554fbc8d7637a1a69a130f331feb732b75caab4c4868fd5,8
1d_burgers,RAD-PINN,RAD-PINN,rad_pinn,7,checkpoint,results/raw/runs/1d_burgers/rad_pinn/seed_7/model_final.pt,1d_burgers/rad_pinn/seed_7/model_final.pt,ab059864f6504e6f51effe08836ac53253f85c209bd5fa963344acc19974bc2c,339067
1d_burgers,RAD-PINN,RAD-PINN,rad_pinn,7,checkpoint_adamw,results/raw/runs/1d_burgers/rad_pinn/seed_7/model_adamw_final.pt,1d_burgers/rad_pinn/seed_7/model_adamw_final.pt,1d52bc25ade56e8a2ffa8591affb24364945a9d0f798b0211739b7534abe2c19,339163
1d_burgers,RAD-PINN,RAD-PINN,rad_pinn,7,config,results/raw/runs/1d_burgers/rad_pinn/seed_7/config.json,1d_burgers/rad_pinn/seed_7/config.json,3f9eb8e37589957d1511faa8998ecb5a0b27f39f12c1ce5c7ad4e13831f5e68c,1162
1d_burgers,RAD-PINN,RAD-PINN,rad_pinn,7,environment,results/raw/runs/1d_burgers/rad_pinn/seed_7/env.json,1d_burgers/rad_pinn/seed_7/env.json,3ea9611b4a501b9d8258401458ea7fbd12107e673f8ddeac71518e0ffecb3269,244
1d_burgers,RAD-PINN,RAD-PINN,rad_pinn,7,method,results/raw/runs/1d_burgers/rad_pinn/seed_7/method.json,1d_burgers/rad_pinn/seed_7/method.json,56e9712736872a83517312f90f326275c0900b5bc63bf278ef11cea592ffd11e,413
1d_burgers,RAD-PINN,RAD-PINN,rad_pinn,7,metrics,results/raw/runs/1d_burgers/rad_pinn/seed_7/metrics_final.json,1d_burgers/rad_pinn/seed_7/metrics_final.json,404b77f357554b35e5bae17d78752bb4c7ac650e9f7b5235a9ca73b116f9a65e,2864
1d_burgers,RAD-PINN,RAD-PINN,rad_pinn,7,status,results/raw/runs/1d_burgers/rad_pinn/seed_7/status.json,1d_burgers/rad_pinn/seed_7/status.json,c688ae28db821f1d56bc934ef565880ddd5fb918c8e31b7d87cdc68d89a07f97,103
1d_burgers,RAD-PINN,RAD-PINN,rad_pinn,7,success_marker,results/raw/runs/1d_burgers/rad_pinn/seed_7/_SUCCESS,1d_burgers/rad_pinn/seed_7/_SUCCESS,81b2bd4ea98c8db66554fbc8d7637a1a69a130f331feb732b75caab4c4868fd5,8
1d_burgers,RAD-PINN,RAD-PINN,rad_pinn,42,checkpoint,results/raw/runs/1d_burgers/rad_pinn/seed_42/model_final.pt,1d_burgers/rad_pinn/seed_42/model_final.pt,99c9d40785cb049350d42a9158ab6461f9fbbfc3222fe112b1df6e8f82146a03,339067
1d_burgers,RAD-PINN,RAD-PINN,rad_pinn,42,checkpoint_adamw,results/raw/runs/1d_burgers/rad_pinn/seed_42/model_adamw_final.pt,1d_burgers/rad_pinn/seed_42/model_adamw_final.pt,261673d0d2ea8d454f5576522873f9e0a16c814ea9e436e4fa7570bc99533e55,339163
1d_burgers,RAD-PINN,RAD-PINN,rad_pinn,42,config,results/raw/runs/1d_burgers/rad_pinn/seed_42/config.json,1d_burgers/rad_pinn/seed_42/config.json,85cf3175849cdd1683a1c42967f3448eef598667cb62e0dc3727939157134dba,1164
1d_burgers,RAD-PINN,RAD-PINN,rad_pinn,42,environment,results/raw/runs/1d_burgers/rad_pinn/seed_42/env.json,1d_burgers/rad_pinn/seed_42/env.json,3ea9611b4a501b9d8258401458ea7fbd12107e673f8ddeac71518e0ffecb3269,244
1d_burgers,RAD-PINN,RAD-PINN,rad_pinn,42,method,results/raw/runs/1d_burgers/rad_pinn/seed_42/method.json,1d_burgers/rad_pinn/seed_42/method.json,56e9712736872a83517312f90f326275c0900b5bc63bf278ef11cea592ffd11e,413
1d_burgers,RAD-PINN,RAD-PINN,rad_pinn,42,metrics,results/raw/runs/1d_burgers/rad_pinn/seed_42/metrics_final.json,1d_burgers/rad_pinn/seed_42/metrics_final.json,df37a543d3a63504f6cc72fa91a0f826bfe21b1ed0cbee8a69569c6aab308a80,2913
1d_burgers,RAD-PINN,RAD-PINN,rad_pinn,42,status,results/raw/runs/1d_burgers/rad_pinn/seed_42/status.json,1d_burgers/rad_pinn/seed_42/status.json,a140092e0a4ba67905d8b96ebb6dbdd584d51078579236aaa104ce0aa976b261,104
1d_burgers,RAD-PINN,RAD-PINN,rad_pinn,42,success_marker,results/raw/runs/1d_burgers/rad_pinn/seed_42/_SUCCESS,1d_burgers/rad_pinn/seed_42/_SUCCESS,81b2bd4ea98c8db66554fbc8d7637a1a69a130f331feb732b75caab4c4868fd5,8
1d_burgers,RAD-PINN,RAD-PINN,rad_pinn,100,checkpoint,results/raw/runs/1d_burgers/rad_pinn/seed_100/model_final.pt,1d_burgers/rad_pinn/seed_100/model_final.pt,528fd1e8862bb4344b4d4127dcbf0beccdebf9a7ab321b74d3d41dc11dc3be47,339067
1d_burgers,RAD-PINN,RAD-PINN,rad_pinn,100,checkpoint_adamw,results/raw/runs/1d_burgers/rad_pinn/seed_100/model_adamw_final.pt,1d_burgers/rad_pinn/seed_100/model_adamw_final.pt,a46b6d68c47a20ac6025ebf87214632491d308c5df66a1bc4f021c01c3fd41e1,339163
1d_burgers,RAD-PINN,RAD-PINN,rad_pinn,100,config,results/raw/runs/1d_burgers/rad_pinn/seed_100/config.json,1d_burgers/rad_pinn/seed_100/config.json,c6b4648a680a4d1bb2fb8226a2e94eab1bbcb53aa71f6dfe3c9ef154fbba4434,1166
1d_burgers,RAD-PINN,RAD-PINN,rad_pinn,100,environment,results/raw/runs/1d_burgers/rad_pinn/seed_100/env.json,1d_burgers/rad_pinn/seed_100/env.json,3ea9611b4a501b9d8258401458ea7fbd12107e673f8ddeac71518e0ffecb3269,244
1d_burgers,RAD-PINN,RAD-PINN,rad_pinn,100,method,results/raw/runs/1d_burgers/rad_pinn/seed_100/method.json,1d_burgers/rad_pinn/seed_100/method.json,56e9712736872a83517312f90f326275c0900b5bc63bf278ef11cea592ffd11e,413
1d_burgers,RAD-PINN,RAD-PINN,rad_pinn,100,metrics,results/raw/runs/1d_burgers/rad_pinn/seed_100/metrics_final.json,1d_burgers/rad_pinn/seed_100/metrics_final.json,2ac030bdb3d917e6ef4bac45e75ae0408970d33d13296f4bc4f3ea92efa11117,2879
1d_burgers,RAD-PINN,RAD-PINN,rad_pinn,100,status,results/raw/runs/1d_burgers/rad_pinn/seed_100/status.json,1d_burgers/rad_pinn/seed_100/status.json,193506181722b2c6ef4dddc8bc04fb9c9cc24d8f23e5d689b09dc53184e019c1,104
1d_burgers,RAD-PINN,RAD-PINN,rad_pinn,100,success_marker,results/raw/runs/1d_burgers/rad_pinn/seed_100/_SUCCESS,1d_burgers/rad_pinn/seed_100/_SUCCESS,81b2bd4ea98c8db66554fbc8d7637a1a69a130f331feb732b75caab4c4868fd5,8
1d_burgers,RAD-PINN,RAD-PINN,rad_pinn,2026,checkpoint,results/raw/runs/1d_burgers/rad_pinn/seed_2026/model_final.pt,1d_burgers/rad_pinn/seed_2026/model_final.pt,cb6debd7481613d3ca6beca68439cdbe312f8e86962a58dd14a62e3699a2dc49,339067
1d_burgers,RAD-PINN,RAD-PINN,rad_pinn,2026,checkpoint_adamw,results/raw/runs/1d_burgers/rad_pinn/seed_2026/model_adamw_final.pt,1d_burgers/rad_pinn/seed_2026/model_adamw_final.pt,9bf3f7e5faeced3631ffe5602d4de2b8ab863a122ff0f73c8339a8d3103f1eab,339163
1d_burgers,RAD-PINN,RAD-PINN,rad_pinn,2026,config,results/raw/runs/1d_burgers/rad_pinn/seed_2026/config.json,1d_burgers/rad_pinn/seed_2026/config.json,ec03a831e656d99d664d160a419ba8a566c14d43faa2800a1f35b71c08f864df,1168
1d_burgers,RAD-PINN,RAD-PINN,rad_pinn,2026,environment,results/raw/runs/1d_burgers/rad_pinn/seed_2026/env.json,1d_burgers/rad_pinn/seed_2026/env.json,3ea9611b4a501b9d8258401458ea7fbd12107e673f8ddeac71518e0ffecb3269,244
1d_burgers,RAD-PINN,RAD-PINN,rad_pinn,2026,method,results/raw/runs/1d_burgers/rad_pinn/seed_2026/method.json,1d_burgers/rad_pinn/seed_2026/method.json,56e9712736872a83517312f90f326275c0900b5bc63bf278ef11cea592ffd11e,413
1d_burgers,RAD-PINN,RAD-PINN,rad_pinn,2026,metrics,results/raw/runs/1d_burgers/rad_pinn/seed_2026/metrics_final.json,1d_burgers/rad_pinn/seed_2026/metrics_final.json,b7fcba8876fb0c18d3dae67266f4050cd97168ffdae5958949f0aa923390b4a3,2885
1d_burgers,RAD-PINN,RAD-PINN,rad_pinn,2026,status,results/raw/runs/1d_burgers/rad_pinn/seed_2026/status.json,1d_burgers/rad_pinn/seed_2026/status.json,a219ee901d66e794ff7578363660857ebe6bbf205c3cc373f2945462a70579d0,104
1d_burgers,RAD-PINN,RAD-PINN,rad_pinn,2026,success_marker,results/raw/runs/1d_burgers/rad_pinn/seed_2026/_SUCCESS,1d_burgers/rad_pinn/seed_2026/_SUCCESS,81b2bd4ea98c8db66554fbc8d7637a1a69a130f331feb732b75caab4c4868fd5,8
1d_burgers,RAD-PINN,RAD-PINN,rad_pinn,31415,checkpoint,results/raw/runs/1d_burgers/rad_pinn/seed_31415/model_final.pt,1d_burgers/rad_pinn/seed_31415/model_final.pt,19d734009fad275a87aea475f6c311aaa1f3d5bb377d2ce79c492c0c8bd0ac9e,339067
1d_burgers,RAD-PINN,RAD-PINN,rad_pinn,31415,checkpoint_adamw,results/raw/runs/1d_burgers/rad_pinn/seed_31415/model_adamw_final.pt,1d_burgers/rad_pinn/seed_31415/model_adamw_final.pt,256be952349859b2e624ebce22662da784ca6d2bedf92e2b71edf3f27fa78cc4,339163
1d_burgers,RAD-PINN,RAD-PINN,rad_pinn,31415,config,results/raw/runs/1d_burgers/rad_pinn/seed_31415/config.json,1d_burgers/rad_pinn/seed_31415/config.json,e4a4d1b6b6715ede2ebc079a9a060f5b113f4dd310a4326717d576989db71405,1170
1d_burgers,RAD-PINN,RAD-PINN,rad_pinn,31415,environment,results/raw/runs/1d_burgers/rad_pinn/seed_31415/env.json,1d_burgers/rad_pinn/seed_31415/env.json,3ea9611b4a501b9d8258401458ea7fbd12107e673f8ddeac71518e0ffecb3269,244
1d_burgers,RAD-PINN,RAD-PINN,rad_pinn,31415,method,results/raw/runs/1d_burgers/rad_pinn/seed_31415/method.json,1d_burgers/rad_pinn/seed_31415/method.json,56e9712736872a83517312f90f326275c0900b5bc63bf278ef11cea592ffd11e,413
1d_burgers,RAD-PINN,RAD-PINN,rad_pinn,31415,metrics,results/raw/runs/1d_burgers/rad_pinn/seed_31415/metrics_final.json,1d_burgers/rad_pinn/seed_31415/metrics_final.json,d2db55f85c106f5b0642d6adadcdaf4bbcd7c70cf31c728dce56c873e6d6329d,2874
1d_burgers,RAD-PINN,RAD-PINN,rad_pinn,31415,status,results/raw/runs/1d_burgers/rad_pinn/seed_31415/status.json,1d_burgers/rad_pinn/seed_31415/status.json,85bfc6af2649ad5a97e2ba9547ed886c6f20b81e2ee93bed418841508304ddcd,104
1d_burgers,RAD-PINN,RAD-PINN,rad_pinn,31415,success_marker,results/raw/runs/1d_burgers/rad_pinn/seed_31415/_SUCCESS,1d_burgers/rad_pinn/seed_31415/_SUCCESS,81b2bd4ea98c8db66554fbc8d7637a1a69a130f331feb732b75caab4c4868fd5,8
1d_burgers,RAR-D-PINN,RAR-D-PINN,rar_d_pinn,7,checkpoint,results/raw/runs/1d_burgers/rar_d_pinn/seed_7/model_final.pt,1d_burgers/rar_d_pinn/seed_7/model_final.pt,e2d2a767ee033f1aabe7d970ff59c25d60887f8fd62abcb87eb2444e271fab12,339131
1d_burgers,RAR-D-PINN,RAR-D-PINN,rar_d_pinn,7,checkpoint_adamw,results/raw/runs/1d_burgers/rar_d_pinn/seed_7/model_adamw_final.pt,1d_burgers/rar_d_pinn/seed_7/model_adamw_final.pt,d67c6fd236c3e24baa976154a29ab73e5fbafb6bcd69c2528c213f426a7840aa,339227
1d_burgers,RAR-D-PINN,RAR-D-PINN,rar_d_pinn,7,config,results/raw/runs/1d_burgers/rar_d_pinn/seed_7/config.json,1d_burgers/rar_d_pinn/seed_7/config.json,fdcb8e582868143bb482b571ab4e181f0542b8328897c5737b6c90a1a481e219,1164
1d_burgers,RAR-D-PINN,RAR-D-PINN,rar_d_pinn,7,environment,results/raw/runs/1d_burgers/rar_d_pinn/seed_7/env.json,1d_burgers/rar_d_pinn/seed_7/env.json,3ea9611b4a501b9d8258401458ea7fbd12107e673f8ddeac71518e0ffecb3269,244
1d_burgers,RAR-D-PINN,RAR-D-PINN,rar_d_pinn,7,method,results/raw/runs/1d_burgers/rar_d_pinn/seed_7/method.json,1d_burgers/rar_d_pinn/seed_7/method.json,5f5fc075e21d3a6f782927d5643c61064a20c219aaf03d727cfba59a1049bc89,380
1d_burgers,RAR-D-PINN,RAR-D-PINN,rar_d_pinn,7,metrics,results/raw/runs/1d_burgers/rar_d_pinn/seed_7/metrics_final.json,1d_burgers/rar_d_pinn/seed_7/metrics_final.json,acd6c8ab558796605ca7356463c0c76f3485b98b202c76b0d4c2f03c1b5ee61c,3008
1d_burgers,RAR-D-PINN,RAR-D-PINN,rar_d_pinn,7,status,results/raw/runs/1d_burgers/rar_d_pinn/seed_7/status.json,1d_burgers/rar_d_pinn/seed_7/status.json,e704f397f42e748e24c03f96e4b85dd2047fd0ea781f7dfa7a968348f4fb1d6f,103
1d_burgers,RAR-D-PINN,RAR-D-PINN,rar_d_pinn,7,success_marker,results/raw/runs/1d_burgers/rar_d_pinn/seed_7/_SUCCESS,1d_burgers/rar_d_pinn/seed_7/_SUCCESS,81b2bd4ea98c8db66554fbc8d7637a1a69a130f331feb732b75caab4c4868fd5,8
1d_burgers,RAR-D-PINN,RAR-D-PINN,rar_d_pinn,42,checkpoint,results/raw/runs/1d_burgers/rar_d_pinn/seed_42/model_final.pt,1d_burgers/rar_d_pinn/seed_42/model_final.pt,91ac39ca1ad2ada1426371e9a9fd16498847728c3a1a355b4eb61b2f0a32a5a0,339131
1d_burgers,RAR-D-PINN,RAR-D-PINN,rar_d_pinn,42,checkpoint_adamw,results/raw/runs/1d_burgers/rar_d_pinn/seed_42/model_adamw_final.pt,1d_burgers/rar_d_pinn/seed_42/model_adamw_final.pt,4fbee7ff1eb0727f2177bdabbdc9ab9004a65be67a329b20f2db5d86ca617d38,339227
1d_burgers,RAR-D-PINN,RAR-D-PINN,rar_d_pinn,42,config,results/raw/runs/1d_burgers/rar_d_pinn/seed_42/config.json,1d_burgers/rar_d_pinn/seed_42/config.json,24669a2f0f7f4f16f23d3a793190ee09c0dc435dd31c842934c9774043215373,1166
1d_burgers,RAR-D-PINN,RAR-D-PINN,rar_d_pinn,42,environment,results/raw/runs/1d_burgers/rar_d_pinn/seed_42/env.json,1d_burgers/rar_d_pinn/seed_42/env.json,3ea9611b4a501b9d8258401458ea7fbd12107e673f8ddeac71518e0ffecb3269,244
1d_burgers,RAR-D-PINN,RAR-D-PINN,rar_d_pinn,42,method,results/raw/runs/1d_burgers/rar_d_pinn/seed_42/method.json,1d_burgers/rar_d_pinn/seed_42/method.json,5f5fc075e21d3a6f782927d5643c61064a20c219aaf03d727cfba59a1049bc89,380
1d_burgers,RAR-D-PINN,RAR-D-PINN,rar_d_pinn,42,metrics,results/raw/runs/1d_burgers/rar_d_pinn/seed_42/metrics_final.json,1d_burgers/rar_d_pinn/seed_42/metrics_final.json,5b5e5607571a3c56573d0d25bd9557770277ba250547fa737ea523a8e652d82d,3010
1d_burgers,RAR-D-PINN,RAR-D-PINN,rar_d_pinn,42,status,results/raw/runs/1d_burgers/rar_d_pinn/seed_42/status.json,1d_burgers/rar_d_pinn/seed_42/status.json,26be2618900d1af7a9960e168bdc5987a0022d0a5d51b61ad07e4f391a92d355,103
1d_burgers,RAR-D-PINN,RAR-D-PINN,rar_d_pinn,42,success_marker,results/raw/runs/1d_burgers/rar_d_pinn/seed_42/_SUCCESS,1d_burgers/rar_d_pinn/seed_42/_SUCCESS,81b2bd4ea98c8db66554fbc8d7637a1a69a130f331feb732b75caab4c4868fd5,8
1d_burgers,RAR-D-PINN,RAR-D-PINN,rar_d_pinn,100,checkpoint,results/raw/runs/1d_burgers/rar_d_pinn/seed_100/model_final.pt,1d_burgers/rar_d_pinn/seed_100/model_final.pt,9f82f826d192efbc28bce1453746c8747bf4392105648a933a090f30b1e3999f,339131
1d_burgers,RAR-D-PINN,RAR-D-PINN,rar_d_pinn,100,checkpoint_adamw,results/raw/runs/1d_burgers/rar_d_pinn/seed_100/model_adamw_final.pt,1d_burgers/rar_d_pinn/seed_100/model_adamw_final.pt,39b904bfa104c81f96df7e346a63db1b2297f749419d2765b1d0a2d05c1176c9,339227
1d_burgers,RAR-D-PINN,RAR-D-PINN,rar_d_pinn,100,config,results/raw/runs/1d_burgers/rar_d_pinn/seed_100/config.json,1d_burgers/rar_d_pinn/seed_100/config.json,d6154eca1c1a78e7d4329f0eaed80cb2c40acaaa0f5f3c4e4319b0c9f01c73da,1168
1d_burgers,RAR-D-PINN,RAR-D-PINN,rar_d_pinn,100,environment,results/raw/runs/1d_burgers/rar_d_pinn/seed_100/env.json,1d_burgers/rar_d_pinn/seed_100/env.json,3ea9611b4a501b9d8258401458ea7fbd12107e673f8ddeac71518e0ffecb3269,244
1d_burgers,RAR-D-PINN,RAR-D-PINN,rar_d_pinn,100,method,results/raw/runs/1d_burgers/rar_d_pinn/seed_100/method.json,1d_burgers/rar_d_pinn/seed_100/method.json,5f5fc075e21d3a6f782927d5643c61064a20c219aaf03d727cfba59a1049bc89,380
1d_burgers,RAR-D-PINN,RAR-D-PINN,rar_d_pinn,100,metrics,results/raw/runs/1d_burgers/rar_d_pinn/seed_100/metrics_final.json,1d_burgers/rar_d_pinn/seed_100/metrics_final.json,07046ce5ff4da3757607aa8136bcea9b083e1ff172ed40b069c056921c107e48,2990
1d_burgers,RAR-D-PINN,RAR-D-PINN,rar_d_pinn,100,status,results/raw/runs/1d_burgers/rar_d_pinn/seed_100/status.json,1d_burgers/rar_d_pinn/seed_100/status.json,65c0b3552425f2fe4e181bcce52c640f9bbb4abc90cbdbf9a3e09a879c969137,104
1d_burgers,RAR-D-PINN,RAR-D-PINN,rar_d_pinn,100,success_marker,results/raw/runs/1d_burgers/rar_d_pinn/seed_100/_SUCCESS,1d_burgers/rar_d_pinn/seed_100/_SUCCESS,81b2bd4ea98c8db66554fbc8d7637a1a69a130f331feb732b75caab4c4868fd5,8
1d_burgers,RAR-D-PINN,RAR-D-PINN,rar_d_pinn,2026,checkpoint,results/raw/runs/1d_burgers/rar_d_pinn/seed_2026/model_final.pt,1d_burgers/rar_d_pinn/seed_2026/model_final.pt,834693837e4c72d2d30b2b631af44386040c3307f806647143e48f358fad4b4b,339131
1d_burgers,RAR-D-PINN,RAR-D-PINN,rar_d_pinn,2026,checkpoint_adamw,results/raw/runs/1d_burgers/rar_d_pinn/seed_2026/model_adamw_final.pt,1d_burgers/rar_d_pinn/seed_2026/model_adamw_final.pt,1127bacfafbfe4f6ed02777d760fd22914935ce9ee60846d872d8c9aa23b9e76,339227
1d_burgers,RAR-D-PINN,RAR-D-PINN,rar_d_pinn,2026,config,results/raw/runs/1d_burgers/rar_d_pinn/seed_2026/config.json,1d_burgers/rar_d_pinn/seed_2026/config.json,00a7c32287bb6b650dd2b580f0e34b6d2c7c441885a8d50c191ba7a403e4e489,1170
1d_burgers,RAR-D-PINN,RAR-D-PINN,rar_d_pinn,2026,environment,results/raw/runs/1d_burgers/rar_d_pinn/seed_2026/env.json,1d_burgers/rar_d_pinn/seed_2026/env.json,3ea9611b4a501b9d8258401458ea7fbd12107e673f8ddeac71518e0ffecb3269,244
1d_burgers,RAR-D-PINN,RAR-D-PINN,rar_d_pinn,2026,method,results/raw/runs/1d_burgers/rar_d_pinn/seed_2026/method.json,1d_burgers/rar_d_pinn/seed_2026/method.json,5f5fc075e21d3a6f782927d5643c61064a20c219aaf03d727cfba59a1049bc89,380
1d_burgers,RAR-D-PINN,RAR-D-PINN,rar_d_pinn,2026,metrics,results/raw/runs/1d_burgers/rar_d_pinn/seed_2026/metrics_final.json,1d_burgers/rar_d_pinn/seed_2026/metrics_final.json,c46f781ab5be547c22a602fb6d0d7a22ba72f0433f2342b144606a7284184fd6,3017
1d_burgers,RAR-D-PINN,RAR-D-PINN,rar_d_pinn,2026,status,results/raw/runs/1d_burgers/rar_d_pinn/seed_2026/status.json,1d_burgers/rar_d_pinn/seed_2026/status.json,3f493e035be0622f85d6e2b8e5b04212ce80040794ef7e7125181125d1eee6e1,103
1d_burgers,RAR-D-PINN,RAR-D-PINN,rar_d_pinn,2026,success_marker,results/raw/runs/1d_burgers/rar_d_pinn/seed_2026/_SUCCESS,1d_burgers/rar_d_pinn/seed_2026/_SUCCESS,81b2bd4ea98c8db66554fbc8d7637a1a69a130f331feb732b75caab4c4868fd5,8
1d_burgers,RAR-D-PINN,RAR-D-PINN,rar_d_pinn,31415,checkpoint,results/raw/runs/1d_burgers/rar_d_pinn/seed_31415/model_final.pt,1d_burgers/rar_d_pinn/seed_31415/model_final.pt,9a2e74aa9541c74e5f591374aa5023c01b7dc60f601aaeab8718f5e5599b0176,339131
1d_burgers,RAR-D-PINN,RAR-D-PINN,rar_d_pinn,31415,checkpoint_adamw,results/raw/runs/1d_burgers/rar_d_pinn/seed_31415/model_adamw_final.pt,1d_burgers/rar_d_pinn/seed_31415/model_adamw_final.pt,591dba03c2fd09f2cf120a91b0b6807bf6f3d376b3b9480340702263285bcd9e,339227
1d_burgers,RAR-D-PINN,RAR-D-PINN,rar_d_pinn,31415,config,results/raw/runs/1d_burgers/rar_d_pinn/seed_31415/config.json,1d_burgers/rar_d_pinn/seed_31415/config.json,445dd7832444c4b15a8cd25b6138d37c4876570d4ef4a1e85e7610a0d1c5299a,1172
1d_burgers,RAR-D-PINN,RAR-D-PINN,rar_d_pinn,31415,environment,results/raw/runs/1d_burgers/rar_d_pinn/seed_31415/env.json,1d_burgers/rar_d_pinn/seed_31415/env.json,3ea9611b4a501b9d8258401458ea7fbd12107e673f8ddeac71518e0ffecb3269,244
1d_burgers,RAR-D-PINN,RAR-D-PINN,rar_d_pinn,31415,method,results/raw/runs/1d_burgers/rar_d_pinn/seed_31415/method.json,1d_burgers/rar_d_pinn/seed_31415/method.json,5f5fc075e21d3a6f782927d5643c61064a20c219aaf03d727cfba59a1049bc89,380
1d_burgers,RAR-D-PINN,RAR-D-PINN,rar_d_pinn,31415,metrics,results/raw/runs/1d_burgers/rar_d_pinn/seed_31415/metrics_final.json,1d_burgers/rar_d_pinn/seed_31415/metrics_final.json,42c2811a8b1e9870704770c8dc4c85da4170c6e2605f927e06db9b9277f9f5ff,3011
1d_burgers,RAR-D-PINN,RAR-D-PINN,rar_d_pinn,31415,status,results/raw/runs/1d_burgers/rar_d_pinn/seed_31415/status.json,1d_burgers/rar_d_pinn/seed_31415/status.json,645a576462240e483f4694c53fcb4c96cf964bd7f1539529f3570d6434b2c71c,103
1d_burgers,RAR-D-PINN,RAR-D-PINN,rar_d_pinn,31415,success_marker,results/raw/runs/1d_burgers/rar_d_pinn/seed_31415/_SUCCESS,1d_burgers/rar_d_pinn/seed_31415/_SUCCESS,81b2bd4ea98c8db66554fbc8d7637a1a69a130f331feb732b75caab4c4868fd5,8
1d_burgers,SA-PINN,SA-PINN,sa_pinn,7,checkpoint,results/raw/runs/1d_burgers/sa_pinn/seed_7/model_final.pt,1d_burgers/sa_pinn/seed_7/model_final.pt,69229fbbe3434d04b1aa38471057c0e35717f4f300021ccccf11fa1159767691,339195
1d_burgers,SA-PINN,SA-PINN,sa_pinn,7,checkpoint_adamw,results/raw/runs/1d_burgers/sa_pinn/seed_7/model_adamw_final.pt,1d_burgers/sa_pinn/seed_7/model_adamw_final.pt,198face7649417e8839e29d09dc361a912c8ef4798021dfc5f9a752bcdf86f7f,339291
1d_burgers,SA-PINN,SA-PINN,sa_pinn,7,config,results/raw/runs/1d_burgers/sa_pinn/seed_7/config.json,1d_burgers/sa_pinn/seed_7/config.json,da5c053dd76ab11211a4c7947189bd175a2f0b7f9b0443f9963908e3ae4d3662,1161
1d_burgers,SA-PINN,SA-PINN,sa_pinn,7,environment,results/raw/runs/1d_burgers/sa_pinn/seed_7/env.json,1d_burgers/sa_pinn/seed_7/env.json,3ea9611b4a501b9d8258401458ea7fbd12107e673f8ddeac71518e0ffecb3269,244
1d_burgers,SA-PINN,SA-PINN,sa_pinn,7,method,results/raw/runs/1d_burgers/sa_pinn/seed_7/method.json,1d_burgers/sa_pinn/seed_7/method.json,2b12fb0470b69847a56d905c7e89fadd29c0a7f46be213e1fd066edc1c1c8c5e,415
1d_burgers,SA-PINN,SA-PINN,sa_pinn,7,metrics,results/raw/runs/1d_burgers/sa_pinn/seed_7/metrics_final.json,1d_burgers/sa_pinn/seed_7/metrics_final.json,b371c7490a86b19cfe9e9069a40e88276bfa8ccc4757b0fdd0420ecf12a56aef,3036
1d_burgers,SA-PINN,SA-PINN,sa_pinn,7,status,results/raw/runs/1d_burgers/sa_pinn/seed_7/status.json,1d_burgers/sa_pinn/seed_7/status.json,0a4c14df14f7e96112561f1a5810b83385ee278e814bbe6d1a682c12bfba0dac,104
1d_burgers,SA-PINN,SA-PINN,sa_pinn,7,success_marker,results/raw/runs/1d_burgers/sa_pinn/seed_7/_SUCCESS,1d_burgers/sa_pinn/seed_7/_SUCCESS,81b2bd4ea98c8db66554fbc8d7637a1a69a130f331feb732b75caab4c4868fd5,8
1d_burgers,SA-PINN,SA-PINN,sa_pinn,42,checkpoint,results/raw/runs/1d_burgers/sa_pinn/seed_42/model_final.pt,1d_burgers/sa_pinn/seed_42/model_final.pt,2a0ee90b4a5da4fe404e7ab5cfb594956f03dba0f4fd428202410cab6af32c87,339195
1d_burgers,SA-PINN,SA-PINN,sa_pinn,42,checkpoint_adamw,results/raw/runs/1d_burgers/sa_pinn/seed_42/model_adamw_final.pt,1d_burgers/sa_pinn/seed_42/model_adamw_final.pt,6526aee96d84667b577a0960181a8d2de1d0c4e3e1a35abccef1e9d49254abbf,339291
1d_burgers,SA-PINN,SA-PINN,sa_pinn,42,config,results/raw/runs/1d_burgers/sa_pinn/seed_42/config.json,1d_burgers/sa_pinn/seed_42/config.json,53135692906e1631987100e29c0a07be3bc7e0883b7602364e79c6c6c7fb78e0,1163
1d_burgers,SA-PINN,SA-PINN,sa_pinn,42,environment,results/raw/runs/1d_burgers/sa_pinn/seed_42/env.json,1d_burgers/sa_pinn/seed_42/env.json,3ea9611b4a501b9d8258401458ea7fbd12107e673f8ddeac71518e0ffecb3269,244
1d_burgers,SA-PINN,SA-PINN,sa_pinn,42,method,results/raw/runs/1d_burgers/sa_pinn/seed_42/method.json,1d_burgers/sa_pinn/seed_42/method.json,2b12fb0470b69847a56d905c7e89fadd29c0a7f46be213e1fd066edc1c1c8c5e,415
1d_burgers,SA-PINN,SA-PINN,sa_pinn,42,metrics,results/raw/runs/1d_burgers/sa_pinn/seed_42/metrics_final.json,1d_burgers/sa_pinn/seed_42/metrics_final.json,405b20dc845e0c5cce0a3ebd7b1506e368ab7f7c16fb3c2bbbe8ad73db6f8896,3042
1d_burgers,SA-PINN,SA-PINN,sa_pinn,42,status,results/raw/runs/1d_burgers/sa_pinn/seed_42/status.json,1d_burgers/sa_pinn/seed_42/status.json,ccf5c2b76e6288e64940d8b329c8ae60dad3d1bdf0100cacfa4fc94de2315786,104
1d_burgers,SA-PINN,SA-PINN,sa_pinn,42,success_marker,results/raw/runs/1d_burgers/sa_pinn/seed_42/_SUCCESS,1d_burgers/sa_pinn/seed_42/_SUCCESS,81b2bd4ea98c8db66554fbc8d7637a1a69a130f331feb732b75caab4c4868fd5,8
1d_burgers,SA-PINN,SA-PINN,sa_pinn,100,checkpoint,results/raw/runs/1d_burgers/sa_pinn/seed_100/model_final.pt,1d_burgers/sa_pinn/seed_100/model_final.pt,d4b9996a352ff19305f36ceb950bb202e07787a6e269feb4ebb302dd875ef4a7,339195
1d_burgers,SA-PINN,SA-PINN,sa_pinn,100,checkpoint_adamw,results/raw/runs/1d_burgers/sa_pinn/seed_100/model_adamw_final.pt,1d_burgers/sa_pinn/seed_100/model_adamw_final.pt,c5a43f99ed7e8d5a51d2b8bad1a4a8c2a00031fe210711e4c8190c809677a092,339291
1d_burgers,SA-PINN,SA-PINN,sa_pinn,100,config,results/raw/runs/1d_burgers/sa_pinn/seed_100/config.json,1d_burgers/sa_pinn/seed_100/config.json,45282a3739e534ba5fe8242a9dc40cc7e9cb368ce396b8dba90b07ff06de29db,1165
1d_burgers,SA-PINN,SA-PINN,sa_pinn,100,environment,results/raw/runs/1d_burgers/sa_pinn/seed_100/env.json,1d_burgers/sa_pinn/seed_100/env.json,3ea9611b4a501b9d8258401458ea7fbd12107e673f8ddeac71518e0ffecb3269,244
1d_burgers,SA-PINN,SA-PINN,sa_pinn,100,method,results/raw/runs/1d_burgers/sa_pinn/seed_100/method.json,1d_burgers/sa_pinn/seed_100/method.json,2b12fb0470b69847a56d905c7e89fadd29c0a7f46be213e1fd066edc1c1c8c5e,415
1d_burgers,SA-PINN,SA-PINN,sa_pinn,100,metrics,results/raw/runs/1d_burgers/sa_pinn/seed_100/metrics_final.json,1d_burgers/sa_pinn/seed_100/metrics_final.json,fbb966150d5ad51ca742ebe8b5af8879406510c51b74307443a0763ce8f6d457,3044
1d_burgers,SA-PINN,SA-PINN,sa_pinn,100,status,results/raw/runs/1d_burgers/sa_pinn/seed_100/status.json,1d_burgers/sa_pinn/seed_100/status.json,fe31eacf2cd66c5290fc9f1ab42aa8fe43ac61282bc9835dea605a067e467e31,103
1d_burgers,SA-PINN,SA-PINN,sa_pinn,100,success_marker,results/raw/runs/1d_burgers/sa_pinn/seed_100/_SUCCESS,1d_burgers/sa_pinn/seed_100/_SUCCESS,81b2bd4ea98c8db66554fbc8d7637a1a69a130f331feb732b75caab4c4868fd5,8
1d_burgers,SA-PINN,SA-PINN,sa_pinn,2026,checkpoint,results/raw/runs/1d_burgers/sa_pinn/seed_2026/model_final.pt,1d_burgers/sa_pinn/seed_2026/model_final.pt,6435ec62e9dee74a654992810de36a6449b257231525b5c248b04b7f83034985,339195
1d_burgers,SA-PINN,SA-PINN,sa_pinn,2026,checkpoint_adamw,results/raw/runs/1d_burgers/sa_pinn/seed_2026/model_adamw_final.pt,1d_burgers/sa_pinn/seed_2026/model_adamw_final.pt,6c35afec359d6e5ebda3122905632cce37c50fbac37437ce0851326f36128c0d,339291
1d_burgers,SA-PINN,SA-PINN,sa_pinn,2026,config,results/raw/runs/1d_burgers/sa_pinn/seed_2026/config.json,1d_burgers/sa_pinn/seed_2026/config.json,5059ecc8cc98fad08f703f6fb4e80023e07a45d87cb0e105bdf9e44ede477574,1167
1d_burgers,SA-PINN,SA-PINN,sa_pinn,2026,environment,results/raw/runs/1d_burgers/sa_pinn/seed_2026/env.json,1d_burgers/sa_pinn/seed_2026/env.json,3ea9611b4a501b9d8258401458ea7fbd12107e673f8ddeac71518e0ffecb3269,244
1d_burgers,SA-PINN,SA-PINN,sa_pinn,2026,method,results/raw/runs/1d_burgers/sa_pinn/seed_2026/method.json,1d_burgers/sa_pinn/seed_2026/method.json,2b12fb0470b69847a56d905c7e89fadd29c0a7f46be213e1fd066edc1c1c8c5e,415
1d_burgers,SA-PINN,SA-PINN,sa_pinn,2026,metrics,results/raw/runs/1d_burgers/sa_pinn/seed_2026/metrics_final.json,1d_burgers/sa_pinn/seed_2026/metrics_final.json,3436d0b927aa082b77064fa56e7e7098903249948687edbc225716abb0e3af65,3064
1d_burgers,SA-PINN,SA-PINN,sa_pinn,2026,status,results/raw/runs/1d_burgers/sa_pinn/seed_2026/status.json,1d_burgers/sa_pinn/seed_2026/status.json,0f0547d63fe64ab5ca3aa17dce652fb925d1cca794c0084e0eb3463462c51ce7,104
1d_burgers,SA-PINN,SA-PINN,sa_pinn,2026,success_marker,results/raw/runs/1d_burgers/sa_pinn/seed_2026/_SUCCESS,1d_burgers/sa_pinn/seed_2026/_SUCCESS,81b2bd4ea98c8db66554fbc8d7637a1a69a130f331feb732b75caab4c4868fd5,8
1d_burgers,SA-PINN,SA-PINN,sa_pinn,31415,checkpoint,results/raw/runs/1d_burgers/sa_pinn/seed_31415/model_final.pt,1d_burgers/sa_pinn/seed_31415/model_final.pt,5631a06d8354a0293bd5e636e2ae3797d919abddef0e77937499360e90640052,339195
1d_burgers,SA-PINN,SA-PINN,sa_pinn,31415,checkpoint_adamw,results/raw/runs/1d_burgers/sa_pinn/seed_31415/model_adamw_final.pt,1d_burgers/sa_pinn/seed_31415/model_adamw_final.pt,ba1a15e8044daffc1fa00cd6511f6daaf7df0848dd212dd82521e1f3db41a67f,339291
1d_burgers,SA-PINN,SA-PINN,sa_pinn,31415,config,results/raw/runs/1d_burgers/sa_pinn/seed_31415/config.json,1d_burgers/sa_pinn/seed_31415/config.json,f2cd875301e45029c8667a8b05f9be59b3aa6a131587e2aec4967c9dd52dc168,1169
1d_burgers,SA-PINN,SA-PINN,sa_pinn,31415,environment,results/raw/runs/1d_burgers/sa_pinn/seed_31415/env.json,1d_burgers/sa_pinn/seed_31415/env.json,3ea9611b4a501b9d8258401458ea7fbd12107e673f8ddeac71518e0ffecb3269,244
1d_burgers,SA-PINN,SA-PINN,sa_pinn,31415,method,results/raw/runs/1d_burgers/sa_pinn/seed_31415/method.json,1d_burgers/sa_pinn/seed_31415/method.json,2b12fb0470b69847a56d905c7e89fadd29c0a7f46be213e1fd066edc1c1c8c5e,415
1d_burgers,SA-PINN,SA-PINN,sa_pinn,31415,metrics,results/raw/runs/1d_burgers/sa_pinn/seed_31415/metrics_final.json,1d_burgers/sa_pinn/seed_31415/metrics_final.json,c5ce8acc1602430e7a746f4bdec8bd3fdfc96522bb129b4351313c186ed612c3,3051
1d_burgers,SA-PINN,SA-PINN,sa_pinn,31415,status,results/raw/runs/1d_burgers/sa_pinn/seed_31415/status.json,1d_burgers/sa_pinn/seed_31415/status.json,0ebcbe41d18448a489391d28ec7199a2229d6979389197f49f9ce8b63424472a,103
1d_burgers,SA-PINN,SA-PINN,sa_pinn,31415,success_marker,results/raw/runs/1d_burgers/sa_pinn/seed_31415/_SUCCESS,1d_burgers/sa_pinn/seed_31415/_SUCCESS,81b2bd4ea98c8db66554fbc8d7637a1a69a130f331feb732b75caab4c4868fd5,8
1d_burgers,XPINN,XPINN,xpinn,7,checkpoint,results/raw/runs/1d_burgers/xpinn/seed_7/model_final.pt,1d_burgers/xpinn/seed_7/model_final.pt,caa79b212464042a672669eb0fb401dda159e145229ccafc3cddd6c1471977db,1352809
1d_burgers,XPINN,XPINN,xpinn,7,checkpoint_adamw,results/raw/runs/1d_burgers/xpinn/seed_7/model_adamw_final.pt,1d_burgers/xpinn/seed_7/model_adamw_final.pt,c10eb5b22303b4d49893bb777ceae03ef73ebc7ed8cc682ca1d23f3c262b9520,1353181
1d_burgers,XPINN,XPINN,xpinn,7,config,results/raw/runs/1d_burgers/xpinn/seed_7/config.json,1d_burgers/xpinn/seed_7/config.json,6a2ea0a5a6d78435c5417cb6f4a2fb5458c24857198ac0ae53d4e5e7d3519711,1159
1d_burgers,XPINN,XPINN,xpinn,7,environment,results/raw/runs/1d_burgers/xpinn/seed_7/env.json,1d_burgers/xpinn/seed_7/env.json,3ea9611b4a501b9d8258401458ea7fbd12107e673f8ddeac71518e0ffecb3269,244
1d_burgers,XPINN,XPINN,xpinn,7,method,results/raw/runs/1d_burgers/xpinn/seed_7/method.json,1d_burgers/xpinn/seed_7/method.json,4796485ab0010a83a42d8b46d37677ddb2c5d6ad6cbabbb2ecf2d7193e757023,1013
1d_burgers,XPINN,XPINN,xpinn,7,metrics,results/raw/runs/1d_burgers/xpinn/seed_7/metrics_final.json,1d_burgers/xpinn/seed_7/metrics_final.json,635fc65d430cf0f7935b39d9b5d79ed07dfc71c1f9c128504a59f24b2761110f,3178
1d_burgers,XPINN,XPINN,xpinn,7,status,results/raw/runs/1d_burgers/xpinn/seed_7/status.json,1d_burgers/xpinn/seed_7/status.json,779b316c92865855e8313b662673fa6dc91a4b9d126fb261b3d42580c5d45c67,103
1d_burgers,XPINN,XPINN,xpinn,7,success_marker,results/raw/runs/1d_burgers/xpinn/seed_7/_SUCCESS,1d_burgers/xpinn/seed_7/_SUCCESS,81b2bd4ea98c8db66554fbc8d7637a1a69a130f331feb732b75caab4c4868fd5,8
1d_burgers,XPINN,XPINN,xpinn,42,checkpoint,results/raw/runs/1d_burgers/xpinn/seed_42/model_final.pt,1d_burgers/xpinn/seed_42/model_final.pt,23aa7ae39e8a19e8a5913ba02ad55d554aca5e827bdd34c4c4732a4830a10096,1352809
1d_burgers,XPINN,XPINN,xpinn,42,checkpoint_adamw,results/raw/runs/1d_burgers/xpinn/seed_42/model_adamw_final.pt,1d_burgers/xpinn/seed_42/model_adamw_final.pt,865c135aa73894d99d938a8fcbb78306198b601e4e0658ccce53814ecadb0440,1353181
1d_burgers,XPINN,XPINN,xpinn,42,config,results/raw/runs/1d_burgers/xpinn/seed_42/config.json,1d_burgers/xpinn/seed_42/config.json,82ea1e4dbc18c62b8df8d7be9e1e1f5444b10b84ace7871879343c82d40ce121,1161
1d_burgers,XPINN,XPINN,xpinn,42,environment,results/raw/runs/1d_burgers/xpinn/seed_42/env.json,1d_burgers/xpinn/seed_42/env.json,3ea9611b4a501b9d8258401458ea7fbd12107e673f8ddeac71518e0ffecb3269,244
1d_burgers,XPINN,XPINN,xpinn,42,method,results/raw/runs/1d_burgers/xpinn/seed_42/method.json,1d_burgers/xpinn/seed_42/method.json,4796485ab0010a83a42d8b46d37677ddb2c5d6ad6cbabbb2ecf2d7193e757023,1013
1d_burgers,XPINN,XPINN,xpinn,42,metrics,results/raw/runs/1d_burgers/xpinn/seed_42/metrics_final.json,1d_burgers/xpinn/seed_42/metrics_final.json,4dbe58a92f433987df1fa672ce3a5c076503ecacb764016b8da352bd2712db53,3178
1d_burgers,XPINN,XPINN,xpinn,42,status,results/raw/runs/1d_burgers/xpinn/seed_42/status.json,1d_burgers/xpinn/seed_42/status.json,17e5792b863acf35816180116c78baf63c48e685acefffcfe09a17f7da340a92,104
1d_burgers,XPINN,XPINN,xpinn,42,success_marker,results/raw/runs/1d_burgers/xpinn/seed_42/_SUCCESS,1d_burgers/xpinn/seed_42/_SUCCESS,81b2bd4ea98c8db66554fbc8d7637a1a69a130f331feb732b75caab4c4868fd5,8
1d_burgers,XPINN,XPINN,xpinn,100,checkpoint,results/raw/runs/1d_burgers/xpinn/seed_100/model_final.pt,1d_burgers/xpinn/seed_100/model_final.pt,0c6d3114b71b588d20937d0e597ca5b7a1412f89d0af7180efa6723b25611c05,1352809
1d_burgers,XPINN,XPINN,xpinn,100,checkpoint_adamw,results/raw/runs/1d_burgers/xpinn/seed_100/model_adamw_final.pt,1d_burgers/xpinn/seed_100/model_adamw_final.pt,2131faa4ecf49d5840192631d5435e93ba049791824e5f9f16bb0afae579c2f0,1353181
1d_burgers,XPINN,XPINN,xpinn,100,config,results/raw/runs/1d_burgers/xpinn/seed_100/config.json,1d_burgers/xpinn/seed_100/config.json,0a46e997dd8c2ba002e739f614ccc78b64ffc257d5fdc86bef38f374097d2641,1163
1d_burgers,XPINN,XPINN,xpinn,100,environment,results/raw/runs/1d_burgers/xpinn/seed_100/env.json,1d_burgers/xpinn/seed_100/env.json,3ea9611b4a501b9d8258401458ea7fbd12107e673f8ddeac71518e0ffecb3269,244
1d_burgers,XPINN,XPINN,xpinn,100,method,results/raw/runs/1d_burgers/xpinn/seed_100/method.json,1d_burgers/xpinn/seed_100/method.json,4796485ab0010a83a42d8b46d37677ddb2c5d6ad6cbabbb2ecf2d7193e757023,1013
1d_burgers,XPINN,XPINN,xpinn,100,metrics,results/raw/runs/1d_burgers/xpinn/seed_100/metrics_final.json,1d_burgers/xpinn/seed_100/metrics_final.json,f5ec246016d37d3c1babd612f389e9c3a3649f080f7e6088c334477ed4020f84,3197
1d_burgers,XPINN,XPINN,xpinn,100,status,results/raw/runs/1d_burgers/xpinn/seed_100/status.json,1d_burgers/xpinn/seed_100/status.json,49bb2c243bb6a4557f89a96c3f19b0ca8b07c2f0a4d0b39d38ded77eb7a09acd,104
1d_burgers,XPINN,XPINN,xpinn,100,success_marker,results/raw/runs/1d_burgers/xpinn/seed_100/_SUCCESS,1d_burgers/xpinn/seed_100/_SUCCESS,81b2bd4ea98c8db66554fbc8d7637a1a69a130f331feb732b75caab4c4868fd5,8
1d_burgers,XPINN,XPINN,xpinn,2026,checkpoint,results/raw/runs/1d_burgers/xpinn/seed_2026/model_final.pt,1d_burgers/xpinn/seed_2026/model_final.pt,85fb999d40b0c4224ce00a766b5dc8012797d77b5b198fb1d2b8814d58656f9e,1352809
1d_burgers,XPINN,XPINN,xpinn,2026,checkpoint_adamw,results/raw/runs/1d_burgers/xpinn/seed_2026/model_adamw_final.pt,1d_burgers/xpinn/seed_2026/model_adamw_final.pt,74b4465e641dfabc4019bf95b8a9ad3c5ee0703c43454ea0885313e9d8ebc156,1353181
1d_burgers,XPINN,XPINN,xpinn,2026,config,results/raw/runs/1d_burgers/xpinn/seed_2026/config.json,1d_burgers/xpinn/seed_2026/config.json,0a0562a1e5f9664777893d7a0953ed7b7899fe930dd302ecb8544e8364efec33,1165
1d_burgers,XPINN,XPINN,xpinn,2026,environment,results/raw/runs/1d_burgers/xpinn/seed_2026/env.json,1d_burgers/xpinn/seed_2026/env.json,3ea9611b4a501b9d8258401458ea7fbd12107e673f8ddeac71518e0ffecb3269,244
1d_burgers,XPINN,XPINN,xpinn,2026,method,results/raw/runs/1d_burgers/xpinn/seed_2026/method.json,1d_burgers/xpinn/seed_2026/method.json,4796485ab0010a83a42d8b46d37677ddb2c5d6ad6cbabbb2ecf2d7193e757023,1013
1d_burgers,XPINN,XPINN,xpinn,2026,metrics,results/raw/runs/1d_burgers/xpinn/seed_2026/metrics_final.json,1d_burgers/xpinn/seed_2026/metrics_final.json,782fe7eeb5c4ce9b8694eac5fa42c1e6da500fda59a874c9bac2072536f5dda6,3206
1d_burgers,XPINN,XPINN,xpinn,2026,status,results/raw/runs/1d_burgers/xpinn/seed_2026/status.json,1d_burgers/xpinn/seed_2026/status.json,f4008bb3e24383b9735ae29f877f2c6a570c01811a1a85f8bb1966732e9eb676,104
1d_burgers,XPINN,XPINN,xpinn,2026,success_marker,results/raw/runs/1d_burgers/xpinn/seed_2026/_SUCCESS,1d_burgers/xpinn/seed_2026/_SUCCESS,81b2bd4ea98c8db66554fbc8d7637a1a69a130f331feb732b75caab4c4868fd5,8
1d_burgers,XPINN,XPINN,xpinn,31415,checkpoint,results/raw/runs/1d_burgers/xpinn/seed_31415/model_final.pt,1d_burgers/xpinn/seed_31415/model_final.pt,3d56d38c7d1161bc599007a2be238e499483bba55c5edca06a9942dcd4662349,1352809
1d_burgers,XPINN,XPINN,xpinn,31415,checkpoint_adamw,results/raw/runs/1d_burgers/xpinn/seed_31415/model_adamw_final.pt,1d_burgers/xpinn/seed_31415/model_adamw_final.pt,5310a414f5de362a688d976298fcca4fb958f1c02409df79c8418e2bf4aef93e,1353181
1d_burgers,XPINN,XPINN,xpinn,31415,config,results/raw/runs/1d_burgers/xpinn/seed_31415/config.json,1d_burgers/xpinn/seed_31415/config.json,88f33f9a3036d97db1c5c7ec269963902d3808b6d6fb2b3a2cc639e4875a9d9b,1167
1d_burgers,XPINN,XPINN,xpinn,31415,environment,results/raw/runs/1d_burgers/xpinn/seed_31415/env.json,1d_burgers/xpinn/seed_31415/env.json,3ea9611b4a501b9d8258401458ea7fbd12107e673f8ddeac71518e0ffecb3269,244
1d_burgers,XPINN,XPINN,xpinn,31415,method,results/raw/runs/1d_burgers/xpinn/seed_31415/method.json,1d_burgers/xpinn/seed_31415/method.json,4796485ab0010a83a42d8b46d37677ddb2c5d6ad6cbabbb2ecf2d7193e757023,1013
1d_burgers,XPINN,XPINN,xpinn,31415,metrics,results/raw/runs/1d_burgers/xpinn/seed_31415/metrics_final.json,1d_burgers/xpinn/seed_31415/metrics_final.json,b7ef23e6702d7e3bf55e85e349d9b79ebb71f03f44a3f2044c68fc50cbbb4d09,3202
1d_burgers,XPINN,XPINN,xpinn,31415,status,results/raw/runs/1d_burgers/xpinn/seed_31415/status.json,1d_burgers/xpinn/seed_31415/status.json,b065c0f8ca4577d87acb4de572810f04ae5618391437e36abbad1f8f550da5fb,103
1d_burgers,XPINN,XPINN,xpinn,31415,success_marker,results/raw/runs/1d_burgers/xpinn/seed_31415/_SUCCESS,1d_burgers/xpinn/seed_31415/_SUCCESS,81b2bd4ea98c8db66554fbc8d7637a1a69a130f331feb732b75caab4c4868fd5,8
1d_burgers,cPINN,cPINN,cpinn,7,checkpoint,results/raw/runs/1d_burgers/cpinn/seed_7/model_final.pt,1d_burgers/cpinn/seed_7/model_final.pt,e717418a931c2665bd76db03005271143bf6816f9ab2874d2eb6a92c9a05bfa8,677579
1d_burgers,cPINN,cPINN,cpinn,7,checkpoint_adamw,results/raw/runs/1d_burgers/cpinn/seed_7/model_adamw_final.pt,1d_burgers/cpinn/seed_7/model_adamw_final.pt,47eadc6fb7f605f60a2e9af545282c7621aa7a555130a095b5c878e19864a802,677771
1d_burgers,cPINN,cPINN,cpinn,7,config,results/raw/runs/1d_burgers/cpinn/seed_7/config.json,1d_burgers/cpinn/seed_7/config.json,bac0b8ede8e6a74ce1d63ab44c38e15b43b4044d0da34942aa1577e896f9f9e5,1159
1d_burgers,cPINN,cPINN,cpinn,7,environment,results/raw/runs/1d_burgers/cpinn/seed_7/env.json,1d_burgers/cpinn/seed_7/env.json,3ea9611b4a501b9d8258401458ea7fbd12107e673f8ddeac71518e0ffecb3269,244
1d_burgers,cPINN,cPINN,cpinn,7,method,results/raw/runs/1d_burgers/cpinn/seed_7/method.json,1d_burgers/cpinn/seed_7/method.json,15cc9bbbaaad3f59c69c95296affa728b79d1fc707aac7f16b71e90b1cd20bdc,924
1d_burgers,cPINN,cPINN,cpinn,7,metrics,results/raw/runs/1d_burgers/cpinn/seed_7/metrics_final.json,1d_burgers/cpinn/seed_7/metrics_final.json,795652aac64fc4eda294c3139ebd57969c5907e0640e4cb585be6e54e6beee93,3162
1d_burgers,cPINN,cPINN,cpinn,7,status,results/raw/runs/1d_burgers/cpinn/seed_7/status.json,1d_burgers/cpinn/seed_7/status.json,c365e9739f1845d29e3099b567be3a85cbf54f74830387cb8e6b5ca83e2c3f7d,102
1d_burgers,cPINN,cPINN,cpinn,7,success_marker,results/raw/runs/1d_burgers/cpinn/seed_7/_SUCCESS,1d_burgers/cpinn/seed_7/_SUCCESS,81b2bd4ea98c8db66554fbc8d7637a1a69a130f331feb732b75caab4c4868fd5,8
1d_burgers,cPINN,cPINN,cpinn,42,checkpoint,results/raw/runs/1d_burgers/cpinn/seed_42/model_final.pt,1d_burgers/cpinn/seed_42/model_final.pt,ff5c1287c2a8f698ca909cdfcd405f2757f7886a35cf7340033ae32f757d1242,677579
1d_burgers,cPINN,cPINN,cpinn,42,checkpoint_adamw,results/raw/runs/1d_burgers/cpinn/seed_42/model_adamw_final.pt,1d_burgers/cpinn/seed_42/model_adamw_final.pt,e66370ceb6c961a5dace8625c56daca3ac6f2725e29c49199242e804f3ae32f2,677771
1d_burgers,cPINN,cPINN,cpinn,42,config,results/raw/runs/1d_burgers/cpinn/seed_42/config.json,1d_burgers/cpinn/seed_42/config.json,93222ec05a8720fcd008bb309ce3b8d05832f367d1c7cad0911289c0b088c83d,1161
1d_burgers,cPINN,cPINN,cpinn,42,environment,results/raw/runs/1d_burgers/cpinn/seed_42/env.json,1d_burgers/cpinn/seed_42/env.json,3ea9611b4a501b9d8258401458ea7fbd12107e673f8ddeac71518e0ffecb3269,244
1d_burgers,cPINN,cPINN,cpinn,42,method,results/raw/runs/1d_burgers/cpinn/seed_42/method.json,1d_burgers/cpinn/seed_42/method.json,15cc9bbbaaad3f59c69c95296affa728b79d1fc707aac7f16b71e90b1cd20bdc,924
1d_burgers,cPINN,cPINN,cpinn,42,metrics,results/raw/runs/1d_burgers/cpinn/seed_42/metrics_final.json,1d_burgers/cpinn/seed_42/metrics_final.json,0ce17a03b41c04e2cfc36e5238d156bb37c7578f75a0740f93f1de2778b12b4e,3184
1d_burgers,cPINN,cPINN,cpinn,42,status,results/raw/runs/1d_burgers/cpinn/seed_42/status.json,1d_burgers/cpinn/seed_42/status.json,ea51e8befb4785a64e61f6b4ebced622bfe6ed6c78e6ba832410cac59859e6b7,103
1d_burgers,cPINN,cPINN,cpinn,42,success_marker,results/raw/runs/1d_burgers/cpinn/seed_42/_SUCCESS,1d_burgers/cpinn/seed_42/_SUCCESS,81b2bd4ea98c8db66554fbc8d7637a1a69a130f331feb732b75caab4c4868fd5,8
1d_burgers,cPINN,cPINN,cpinn,100,checkpoint,results/raw/runs/1d_burgers/cpinn/seed_100/model_final.pt,1d_burgers/cpinn/seed_100/model_final.pt,06b83f9eb3d4db57627e001f2461b7f358803cf4b146bc7daca767a0ecd775b0,677579
1d_burgers,cPINN,cPINN,cpinn,100,checkpoint_adamw,results/raw/runs/1d_burgers/cpinn/seed_100/model_adamw_final.pt,1d_burgers/cpinn/seed_100/model_adamw_final.pt,27a596cf99d5f3454429c3020f8be1ecc3100b637a535f39d8937bd732d5788d,677771
1d_burgers,cPINN,cPINN,cpinn,100,config,results/raw/runs/1d_burgers/cpinn/seed_100/config.json,1d_burgers/cpinn/seed_100/config.json,bcfe815b5980ff3f357f1dc4bad5dcadcff829f2a6d9f95fe3023f6be61a1c28,1163
1d_burgers,cPINN,cPINN,cpinn,100,environment,results/raw/runs/1d_burgers/cpinn/seed_100/env.json,1d_burgers/cpinn/seed_100/env.json,3ea9611b4a501b9d8258401458ea7fbd12107e673f8ddeac71518e0ffecb3269,244
1d_burgers,cPINN,cPINN,cpinn,100,method,results/raw/runs/1d_burgers/cpinn/seed_100/method.json,1d_burgers/cpinn/seed_100/method.json,15cc9bbbaaad3f59c69c95296affa728b79d1fc707aac7f16b71e90b1cd20bdc,924
1d_burgers,cPINN,cPINN,cpinn,100,metrics,results/raw/runs/1d_burgers/cpinn/seed_100/metrics_final.json,1d_burgers/cpinn/seed_100/metrics_final.json,7f10b66ef64eb8904374940dc06cd85ddf992538d4084bce84e220422089454d,3166
1d_burgers,cPINN,cPINN,cpinn,100,status,results/raw/runs/1d_burgers/cpinn/seed_100/status.json,1d_burgers/cpinn/seed_100/status.json,74eb674a8f6147d6f208a315ac9500f41b621a60cabfe0ab2f6317eeb8aa5338,103
1d_burgers,cPINN,cPINN,cpinn,100,success_marker,results/raw/runs/1d_burgers/cpinn/seed_100/_SUCCESS,1d_burgers/cpinn/seed_100/_SUCCESS,81b2bd4ea98c8db66554fbc8d7637a1a69a130f331feb732b75caab4c4868fd5,8
1d_burgers,cPINN,cPINN,cpinn,2026,checkpoint,results/raw/runs/1d_burgers/cpinn/seed_2026/model_final.pt,1d_burgers/cpinn/seed_2026/model_final.pt,9ecb382480ba89291cd355d96273b62a576efc93846d50c555356e42b8979753,677579
1d_burgers,cPINN,cPINN,cpinn,2026,checkpoint_adamw,results/raw/runs/1d_burgers/cpinn/seed_2026/model_adamw_final.pt,1d_burgers/cpinn/seed_2026/model_adamw_final.pt,eb64fdb89d3c01c80e1392dd0933c1910ee1a5f0da9923339b81aaf4795984a1,677771
1d_burgers,cPINN,cPINN,cpinn,2026,config,results/raw/runs/1d_burgers/cpinn/seed_2026/config.json,1d_burgers/cpinn/seed_2026/config.json,d0f6ff741eee6fe2764733bed49f5fedc9f7888b7a5712a954f10a0f6a8ad05e,1165
1d_burgers,cPINN,cPINN,cpinn,2026,environment,results/raw/runs/1d_burgers/cpinn/seed_2026/env.json,1d_burgers/cpinn/seed_2026/env.json,3ea9611b4a501b9d8258401458ea7fbd12107e673f8ddeac71518e0ffecb3269,244
1d_burgers,cPINN,cPINN,cpinn,2026,method,results/raw/runs/1d_burgers/cpinn/seed_2026/method.json,1d_burgers/cpinn/seed_2026/method.json,15cc9bbbaaad3f59c69c95296affa728b79d1fc707aac7f16b71e90b1cd20bdc,924
1d_burgers,cPINN,cPINN,cpinn,2026,metrics,results/raw/runs/1d_burgers/cpinn/seed_2026/metrics_final.json,1d_burgers/cpinn/seed_2026/metrics_final.json,22544d92e9ce0dc1123e5f8ccb427f9da26db661f66912e1d3ba6481b9161b4e,3189
1d_burgers,cPINN,cPINN,cpinn,2026,status,results/raw/runs/1d_burgers/cpinn/seed_2026/status.json,1d_burgers/cpinn/seed_2026/status.json,7818e25b7368ea83bd8b2ce6fabd48dae4397f777facb1f7380cd5cdec115e2e,103
1d_burgers,cPINN,cPINN,cpinn,2026,success_marker,results/raw/runs/1d_burgers/cpinn/seed_2026/_SUCCESS,1d_burgers/cpinn/seed_2026/_SUCCESS,81b2bd4ea98c8db66554fbc8d7637a1a69a130f331feb732b75caab4c4868fd5,8
1d_burgers,cPINN,cPINN,cpinn,31415,checkpoint,results/raw/runs/1d_burgers/cpinn/seed_31415/model_final.pt,1d_burgers/cpinn/seed_31415/model_final.pt,59b4de40454ad982121bc26640550e488e2d4a607b412f5de424dd3c69f87f17,677579
1d_burgers,cPINN,cPINN,cpinn,31415,checkpoint_adamw,results/raw/runs/1d_burgers/cpinn/seed_31415/model_adamw_final.pt,1d_burgers/cpinn/seed_31415/model_adamw_final.pt,41d7eabf3e476efc4fd56859501557b4a46e04c3bef15fd58f0184bbc066f1c6,677771
1d_burgers,cPINN,cPINN,cpinn,31415,config,results/raw/runs/1d_burgers/cpinn/seed_31415/config.json,1d_burgers/cpinn/seed_31415/config.json,0a4a0a86ca0d7b08d4922fc2bed7a8041f5efcbb19543e3760b15cf34792e2c3,1167
1d_burgers,cPINN,cPINN,cpinn,31415,environment,results/raw/runs/1d_burgers/cpinn/seed_31415/env.json,1d_burgers/cpinn/seed_31415/env.json,3ea9611b4a501b9d8258401458ea7fbd12107e673f8ddeac71518e0ffecb3269,244
1d_burgers,cPINN,cPINN,cpinn,31415,method,results/raw/runs/1d_burgers/cpinn/seed_31415/method.json,1d_burgers/cpinn/seed_31415/method.json,15cc9bbbaaad3f59c69c95296affa728b79d1fc707aac7f16b71e90b1cd20bdc,924
1d_burgers,cPINN,cPINN,cpinn,31415,metrics,results/raw/runs/1d_burgers/cpinn/seed_31415/metrics_final.json,1d_burgers/cpinn/seed_31415/metrics_final.json,272b92427d2e66bbb7483ff9e601d8e3d5823304bd05068f451bb61503a3de5b,3176
1d_burgers,cPINN,cPINN,cpinn,31415,status,results/raw/runs/1d_burgers/cpinn/seed_31415/status.json,1d_burgers/cpinn/seed_31415/status.json,171a4ee7fca21013fc6e0aa298114abbe973f565ac66e3c77a099ba76f41b9af,103
1d_burgers,cPINN,cPINN,cpinn,31415,success_marker,results/raw/runs/1d_burgers/cpinn/seed_31415/_SUCCESS,1d_burgers/cpinn/seed_31415/_SUCCESS,81b2bd4ea98c8db66554fbc8d7637a1a69a130f331feb732b75caab4c4868fd5,8
1d_burgers,gPINN-subsampled,gPINN-sub.,gpinn_subsampled,7,checkpoint,results/raw/runs/1d_burgers/gpinn_subsampled/seed_7/model_final.pt,1d_burgers/gpinn_subsampled/seed_7/model_final.pt,a57306dd0f098d074313f0b3d7b26eeea6c90825955e234cd6199bcf2c0a7397,339131
1d_burgers,gPINN-subsampled,gPINN-sub.,gpinn_subsampled,7,checkpoint_adamw,results/raw/runs/1d_burgers/gpinn_subsampled/seed_7/model_adamw_final.pt,1d_burgers/gpinn_subsampled/seed_7/model_adamw_final.pt,420d352fdf1c8b41ee338d5e9c036bfc8f616637592a2ac89b202f6942f86f68,339227
1d_burgers,gPINN-subsampled,gPINN-sub.,gpinn_subsampled,7,config,results/raw/runs/1d_burgers/gpinn_subsampled/seed_7/config.json,1d_burgers/gpinn_subsampled/seed_7/config.json,9535d585522785ecd9961540944e05c86fccefb611ae12ef8b7659b9f2b8a108,1170
1d_burgers,gPINN-subsampled,gPINN-sub.,gpinn_subsampled,7,environment,results/raw/runs/1d_burgers/gpinn_subsampled/seed_7/env.json,1d_burgers/gpinn_subsampled/seed_7/env.json,3ea9611b4a501b9d8258401458ea7fbd12107e673f8ddeac71518e0ffecb3269,244
1d_burgers,gPINN-subsampled,gPINN-sub.,gpinn_subsampled,7,method,results/raw/runs/1d_burgers/gpinn_subsampled/seed_7/method.json,1d_burgers/gpinn_subsampled/seed_7/method.json,a913cd5f3d3cc820cbaa479732cc04f0fc0623b186323ed5abe44821a2cf0cdc,486
1d_burgers,gPINN-subsampled,gPINN-sub.,gpinn_subsampled,7,metrics,results/raw/runs/1d_burgers/gpinn_subsampled/seed_7/metrics_final.json,1d_burgers/gpinn_subsampled/seed_7/metrics_final.json,fb80535fad2f31f9386e011096bd2e885e7ee85cbfd702731724d11eba41137e,3016
1d_burgers,gPINN-subsampled,gPINN-sub.,gpinn_subsampled,7,status,results/raw/runs/1d_burgers/gpinn_subsampled/seed_7/status.json,1d_burgers/gpinn_subsampled/seed_7/status.json,6a4d532cfa0373ce5bfd53d9c7f7241844e3b42b06165012e05209d6517cc7dd,103
1d_burgers,gPINN-subsampled,gPINN-sub.,gpinn_subsampled,7,success_marker,results/raw/runs/1d_burgers/gpinn_subsampled/seed_7/_SUCCESS,1d_burgers/gpinn_subsampled/seed_7/_SUCCESS,81b2bd4ea98c8db66554fbc8d7637a1a69a130f331feb732b75caab4c4868fd5,8
1d_burgers,gPINN-subsampled,gPINN-sub.,gpinn_subsampled,42,checkpoint,results/raw/runs/1d_burgers/gpinn_subsampled/seed_42/model_final.pt,1d_burgers/gpinn_subsampled/seed_42/model_final.pt,5462ea9804535fa1e123937abebecba0d5d202cf37591a8ebef57dfd5df510b0,339131
1d_burgers,gPINN-subsampled,gPINN-sub.,gpinn_subsampled,42,checkpoint_adamw,results/raw/runs/1d_burgers/gpinn_subsampled/seed_42/model_adamw_final.pt,1d_burgers/gpinn_subsampled/seed_42/model_adamw_final.pt,28ab139da5a1051fe2b675507a751bf497fa41e2c9c933483379f949c14e9c17,339227
1d_burgers,gPINN-subsampled,gPINN-sub.,gpinn_subsampled,42,config,results/raw/runs/1d_burgers/gpinn_subsampled/seed_42/config.json,1d_burgers/gpinn_subsampled/seed_42/config.json,ec33849f1b69361e8fc9c3b463a56675ab3786a126ff5433015dc8ac9475c5f7,1172
1d_burgers,gPINN-subsampled,gPINN-sub.,gpinn_subsampled,42,environment,results/raw/runs/1d_burgers/gpinn_subsampled/seed_42/env.json,1d_burgers/gpinn_subsampled/seed_42/env.json,3ea9611b4a501b9d8258401458ea7fbd12107e673f8ddeac71518e0ffecb3269,244
1d_burgers,gPINN-subsampled,gPINN-sub.,gpinn_subsampled,42,method,results/raw/runs/1d_burgers/gpinn_subsampled/seed_42/method.json,1d_burgers/gpinn_subsampled/seed_42/method.json,a913cd5f3d3cc820cbaa479732cc04f0fc0623b186323ed5abe44821a2cf0cdc,486
1d_burgers,gPINN-subsampled,gPINN-sub.,gpinn_subsampled,42,metrics,results/raw/runs/1d_burgers/gpinn_subsampled/seed_42/metrics_final.json,1d_burgers/gpinn_subsampled/seed_42/metrics_final.json,2e7656ea2db65fe524f1cc66a389d68354dc7909ce33975b4bf1d956541752f6,3007
1d_burgers,gPINN-subsampled,gPINN-sub.,gpinn_subsampled,42,status,results/raw/runs/1d_burgers/gpinn_subsampled/seed_42/status.json,1d_burgers/gpinn_subsampled/seed_42/status.json,ea1eef67318ad28658bc05448faf9679c9cfa3867397ffcc37bb1f5156ddf0fd,103
1d_burgers,gPINN-subsampled,gPINN-sub.,gpinn_subsampled,42,success_marker,results/raw/runs/1d_burgers/gpinn_subsampled/seed_42/_SUCCESS,1d_burgers/gpinn_subsampled/seed_42/_SUCCESS,81b2bd4ea98c8db66554fbc8d7637a1a69a130f331feb732b75caab4c4868fd5,8
1d_burgers,gPINN-subsampled,gPINN-sub.,gpinn_subsampled,100,checkpoint,results/raw/runs/1d_burgers/gpinn_subsampled/seed_100/model_final.pt,1d_burgers/gpinn_subsampled/seed_100/model_final.pt,f3b6f4bd16109f311e524e7ea74e6a164193bc8b7b713c19d944a9a55629548b,339131
1d_burgers,gPINN-subsampled,gPINN-sub.,gpinn_subsampled,100,checkpoint_adamw,results/raw/runs/1d_burgers/gpinn_subsampled/seed_100/model_adamw_final.pt,1d_burgers/gpinn_subsampled/seed_100/model_adamw_final.pt,1a4cc7f8dcf66ec095b3086839bb9c9da75c234e0509c7fc232aa23f389346d3,339227
1d_burgers,gPINN-subsampled,gPINN-sub.,gpinn_subsampled,100,config,results/raw/runs/1d_burgers/gpinn_subsampled/seed_100/config.json,1d_burgers/gpinn_subsampled/seed_100/config.json,75bb4d2f90d06942a7cc88edb8cb374674347f611f49911fa13ae409cf441be8,1174
1d_burgers,gPINN-subsampled,gPINN-sub.,gpinn_subsampled,100,environment,results/raw/runs/1d_burgers/gpinn_subsampled/seed_100/env.json,1d_burgers/gpinn_subsampled/seed_100/env.json,3ea9611b4a501b9d8258401458ea7fbd12107e673f8ddeac71518e0ffecb3269,244
1d_burgers,gPINN-subsampled,gPINN-sub.,gpinn_subsampled,100,method,results/raw/runs/1d_burgers/gpinn_subsampled/seed_100/method.json,1d_burgers/gpinn_subsampled/seed_100/method.json,a913cd5f3d3cc820cbaa479732cc04f0fc0623b186323ed5abe44821a2cf0cdc,486
1d_burgers,gPINN-subsampled,gPINN-sub.,gpinn_subsampled,100,metrics,results/raw/runs/1d_burgers/gpinn_subsampled/seed_100/metrics_final.json,1d_burgers/gpinn_subsampled/seed_100/metrics_final.json,3e296f43f0c98c6d3eebba50ccfb1fdce6f6d55f37c7e476a7eea175987ec0c7,3011
1d_burgers,gPINN-subsampled,gPINN-sub.,gpinn_subsampled,100,status,results/raw/runs/1d_burgers/gpinn_subsampled/seed_100/status.json,1d_burgers/gpinn_subsampled/seed_100/status.json,54ec0582210e62c05744962430955fc478308ce0fd32eb414e0ccbaceba5e248,103
1d_burgers,gPINN-subsampled,gPINN-sub.,gpinn_subsampled,100,success_marker,results/raw/runs/1d_burgers/gpinn_subsampled/seed_100/_SUCCESS,1d_burgers/gpinn_subsampled/seed_100/_SUCCESS,81b2bd4ea98c8db66554fbc8d7637a1a69a130f331feb732b75caab4c4868fd5,8
1d_burgers,gPINN-subsampled,gPINN-sub.,gpinn_subsampled,2026,checkpoint,results/raw/runs/1d_burgers/gpinn_subsampled/seed_2026/model_final.pt,1d_burgers/gpinn_subsampled/seed_2026/model_final.pt,923f55c8973fc091c0062a156873437850f04cb9af52a84be4f5b9f4cc1b517c,339131
1d_burgers,gPINN-subsampled,gPINN-sub.,gpinn_subsampled,2026,checkpoint_adamw,results/raw/runs/1d_burgers/gpinn_subsampled/seed_2026/model_adamw_final.pt,1d_burgers/gpinn_subsampled/seed_2026/model_adamw_final.pt,0049bf6e80fbe4731b9a3c312c4902e39e03ca1559d8d28be2be5255ec6a616c,339227
1d_burgers,gPINN-subsampled,gPINN-sub.,gpinn_subsampled,2026,config,results/raw/runs/1d_burgers/gpinn_subsampled/seed_2026/config.json,1d_burgers/gpinn_subsampled/seed_2026/config.json,8d754e92c7aee579b261a714ad3c785bc7eb83f817ec155594b6eba6737ba668,1176
1d_burgers,gPINN-subsampled,gPINN-sub.,gpinn_subsampled,2026,environment,results/raw/runs/1d_burgers/gpinn_subsampled/seed_2026/env.json,1d_burgers/gpinn_subsampled/seed_2026/env.json,3ea9611b4a501b9d8258401458ea7fbd12107e673f8ddeac71518e0ffecb3269,244
1d_burgers,gPINN-subsampled,gPINN-sub.,gpinn_subsampled,2026,method,results/raw/runs/1d_burgers/gpinn_subsampled/seed_2026/method.json,1d_burgers/gpinn_subsampled/seed_2026/method.json,a913cd5f3d3cc820cbaa479732cc04f0fc0623b186323ed5abe44821a2cf0cdc,486
1d_burgers,gPINN-subsampled,gPINN-sub.,gpinn_subsampled,2026,metrics,results/raw/runs/1d_burgers/gpinn_subsampled/seed_2026/metrics_final.json,1d_burgers/gpinn_subsampled/seed_2026/metrics_final.json,4b596b176dcdaa1ed0ec581f3b1d34237fbeed672bf8bffdc11b689c808a6784,3018
1d_burgers,gPINN-subsampled,gPINN-sub.,gpinn_subsampled,2026,status,results/raw/runs/1d_burgers/gpinn_subsampled/seed_2026/status.json,1d_burgers/gpinn_subsampled/seed_2026/status.json,de8610074ead8bdf16c7146627feb9a20ba9b6afc2c825eb5902bfc4d4c29817,104
1d_burgers,gPINN-subsampled,gPINN-sub.,gpinn_subsampled,2026,success_marker,results/raw/runs/1d_burgers/gpinn_subsampled/seed_2026/_SUCCESS,1d_burgers/gpinn_subsampled/seed_2026/_SUCCESS,81b2bd4ea98c8db66554fbc8d7637a1a69a130f331feb732b75caab4c4868fd5,8
1d_burgers,gPINN-subsampled,gPINN-sub.,gpinn_subsampled,31415,checkpoint,results/raw/runs/1d_burgers/gpinn_subsampled/seed_31415/model_final.pt,1d_burgers/gpinn_subsampled/seed_31415/model_final.pt,da410419f70c99daede19f04ab8a6ee2f70a356636952d9ee2294a3cb19188c9,339131
1d_burgers,gPINN-subsampled,gPINN-sub.,gpinn_subsampled,31415,checkpoint_adamw,results/raw/runs/1d_burgers/gpinn_subsampled/seed_31415/model_adamw_final.pt,1d_burgers/gpinn_subsampled/seed_31415/model_adamw_final.pt,b33f04e733dc3a8567d86a6f84ec74e5ed1cfd63f7b94e5d24d8e538dcfc2a1e,339227
1d_burgers,gPINN-subsampled,gPINN-sub.,gpinn_subsampled,31415,config,results/raw/runs/1d_burgers/gpinn_subsampled/seed_31415/config.json,1d_burgers/gpinn_subsampled/seed_31415/config.json,9918147701201b4a26f1099c4b5050ed4fe07903fba47adff4fffc45f1521fc7,1178
1d_burgers,gPINN-subsampled,gPINN-sub.,gpinn_subsampled,31415,environment,results/raw/runs/1d_burgers/gpinn_subsampled/seed_31415/env.json,1d_burgers/gpinn_subsampled/seed_31415/env.json,3ea9611b4a501b9d8258401458ea7fbd12107e673f8ddeac71518e0ffecb3269,244
1d_burgers,gPINN-subsampled,gPINN-sub.,gpinn_subsampled,31415,method,results/raw/runs/1d_burgers/gpinn_subsampled/seed_31415/method.json,1d_burgers/gpinn_subsampled/seed_31415/method.json,a913cd5f3d3cc820cbaa479732cc04f0fc0623b186323ed5abe44821a2cf0cdc,486
1d_burgers,gPINN-subsampled,gPINN-sub.,gpinn_subsampled,31415,metrics,results/raw/runs/1d_burgers/gpinn_subsampled/seed_31415/metrics_final.json,1d_burgers/gpinn_subsampled/seed_31415/metrics_final.json,dcf3d263db8771642dc0b158885f778a616c751ac728bcafe019b0344b71d522,3027
1d_burgers,gPINN-subsampled,gPINN-sub.,gpinn_subsampled,31415,status,results/raw/runs/1d_burgers/gpinn_subsampled/seed_31415/status.json,1d_burgers/gpinn_subsampled/seed_31415/status.json,62227e1ab0e8c69ae91d13747843696a28eb1b72ccfbd5cbfae91ffe5bcdc2ae,103
1d_burgers,gPINN-subsampled,gPINN-sub.,gpinn_subsampled,31415,success_marker,results/raw/runs/1d_burgers/gpinn_subsampled/seed_31415/_SUCCESS,1d_burgers/gpinn_subsampled/seed_31415/_SUCCESS,81b2bd4ea98c8db66554fbc8d7637a1a69a130f331feb732b75caab4c4868fd5,8
1d_euler,AAF-PINN,AAF-PINN,aaf_pinn,7,checkpoint,results/raw/runs/1d_euler/aaf_pinn/seed_7/model_final.pt,1d_euler/aaf_pinn/seed_7/model_final.pt,1c6cd1d6a29b08537f2a80a0ae6e2b0b8c0a7ef0c897e75476093fd2d1271f65,341116
1d_euler,AAF-PINN,AAF-PINN,aaf_pinn,7,checkpoint_adamw,results/raw/runs/1d_euler/aaf_pinn/seed_7/model_adamw_final.pt,1d_euler/aaf_pinn/seed_7/model_adamw_final.pt,d5df939f9c8cd91a5b5b440e9e5d897968d215eaae6a3bbcb3ae353fafb4b38f,341218
1d_euler,AAF-PINN,AAF-PINN,aaf_pinn,7,config,results/raw/runs/1d_euler/aaf_pinn/seed_7/config.json,1d_euler/aaf_pinn/seed_7/config.json,3942146543b4898e6e8391257d81f963f7788f18a9ce580ea70d77c076fd9fbd,1232
1d_euler,AAF-PINN,AAF-PINN,aaf_pinn,7,environment,results/raw/runs/1d_euler/aaf_pinn/seed_7/env.json,1d_euler/aaf_pinn/seed_7/env.json,3ea9611b4a501b9d8258401458ea7fbd12107e673f8ddeac71518e0ffecb3269,244
1d_euler,AAF-PINN,AAF-PINN,aaf_pinn,7,method,results/raw/runs/1d_euler/aaf_pinn/seed_7/method.json,1d_euler/aaf_pinn/seed_7/method.json,bbc1fade3e79c7bd5357e9a0399a893ccd525e3f7fa125a1f6a9b95007c5983c,528
1d_euler,AAF-PINN,AAF-PINN,aaf_pinn,7,metrics,results/raw/runs/1d_euler/aaf_pinn/seed_7/metrics_final.json,1d_euler/aaf_pinn/seed_7/metrics_final.json,691b9b05778c305d86cf8c37668c0684ce4dbfc7350de8a46c2618206f52c028,3844
1d_euler,AAF-PINN,AAF-PINN,aaf_pinn,7,status,results/raw/runs/1d_euler/aaf_pinn/seed_7/status.json,1d_euler/aaf_pinn/seed_7/status.json,0fc2b9e46042741e3bc1cb32ada2843a4d54ab9b1a971f79b1fcaa21ec8776d5,103
1d_euler,AAF-PINN,AAF-PINN,aaf_pinn,7,success_marker,results/raw/runs/1d_euler/aaf_pinn/seed_7/_SUCCESS,1d_euler/aaf_pinn/seed_7/_SUCCESS,81b2bd4ea98c8db66554fbc8d7637a1a69a130f331feb732b75caab4c4868fd5,8
1d_euler,AAF-PINN,AAF-PINN,aaf_pinn,42,checkpoint,results/raw/runs/1d_euler/aaf_pinn/seed_42/model_final.pt,1d_euler/aaf_pinn/seed_42/model_final.pt,157d99512ae7483a90e8674559486684d1c5fca36234510bd66e1a5bfa3c3517,341116
1d_euler,AAF-PINN,AAF-PINN,aaf_pinn,42,checkpoint_adamw,results/raw/runs/1d_euler/aaf_pinn/seed_42/model_adamw_final.pt,1d_euler/aaf_pinn/seed_42/model_adamw_final.pt,610af6617844c55e64a8a19670dea434efc6b9db52ba1e370b3cd1a8dcbe4782,341218
1d_euler,AAF-PINN,AAF-PINN,aaf_pinn,42,config,results/raw/runs/1d_euler/aaf_pinn/seed_42/config.json,1d_euler/aaf_pinn/seed_42/config.json,f12f45bcc01e4910dd2829d4c689c5c7708505cb6d7c12b551135af37baa14ec,1234
1d_euler,AAF-PINN,AAF-PINN,aaf_pinn,42,environment,results/raw/runs/1d_euler/aaf_pinn/seed_42/env.json,1d_euler/aaf_pinn/seed_42/env.json,3ea9611b4a501b9d8258401458ea7fbd12107e673f8ddeac71518e0ffecb3269,244
1d_euler,AAF-PINN,AAF-PINN,aaf_pinn,42,method,results/raw/runs/1d_euler/aaf_pinn/seed_42/method.json,1d_euler/aaf_pinn/seed_42/method.json,bbc1fade3e79c7bd5357e9a0399a893ccd525e3f7fa125a1f6a9b95007c5983c,528
1d_euler,AAF-PINN,AAF-PINN,aaf_pinn,42,metrics,results/raw/runs/1d_euler/aaf_pinn/seed_42/metrics_final.json,1d_euler/aaf_pinn/seed_42/metrics_final.json,ecd36316db5ed6b2727b343cc0a579d3473489c545d0eae8b4556b85cfe9b6f3,3861
1d_euler,AAF-PINN,AAF-PINN,aaf_pinn,42,status,results/raw/runs/1d_euler/aaf_pinn/seed_42/status.json,1d_euler/aaf_pinn/seed_42/status.json,dd94852764ffda62e17282181b38be6859937d85e6b9c36fe61fe75f243154fc,103
1d_euler,AAF-PINN,AAF-PINN,aaf_pinn,42,success_marker,results/raw/runs/1d_euler/aaf_pinn/seed_42/_SUCCESS,1d_euler/aaf_pinn/seed_42/_SUCCESS,81b2bd4ea98c8db66554fbc8d7637a1a69a130f331feb732b75caab4c4868fd5,8
1d_euler,AAF-PINN,AAF-PINN,aaf_pinn,100,checkpoint,results/raw/runs/1d_euler/aaf_pinn/seed_100/model_final.pt,1d_euler/aaf_pinn/seed_100/model_final.pt,df1ceb6214c74862aa383308ab567fbcf169b9330e8ba510cf5635a993adc962,341116
1d_euler,AAF-PINN,AAF-PINN,aaf_pinn,100,checkpoint_adamw,results/raw/runs/1d_euler/aaf_pinn/seed_100/model_adamw_final.pt,1d_euler/aaf_pinn/seed_100/model_adamw_final.pt,b6318c66ac877e46bf345423a9009b924409e7073fb2ffefcfefe6d4ac8086f8,341218
1d_euler,AAF-PINN,AAF-PINN,aaf_pinn,100,config,results/raw/runs/1d_euler/aaf_pinn/seed_100/config.json,1d_euler/aaf_pinn/seed_100/config.json,4aff45120e5a4168d4f31555996c66446f550c71d9749c710207d61782a6fcea,1236
1d_euler,AAF-PINN,AAF-PINN,aaf_pinn,100,environment,results/raw/runs/1d_euler/aaf_pinn/seed_100/env.json,1d_euler/aaf_pinn/seed_100/env.json,3ea9611b4a501b9d8258401458ea7fbd12107e673f8ddeac71518e0ffecb3269,244
1d_euler,AAF-PINN,AAF-PINN,aaf_pinn,100,method,results/raw/runs/1d_euler/aaf_pinn/seed_100/method.json,1d_euler/aaf_pinn/seed_100/method.json,bbc1fade3e79c7bd5357e9a0399a893ccd525e3f7fa125a1f6a9b95007c5983c,528
1d_euler,AAF-PINN,AAF-PINN,aaf_pinn,100,metrics,results/raw/runs/1d_euler/aaf_pinn/seed_100/metrics_final.json,1d_euler/aaf_pinn/seed_100/metrics_final.json,a16bd8530d82e162c5c6801d4f4d6c4b513e0ae198c7274961caa916e82b7282,3853
1d_euler,AAF-PINN,AAF-PINN,aaf_pinn,100,status,results/raw/runs/1d_euler/aaf_pinn/seed_100/status.json,1d_euler/aaf_pinn/seed_100/status.json,8ef4292180958d12a2451d15fc49f03f3eb8d8166c61d21131ee1310b904d85f,103
1d_euler,AAF-PINN,AAF-PINN,aaf_pinn,100,success_marker,results/raw/runs/1d_euler/aaf_pinn/seed_100/_SUCCESS,1d_euler/aaf_pinn/seed_100/_SUCCESS,81b2bd4ea98c8db66554fbc8d7637a1a69a130f331feb732b75caab4c4868fd5,8
1d_euler,AAF-PINN,AAF-PINN,aaf_pinn,2026,checkpoint,results/raw/runs/1d_euler/aaf_pinn/seed_2026/model_final.pt,1d_euler/aaf_pinn/seed_2026/model_final.pt,f827c1663f2b19ebaa79a887152c7552ca0e72734794fac54f72fc89eb967c58,341116
1d_euler,AAF-PINN,AAF-PINN,aaf_pinn,2026,checkpoint_adamw,results/raw/runs/1d_euler/aaf_pinn/seed_2026/model_adamw_final.pt,1d_euler/aaf_pinn/seed_2026/model_adamw_final.pt,1ce0674c654b05ee85c73e9faf4e354d4bd64ccac80a4ad0c82b7d9dab8888d4,341218
1d_euler,AAF-PINN,AAF-PINN,aaf_pinn,2026,config,results/raw/runs/1d_euler/aaf_pinn/seed_2026/config.json,1d_euler/aaf_pinn/seed_2026/config.json,a09c81622737cf65c5b4cf20fbb4619253c0dd320f75a90f3910ace465dd99d6,1238
1d_euler,AAF-PINN,AAF-PINN,aaf_pinn,2026,environment,results/raw/runs/1d_euler/aaf_pinn/seed_2026/env.json,1d_euler/aaf_pinn/seed_2026/env.json,3ea9611b4a501b9d8258401458ea7fbd12107e673f8ddeac71518e0ffecb3269,244
1d_euler,AAF-PINN,AAF-PINN,aaf_pinn,2026,method,results/raw/runs/1d_euler/aaf_pinn/seed_2026/method.json,1d_euler/aaf_pinn/seed_2026/method.json,bbc1fade3e79c7bd5357e9a0399a893ccd525e3f7fa125a1f6a9b95007c5983c,528
1d_euler,AAF-PINN,AAF-PINN,aaf_pinn,2026,metrics,results/raw/runs/1d_euler/aaf_pinn/seed_2026/metrics_final.json,1d_euler/aaf_pinn/seed_2026/metrics_final.json,f0065eb21fa9e63386e5c981e6877dbbf038607b6a9ef9a679e88355905c3938,3863
1d_euler,AAF-PINN,AAF-PINN,aaf_pinn,2026,status,results/raw/runs/1d_euler/aaf_pinn/seed_2026/status.json,1d_euler/aaf_pinn/seed_2026/status.json,30306aec584bb914de2617f831e78d3dc37a2d7651b0a4320617c803f10ff870,103
1d_euler,AAF-PINN,AAF-PINN,aaf_pinn,2026,success_marker,results/raw/runs/1d_euler/aaf_pinn/seed_2026/_SUCCESS,1d_euler/aaf_pinn/seed_2026/_SUCCESS,81b2bd4ea98c8db66554fbc8d7637a1a69a130f331feb732b75caab4c4868fd5,8
1d_euler,AAF-PINN,AAF-PINN,aaf_pinn,31415,checkpoint,results/raw/runs/1d_euler/aaf_pinn/seed_31415/model_final.pt,1d_euler/aaf_pinn/seed_31415/model_final.pt,54fabbf0059700a719fae0720d508ca980af466d5edfd5e242e2074cf415314b,341116
1d_euler,AAF-PINN,AAF-PINN,aaf_pinn,31415,checkpoint_adamw,results/raw/runs/1d_euler/aaf_pinn/seed_31415/model_adamw_final.pt,1d_euler/aaf_pinn/seed_31415/model_adamw_final.pt,c35af3aca12ca5234f1c6a05c224ffecf72db3b98e970fab9fd423873bd93ccb,341218
1d_euler,AAF-PINN,AAF-PINN,aaf_pinn,31415,config,results/raw/runs/1d_euler/aaf_pinn/seed_31415/config.json,1d_euler/aaf_pinn/seed_31415/config.json,b364195cd2c48a49ec273caedb9974d38e8d8cfaed3b9b52813fb68f6bbd3ee9,1240
1d_euler,AAF-PINN,AAF-PINN,aaf_pinn,31415,environment,results/raw/runs/1d_euler/aaf_pinn/seed_31415/env.json,1d_euler/aaf_pinn/seed_31415/env.json,3ea9611b4a501b9d8258401458ea7fbd12107e673f8ddeac71518e0ffecb3269,244
1d_euler,AAF-PINN,AAF-PINN,aaf_pinn,31415,method,results/raw/runs/1d_euler/aaf_pinn/seed_31415/method.json,1d_euler/aaf_pinn/seed_31415/method.json,bbc1fade3e79c7bd5357e9a0399a893ccd525e3f7fa125a1f6a9b95007c5983c,528
1d_euler,AAF-PINN,AAF-PINN,aaf_pinn,31415,metrics,results/raw/runs/1d_euler/aaf_pinn/seed_31415/metrics_final.json,1d_euler/aaf_pinn/seed_31415/metrics_final.json,272934a2f404924ee7bc5fc05de85ac7f84e5d7a2fafe7c218beb8bfe77e680d,3862
1d_euler,AAF-PINN,AAF-PINN,aaf_pinn,31415,status,results/raw/runs/1d_euler/aaf_pinn/seed_31415/status.json,1d_euler/aaf_pinn/seed_31415/status.json,629ca3c781bb49a83cc18c7647ba5781472650b97e5f87ca66dfc3c5cee598df,103
1d_euler,AAF-PINN,AAF-PINN,aaf_pinn,31415,success_marker,results/raw/runs/1d_euler/aaf_pinn/seed_31415/_SUCCESS,1d_euler/aaf_pinn/seed_31415/_SUCCESS,81b2bd4ea98c8db66554fbc8d7637a1a69a130f331feb732b75caab4c4868fd5,8
1d_euler,LRA-PINN,LRA-PINN,lra_pinn,7,checkpoint,results/raw/runs/1d_euler/lra_pinn/seed_7/model_final.pt,1d_euler/lra_pinn/seed_7/model_final.pt,daa99ad64f7dbafda196498e73c0bb6526f329494dfe8f800d827dc84f661b70,340859
1d_euler,LRA-PINN,LRA-PINN,lra_pinn,7,checkpoint_adamw,results/raw/runs/1d_euler/lra_pinn/seed_7/model_adamw_final.pt,1d_euler/lra_pinn/seed_7/model_adamw_final.pt,b414c032d7d9ce84415152f8c332b3143699cb026f7fd80a959594b8cbe2732a,340955
1d_euler,LRA-PINN,LRA-PINN,lra_pinn,7,config,results/raw/runs/1d_euler/lra_pinn/seed_7/config.json,1d_euler/lra_pinn/seed_7/config.json,cf43c81da2169a03c0639402bb9893ca098af8d88042f2ec05d34a0d442a5efc,1232
1d_euler,LRA-PINN,LRA-PINN,lra_pinn,7,environment,results/raw/runs/1d_euler/lra_pinn/seed_7/env.json,1d_euler/lra_pinn/seed_7/env.json,3ea9611b4a501b9d8258401458ea7fbd12107e673f8ddeac71518e0ffecb3269,244
1d_euler,LRA-PINN,LRA-PINN,lra_pinn,7,method,results/raw/runs/1d_euler/lra_pinn/seed_7/method.json,1d_euler/lra_pinn/seed_7/method.json,ef607cf9703e5f4461366e1c6842e839179b9a8c117b4e2b56f24ce0f650e527,459
1d_euler,LRA-PINN,LRA-PINN,lra_pinn,7,metrics,results/raw/runs/1d_euler/lra_pinn/seed_7/metrics_final.json,1d_euler/lra_pinn/seed_7/metrics_final.json,5eed15aad569f722db4455eff41d7358e9b1f7fbd736bf7e24029ba8d66e364c,3839
1d_euler,LRA-PINN,LRA-PINN,lra_pinn,7,status,results/raw/runs/1d_euler/lra_pinn/seed_7/status.json,1d_euler/lra_pinn/seed_7/status.json,e67bca317db54469113c7bd469339e38f390b91a76f466dd5da75168f108697c,103
1d_euler,LRA-PINN,LRA-PINN,lra_pinn,7,success_marker,results/raw/runs/1d_euler/lra_pinn/seed_7/_SUCCESS,1d_euler/lra_pinn/seed_7/_SUCCESS,81b2bd4ea98c8db66554fbc8d7637a1a69a130f331feb732b75caab4c4868fd5,8
1d_euler,LRA-PINN,LRA-PINN,lra_pinn,42,checkpoint,results/raw/runs/1d_euler/lra_pinn/seed_42/model_final.pt,1d_euler/lra_pinn/seed_42/model_final.pt,2a707f9e383806c2adf5b57b2fff298d4f90c4d01e3e7af63973e8a4cf778e5c,340859
1d_euler,LRA-PINN,LRA-PINN,lra_pinn,42,checkpoint_adamw,results/raw/runs/1d_euler/lra_pinn/seed_42/model_adamw_final.pt,1d_euler/lra_pinn/seed_42/model_adamw_final.pt,9cbb37fd83e4c1745ddf3482fd9bf273d19c765307cac8672b734cc57dd16f2d,340955
1d_euler,LRA-PINN,LRA-PINN,lra_pinn,42,config,results/raw/runs/1d_euler/lra_pinn/seed_42/config.json,1d_euler/lra_pinn/seed_42/config.json,ea5133f35fe11e4a608c3255fa924fd05887261ddec11a3ca7157237d196a101,1234
1d_euler,LRA-PINN,LRA-PINN,lra_pinn,42,environment,results/raw/runs/1d_euler/lra_pinn/seed_42/env.json,1d_euler/lra_pinn/seed_42/env.json,3ea9611b4a501b9d8258401458ea7fbd12107e673f8ddeac71518e0ffecb3269,244
1d_euler,LRA-PINN,LRA-PINN,lra_pinn,42,method,results/raw/runs/1d_euler/lra_pinn/seed_42/method.json,1d_euler/lra_pinn/seed_42/method.json,ef607cf9703e5f4461366e1c6842e839179b9a8c117b4e2b56f24ce0f650e527,459
1d_euler,LRA-PINN,LRA-PINN,lra_pinn,42,metrics,results/raw/runs/1d_euler/lra_pinn/seed_42/metrics_final.json,1d_euler/lra_pinn/seed_42/metrics_final.json,cf94df1ab423665c973030b4608f056bb5d5387b1a854f890f23d758eb9ffd6f,3851
1d_euler,LRA-PINN,LRA-PINN,lra_pinn,42,status,results/raw/runs/1d_euler/lra_pinn/seed_42/status.json,1d_euler/lra_pinn/seed_42/status.json,ae8fabb9e8d3e2a16b20bbafc0fd0f1ef15f9cc61418b45e4a3e61063ff59c78,103
1d_euler,LRA-PINN,LRA-PINN,lra_pinn,42,success_marker,results/raw/runs/1d_euler/lra_pinn/seed_42/_SUCCESS,1d_euler/lra_pinn/seed_42/_SUCCESS,81b2bd4ea98c8db66554fbc8d7637a1a69a130f331feb732b75caab4c4868fd5,8
1d_euler,LRA-PINN,LRA-PINN,lra_pinn,100,checkpoint,results/raw/runs/1d_euler/lra_pinn/seed_100/model_final.pt,1d_euler/lra_pinn/seed_100/model_final.pt,05d789e1b3dea6b4ae0eaaf2be2f24c55fe54a8f3304a13ef5ecf395fa6d44ae,340859
1d_euler,LRA-PINN,LRA-PINN,lra_pinn,100,checkpoint_adamw,results/raw/runs/1d_euler/lra_pinn/seed_100/model_adamw_final.pt,1d_euler/lra_pinn/seed_100/model_adamw_final.pt,db0ef4bdb3bb17a7bbd54d9d738e087a16488a7441bf56f42ac84e574f2dd636,340955
1d_euler,LRA-PINN,LRA-PINN,lra_pinn,100,config,results/raw/runs/1d_euler/lra_pinn/seed_100/config.json,1d_euler/lra_pinn/seed_100/config.json,2d1dcdffdd415f895a542a7e014fb4a3a36da91e22f9f93adb88b1e2ae4d6769,1236
1d_euler,LRA-PINN,LRA-PINN,lra_pinn,100,environment,results/raw/runs/1d_euler/lra_pinn/seed_100/env.json,1d_euler/lra_pinn/seed_100/env.json,3ea9611b4a501b9d8258401458ea7fbd12107e673f8ddeac71518e0ffecb3269,244
1d_euler,LRA-PINN,LRA-PINN,lra_pinn,100,method,results/raw/runs/1d_euler/lra_pinn/seed_100/method.json,1d_euler/lra_pinn/seed_100/method.json,ef607cf9703e5f4461366e1c6842e839179b9a8c117b4e2b56f24ce0f650e527,459
1d_euler,LRA-PINN,LRA-PINN,lra_pinn,100,metrics,results/raw/runs/1d_euler/lra_pinn/seed_100/metrics_final.json,1d_euler/lra_pinn/seed_100/metrics_final.json,a32402d87c85ccc8cd7bc51526c6ca747f509138ef057e473d7562e2e015f42f,3835
1d_euler,LRA-PINN,LRA-PINN,lra_pinn,100,status,results/raw/runs/1d_euler/lra_pinn/seed_100/status.json,1d_euler/lra_pinn/seed_100/status.json,092ac8bedc558d5d8cc203de6066428c7d2bdd8b72c90d017a1cacae11cf4d02,103
1d_euler,LRA-PINN,LRA-PINN,lra_pinn,100,success_marker,results/raw/runs/1d_euler/lra_pinn/seed_100/_SUCCESS,1d_euler/lra_pinn/seed_100/_SUCCESS,81b2bd4ea98c8db66554fbc8d7637a1a69a130f331feb732b75caab4c4868fd5,8
1d_euler,LRA-PINN,LRA-PINN,lra_pinn,2026,checkpoint,results/raw/runs/1d_euler/lra_pinn/seed_2026/model_final.pt,1d_euler/lra_pinn/seed_2026/model_final.pt,6cffbe1ba723e18ffbb8c8c6b1d9f54db6142b734fedb2c534b4a3cf3477ba6f,340859
1d_euler,LRA-PINN,LRA-PINN,lra_pinn,2026,checkpoint_adamw,results/raw/runs/1d_euler/lra_pinn/seed_2026/model_adamw_final.pt,1d_euler/lra_pinn/seed_2026/model_adamw_final.pt,4048cc44443103ed8bd257c1ac11ad84b5b8f349a9034d2582ca6dc116b99449,340955
1d_euler,LRA-PINN,LRA-PINN,lra_pinn,2026,config,results/raw/runs/1d_euler/lra_pinn/seed_2026/config.json,1d_euler/lra_pinn/seed_2026/config.json,3ab9142021e979fee1c733656c2f8f4edf23676b594cf7cfc6d7c03c670b5061,1238
1d_euler,LRA-PINN,LRA-PINN,lra_pinn,2026,environment,results/raw/runs/1d_euler/lra_pinn/seed_2026/env.json,1d_euler/lra_pinn/seed_2026/env.json,3ea9611b4a501b9d8258401458ea7fbd12107e673f8ddeac71518e0ffecb3269,244
1d_euler,LRA-PINN,LRA-PINN,lra_pinn,2026,method,results/raw/runs/1d_euler/lra_pinn/seed_2026/method.json,1d_euler/lra_pinn/seed_2026/method.json,ef607cf9703e5f4461366e1c6842e839179b9a8c117b4e2b56f24ce0f650e527,459
1d_euler,LRA-PINN,LRA-PINN,lra_pinn,2026,metrics,results/raw/runs/1d_euler/lra_pinn/seed_2026/metrics_final.json,1d_euler/lra_pinn/seed_2026/metrics_final.json,908eef1f807e117c4011d8afb4d9a5fb89ce40fc2a0575d51ee9bd6e11cc42df,3849
1d_euler,LRA-PINN,LRA-PINN,lra_pinn,2026,status,results/raw/runs/1d_euler/lra_pinn/seed_2026/status.json,1d_euler/lra_pinn/seed_2026/status.json,01eb4f3914a642826a6c79e65c24f255ff8d719022359daef4ae11bd190b4c0a,103
1d_euler,LRA-PINN,LRA-PINN,lra_pinn,2026,success_marker,results/raw/runs/1d_euler/lra_pinn/seed_2026/_SUCCESS,1d_euler/lra_pinn/seed_2026/_SUCCESS,81b2bd4ea98c8db66554fbc8d7637a1a69a130f331feb732b75caab4c4868fd5,8
1d_euler,LRA-PINN,LRA-PINN,lra_pinn,31415,checkpoint,results/raw/runs/1d_euler/lra_pinn/seed_31415/model_final.pt,1d_euler/lra_pinn/seed_31415/model_final.pt,2d463e394c67bfd828fb940e0e403a4030dbfb864b1bee7d04d020ee93f348e0,340859
1d_euler,LRA-PINN,LRA-PINN,lra_pinn,31415,checkpoint_adamw,results/raw/runs/1d_euler/lra_pinn/seed_31415/model_adamw_final.pt,1d_euler/lra_pinn/seed_31415/model_adamw_final.pt,2cde8577b0f7c004bf5dc8f5b4f5a09ef5ccb4baa4246a120c0217017be8aa86,340955
1d_euler,LRA-PINN,LRA-PINN,lra_pinn,31415,config,results/raw/runs/1d_euler/lra_pinn/seed_31415/config.json,1d_euler/lra_pinn/seed_31415/config.json,2a3fcaf3fbf4d8af686cfb4922d18e0e78e629f8eba52afd2b235b0bd229ef2d,1240
1d_euler,LRA-PINN,LRA-PINN,lra_pinn,31415,environment,results/raw/runs/1d_euler/lra_pinn/seed_31415/env.json,1d_euler/lra_pinn/seed_31415/env.json,3ea9611b4a501b9d8258401458ea7fbd12107e673f8ddeac71518e0ffecb3269,244
1d_euler,LRA-PINN,LRA-PINN,lra_pinn,31415,method,results/raw/runs/1d_euler/lra_pinn/seed_31415/method.json,1d_euler/lra_pinn/seed_31415/method.json,ef607cf9703e5f4461366e1c6842e839179b9a8c117b4e2b56f24ce0f650e527,459
1d_euler,LRA-PINN,LRA-PINN,lra_pinn,31415,metrics,results/raw/runs/1d_euler/lra_pinn/seed_31415/metrics_final.json,1d_euler/lra_pinn/seed_31415/metrics_final.json,69c263a83c51d1f5e8f40802363895f34ffd7d59a0aa9488d638b63125dfd66c,3827
1d_euler,LRA-PINN,LRA-PINN,lra_pinn,31415,status,results/raw/runs/1d_euler/lra_pinn/seed_31415/status.json,1d_euler/lra_pinn/seed_31415/status.json,cc2c948f1aa07682761b8464e6bbe2b1f1397e6e127722abcdcf05f1e0cb5ef2,104
1d_euler,LRA-PINN,LRA-PINN,lra_pinn,31415,success_marker,results/raw/runs/1d_euler/lra_pinn/seed_31415/_SUCCESS,1d_euler/lra_pinn/seed_31415/_SUCCESS,81b2bd4ea98c8db66554fbc8d7637a1a69a130f331feb732b75caab4c4868fd5,8
1d_euler,RAD-PINN,RAD-PINN,rad_pinn,7,checkpoint,results/raw/runs/1d_euler/rad_pinn/seed_7/model_final.pt,1d_euler/rad_pinn/seed_7/model_final.pt,cea07a75a7c81126856beaf03d60d7c0912d725c54e28d2d841e9cfa4f2d01a7,340795
1d_euler,RAD-PINN,RAD-PINN,rad_pinn,7,checkpoint_adamw,results/raw/runs/1d_euler/rad_pinn/seed_7/model_adamw_final.pt,1d_euler/rad_pinn/seed_7/model_adamw_final.pt,fbaec2266bb088761d8a6181b511dd66cb0f322b6eb14c15fdf25bb8e28d865e,340891
1d_euler,RAD-PINN,RAD-PINN,rad_pinn,7,config,results/raw/runs/1d_euler/rad_pinn/seed_7/config.json,1d_euler/rad_pinn/seed_7/config.json,545497286bf5599ba77f75f9e130360dec20c017268b1cc06efc44e1384759f9,1232
1d_euler,RAD-PINN,RAD-PINN,rad_pinn,7,environment,results/raw/runs/1d_euler/rad_pinn/seed_7/env.json,1d_euler/rad_pinn/seed_7/env.json,3ea9611b4a501b9d8258401458ea7fbd12107e673f8ddeac71518e0ffecb3269,244
1d_euler,RAD-PINN,RAD-PINN,rad_pinn,7,method,results/raw/runs/1d_euler/rad_pinn/seed_7/method.json,1d_euler/rad_pinn/seed_7/method.json,b264fb1823286d73901db3e5369352d208a830abf489b3000a9eb99c7e4b4015,413
1d_euler,RAD-PINN,RAD-PINN,rad_pinn,7,metrics,results/raw/runs/1d_euler/rad_pinn/seed_7/metrics_final.json,1d_euler/rad_pinn/seed_7/metrics_final.json,c3d99932def2c81e8b59bd81094d42f11eba2803162d65e7c819992cec699797,3773
1d_euler,RAD-PINN,RAD-PINN,rad_pinn,7,status,results/raw/runs/1d_euler/rad_pinn/seed_7/status.json,1d_euler/rad_pinn/seed_7/status.json,e03232a1234ed4f908bece1ce8e2dc11c130190f64febe6b5dcb0422c237c4d5,103
1d_euler,RAD-PINN,RAD-PINN,rad_pinn,7,success_marker,results/raw/runs/1d_euler/rad_pinn/seed_7/_SUCCESS,1d_euler/rad_pinn/seed_7/_SUCCESS,81b2bd4ea98c8db66554fbc8d7637a1a69a130f331feb732b75caab4c4868fd5,8
1d_euler,RAD-PINN,RAD-PINN,rad_pinn,42,checkpoint,results/raw/runs/1d_euler/rad_pinn/seed_42/model_final.pt,1d_euler/rad_pinn/seed_42/model_final.pt,5955bfe2c708638505d11bc5113746f4c80270a5927a245185327d3df778ee87,340795
1d_euler,RAD-PINN,RAD-PINN,rad_pinn,42,checkpoint_adamw,results/raw/runs/1d_euler/rad_pinn/seed_42/model_adamw_final.pt,1d_euler/rad_pinn/seed_42/model_adamw_final.pt,c875ad4d22ffa6343ee04db46eeb2f9bace68aa4c2896aedccce4dc10e03137a,340891
1d_euler,RAD-PINN,RAD-PINN,rad_pinn,42,config,results/raw/runs/1d_euler/rad_pinn/seed_42/config.json,1d_euler/rad_pinn/seed_42/config.json,cd11405f156b97abe7f75057b6f69c1e352badcb483a99ff4a18ead59c9ede35,1234
1d_euler,RAD-PINN,RAD-PINN,rad_pinn,42,environment,results/raw/runs/1d_euler/rad_pinn/seed_42/env.json,1d_euler/rad_pinn/seed_42/env.json,3ea9611b4a501b9d8258401458ea7fbd12107e673f8ddeac71518e0ffecb3269,244
1d_euler,RAD-PINN,RAD-PINN,rad_pinn,42,method,results/raw/runs/1d_euler/rad_pinn/seed_42/method.json,1d_euler/rad_pinn/seed_42/method.json,b264fb1823286d73901db3e5369352d208a830abf489b3000a9eb99c7e4b4015,413
1d_euler,RAD-PINN,RAD-PINN,rad_pinn,42,metrics,results/raw/runs/1d_euler/rad_pinn/seed_42/metrics_final.json,1d_euler/rad_pinn/seed_42/metrics_final.json,8acdfa532990caf8bf72d9cec55fa72b576738e12fc0b10f245d768999220691,3796
1d_euler,RAD-PINN,RAD-PINN,rad_pinn,42,status,results/raw/runs/1d_euler/rad_pinn/seed_42/status.json,1d_euler/rad_pinn/seed_42/status.json,8f1b296fd136bbf4bd31dd94c67a3ab4b9a009371d2a41f6a520c4fd2a23af27,103
1d_euler,RAD-PINN,RAD-PINN,rad_pinn,42,success_marker,results/raw/runs/1d_euler/rad_pinn/seed_42/_SUCCESS,1d_euler/rad_pinn/seed_42/_SUCCESS,81b2bd4ea98c8db66554fbc8d7637a1a69a130f331feb732b75caab4c4868fd5,8
1d_euler,RAD-PINN,RAD-PINN,rad_pinn,100,checkpoint,results/raw/runs/1d_euler/rad_pinn/seed_100/model_final.pt,1d_euler/rad_pinn/seed_100/model_final.pt,77421c47e2ed4f7ff1ecaedae80b06742cad3495c77eed96f68c4105af1433e3,340795
1d_euler,RAD-PINN,RAD-PINN,rad_pinn,100,checkpoint_adamw,results/raw/runs/1d_euler/rad_pinn/seed_100/model_adamw_final.pt,1d_euler/rad_pinn/seed_100/model_adamw_final.pt,4e35d8c567ecae29bfd4d785d569e2739611f5e364e44849ab83c6a81529c906,340891
1d_euler,RAD-PINN,RAD-PINN,rad_pinn,100,config,results/raw/runs/1d_euler/rad_pinn/seed_100/config.json,1d_euler/rad_pinn/seed_100/config.json,1788487e52d35c16699d94ae6fcfbe5207cbcd9305835216fd934f4ab2f970e7,1236
1d_euler,RAD-PINN,RAD-PINN,rad_pinn,100,environment,results/raw/runs/1d_euler/rad_pinn/seed_100/env.json,1d_euler/rad_pinn/seed_100/env.json,3ea9611b4a501b9d8258401458ea7fbd12107e673f8ddeac71518e0ffecb3269,244
1d_euler,RAD-PINN,RAD-PINN,rad_pinn,100,method,results/raw/runs/1d_euler/rad_pinn/seed_100/method.json,1d_euler/rad_pinn/seed_100/method.json,b264fb1823286d73901db3e5369352d208a830abf489b3000a9eb99c7e4b4015,413
1d_euler,RAD-PINN,RAD-PINN,rad_pinn,100,metrics,results/raw/runs/1d_euler/rad_pinn/seed_100/metrics_final.json,1d_euler/rad_pinn/seed_100/metrics_final.json,b68fb49634b47ba53e8c81ae0597b064ecdec87746d0edf79c54669b0e6f24bf,3792
1d_euler,RAD-PINN,RAD-PINN,rad_pinn,100,status,results/raw/runs/1d_euler/rad_pinn/seed_100/status.json,1d_euler/rad_pinn/seed_100/status.json,5345c173abfe2675690a12b19ef92938e4b22db01821959cc1629b74c4bd728b,103
1d_euler,RAD-PINN,RAD-PINN,rad_pinn,100,success_marker,results/raw/runs/1d_euler/rad_pinn/seed_100/_SUCCESS,1d_euler/rad_pinn/seed_100/_SUCCESS,81b2bd4ea98c8db66554fbc8d7637a1a69a130f331feb732b75caab4c4868fd5,8
1d_euler,RAD-PINN,RAD-PINN,rad_pinn,2026,checkpoint,results/raw/runs/1d_euler/rad_pinn/seed_2026/model_final.pt,1d_euler/rad_pinn/seed_2026/model_final.pt,f514ee116a325048682621aaf753918a6c3d75bec11a8ca13947c6c735748e29,340795
1d_euler,RAD-PINN,RAD-PINN,rad_pinn,2026,checkpoint_adamw,results/raw/runs/1d_euler/rad_pinn/seed_2026/model_adamw_final.pt,1d_euler/rad_pinn/seed_2026/model_adamw_final.pt,d010d531c73beb04bb138b0ebab41327cd946f12645f73f823b149638f2127e1,340891
1d_euler,RAD-PINN,RAD-PINN,rad_pinn,2026,config,results/raw/runs/1d_euler/rad_pinn/seed_2026/config.json,1d_euler/rad_pinn/seed_2026/config.json,a03680a380ccab3230fa2536f5314640c7bde0fcc9f6f23060b25764c2a654b3,1238
1d_euler,RAD-PINN,RAD-PINN,rad_pinn,2026,environment,results/raw/runs/1d_euler/rad_pinn/seed_2026/env.json,1d_euler/rad_pinn/seed_2026/env.json,3ea9611b4a501b9d8258401458ea7fbd12107e673f8ddeac71518e0ffecb3269,244
1d_euler,RAD-PINN,RAD-PINN,rad_pinn,2026,method,results/raw/runs/1d_euler/rad_pinn/seed_2026/method.json,1d_euler/rad_pinn/seed_2026/method.json,b264fb1823286d73901db3e5369352d208a830abf489b3000a9eb99c7e4b4015,413
1d_euler,RAD-PINN,RAD-PINN,rad_pinn,2026,metrics,results/raw/runs/1d_euler/rad_pinn/seed_2026/metrics_final.json,1d_euler/rad_pinn/seed_2026/metrics_final.json,32c7581a819d7ad516fedf724ab78a281f9df40788547e5f134a470cd561ab8b,3789
1d_euler,RAD-PINN,RAD-PINN,rad_pinn,2026,status,results/raw/runs/1d_euler/rad_pinn/seed_2026/status.json,1d_euler/rad_pinn/seed_2026/status.json,178597261c2e1a7cf128e0db57a19a8e95d040feb3dd45cb93b6c3927fe0e623,104
1d_euler,RAD-PINN,RAD-PINN,rad_pinn,2026,success_marker,results/raw/runs/1d_euler/rad_pinn/seed_2026/_SUCCESS,1d_euler/rad_pinn/seed_2026/_SUCCESS,81b2bd4ea98c8db66554fbc8d7637a1a69a130f331feb732b75caab4c4868fd5,8
1d_euler,RAD-PINN,RAD-PINN,rad_pinn,31415,checkpoint,results/raw/runs/1d_euler/rad_pinn/seed_31415/model_final.pt,1d_euler/rad_pinn/seed_31415/model_final.pt,0edde7d2bead55f164ca3b4a628bff036f0e05d50c0ccb3755c1af0191ab2e76,340795
1d_euler,RAD-PINN,RAD-PINN,rad_pinn,31415,checkpoint_adamw,results/raw/runs/1d_euler/rad_pinn/seed_31415/model_adamw_final.pt,1d_euler/rad_pinn/seed_31415/model_adamw_final.pt,75a2abb4300425244081d3f9eb37ebdfe33fb56ace616a3fbd19370f95bcb96f,340891
1d_euler,RAD-PINN,RAD-PINN,rad_pinn,31415,config,results/raw/runs/1d_euler/rad_pinn/seed_31415/config.json,1d_euler/rad_pinn/seed_31415/config.json,c457ae70b467fa2e7ef2c797f19656222c653ed5f309f91160b40cd1aae57e4f,1240
1d_euler,RAD-PINN,RAD-PINN,rad_pinn,31415,environment,results/raw/runs/1d_euler/rad_pinn/seed_31415/env.json,1d_euler/rad_pinn/seed_31415/env.json,3ea9611b4a501b9d8258401458ea7fbd12107e673f8ddeac71518e0ffecb3269,244
1d_euler,RAD-PINN,RAD-PINN,rad_pinn,31415,method,results/raw/runs/1d_euler/rad_pinn/seed_31415/method.json,1d_euler/rad_pinn/seed_31415/method.json,b264fb1823286d73901db3e5369352d208a830abf489b3000a9eb99c7e4b4015,413
1d_euler,RAD-PINN,RAD-PINN,rad_pinn,31415,metrics,results/raw/runs/1d_euler/rad_pinn/seed_31415/metrics_final.json,1d_euler/rad_pinn/seed_31415/metrics_final.json,0fd44692e1d95f94316b30d4a1193792c142a99f9b5d8d7179b6566b9b16fc2d,3788
1d_euler,RAD-PINN,RAD-PINN,rad_pinn,31415,status,results/raw/runs/1d_euler/rad_pinn/seed_31415/status.json,1d_euler/rad_pinn/seed_31415/status.json,a2ba014bc420db9719ce40eea2a8dfe1fe2ebdf0b2132e556d384428df90f1b8,103
1d_euler,RAD-PINN,RAD-PINN,rad_pinn,31415,success_marker,results/raw/runs/1d_euler/rad_pinn/seed_31415/_SUCCESS,1d_euler/rad_pinn/seed_31415/_SUCCESS,81b2bd4ea98c8db66554fbc8d7637a1a69a130f331feb732b75caab4c4868fd5,8
1d_euler,RAR-D-PINN,RAR-D-PINN,rar_d_pinn,7,checkpoint,results/raw/runs/1d_euler/rar_d_pinn/seed_7/model_final.pt,1d_euler/rar_d_pinn/seed_7/model_final.pt,50b3585c01a636e4f1aa78bd1b785ee532c560998fae53059c5e06638e13d7b9,340923
1d_euler,RAR-D-PINN,RAR-D-PINN,rar_d_pinn,7,checkpoint_adamw,results/raw/runs/1d_euler/rar_d_pinn/seed_7/model_adamw_final.pt,1d_euler/rar_d_pinn/seed_7/model_adamw_final.pt,0f31f075ede35ada2ab2df6e345a60a931c9739982553c9731897f5b3d96c4cf,341019
1d_euler,RAR-D-PINN,RAR-D-PINN,rar_d_pinn,7,config,results/raw/runs/1d_euler/rar_d_pinn/seed_7/config.json,1d_euler/rar_d_pinn/seed_7/config.json,4ef6bf64522c55a91de16350d2f42470266df7e97015daf07f1a0d1a1cf28fab,1234
1d_euler,RAR-D-PINN,RAR-D-PINN,rar_d_pinn,7,environment,results/raw/runs/1d_euler/rar_d_pinn/seed_7/env.json,1d_euler/rar_d_pinn/seed_7/env.json,3ea9611b4a501b9d8258401458ea7fbd12107e673f8ddeac71518e0ffecb3269,244
1d_euler,RAR-D-PINN,RAR-D-PINN,rar_d_pinn,7,method,results/raw/runs/1d_euler/rar_d_pinn/seed_7/method.json,1d_euler/rar_d_pinn/seed_7/method.json,db66091208a25b9510160e0662a019ddec0309a996682920a760cc4ab15fd8c1,380
1d_euler,RAR-D-PINN,RAR-D-PINN,rar_d_pinn,7,metrics,results/raw/runs/1d_euler/rar_d_pinn/seed_7/metrics_final.json,1d_euler/rar_d_pinn/seed_7/metrics_final.json,59ebf53fdf4b898a951209bd942a91862a0998a24be63087bb1c4aa3a6f45f37,3890
1d_euler,RAR-D-PINN,RAR-D-PINN,rar_d_pinn,7,status,results/raw/runs/1d_euler/rar_d_pinn/seed_7/status.json,1d_euler/rar_d_pinn/seed_7/status.json,18b334fb1fc9af4bcc2dece37f72eb5d4d03d3c5eea1f8781bc71ca244b061dc,103
1d_euler,RAR-D-PINN,RAR-D-PINN,rar_d_pinn,7,success_marker,results/raw/runs/1d_euler/rar_d_pinn/seed_7/_SUCCESS,1d_euler/rar_d_pinn/seed_7/_SUCCESS,81b2bd4ea98c8db66554fbc8d7637a1a69a130f331feb732b75caab4c4868fd5,8
1d_euler,RAR-D-PINN,RAR-D-PINN,rar_d_pinn,42,checkpoint,results/raw/runs/1d_euler/rar_d_pinn/seed_42/model_final.pt,1d_euler/rar_d_pinn/seed_42/model_final.pt,dc87da34d46253818c3e30ba01ad8d31f64ee742c35909a45efbc86e0d467cd9,340923
1d_euler,RAR-D-PINN,RAR-D-PINN,rar_d_pinn,42,checkpoint_adamw,results/raw/runs/1d_euler/rar_d_pinn/seed_42/model_adamw_final.pt,1d_euler/rar_d_pinn/seed_42/model_adamw_final.pt,85bc51a687b93888e9acaddc7ca5babaf090c8cb97fd5f56b6f0e96c44daece3,341019
1d_euler,RAR-D-PINN,RAR-D-PINN,rar_d_pinn,42,config,results/raw/runs/1d_euler/rar_d_pinn/seed_42/config.json,1d_euler/rar_d_pinn/seed_42/config.json,92da59a0c95217ad2bfe194d077513e65f3a24fc9e85ef1f8a1349c8bedd5d83,1236
1d_euler,RAR-D-PINN,RAR-D-PINN,rar_d_pinn,42,environment,results/raw/runs/1d_euler/rar_d_pinn/seed_42/env.json,1d_euler/rar_d_pinn/seed_42/env.json,3ea9611b4a501b9d8258401458ea7fbd12107e673f8ddeac71518e0ffecb3269,244
1d_euler,RAR-D-PINN,RAR-D-PINN,rar_d_pinn,42,method,results/raw/runs/1d_euler/rar_d_pinn/seed_42/method.json,1d_euler/rar_d_pinn/seed_42/method.json,db66091208a25b9510160e0662a019ddec0309a996682920a760cc4ab15fd8c1,380
1d_euler,RAR-D-PINN,RAR-D-PINN,rar_d_pinn,42,metrics,results/raw/runs/1d_euler/rar_d_pinn/seed_42/metrics_final.json,1d_euler/rar_d_pinn/seed_42/metrics_final.json,5ad977da9e3b9f5f63e8c39497b93a9907920f13425be5ca89fcb3cf8ec75523,3880
1d_euler,RAR-D-PINN,RAR-D-PINN,rar_d_pinn,42,status,results/raw/runs/1d_euler/rar_d_pinn/seed_42/status.json,1d_euler/rar_d_pinn/seed_42/status.json,08106b21fda4b5a3170acf5230dc5a75c44072800f982f45e52fd4d44aefe03f,103
1d_euler,RAR-D-PINN,RAR-D-PINN,rar_d_pinn,42,success_marker,results/raw/runs/1d_euler/rar_d_pinn/seed_42/_SUCCESS,1d_euler/rar_d_pinn/seed_42/_SUCCESS,81b2bd4ea98c8db66554fbc8d7637a1a69a130f331feb732b75caab4c4868fd5,8
1d_euler,RAR-D-PINN,RAR-D-PINN,rar_d_pinn,100,checkpoint,results/raw/runs/1d_euler/rar_d_pinn/seed_100/model_final.pt,1d_euler/rar_d_pinn/seed_100/model_final.pt,9316c9c5d230843cab6ef7240684cc4420d7dd2562104542cc29fb6e749617e3,340923
1d_euler,RAR-D-PINN,RAR-D-PINN,rar_d_pinn,100,checkpoint_adamw,results/raw/runs/1d_euler/rar_d_pinn/seed_100/model_adamw_final.pt,1d_euler/rar_d_pinn/seed_100/model_adamw_final.pt,2c2ebb3c2d8ecdc73612be4b47e122a9eed13657aeb7aa482e3ddd931d3a89a6,341019
1d_euler,RAR-D-PINN,RAR-D-PINN,rar_d_pinn,100,config,results/raw/runs/1d_euler/rar_d_pinn/seed_100/config.json,1d_euler/rar_d_pinn/seed_100/config.json,096a59fc37347e70efc58362fc501d9fc9f2f14e29180692556f1a193cfaf5ca,1238
1d_euler,RAR-D-PINN,RAR-D-PINN,rar_d_pinn,100,environment,results/raw/runs/1d_euler/rar_d_pinn/seed_100/env.json,1d_euler/rar_d_pinn/seed_100/env.json,3ea9611b4a501b9d8258401458ea7fbd12107e673f8ddeac71518e0ffecb3269,244
1d_euler,RAR-D-PINN,RAR-D-PINN,rar_d_pinn,100,method,results/raw/runs/1d_euler/rar_d_pinn/seed_100/method.json,1d_euler/rar_d_pinn/seed_100/method.json,db66091208a25b9510160e0662a019ddec0309a996682920a760cc4ab15fd8c1,380
1d_euler,RAR-D-PINN,RAR-D-PINN,rar_d_pinn,100,metrics,results/raw/runs/1d_euler/rar_d_pinn/seed_100/metrics_final.json,1d_euler/rar_d_pinn/seed_100/metrics_final.json,2b604f8e42a7cd125570e86dd51741a43b03580a93fcee7d6ffa0afc9833cc00,3897
1d_euler,RAR-D-PINN,RAR-D-PINN,rar_d_pinn,100,status,results/raw/runs/1d_euler/rar_d_pinn/seed_100/status.json,1d_euler/rar_d_pinn/seed_100/status.json,dc11344cc68df4f9cf18495a8369cd288eb5677422f3016ef96c4a432882fe40,103
1d_euler,RAR-D-PINN,RAR-D-PINN,rar_d_pinn,100,success_marker,results/raw/runs/1d_euler/rar_d_pinn/seed_100/_SUCCESS,1d_euler/rar_d_pinn/seed_100/_SUCCESS,81b2bd4ea98c8db66554fbc8d7637a1a69a130f331feb732b75caab4c4868fd5,8
1d_euler,RAR-D-PINN,RAR-D-PINN,rar_d_pinn,2026,checkpoint,results/raw/runs/1d_euler/rar_d_pinn/seed_2026/model_final.pt,1d_euler/rar_d_pinn/seed_2026/model_final.pt,7b0cfe94e02278cfa736348f36e808318160c6acd0557af9c9a95531c24f10bd,340923
1d_euler,RAR-D-PINN,RAR-D-PINN,rar_d_pinn,2026,checkpoint_adamw,results/raw/runs/1d_euler/rar_d_pinn/seed_2026/model_adamw_final.pt,1d_euler/rar_d_pinn/seed_2026/model_adamw_final.pt,998d2399736d41e25aebfca1e97e721891bc4acb4d6b74193015c0e04a0cd7ce,341019
1d_euler,RAR-D-PINN,RAR-D-PINN,rar_d_pinn,2026,config,results/raw/runs/1d_euler/rar_d_pinn/seed_2026/config.json,1d_euler/rar_d_pinn/seed_2026/config.json,5d537a35b12a8e68489ef3995414f1ad7fcd3970ebe50126adafda54eacb4316,1240
1d_euler,RAR-D-PINN,RAR-D-PINN,rar_d_pinn,2026,environment,results/raw/runs/1d_euler/rar_d_pinn/seed_2026/env.json,1d_euler/rar_d_pinn/seed_2026/env.json,3ea9611b4a501b9d8258401458ea7fbd12107e673f8ddeac71518e0ffecb3269,244
1d_euler,RAR-D-PINN,RAR-D-PINN,rar_d_pinn,2026,method,results/raw/runs/1d_euler/rar_d_pinn/seed_2026/method.json,1d_euler/rar_d_pinn/seed_2026/method.json,db66091208a25b9510160e0662a019ddec0309a996682920a760cc4ab15fd8c1,380
1d_euler,RAR-D-PINN,RAR-D-PINN,rar_d_pinn,2026,metrics,results/raw/runs/1d_euler/rar_d_pinn/seed_2026/metrics_final.json,1d_euler/rar_d_pinn/seed_2026/metrics_final.json,b2e3048a01702c1bd36ba76a8c60bfb88bddcc87a200fbec2dede43902bdff3c,3881
1d_euler,RAR-D-PINN,RAR-D-PINN,rar_d_pinn,2026,status,results/raw/runs/1d_euler/rar_d_pinn/seed_2026/status.json,1d_euler/rar_d_pinn/seed_2026/status.json,5471a2d68f3bf718aa3fae85014a5f798748faa30edf5db0b3ad5ca8b221df0b,103
1d_euler,RAR-D-PINN,RAR-D-PINN,rar_d_pinn,2026,success_marker,results/raw/runs/1d_euler/rar_d_pinn/seed_2026/_SUCCESS,1d_euler/rar_d_pinn/seed_2026/_SUCCESS,81b2bd4ea98c8db66554fbc8d7637a1a69a130f331feb732b75caab4c4868fd5,8
1d_euler,RAR-D-PINN,RAR-D-PINN,rar_d_pinn,31415,checkpoint,results/raw/runs/1d_euler/rar_d_pinn/seed_31415/model_final.pt,1d_euler/rar_d_pinn/seed_31415/model_final.pt,2746573eb01366d37e5070fefdbb826d0f8bd4e241e1081b2e4ff87ddc2cc017,340923
1d_euler,RAR-D-PINN,RAR-D-PINN,rar_d_pinn,31415,checkpoint_adamw,results/raw/runs/1d_euler/rar_d_pinn/seed_31415/model_adamw_final.pt,1d_euler/rar_d_pinn/seed_31415/model_adamw_final.pt,af420c6e08cca46cb52eebd306adb611ee6e93eec3b3380ce23ffc564a044676,341019
1d_euler,RAR-D-PINN,RAR-D-PINN,rar_d_pinn,31415,config,results/raw/runs/1d_euler/rar_d_pinn/seed_31415/config.json,1d_euler/rar_d_pinn/seed_31415/config.json,e7a2bac720d46a5d52eeb6b952b901b0bcda31100618bfe930b2b01eb5e1e91f,1242
1d_euler,RAR-D-PINN,RAR-D-PINN,rar_d_pinn,31415,environment,results/raw/runs/1d_euler/rar_d_pinn/seed_31415/env.json,1d_euler/rar_d_pinn/seed_31415/env.json,3ea9611b4a501b9d8258401458ea7fbd12107e673f8ddeac71518e0ffecb3269,244
1d_euler,RAR-D-PINN,RAR-D-PINN,rar_d_pinn,31415,method,results/raw/runs/1d_euler/rar_d_pinn/seed_31415/method.json,1d_euler/rar_d_pinn/seed_31415/method.json,db66091208a25b9510160e0662a019ddec0309a996682920a760cc4ab15fd8c1,380
1d_euler,RAR-D-PINN,RAR-D-PINN,rar_d_pinn,31415,metrics,results/raw/runs/1d_euler/rar_d_pinn/seed_31415/metrics_final.json,1d_euler/rar_d_pinn/seed_31415/metrics_final.json,1885020d182be32728377eef6e78feebd3012e3906b8450271a83de98b14d197,3894
1d_euler,RAR-D-PINN,RAR-D-PINN,rar_d_pinn,31415,status,results/raw/runs/1d_euler/rar_d_pinn/seed_31415/status.json,1d_euler/rar_d_pinn/seed_31415/status.json,b14354612de7c41d65b01db4de77d394cf7a0b5788dc9e451b6a5723ac699509,101
1d_euler,RAR-D-PINN,RAR-D-PINN,rar_d_pinn,31415,success_marker,results/raw/runs/1d_euler/rar_d_pinn/seed_31415/_SUCCESS,1d_euler/rar_d_pinn/seed_31415/_SUCCESS,81b2bd4ea98c8db66554fbc8d7637a1a69a130f331feb732b75caab4c4868fd5,8
1d_euler,SA-PINN,SA-PINN,sa_pinn,7,checkpoint,results/raw/runs/1d_euler/sa_pinn/seed_7/model_final.pt,1d_euler/sa_pinn/seed_7/model_final.pt,da027982ddfebda5885579ab7ae99de20fe058be33954c86c980c6674a5ef3c9,340923
1d_euler,SA-PINN,SA-PINN,sa_pinn,7,checkpoint_adamw,results/raw/runs/1d_euler/sa_pinn/seed_7/model_adamw_final.pt,1d_euler/sa_pinn/seed_7/model_adamw_final.pt,5899e3b8de902211b8b7e110e290702d3fe09cbba9b48f62ba0c4139925279c0,341019
1d_euler,SA-PINN,SA-PINN,sa_pinn,7,config,results/raw/runs/1d_euler/sa_pinn/seed_7/config.json,1d_euler/sa_pinn/seed_7/config.json,37ac17f0bc2def589fef6b7827333b8c6d24c160fcf41b36d04d1f27c6956a87,1231
1d_euler,SA-PINN,SA-PINN,sa_pinn,7,environment,results/raw/runs/1d_euler/sa_pinn/seed_7/env.json,1d_euler/sa_pinn/seed_7/env.json,3ea9611b4a501b9d8258401458ea7fbd12107e673f8ddeac71518e0ffecb3269,244
1d_euler,SA-PINN,SA-PINN,sa_pinn,7,method,results/raw/runs/1d_euler/sa_pinn/seed_7/method.json,1d_euler/sa_pinn/seed_7/method.json,f4dea0c9bc1537c5e1fdd94cbadd541d4940b786bf854b8f522d58ea96b9d619,417
1d_euler,SA-PINN,SA-PINN,sa_pinn,7,metrics,results/raw/runs/1d_euler/sa_pinn/seed_7/metrics_final.json,1d_euler/sa_pinn/seed_7/metrics_final.json,33d323acb4b5632368940828c8b9b40f2a1b6dc2486e0643564ea1da6af7b559,3940
1d_euler,SA-PINN,SA-PINN,sa_pinn,7,status,results/raw/runs/1d_euler/sa_pinn/seed_7/status.json,1d_euler/sa_pinn/seed_7/status.json,ecd79b777757a683d78c6f2a2df01448130bec76d312b6d1d4e6603e13943b94,102
1d_euler,SA-PINN,SA-PINN,sa_pinn,7,success_marker,results/raw/runs/1d_euler/sa_pinn/seed_7/_SUCCESS,1d_euler/sa_pinn/seed_7/_SUCCESS,81b2bd4ea98c8db66554fbc8d7637a1a69a130f331feb732b75caab4c4868fd5,8
1d_euler,SA-PINN,SA-PINN,sa_pinn,42,checkpoint,results/raw/runs/1d_euler/sa_pinn/seed_42/model_final.pt,1d_euler/sa_pinn/seed_42/model_final.pt,eac88b4caa34118637fcc4e8d0464c5cc5b68f97cf026465cdfe4d86ee85cb47,340923
1d_euler,SA-PINN,SA-PINN,sa_pinn,42,checkpoint_adamw,results/raw/runs/1d_euler/sa_pinn/seed_42/model_adamw_final.pt,1d_euler/sa_pinn/seed_42/model_adamw_final.pt,90c111fc67d15f7919638c7d23b8e5a880b3018ef88c79268c40cb81c76eea97,341019
1d_euler,SA-PINN,SA-PINN,sa_pinn,42,config,results/raw/runs/1d_euler/sa_pinn/seed_42/config.json,1d_euler/sa_pinn/seed_42/config.json,47f97a6c3376af8a616ab7c92dee37af100caf5baf42cafee6194d485e809498,1233
1d_euler,SA-PINN,SA-PINN,sa_pinn,42,environment,results/raw/runs/1d_euler/sa_pinn/seed_42/env.json,1d_euler/sa_pinn/seed_42/env.json,3ea9611b4a501b9d8258401458ea7fbd12107e673f8ddeac71518e0ffecb3269,244
1d_euler,SA-PINN,SA-PINN,sa_pinn,42,method,results/raw/runs/1d_euler/sa_pinn/seed_42/method.json,1d_euler/sa_pinn/seed_42/method.json,f4dea0c9bc1537c5e1fdd94cbadd541d4940b786bf854b8f522d58ea96b9d619,417
1d_euler,SA-PINN,SA-PINN,sa_pinn,42,metrics,results/raw/runs/1d_euler/sa_pinn/seed_42/metrics_final.json,1d_euler/sa_pinn/seed_42/metrics_final.json,a840008177ab33e3b4e490299bab9389c063e6626344cbcfa1e7c92aed11586d,3908
1d_euler,SA-PINN,SA-PINN,sa_pinn,42,status,results/raw/runs/1d_euler/sa_pinn/seed_42/status.json,1d_euler/sa_pinn/seed_42/status.json,9e5bd1c08aa6afefdfcf901b2ba0e80caa504afb54edb0e53708819ee8ecb273,102
1d_euler,SA-PINN,SA-PINN,sa_pinn,42,success_marker,results/raw/runs/1d_euler/sa_pinn/seed_42/_SUCCESS,1d_euler/sa_pinn/seed_42/_SUCCESS,81b2bd4ea98c8db66554fbc8d7637a1a69a130f331feb732b75caab4c4868fd5,8
1d_euler,SA-PINN,SA-PINN,sa_pinn,100,checkpoint,results/raw/runs/1d_euler/sa_pinn/seed_100/model_final.pt,1d_euler/sa_pinn/seed_100/model_final.pt,c210037e26929bf098fc96c20c416bce7e34c334a244e4ef67920838559b8fed,340923
1d_euler,SA-PINN,SA-PINN,sa_pinn,100,checkpoint_adamw,results/raw/runs/1d_euler/sa_pinn/seed_100/model_adamw_final.pt,1d_euler/sa_pinn/seed_100/model_adamw_final.pt,5c8ebb48d075c1d7f4712a226dee39068302830b6ae43a612200cb06d0655990,341019
1d_euler,SA-PINN,SA-PINN,sa_pinn,100,config,results/raw/runs/1d_euler/sa_pinn/seed_100/config.json,1d_euler/sa_pinn/seed_100/config.json,f3eaffc182a7e378d08def5db191b827ef92276a02f953d005d5ee20c521d05c,1235
1d_euler,SA-PINN,SA-PINN,sa_pinn,100,environment,results/raw/runs/1d_euler/sa_pinn/seed_100/env.json,1d_euler/sa_pinn/seed_100/env.json,3ea9611b4a501b9d8258401458ea7fbd12107e673f8ddeac71518e0ffecb3269,244
1d_euler,SA-PINN,SA-PINN,sa_pinn,100,method,results/raw/runs/1d_euler/sa_pinn/seed_100/method.json,1d_euler/sa_pinn/seed_100/method.json,f4dea0c9bc1537c5e1fdd94cbadd541d4940b786bf854b8f522d58ea96b9d619,417
1d_euler,SA-PINN,SA-PINN,sa_pinn,100,metrics,results/raw/runs/1d_euler/sa_pinn/seed_100/metrics_final.json,1d_euler/sa_pinn/seed_100/metrics_final.json,3a1a611b4eb9566e5f75aacbded8f305f72597c27ed990c3dab841145f8121ac,3899
1d_euler,SA-PINN,SA-PINN,sa_pinn,100,status,results/raw/runs/1d_euler/sa_pinn/seed_100/status.json,1d_euler/sa_pinn/seed_100/status.json,9f60a3dc0778ab10b6703393b66c9180c53a9d41f61623edaee5c83409ba97b7,103
1d_euler,SA-PINN,SA-PINN,sa_pinn,100,success_marker,results/raw/runs/1d_euler/sa_pinn/seed_100/_SUCCESS,1d_euler/sa_pinn/seed_100/_SUCCESS,81b2bd4ea98c8db66554fbc8d7637a1a69a130f331feb732b75caab4c4868fd5,8
1d_euler,SA-PINN,SA-PINN,sa_pinn,2026,checkpoint,results/raw/runs/1d_euler/sa_pinn/seed_2026/model_final.pt,1d_euler/sa_pinn/seed_2026/model_final.pt,6f8fd78d1fd1784cc5038d43b46ccab55b7d5b99f612973882d52812332d45e5,340923
1d_euler,SA-PINN,SA-PINN,sa_pinn,2026,checkpoint_adamw,results/raw/runs/1d_euler/sa_pinn/seed_2026/model_adamw_final.pt,1d_euler/sa_pinn/seed_2026/model_adamw_final.pt,aa40c8677cafc988e7b6cf6b385b1ab276c78f7ada9db03f6f26a2e03e70b39c,341019
1d_euler,SA-PINN,SA-PINN,sa_pinn,2026,config,results/raw/runs/1d_euler/sa_pinn/seed_2026/config.json,1d_euler/sa_pinn/seed_2026/config.json,ec82e2daeaae6364dc7bda3614f5058a3d0bcfd291fb7366f575f2f49dc20bb4,1237
1d_euler,SA-PINN,SA-PINN,sa_pinn,2026,environment,results/raw/runs/1d_euler/sa_pinn/seed_2026/env.json,1d_euler/sa_pinn/seed_2026/env.json,3ea9611b4a501b9d8258401458ea7fbd12107e673f8ddeac71518e0ffecb3269,244
1d_euler,SA-PINN,SA-PINN,sa_pinn,2026,method,results/raw/runs/1d_euler/sa_pinn/seed_2026/method.json,1d_euler/sa_pinn/seed_2026/method.json,f4dea0c9bc1537c5e1fdd94cbadd541d4940b786bf854b8f522d58ea96b9d619,417
1d_euler,SA-PINN,SA-PINN,sa_pinn,2026,metrics,results/raw/runs/1d_euler/sa_pinn/seed_2026/metrics_final.json,1d_euler/sa_pinn/seed_2026/metrics_final.json,fdcfcaa9db7ead93f1a7234b28a220f2cefb14371504691152ba63c083d885a5,3907
1d_euler,SA-PINN,SA-PINN,sa_pinn,2026,status,results/raw/runs/1d_euler/sa_pinn/seed_2026/status.json,1d_euler/sa_pinn/seed_2026/status.json,758852b44c8293b539cb6dcd87be701df3032254095029b127a907bbcc8feb16,103
1d_euler,SA-PINN,SA-PINN,sa_pinn,2026,success_marker,results/raw/runs/1d_euler/sa_pinn/seed_2026/_SUCCESS,1d_euler/sa_pinn/seed_2026/_SUCCESS,81b2bd4ea98c8db66554fbc8d7637a1a69a130f331feb732b75caab4c4868fd5,8
1d_euler,SA-PINN,SA-PINN,sa_pinn,31415,checkpoint,results/raw/runs/1d_euler/sa_pinn/seed_31415/model_final.pt,1d_euler/sa_pinn/seed_31415/model_final.pt,91741e8c1e8f324551e98733b8b2469dc161b9fede775b5382b6d776c71a85d4,340923
1d_euler,SA-PINN,SA-PINN,sa_pinn,31415,checkpoint_adamw,results/raw/runs/1d_euler/sa_pinn/seed_31415/model_adamw_final.pt,1d_euler/sa_pinn/seed_31415/model_adamw_final.pt,48807e4c94c205280a6d217bbc1ec0fe71265b3f4521bafa7cf479f408a7618b,341019
1d_euler,SA-PINN,SA-PINN,sa_pinn,31415,config,results/raw/runs/1d_euler/sa_pinn/seed_31415/config.json,1d_euler/sa_pinn/seed_31415/config.json,af3cb70de342eed53b07550daa4876b21e553bbc6cbad9e1d728b84a998f8025,1239
1d_euler,SA-PINN,SA-PINN,sa_pinn,31415,environment,results/raw/runs/1d_euler/sa_pinn/seed_31415/env.json,1d_euler/sa_pinn/seed_31415/env.json,3ea9611b4a501b9d8258401458ea7fbd12107e673f8ddeac71518e0ffecb3269,244
1d_euler,SA-PINN,SA-PINN,sa_pinn,31415,method,results/raw/runs/1d_euler/sa_pinn/seed_31415/method.json,1d_euler/sa_pinn/seed_31415/method.json,f4dea0c9bc1537c5e1fdd94cbadd541d4940b786bf854b8f522d58ea96b9d619,417
1d_euler,SA-PINN,SA-PINN,sa_pinn,31415,metrics,results/raw/runs/1d_euler/sa_pinn/seed_31415/metrics_final.json,1d_euler/sa_pinn/seed_31415/metrics_final.json,af8d740e28895982d18e59395043862b03b69ed36a428a246673f1924c472115,3901
1d_euler,SA-PINN,SA-PINN,sa_pinn,31415,status,results/raw/runs/1d_euler/sa_pinn/seed_31415/status.json,1d_euler/sa_pinn/seed_31415/status.json,f916752c982559d3620768f7c79fe25a88ac1320323c6e825a3c80f6dae075db,103
1d_euler,SA-PINN,SA-PINN,sa_pinn,31415,success_marker,results/raw/runs/1d_euler/sa_pinn/seed_31415/_SUCCESS,1d_euler/sa_pinn/seed_31415/_SUCCESS,81b2bd4ea98c8db66554fbc8d7637a1a69a130f331feb732b75caab4c4868fd5,8
1d_euler,XPINN,XPINN,xpinn,7,checkpoint,results/raw/runs/1d_euler/xpinn/seed_7/model_final.pt,1d_euler/xpinn/seed_7/model_final.pt,a3274161308638f6b28575c5c5d4ef3e4702c260920d612422b3c6cd58143f70,1357801
1d_euler,XPINN,XPINN,xpinn,7,checkpoint_adamw,results/raw/runs/1d_euler/xpinn/seed_7/model_adamw_final.pt,1d_euler/xpinn/seed_7/model_adamw_final.pt,9ed2f662bfecf52f6440049a546e72fe7ae9484b6b4f50d2851b9d6f06214efe,1358173
1d_euler,XPINN,XPINN,xpinn,7,config,results/raw/runs/1d_euler/xpinn/seed_7/config.json,1d_euler/xpinn/seed_7/config.json,4c89dcd06233a5d386ed46a132ea11bdf15a38f4f135a236b933c028830803da,1229
1d_euler,XPINN,XPINN,xpinn,7,environment,results/raw/runs/1d_euler/xpinn/seed_7/env.json,1d_euler/xpinn/seed_7/env.json,3ea9611b4a501b9d8258401458ea7fbd12107e673f8ddeac71518e0ffecb3269,244
1d_euler,XPINN,XPINN,xpinn,7,method,results/raw/runs/1d_euler/xpinn/seed_7/method.json,1d_euler/xpinn/seed_7/method.json,45073211f4e0e9575a85347a550dfbeb4782973701e8fe86a092638c449866e9,1015
1d_euler,XPINN,XPINN,xpinn,7,metrics,results/raw/runs/1d_euler/xpinn/seed_7/metrics_final.json,1d_euler/xpinn/seed_7/metrics_final.json,4f1c88bdd258e7a544077410907192952de4c944be5c558347072b72bbb875c0,4082
1d_euler,XPINN,XPINN,xpinn,7,status,results/raw/runs/1d_euler/xpinn/seed_7/status.json,1d_euler/xpinn/seed_7/status.json,86c85acbc7c47b3aef3e670af596844508bb2701b18c301a2f1d6fff9c72c1c6,103
1d_euler,XPINN,XPINN,xpinn,7,success_marker,results/raw/runs/1d_euler/xpinn/seed_7/_SUCCESS,1d_euler/xpinn/seed_7/_SUCCESS,81b2bd4ea98c8db66554fbc8d7637a1a69a130f331feb732b75caab4c4868fd5,8
1d_euler,XPINN,XPINN,xpinn,42,checkpoint,results/raw/runs/1d_euler/xpinn/seed_42/model_final.pt,1d_euler/xpinn/seed_42/model_final.pt,c3d40fc9ea9f8baba7fe0e572c0fec33757cba63928efee3181ae4edc1f7ddc1,1357801
1d_euler,XPINN,XPINN,xpinn,42,checkpoint_adamw,results/raw/runs/1d_euler/xpinn/seed_42/model_adamw_final.pt,1d_euler/xpinn/seed_42/model_adamw_final.pt,3417d0820e54c116022617b996d37af4342e61f7713242280d9d21cc212351d4,1358173
1d_euler,XPINN,XPINN,xpinn,42,config,results/raw/runs/1d_euler/xpinn/seed_42/config.json,1d_euler/xpinn/seed_42/config.json,c4a31a93eeaaf297ad5a8ec5cfccb383ed419b1439b9532f2430fcb163ff0bd1,1231
1d_euler,XPINN,XPINN,xpinn,42,environment,results/raw/runs/1d_euler/xpinn/seed_42/env.json,1d_euler/xpinn/seed_42/env.json,3ea9611b4a501b9d8258401458ea7fbd12107e673f8ddeac71518e0ffecb3269,244
1d_euler,XPINN,XPINN,xpinn,42,method,results/raw/runs/1d_euler/xpinn/seed_42/method.json,1d_euler/xpinn/seed_42/method.json,45073211f4e0e9575a85347a550dfbeb4782973701e8fe86a092638c449866e9,1015
1d_euler,XPINN,XPINN,xpinn,42,metrics,results/raw/runs/1d_euler/xpinn/seed_42/metrics_final.json,1d_euler/xpinn/seed_42/metrics_final.json,f972a79bc3f81791946f57c32a0d09980d5c8c28766defaf872937c0b8f7c1eb,4084
1d_euler,XPINN,XPINN,xpinn,42,status,results/raw/runs/1d_euler/xpinn/seed_42/status.json,1d_euler/xpinn/seed_42/status.json,df3bb08eea9ce9d3b219c31c614c2d00bae097007b9048a23468f83473066629,103
1d_euler,XPINN,XPINN,xpinn,42,success_marker,results/raw/runs/1d_euler/xpinn/seed_42/_SUCCESS,1d_euler/xpinn/seed_42/_SUCCESS,81b2bd4ea98c8db66554fbc8d7637a1a69a130f331feb732b75caab4c4868fd5,8
1d_euler,XPINN,XPINN,xpinn,100,checkpoint,results/raw/runs/1d_euler/xpinn/seed_100/model_final.pt,1d_euler/xpinn/seed_100/model_final.pt,994853862555d741b2d10f8ba787ad5438eb67f81797f109c524156b9233a59f,1357801
1d_euler,XPINN,XPINN,xpinn,100,checkpoint_adamw,results/raw/runs/1d_euler/xpinn/seed_100/model_adamw_final.pt,1d_euler/xpinn/seed_100/model_adamw_final.pt,e6941c9f73892750a3389f39fabd4519ccc486e24891274fa406e11b251d9e9f,1358173
1d_euler,XPINN,XPINN,xpinn,100,config,results/raw/runs/1d_euler/xpinn/seed_100/config.json,1d_euler/xpinn/seed_100/config.json,62ba17734cb223df65fc09f1ac99698eba59bf8aaef63442be1ac538fe5fd9db,1233
1d_euler,XPINN,XPINN,xpinn,100,environment,results/raw/runs/1d_euler/xpinn/seed_100/env.json,1d_euler/xpinn/seed_100/env.json,3ea9611b4a501b9d8258401458ea7fbd12107e673f8ddeac71518e0ffecb3269,244
1d_euler,XPINN,XPINN,xpinn,100,method,results/raw/runs/1d_euler/xpinn/seed_100/method.json,1d_euler/xpinn/seed_100/method.json,45073211f4e0e9575a85347a550dfbeb4782973701e8fe86a092638c449866e9,1015
1d_euler,XPINN,XPINN,xpinn,100,metrics,results/raw/runs/1d_euler/xpinn/seed_100/metrics_final.json,1d_euler/xpinn/seed_100/metrics_final.json,b18f1744e5a74f1743b60268d87b113d29496fe97c4b4f078b26b7c0fee3196c,4072
1d_euler,XPINN,XPINN,xpinn,100,status,results/raw/runs/1d_euler/xpinn/seed_100/status.json,1d_euler/xpinn/seed_100/status.json,6dca2fa0981cb7255d347f52cfb2c4f5caa6b1fb2f5082bfba120a9a2724d5ee,104
1d_euler,XPINN,XPINN,xpinn,100,success_marker,results/raw/runs/1d_euler/xpinn/seed_100/_SUCCESS,1d_euler/xpinn/seed_100/_SUCCESS,81b2bd4ea98c8db66554fbc8d7637a1a69a130f331feb732b75caab4c4868fd5,8
1d_euler,XPINN,XPINN,xpinn,2026,checkpoint,results/raw/runs/1d_euler/xpinn/seed_2026/model_final.pt,1d_euler/xpinn/seed_2026/model_final.pt,96224347d630895e759dcfb3b821da71807098a79817331509e1d4c970d16028,1357801
1d_euler,XPINN,XPINN,xpinn,2026,checkpoint_adamw,results/raw/runs/1d_euler/xpinn/seed_2026/model_adamw_final.pt,1d_euler/xpinn/seed_2026/model_adamw_final.pt,be40610c6a2228c0331cdf7d1c36f4ee21aaa3ffbeb9f994bff8feb29587d3c9,1358173
1d_euler,XPINN,XPINN,xpinn,2026,config,results/raw/runs/1d_euler/xpinn/seed_2026/config.json,1d_euler/xpinn/seed_2026/config.json,771f927462a45bf7415ec2ef026d66dde6726fd5dfb65a8812da1c746100380b,1235
1d_euler,XPINN,XPINN,xpinn,2026,environment,results/raw/runs/1d_euler/xpinn/seed_2026/env.json,1d_euler/xpinn/seed_2026/env.json,3ea9611b4a501b9d8258401458ea7fbd12107e673f8ddeac71518e0ffecb3269,244
1d_euler,XPINN,XPINN,xpinn,2026,method,results/raw/runs/1d_euler/xpinn/seed_2026/method.json,1d_euler/xpinn/seed_2026/method.json,45073211f4e0e9575a85347a550dfbeb4782973701e8fe86a092638c449866e9,1015
1d_euler,XPINN,XPINN,xpinn,2026,metrics,results/raw/runs/1d_euler/xpinn/seed_2026/metrics_final.json,1d_euler/xpinn/seed_2026/metrics_final.json,60610a6dc95456ebb12c593b61bf08ca376baad6322d1f893c81ac2f95383417,4078
1d_euler,XPINN,XPINN,xpinn,2026,status,results/raw/runs/1d_euler/xpinn/seed_2026/status.json,1d_euler/xpinn/seed_2026/status.json,2dd83e5939eb7253961947ce4d6d79b25d6a58af7a6bf2dd0ac4b77d54c6e5d8,103
1d_euler,XPINN,XPINN,xpinn,2026,success_marker,results/raw/runs/1d_euler/xpinn/seed_2026/_SUCCESS,1d_euler/xpinn/seed_2026/_SUCCESS,81b2bd4ea98c8db66554fbc8d7637a1a69a130f331feb732b75caab4c4868fd5,8
1d_euler,XPINN,XPINN,xpinn,31415,checkpoint,results/raw/runs/1d_euler/xpinn/seed_31415/model_final.pt,1d_euler/xpinn/seed_31415/model_final.pt,d9f5a86dc4892868297e02a47704d4a4babc51e2fffb1aa3a6a916064863565c,1357801
1d_euler,XPINN,XPINN,xpinn,31415,checkpoint_adamw,results/raw/runs/1d_euler/xpinn/seed_31415/model_adamw_final.pt,1d_euler/xpinn/seed_31415/model_adamw_final.pt,07505ef8c1e1217d954237aa41560c34951c590e503eb314aed5326e38759495,1358173
1d_euler,XPINN,XPINN,xpinn,31415,config,results/raw/runs/1d_euler/xpinn/seed_31415/config.json,1d_euler/xpinn/seed_31415/config.json,5a8ffeeaa08f5483e963c5a8fd36c715b7ad2fe45be8b2a32a3f319763fa2e2b,1237
1d_euler,XPINN,XPINN,xpinn,31415,environment,results/raw/runs/1d_euler/xpinn/seed_31415/env.json,1d_euler/xpinn/seed_31415/env.json,3ea9611b4a501b9d8258401458ea7fbd12107e673f8ddeac71518e0ffecb3269,244
1d_euler,XPINN,XPINN,xpinn,31415,method,results/raw/runs/1d_euler/xpinn/seed_31415/method.json,1d_euler/xpinn/seed_31415/method.json,45073211f4e0e9575a85347a550dfbeb4782973701e8fe86a092638c449866e9,1015
1d_euler,XPINN,XPINN,xpinn,31415,metrics,results/raw/runs/1d_euler/xpinn/seed_31415/metrics_final.json,1d_euler/xpinn/seed_31415/metrics_final.json,d99ef14f8c4adc56ec3d701eb028fed6a1795f1184fac5a8c584f4a9fdb283e4,4068
1d_euler,XPINN,XPINN,xpinn,31415,status,results/raw/runs/1d_euler/xpinn/seed_31415/status.json,1d_euler/xpinn/seed_31415/status.json,2e39a1a53e4c361a5aa980d93f0668ee33e63a5acf4c16cc2e19bc40ed32c7c0,103
1d_euler,XPINN,XPINN,xpinn,31415,success_marker,results/raw/runs/1d_euler/xpinn/seed_31415/_SUCCESS,1d_euler/xpinn/seed_31415/_SUCCESS,81b2bd4ea98c8db66554fbc8d7637a1a69a130f331feb732b75caab4c4868fd5,8
1d_euler,cPINN,cPINN,cpinn,7,checkpoint,results/raw/runs/1d_euler/cpinn/seed_7/model_final.pt,1d_euler/cpinn/seed_7/model_final.pt,1c383857889b191a13e9891cfa14861f8e39ff7a5a2f93a158adfea9567d7319,680459
1d_euler,cPINN,cPINN,cpinn,7,checkpoint_adamw,results/raw/runs/1d_euler/cpinn/seed_7/model_adamw_final.pt,1d_euler/cpinn/seed_7/model_adamw_final.pt,b17eb09e7072bcb8e04eb9d3872b5dda1f250345f22dad338bf5ad1d15ccc4b0,680651
1d_euler,cPINN,cPINN,cpinn,7,config,results/raw/runs/1d_euler/cpinn/seed_7/config.json,1d_euler/cpinn/seed_7/config.json,09475acd84e8a08784551bc81fa2068410363aaa878c955690e2963c2337c1b3,1229
1d_euler,cPINN,cPINN,cpinn,7,environment,results/raw/runs/1d_euler/cpinn/seed_7/env.json,1d_euler/cpinn/seed_7/env.json,3ea9611b4a501b9d8258401458ea7fbd12107e673f8ddeac71518e0ffecb3269,244
1d_euler,cPINN,cPINN,cpinn,7,method,results/raw/runs/1d_euler/cpinn/seed_7/method.json,1d_euler/cpinn/seed_7/method.json,c376b9fde47cc7ba4cd53708875c424b52a3297685812eb1edfaf0cb86cb013c,926
1d_euler,cPINN,cPINN,cpinn,7,metrics,results/raw/runs/1d_euler/cpinn/seed_7/metrics_final.json,1d_euler/cpinn/seed_7/metrics_final.json,25fb3897804f822dfc4aaa13843c635388b7ea40a4a91e46b1201db149ebd185,4066
1d_euler,cPINN,cPINN,cpinn,7,status,results/raw/runs/1d_euler/cpinn/seed_7/status.json,1d_euler/cpinn/seed_7/status.json,5b9c4a637bc4fe6dd7b69b03fd1c49db66446020ebc69664b73f0c2812b604ea,104
1d_euler,cPINN,cPINN,cpinn,7,success_marker,results/raw/runs/1d_euler/cpinn/seed_7/_SUCCESS,1d_euler/cpinn/seed_7/_SUCCESS,81b2bd4ea98c8db66554fbc8d7637a1a69a130f331feb732b75caab4c4868fd5,8
1d_euler,cPINN,cPINN,cpinn,42,checkpoint,results/raw/runs/1d_euler/cpinn/seed_42/model_final.pt,1d_euler/cpinn/seed_42/model_final.pt,907d579ba0d938c895e537684bedca18dc732f735d3e76d7828d93192e702d9b,680459
1d_euler,cPINN,cPINN,cpinn,42,checkpoint_adamw,results/raw/runs/1d_euler/cpinn/seed_42/model_adamw_final.pt,1d_euler/cpinn/seed_42/model_adamw_final.pt,bc62f5207a6630e55fd5f9ecdb4a10fbf47b6492c4725754726846716d0286ad,680651
1d_euler,cPINN,cPINN,cpinn,42,config,results/raw/runs/1d_euler/cpinn/seed_42/config.json,1d_euler/cpinn/seed_42/config.json,59f38bf630824b64ff31af484d87619471ef3e19fc7ada656f401c6489966d2d,1231
1d_euler,cPINN,cPINN,cpinn,42,environment,results/raw/runs/1d_euler/cpinn/seed_42/env.json,1d_euler/cpinn/seed_42/env.json,3ea9611b4a501b9d8258401458ea7fbd12107e673f8ddeac71518e0ffecb3269,244
1d_euler,cPINN,cPINN,cpinn,42,method,results/raw/runs/1d_euler/cpinn/seed_42/method.json,1d_euler/cpinn/seed_42/method.json,c376b9fde47cc7ba4cd53708875c424b52a3297685812eb1edfaf0cb86cb013c,926
1d_euler,cPINN,cPINN,cpinn,42,metrics,results/raw/runs/1d_euler/cpinn/seed_42/metrics_final.json,1d_euler/cpinn/seed_42/metrics_final.json,f47587555222006041989581b4891aed7ef6ddce0f23a5264b8c6a701abe6c25,4091
1d_euler,cPINN,cPINN,cpinn,42,status,results/raw/runs/1d_euler/cpinn/seed_42/status.json,1d_euler/cpinn/seed_42/status.json,230e76f9f498d538a1e8f5660c13063acd6c52b38eeb92a42d159217b80f54e5,104
1d_euler,cPINN,cPINN,cpinn,42,success_marker,results/raw/runs/1d_euler/cpinn/seed_42/_SUCCESS,1d_euler/cpinn/seed_42/_SUCCESS,81b2bd4ea98c8db66554fbc8d7637a1a69a130f331feb732b75caab4c4868fd5,8
1d_euler,cPINN,cPINN,cpinn,100,checkpoint,results/raw/runs/1d_euler/cpinn/seed_100/model_final.pt,1d_euler/cpinn/seed_100/model_final.pt,bacebc68f81847f1fb547e0c8e5e91205e424244c26d94b0aba03a6810cc7545,680459
1d_euler,cPINN,cPINN,cpinn,100,checkpoint_adamw,results/raw/runs/1d_euler/cpinn/seed_100/model_adamw_final.pt,1d_euler/cpinn/seed_100/model_adamw_final.pt,0045872cab99e3418c995bfa91fa39fbf1e0d7cf429dabd72871e322c1603863,680651
1d_euler,cPINN,cPINN,cpinn,100,config,results/raw/runs/1d_euler/cpinn/seed_100/config.json,1d_euler/cpinn/seed_100/config.json,f3f43862f390b9331e6ca09edd844c8e0671d7975df219eb8e17bc0d654d4de6,1233
1d_euler,cPINN,cPINN,cpinn,100,environment,results/raw/runs/1d_euler/cpinn/seed_100/env.json,1d_euler/cpinn/seed_100/env.json,3ea9611b4a501b9d8258401458ea7fbd12107e673f8ddeac71518e0ffecb3269,244
1d_euler,cPINN,cPINN,cpinn,100,method,results/raw/runs/1d_euler/cpinn/seed_100/method.json,1d_euler/cpinn/seed_100/method.json,c376b9fde47cc7ba4cd53708875c424b52a3297685812eb1edfaf0cb86cb013c,926
1d_euler,cPINN,cPINN,cpinn,100,metrics,results/raw/runs/1d_euler/cpinn/seed_100/metrics_final.json,1d_euler/cpinn/seed_100/metrics_final.json,daaefcd9abd021b7ca8da62d59dd0ee1eeff6dc248cf045353251c4d8277248b,4072
1d_euler,cPINN,cPINN,cpinn,100,status,results/raw/runs/1d_euler/cpinn/seed_100/status.json,1d_euler/cpinn/seed_100/status.json,e23fdc6b8b28e0ef6fd2dd3a6e9a2e6c47df27cec6e65a55620405f926544928,104
1d_euler,cPINN,cPINN,cpinn,100,success_marker,results/raw/runs/1d_euler/cpinn/seed_100/_SUCCESS,1d_euler/cpinn/seed_100/_SUCCESS,81b2bd4ea98c8db66554fbc8d7637a1a69a130f331feb732b75caab4c4868fd5,8
1d_euler,cPINN,cPINN,cpinn,2026,checkpoint,results/raw/runs/1d_euler/cpinn/seed_2026/model_final.pt,1d_euler/cpinn/seed_2026/model_final.pt,4f5f404a21723e07770d9c172545e0b9026ae8a50d99a3592cbf35fa6c05c816,680459
1d_euler,cPINN,cPINN,cpinn,2026,checkpoint_adamw,results/raw/runs/1d_euler/cpinn/seed_2026/model_adamw_final.pt,1d_euler/cpinn/seed_2026/model_adamw_final.pt,d8376ce0c54c7cf2f3677c4db1d74eac0fa5ed58b1cabadeac0ef08eae46a157,680651
1d_euler,cPINN,cPINN,cpinn,2026,config,results/raw/runs/1d_euler/cpinn/seed_2026/config.json,1d_euler/cpinn/seed_2026/config.json,5b955e58912943fe2ee55869997bd561f067a7c6d043041e92b20f9d466fccc9,1235
1d_euler,cPINN,cPINN,cpinn,2026,environment,results/raw/runs/1d_euler/cpinn/seed_2026/env.json,1d_euler/cpinn/seed_2026/env.json,3ea9611b4a501b9d8258401458ea7fbd12107e673f8ddeac71518e0ffecb3269,244
1d_euler,cPINN,cPINN,cpinn,2026,method,results/raw/runs/1d_euler/cpinn/seed_2026/method.json,1d_euler/cpinn/seed_2026/method.json,c376b9fde47cc7ba4cd53708875c424b52a3297685812eb1edfaf0cb86cb013c,926
1d_euler,cPINN,cPINN,cpinn,2026,metrics,results/raw/runs/1d_euler/cpinn/seed_2026/metrics_final.json,1d_euler/cpinn/seed_2026/metrics_final.json,fc02135516035fba22f2bf3c3d36f8236872bef1c1db0387d83b61a4fe46d555,4078
1d_euler,cPINN,cPINN,cpinn,2026,status,results/raw/runs/1d_euler/cpinn/seed_2026/status.json,1d_euler/cpinn/seed_2026/status.json,b10d87be1a4ec0c91cae2048f05cdc6781df9e8ca5ff0193671ca2a5e4932c47,104
1d_euler,cPINN,cPINN,cpinn,2026,success_marker,results/raw/runs/1d_euler/cpinn/seed_2026/_SUCCESS,1d_euler/cpinn/seed_2026/_SUCCESS,81b2bd4ea98c8db66554fbc8d7637a1a69a130f331feb732b75caab4c4868fd5,8
1d_euler,cPINN,cPINN,cpinn,31415,checkpoint,results/raw/runs/1d_euler/cpinn/seed_31415/model_final.pt,1d_euler/cpinn/seed_31415/model_final.pt,7435388c11b0240e399947221b426f316ca3c81a68b3eef830f844de388eba0f,680459
1d_euler,cPINN,cPINN,cpinn,31415,checkpoint_adamw,results/raw/runs/1d_euler/cpinn/seed_31415/model_adamw_final.pt,1d_euler/cpinn/seed_31415/model_adamw_final.pt,77c8cdfae9d0637416498930f56d20838ab3f1624b97b7e12dfa77a8d03df081,680651
1d_euler,cPINN,cPINN,cpinn,31415,config,results/raw/runs/1d_euler/cpinn/seed_31415/config.json,1d_euler/cpinn/seed_31415/config.json,fe27128fc09dcb2e5ded9b8512ef16d31e972651dfc7b516fe832578b5b5ab02,1237
1d_euler,cPINN,cPINN,cpinn,31415,environment,results/raw/runs/1d_euler/cpinn/seed_31415/env.json,1d_euler/cpinn/seed_31415/env.json,3ea9611b4a501b9d8258401458ea7fbd12107e673f8ddeac71518e0ffecb3269,244
1d_euler,cPINN,cPINN,cpinn,31415,method,results/raw/runs/1d_euler/cpinn/seed_31415/method.json,1d_euler/cpinn/seed_31415/method.json,c376b9fde47cc7ba4cd53708875c424b52a3297685812eb1edfaf0cb86cb013c,926
1d_euler,cPINN,cPINN,cpinn,31415,metrics,results/raw/runs/1d_euler/cpinn/seed_31415/metrics_final.json,1d_euler/cpinn/seed_31415/metrics_final.json,8492f72ce667497baa202daa9ba758b7902760c3ea43a8e222afe9c3ab163646,4086
1d_euler,cPINN,cPINN,cpinn,31415,status,results/raw/runs/1d_euler/cpinn/seed_31415/status.json,1d_euler/cpinn/seed_31415/status.json,d6954d9c61a138dd9a04c3c4e3d70d9d4ac2dc7fd0cb7da0b7e254fa0ece9dfb,104
1d_euler,cPINN,cPINN,cpinn,31415,success_marker,results/raw/runs/1d_euler/cpinn/seed_31415/_SUCCESS,1d_euler/cpinn/seed_31415/_SUCCESS,81b2bd4ea98c8db66554fbc8d7637a1a69a130f331feb732b75caab4c4868fd5,8
1d_euler,gPINN-subsampled,gPINN-sub.,gpinn_subsampled,7,checkpoint,results/raw/runs/1d_euler/gpinn_subsampled/seed_7/model_final.pt,1d_euler/gpinn_subsampled/seed_7/model_final.pt,d9687cc07f974218d6827e95217fd029d1f034f5eb7631a708376d2223be7e28,340859
1d_euler,gPINN-subsampled,gPINN-sub.,gpinn_subsampled,7,checkpoint_adamw,results/raw/runs/1d_euler/gpinn_subsampled/seed_7/model_adamw_final.pt,1d_euler/gpinn_subsampled/seed_7/model_adamw_final.pt,e05b86841e1669ee500d1e9ae2b6e087ecc9d8b2ab5063f0d04ba6eeb3b0ecfb,340955
1d_euler,gPINN-subsampled,gPINN-sub.,gpinn_subsampled,7,config,results/raw/runs/1d_euler/gpinn_subsampled/seed_7/config.json,1d_euler/gpinn_subsampled/seed_7/config.json,56b7983894c38352722c47bb1b6f10e7e522b226507780704c63a358cbed7828,1240
1d_euler,gPINN-subsampled,gPINN-sub.,gpinn_subsampled,7,environment,results/raw/runs/1d_euler/gpinn_subsampled/seed_7/env.json,1d_euler/gpinn_subsampled/seed_7/env.json,3ea9611b4a501b9d8258401458ea7fbd12107e673f8ddeac71518e0ffecb3269,244
1d_euler,gPINN-subsampled,gPINN-sub.,gpinn_subsampled,7,method,results/raw/runs/1d_euler/gpinn_subsampled/seed_7/method.json,1d_euler/gpinn_subsampled/seed_7/method.json,a9943874dda444ac49a2fe0f214193fc761a7076b054e3b2fb803e61738b1ff3,488
1d_euler,gPINN-subsampled,gPINN-sub.,gpinn_subsampled,7,metrics,results/raw/runs/1d_euler/gpinn_subsampled/seed_7/metrics_final.json,1d_euler/gpinn_subsampled/seed_7/metrics_final.json,d1450cfd9118dea928f99d0c28e99c3fb50b9e5f5053c0859e4400c5eca9d79f,3908
1d_euler,gPINN-subsampled,gPINN-sub.,gpinn_subsampled,7,status,results/raw/runs/1d_euler/gpinn_subsampled/seed_7/status.json,1d_euler/gpinn_subsampled/seed_7/status.json,5beb7d41d414a970a5de15d9635e9077f82771fff591e6002727f1284ba5d829,103
1d_euler,gPINN-subsampled,gPINN-sub.,gpinn_subsampled,7,success_marker,results/raw/runs/1d_euler/gpinn_subsampled/seed_7/_SUCCESS,1d_euler/gpinn_subsampled/seed_7/_SUCCESS,81b2bd4ea98c8db66554fbc8d7637a1a69a130f331feb732b75caab4c4868fd5,8
1d_euler,gPINN-subsampled,gPINN-sub.,gpinn_subsampled,42,checkpoint,results/raw/runs/1d_euler/gpinn_subsampled/seed_42/model_final.pt,1d_euler/gpinn_subsampled/seed_42/model_final.pt,2fed3119232369bf499d46cef7473bf287180313eac2904ce256f4e82eb499b4,340859
1d_euler,gPINN-subsampled,gPINN-sub.,gpinn_subsampled,42,checkpoint_adamw,results/raw/runs/1d_euler/gpinn_subsampled/seed_42/model_adamw_final.pt,1d_euler/gpinn_subsampled/seed_42/model_adamw_final.pt,979d9bdc823b08077c4dcb8449e2f5609347b93e3f185277e626db061e7dbdb8,340955
1d_euler,gPINN-subsampled,gPINN-sub.,gpinn_subsampled,42,config,results/raw/runs/1d_euler/gpinn_subsampled/seed_42/config.json,1d_euler/gpinn_subsampled/seed_42/config.json,35c9e03c8749d169cb17ad9714716810c3b0008ebdf52b3a041e3754103f263b,1242
1d_euler,gPINN-subsampled,gPINN-sub.,gpinn_subsampled,42,environment,results/raw/runs/1d_euler/gpinn_subsampled/seed_42/env.json,1d_euler/gpinn_subsampled/seed_42/env.json,3ea9611b4a501b9d8258401458ea7fbd12107e673f8ddeac71518e0ffecb3269,244
1d_euler,gPINN-subsampled,gPINN-sub.,gpinn_subsampled,42,method,results/raw/runs/1d_euler/gpinn_subsampled/seed_42/method.json,1d_euler/gpinn_subsampled/seed_42/method.json,a9943874dda444ac49a2fe0f214193fc761a7076b054e3b2fb803e61738b1ff3,488
1d_euler,gPINN-subsampled,gPINN-sub.,gpinn_subsampled,42,metrics,results/raw/runs/1d_euler/gpinn_subsampled/seed_42/metrics_final.json,1d_euler/gpinn_subsampled/seed_42/metrics_final.json,6af43f0bd6b2bec7f813aaebde4eb46ec23c98ddc3af5ed9d7d5bed122464a39,3915
1d_euler,gPINN-subsampled,gPINN-sub.,gpinn_subsampled,42,status,results/raw/runs/1d_euler/gpinn_subsampled/seed_42/status.json,1d_euler/gpinn_subsampled/seed_42/status.json,fc482749ac1456295210506e49d10f99f200f20994fe5bd52bb487be801b288d,103
1d_euler,gPINN-subsampled,gPINN-sub.,gpinn_subsampled,42,success_marker,results/raw/runs/1d_euler/gpinn_subsampled/seed_42/_SUCCESS,1d_euler/gpinn_subsampled/seed_42/_SUCCESS,81b2bd4ea98c8db66554fbc8d7637a1a69a130f331feb732b75caab4c4868fd5,8
1d_euler,gPINN-subsampled,gPINN-sub.,gpinn_subsampled,100,checkpoint,results/raw/runs/1d_euler/gpinn_subsampled/seed_100/model_final.pt,1d_euler/gpinn_subsampled/seed_100/model_final.pt,7fa0b39dc35e283a9e897457f75debb705b032c06b4c57eb03626626e3caa27a,340859
1d_euler,gPINN-subsampled,gPINN-sub.,gpinn_subsampled,100,checkpoint_adamw,results/raw/runs/1d_euler/gpinn_subsampled/seed_100/model_adamw_final.pt,1d_euler/gpinn_subsampled/seed_100/model_adamw_final.pt,e174f2a5744c520129ffdaae407a4d849504986598a1bc335c5f0e7326f8431c,340955
1d_euler,gPINN-subsampled,gPINN-sub.,gpinn_subsampled,100,config,results/raw/runs/1d_euler/gpinn_subsampled/seed_100/config.json,1d_euler/gpinn_subsampled/seed_100/config.json,551174175271485a21b58afe8f88d3f6fddd2cc9fd663879ba9566728b9d0418,1244
1d_euler,gPINN-subsampled,gPINN-sub.,gpinn_subsampled,100,environment,results/raw/runs/1d_euler/gpinn_subsampled/seed_100/env.json,1d_euler/gpinn_subsampled/seed_100/env.json,3ea9611b4a501b9d8258401458ea7fbd12107e673f8ddeac71518e0ffecb3269,244
1d_euler,gPINN-subsampled,gPINN-sub.,gpinn_subsampled,100,method,results/raw/runs/1d_euler/gpinn_subsampled/seed_100/method.json,1d_euler/gpinn_subsampled/seed_100/method.json,a9943874dda444ac49a2fe0f214193fc761a7076b054e3b2fb803e61738b1ff3,488
1d_euler,gPINN-subsampled,gPINN-sub.,gpinn_subsampled,100,metrics,results/raw/runs/1d_euler/gpinn_subsampled/seed_100/metrics_final.json,1d_euler/gpinn_subsampled/seed_100/metrics_final.json,8dfa29972a78fabb2f05524f4047040a8b41b44b0f4c75cb039af2405e960d66,3904
1d_euler,gPINN-subsampled,gPINN-sub.,gpinn_subsampled,100,status,results/raw/runs/1d_euler/gpinn_subsampled/seed_100/status.json,1d_euler/gpinn_subsampled/seed_100/status.json,79671c4357bce52153cdcd7bf91b2daba6f53b76ce22370f12d31f42b628a38a,103
1d_euler,gPINN-subsampled,gPINN-sub.,gpinn_subsampled,100,success_marker,results/raw/runs/1d_euler/gpinn_subsampled/seed_100/_SUCCESS,1d_euler/gpinn_subsampled/seed_100/_SUCCESS,81b2bd4ea98c8db66554fbc8d7637a1a69a130f331feb732b75caab4c4868fd5,8
1d_euler,gPINN-subsampled,gPINN-sub.,gpinn_subsampled,2026,checkpoint,results/raw/runs/1d_euler/gpinn_subsampled/seed_2026/model_final.pt,1d_euler/gpinn_subsampled/seed_2026/model_final.pt,f81b5aa50b759f231674891032ebb3eead56296c4fb28357cbd1b0458344dfaf,340859
1d_euler,gPINN-subsampled,gPINN-sub.,gpinn_subsampled,2026,checkpoint_adamw,results/raw/runs/1d_euler/gpinn_subsampled/seed_2026/model_adamw_final.pt,1d_euler/gpinn_subsampled/seed_2026/model_adamw_final.pt,852f5ec7f4f8a9c896f485692c1074b456cbfd0630cd9a8c3d421870742afc40,340955
1d_euler,gPINN-subsampled,gPINN-sub.,gpinn_subsampled,2026,config,results/raw/runs/1d_euler/gpinn_subsampled/seed_2026/config.json,1d_euler/gpinn_subsampled/seed_2026/config.json,dd2dd6c3d866fc5b0ce6789aa47b5cda46a13ec3d044955eb08660a142802566,1246
1d_euler,gPINN-subsampled,gPINN-sub.,gpinn_subsampled,2026,environment,results/raw/runs/1d_euler/gpinn_subsampled/seed_2026/env.json,1d_euler/gpinn_subsampled/seed_2026/env.json,3ea9611b4a501b9d8258401458ea7fbd12107e673f8ddeac71518e0ffecb3269,244
1d_euler,gPINN-subsampled,gPINN-sub.,gpinn_subsampled,2026,method,results/raw/runs/1d_euler/gpinn_subsampled/seed_2026/method.json,1d_euler/gpinn_subsampled/seed_2026/method.json,a9943874dda444ac49a2fe0f214193fc761a7076b054e3b2fb803e61738b1ff3,488
1d_euler,gPINN-subsampled,gPINN-sub.,gpinn_subsampled,2026,metrics,results/raw/runs/1d_euler/gpinn_subsampled/seed_2026/metrics_final.json,1d_euler/gpinn_subsampled/seed_2026/metrics_final.json,4cb0148abcd01a1f3bbdf88bca409421965d540b4c96ddf865584749af593625,3911
1d_euler,gPINN-subsampled,gPINN-sub.,gpinn_subsampled,2026,status,results/raw/runs/1d_euler/gpinn_subsampled/seed_2026/status.json,1d_euler/gpinn_subsampled/seed_2026/status.json,ad07e7af91bbb59264f889cc7b84f23621ac452ac10c974ca484f237c10e6fde,104
1d_euler,gPINN-subsampled,gPINN-sub.,gpinn_subsampled,2026,success_marker,results/raw/runs/1d_euler/gpinn_subsampled/seed_2026/_SUCCESS,1d_euler/gpinn_subsampled/seed_2026/_SUCCESS,81b2bd4ea98c8db66554fbc8d7637a1a69a130f331feb732b75caab4c4868fd5,8
1d_euler,gPINN-subsampled,gPINN-sub.,gpinn_subsampled,31415,checkpoint,results/raw/runs/1d_euler/gpinn_subsampled/seed_31415/model_final.pt,1d_euler/gpinn_subsampled/seed_31415/model_final.pt,7374a1d02822c59f5fd981b045734e3657c8b15e0656524a883782792652d0ef,340859
1d_euler,gPINN-subsampled,gPINN-sub.,gpinn_subsampled,31415,checkpoint_adamw,results/raw/runs/1d_euler/gpinn_subsampled/seed_31415/model_adamw_final.pt,1d_euler/gpinn_subsampled/seed_31415/model_adamw_final.pt,661a4169d7daa10c61bdd06f670d6f0ac13cd5c70fbda197835503fc5e15b338,340955
1d_euler,gPINN-subsampled,gPINN-sub.,gpinn_subsampled,31415,config,results/raw/runs/1d_euler/gpinn_subsampled/seed_31415/config.json,1d_euler/gpinn_subsampled/seed_31415/config.json,3f22defb346ebcba8b6afac24b952025376d5580631284fcb70e28fde7fbbf43,1248
1d_euler,gPINN-subsampled,gPINN-sub.,gpinn_subsampled,31415,environment,results/raw/runs/1d_euler/gpinn_subsampled/seed_31415/env.json,1d_euler/gpinn_subsampled/seed_31415/env.json,3ea9611b4a501b9d8258401458ea7fbd12107e673f8ddeac71518e0ffecb3269,244
1d_euler,gPINN-subsampled,gPINN-sub.,gpinn_subsampled,31415,method,results/raw/runs/1d_euler/gpinn_subsampled/seed_31415/method.json,1d_euler/gpinn_subsampled/seed_31415/method.json,a9943874dda444ac49a2fe0f214193fc761a7076b054e3b2fb803e61738b1ff3,488
1d_euler,gPINN-subsampled,gPINN-sub.,gpinn_subsampled,31415,metrics,results/raw/runs/1d_euler/gpinn_subsampled/seed_31415/metrics_final.json,1d_euler/gpinn_subsampled/seed_31415/metrics_final.json,729d56e60a5bc0b3b9bc76d06aca24d9d8a7e297ee7a053b1f916f9cd936319d,3904
1d_euler,gPINN-subsampled,gPINN-sub.,gpinn_subsampled,31415,status,results/raw/runs/1d_euler/gpinn_subsampled/seed_31415/status.json,1d_euler/gpinn_subsampled/seed_31415/status.json,a01afd05fd54b52daeb96df2485934665fa9bea4db60b8ff5c8110dc18aaef33,104
1d_euler,gPINN-subsampled,gPINN-sub.,gpinn_subsampled,31415,success_marker,results/raw/runs/1d_euler/gpinn_subsampled/seed_31415/_SUCCESS,1d_euler/gpinn_subsampled/seed_31415/_SUCCESS,81b2bd4ea98c8db66554fbc8d7637a1a69a130f331feb732b75caab4c4868fd5,8
1d_shallowwater,AAF-PINN,AAF-PINN,aaf_pinn,7,checkpoint,results/raw/runs/1d_shallowwater/aaf_pinn/seed_7/model_final.pt,1d_shallowwater/aaf_pinn/seed_7/model_final.pt,5db5342747b7e08aca8e59bbe4e0a3971891c45a79266d66c923585827258aaa,340463
1d_shallowwater,AAF-PINN,AAF-PINN,aaf_pinn,7,checkpoint_adamw,results/raw/runs/1d_shallowwater/aaf_pinn/seed_7/model_adamw_final.pt,1d_shallowwater/aaf_pinn/seed_7/model_adamw_final.pt,135ffe5b46bac83e1a8c0d22acad2f668678858688a0778b398ab9a607240789,340629
1d_shallowwater,AAF-PINN,AAF-PINN,aaf_pinn,7,config,results/raw/runs/1d_shallowwater/aaf_pinn/seed_7/config.json,1d_shallowwater/aaf_pinn/seed_7/config.json,b8c85c67dcf3f03692ebe6810b816748bf2592406db13f503b50b82734df8d41,1221
1d_shallowwater,AAF-PINN,AAF-PINN,aaf_pinn,7,environment,results/raw/runs/1d_shallowwater/aaf_pinn/seed_7/env.json,1d_shallowwater/aaf_pinn/seed_7/env.json,3ea9611b4a501b9d8258401458ea7fbd12107e673f8ddeac71518e0ffecb3269,244
1d_shallowwater,AAF-PINN,AAF-PINN,aaf_pinn,7,method,results/raw/runs/1d_shallowwater/aaf_pinn/seed_7/method.json,1d_shallowwater/aaf_pinn/seed_7/method.json,bbc1fade3e79c7bd5357e9a0399a893ccd525e3f7fa125a1f6a9b95007c5983c,528
1d_shallowwater,AAF-PINN,AAF-PINN,aaf_pinn,7,metrics,results/raw/runs/1d_shallowwater/aaf_pinn/seed_7/metrics_final.json,1d_shallowwater/aaf_pinn/seed_7/metrics_final.json,12f5fba10300633904a99f86abcdae8a91fd836cdbb47526e616588cd42d6270,3711
1d_shallowwater,AAF-PINN,AAF-PINN,aaf_pinn,7,status,results/raw/runs/1d_shallowwater/aaf_pinn/seed_7/status.json,1d_shallowwater/aaf_pinn/seed_7/status.json,fd0568be8f7275823f080855015b155913a92ebc3a69e9caa222b58d8ff4551c,104
1d_shallowwater,AAF-PINN,AAF-PINN,aaf_pinn,7,success_marker,results/raw/runs/1d_shallowwater/aaf_pinn/seed_7/_SUCCESS,1d_shallowwater/aaf_pinn/seed_7/_SUCCESS,81b2bd4ea98c8db66554fbc8d7637a1a69a130f331feb732b75caab4c4868fd5,8
1d_shallowwater,AAF-PINN,AAF-PINN,aaf_pinn,42,checkpoint,results/raw/runs/1d_shallowwater/aaf_pinn/seed_42/model_final.pt,1d_shallowwater/aaf_pinn/seed_42/model_final.pt,ed95f5cd7f2ea3da503e4a8d24659f5edbfdfd3c239532bbf504f692d900e14b,340463
1d_shallowwater,AAF-PINN,AAF-PINN,aaf_pinn,42,checkpoint_adamw,results/raw/runs/1d_shallowwater/aaf_pinn/seed_42/model_adamw_final.pt,1d_shallowwater/aaf_pinn/seed_42/model_adamw_final.pt,8879705de1e2c27d1afb0714436594a1d4ebcb4142a5eab581f2d481dd5a290c,340629
1d_shallowwater,AAF-PINN,AAF-PINN,aaf_pinn,42,config,results/raw/runs/1d_shallowwater/aaf_pinn/seed_42/config.json,1d_shallowwater/aaf_pinn/seed_42/config.json,f7f54e62e96cf7872492253343ba3a742a2e6249c18522d4858966beb50f828a,1223
1d_shallowwater,AAF-PINN,AAF-PINN,aaf_pinn,42,environment,results/raw/runs/1d_shallowwater/aaf_pinn/seed_42/env.json,1d_shallowwater/aaf_pinn/seed_42/env.json,3ea9611b4a501b9d8258401458ea7fbd12107e673f8ddeac71518e0ffecb3269,244
1d_shallowwater,AAF-PINN,AAF-PINN,aaf_pinn,42,method,results/raw/runs/1d_shallowwater/aaf_pinn/seed_42/method.json,1d_shallowwater/aaf_pinn/seed_42/method.json,bbc1fade3e79c7bd5357e9a0399a893ccd525e3f7fa125a1f6a9b95007c5983c,528
1d_shallowwater,AAF-PINN,AAF-PINN,aaf_pinn,42,metrics,results/raw/runs/1d_shallowwater/aaf_pinn/seed_42/metrics_final.json,1d_shallowwater/aaf_pinn/seed_42/metrics_final.json,45fae03867984725e7891d334eef6ded6f12eae32e946d2c85208d00b255d9d3,3731
1d_shallowwater,AAF-PINN,AAF-PINN,aaf_pinn,42,status,results/raw/runs/1d_shallowwater/aaf_pinn/seed_42/status.json,1d_shallowwater/aaf_pinn/seed_42/status.json,84acc8d9b68716c16c379f81f69647c10280748f98231aea491e3ade44632cba,102
1d_shallowwater,AAF-PINN,AAF-PINN,aaf_pinn,42,success_marker,results/raw/runs/1d_shallowwater/aaf_pinn/seed_42/_SUCCESS,1d_shallowwater/aaf_pinn/seed_42/_SUCCESS,81b2bd4ea98c8db66554fbc8d7637a1a69a130f331feb732b75caab4c4868fd5,8
1d_shallowwater,AAF-PINN,AAF-PINN,aaf_pinn,100,checkpoint,results/raw/runs/1d_shallowwater/aaf_pinn/seed_100/model_final.pt,1d_shallowwater/aaf_pinn/seed_100/model_final.pt,ebd11ad9040dc360dd6bb0b78ae16da77edc6d383ba68c14a2693fab30f752d2,340463
1d_shallowwater,AAF-PINN,AAF-PINN,aaf_pinn,100,checkpoint_adamw,results/raw/runs/1d_shallowwater/aaf_pinn/seed_100/model_adamw_final.pt,1d_shallowwater/aaf_pinn/seed_100/model_adamw_final.pt,80f51bef855e9815b361758136ac35a26cac422b1bff3a75665fe4692a52bd72,340629
1d_shallowwater,AAF-PINN,AAF-PINN,aaf_pinn,100,config,results/raw/runs/1d_shallowwater/aaf_pinn/seed_100/config.json,1d_shallowwater/aaf_pinn/seed_100/config.json,abee584b7e7f4262aec68d89eaad43fce2982ac628e081894d29cbead51cc972,1225
1d_shallowwater,AAF-PINN,AAF-PINN,aaf_pinn,100,environment,results/raw/runs/1d_shallowwater/aaf_pinn/seed_100/env.json,1d_shallowwater/aaf_pinn/seed_100/env.json,3ea9611b4a501b9d8258401458ea7fbd12107e673f8ddeac71518e0ffecb3269,244
1d_shallowwater,AAF-PINN,AAF-PINN,aaf_pinn,100,method,results/raw/runs/1d_shallowwater/aaf_pinn/seed_100/method.json,1d_shallowwater/aaf_pinn/seed_100/method.json,bbc1fade3e79c7bd5357e9a0399a893ccd525e3f7fa125a1f6a9b95007c5983c,528
1d_shallowwater,AAF-PINN,AAF-PINN,aaf_pinn,100,metrics,results/raw/runs/1d_shallowwater/aaf_pinn/seed_100/metrics_final.json,1d_shallowwater/aaf_pinn/seed_100/metrics_final.json,f3303907427ae5d32a26e377b760853a11175ca983a8465b86bc1615bb3af5f5,3729
1d_shallowwater,AAF-PINN,AAF-PINN,aaf_pinn,100,status,results/raw/runs/1d_shallowwater/aaf_pinn/seed_100/status.json,1d_shallowwater/aaf_pinn/seed_100/status.json,76635f04ed3eef952b741384745e7dd4b5d617b51e925f9bf75ae71715bff885,104
1d_shallowwater,AAF-PINN,AAF-PINN,aaf_pinn,100,success_marker,results/raw/runs/1d_shallowwater/aaf_pinn/seed_100/_SUCCESS,1d_shallowwater/aaf_pinn/seed_100/_SUCCESS,81b2bd4ea98c8db66554fbc8d7637a1a69a130f331feb732b75caab4c4868fd5,8
1d_shallowwater,AAF-PINN,AAF-PINN,aaf_pinn,2026,checkpoint,results/raw/runs/1d_shallowwater/aaf_pinn/seed_2026/model_final.pt,1d_shallowwater/aaf_pinn/seed_2026/model_final.pt,6fdcf7ffbeaa40f0b1d06e14ea0e487d6b47a8fe08af7f1f7fd95719c0e254ac,340463
1d_shallowwater,AAF-PINN,AAF-PINN,aaf_pinn,2026,checkpoint_adamw,results/raw/runs/1d_shallowwater/aaf_pinn/seed_2026/model_adamw_final.pt,1d_shallowwater/aaf_pinn/seed_2026/model_adamw_final.pt,3b24794b8c114ba19b4460bac2926ab0da570e2a7961084633badb1a2dc6a5c9,340629
1d_shallowwater,AAF-PINN,AAF-PINN,aaf_pinn,2026,config,results/raw/runs/1d_shallowwater/aaf_pinn/seed_2026/config.json,1d_shallowwater/aaf_pinn/seed_2026/config.json,92c1eff5dbc5d7d656728f6247f9376e65361b660c589c54cc3c7db2e4f173d3,1227
1d_shallowwater,AAF-PINN,AAF-PINN,aaf_pinn,2026,environment,results/raw/runs/1d_shallowwater/aaf_pinn/seed_2026/env.json,1d_shallowwater/aaf_pinn/seed_2026/env.json,3ea9611b4a501b9d8258401458ea7fbd12107e673f8ddeac71518e0ffecb3269,244
1d_shallowwater,AAF-PINN,AAF-PINN,aaf_pinn,2026,method,results/raw/runs/1d_shallowwater/aaf_pinn/seed_2026/method.json,1d_shallowwater/aaf_pinn/seed_2026/method.json,bbc1fade3e79c7bd5357e9a0399a893ccd525e3f7fa125a1f6a9b95007c5983c,528
1d_shallowwater,AAF-PINN,AAF-PINN,aaf_pinn,2026,metrics,results/raw/runs/1d_shallowwater/aaf_pinn/seed_2026/metrics_final.json,1d_shallowwater/aaf_pinn/seed_2026/metrics_final.json,1e6b836c7afda91150812d7ffba0a01bca65a4c045897e229b624dc3eb56fe40,3723
1d_shallowwater,AAF-PINN,AAF-PINN,aaf_pinn,2026,status,results/raw/runs/1d_shallowwater/aaf_pinn/seed_2026/status.json,1d_shallowwater/aaf_pinn/seed_2026/status.json,bc8790024c9b9835ef8709345a6bd47d2c3d47faeb33fc07008658cc6950622a,103
1d_shallowwater,AAF-PINN,AAF-PINN,aaf_pinn,2026,success_marker,results/raw/runs/1d_shallowwater/aaf_pinn/seed_2026/_SUCCESS,1d_shallowwater/aaf_pinn/seed_2026/_SUCCESS,81b2bd4ea98c8db66554fbc8d7637a1a69a130f331feb732b75caab4c4868fd5,8
1d_shallowwater,AAF-PINN,AAF-PINN,aaf_pinn,31415,checkpoint,results/raw/runs/1d_shallowwater/aaf_pinn/seed_31415/model_final.pt,1d_shallowwater/aaf_pinn/seed_31415/model_final.pt,2279ad13cc6e5958108bf4092ae44f9162773a02d51dc3890fbf3eea3a33b097,340463
1d_shallowwater,AAF-PINN,AAF-PINN,aaf_pinn,31415,checkpoint_adamw,results/raw/runs/1d_shallowwater/aaf_pinn/seed_31415/model_adamw_final.pt,1d_shallowwater/aaf_pinn/seed_31415/model_adamw_final.pt,71fb60d93b735562569550108f0d8a99e9c23e8aae76c3cb61eac7407e6c1adf,340629
1d_shallowwater,AAF-PINN,AAF-PINN,aaf_pinn,31415,config,results/raw/runs/1d_shallowwater/aaf_pinn/seed_31415/config.json,1d_shallowwater/aaf_pinn/seed_31415/config.json,449cdc982cd316556779027d69840a90123de9c30e1e55eb2de086ec11d94576,1229
1d_shallowwater,AAF-PINN,AAF-PINN,aaf_pinn,31415,environment,results/raw/runs/1d_shallowwater/aaf_pinn/seed_31415/env.json,1d_shallowwater/aaf_pinn/seed_31415/env.json,3ea9611b4a501b9d8258401458ea7fbd12107e673f8ddeac71518e0ffecb3269,244
1d_shallowwater,AAF-PINN,AAF-PINN,aaf_pinn,31415,method,results/raw/runs/1d_shallowwater/aaf_pinn/seed_31415/method.json,1d_shallowwater/aaf_pinn/seed_31415/method.json,bbc1fade3e79c7bd5357e9a0399a893ccd525e3f7fa125a1f6a9b95007c5983c,528
1d_shallowwater,AAF-PINN,AAF-PINN,aaf_pinn,31415,metrics,results/raw/runs/1d_shallowwater/aaf_pinn/seed_31415/metrics_final.json,1d_shallowwater/aaf_pinn/seed_31415/metrics_final.json,d1924cdee26d4e315ac6f09187dc0e58d62733bfea7c0c3e527481bb9a766139,3711
1d_shallowwater,AAF-PINN,AAF-PINN,aaf_pinn,31415,status,results/raw/runs/1d_shallowwater/aaf_pinn/seed_31415/status.json,1d_shallowwater/aaf_pinn/seed_31415/status.json,6dd1dc34f13b306961c61b24ce29180bd6bf3fe40d9d1dfa423b7aacef19992d,104
1d_shallowwater,AAF-PINN,AAF-PINN,aaf_pinn,31415,success_marker,results/raw/runs/1d_shallowwater/aaf_pinn/seed_31415/_SUCCESS,1d_shallowwater/aaf_pinn/seed_31415/_SUCCESS,81b2bd4ea98c8db66554fbc8d7637a1a69a130f331feb732b75caab4c4868fd5,8
1d_shallowwater,LRA-PINN,LRA-PINN,lra_pinn,7,checkpoint,results/raw/runs/1d_shallowwater/lra_pinn/seed_7/model_final.pt,1d_shallowwater/lra_pinn/seed_7/model_final.pt,bf461b6803e46ee57913368fd5ffb6d2913acc1f86c489163bc4c18dbd09309a,340267
1d_shallowwater,LRA-PINN,LRA-PINN,lra_pinn,7,checkpoint_adamw,results/raw/runs/1d_shallowwater/lra_pinn/seed_7/model_adamw_final.pt,1d_shallowwater/lra_pinn/seed_7/model_adamw_final.pt,59851f2f360ed40e4bc1425d63fdd0027333423b843e12be6d7ff3880bf394b8,340363
1d_shallowwater,LRA-PINN,LRA-PINN,lra_pinn,7,config,results/raw/runs/1d_shallowwater/lra_pinn/seed_7/config.json,1d_shallowwater/lra_pinn/seed_7/config.json,46ed09cc88a4186965f871fdc277475fdc6722f692a578bc560c62e8267c7557,1221
1d_shallowwater,LRA-PINN,LRA-PINN,lra_pinn,7,environment,results/raw/runs/1d_shallowwater/lra_pinn/seed_7/env.json,1d_shallowwater/lra_pinn/seed_7/env.json,3ea9611b4a501b9d8258401458ea7fbd12107e673f8ddeac71518e0ffecb3269,244
1d_shallowwater,LRA-PINN,LRA-PINN,lra_pinn,7,method,results/raw/runs/1d_shallowwater/lra_pinn/seed_7/method.json,1d_shallowwater/lra_pinn/seed_7/method.json,ef607cf9703e5f4461366e1c6842e839179b9a8c117b4e2b56f24ce0f650e527,459
1d_shallowwater,LRA-PINN,LRA-PINN,lra_pinn,7,metrics,results/raw/runs/1d_shallowwater/lra_pinn/seed_7/metrics_final.json,1d_shallowwater/lra_pinn/seed_7/metrics_final.json,2f7b8f55c2a29ae2c5b0ace33df7963d725b804e4ee00d6f1e833c63e0c456ed,3752
1d_shallowwater,LRA-PINN,LRA-PINN,lra_pinn,7,status,results/raw/runs/1d_shallowwater/lra_pinn/seed_7/status.json,1d_shallowwater/lra_pinn/seed_7/status.json,c8307e3c3c74643bb7473da6ebc13efa62199f881459f3559906360b6aaa4816,103
1d_shallowwater,LRA-PINN,LRA-PINN,lra_pinn,7,success_marker,results/raw/runs/1d_shallowwater/lra_pinn/seed_7/_SUCCESS,1d_shallowwater/lra_pinn/seed_7/_SUCCESS,81b2bd4ea98c8db66554fbc8d7637a1a69a130f331feb732b75caab4c4868fd5,8
1d_shallowwater,LRA-PINN,LRA-PINN,lra_pinn,42,checkpoint,results/raw/runs/1d_shallowwater/lra_pinn/seed_42/model_final.pt,1d_shallowwater/lra_pinn/seed_42/model_final.pt,c857124196943b05b43d766eb558a6e07dc22b894c80793eb3b403fc540314aa,340267
1d_shallowwater,LRA-PINN,LRA-PINN,lra_pinn,42,checkpoint_adamw,results/raw/runs/1d_shallowwater/lra_pinn/seed_42/model_adamw_final.pt,1d_shallowwater/lra_pinn/seed_42/model_adamw_final.pt,6b9bd1489dc98438f9e10a5cfc41c1af867d2f14015782faa34f62ab7d5cead0,340363
1d_shallowwater,LRA-PINN,LRA-PINN,lra_pinn,42,config,results/raw/runs/1d_shallowwater/lra_pinn/seed_42/config.json,1d_shallowwater/lra_pinn/seed_42/config.json,41b6fa5d9b4d237a9538b0b214f4cae21f2a9106ec2af1539eb7691f37fe87e3,1223
1d_shallowwater,LRA-PINN,LRA-PINN,lra_pinn,42,environment,results/raw/runs/1d_shallowwater/lra_pinn/seed_42/env.json,1d_shallowwater/lra_pinn/seed_42/env.json,3ea9611b4a501b9d8258401458ea7fbd12107e673f8ddeac71518e0ffecb3269,244
1d_shallowwater,LRA-PINN,LRA-PINN,lra_pinn,42,method,results/raw/runs/1d_shallowwater/lra_pinn/seed_42/method.json,1d_shallowwater/lra_pinn/seed_42/method.json,ef607cf9703e5f4461366e1c6842e839179b9a8c117b4e2b56f24ce0f650e527,459
1d_shallowwater,LRA-PINN,LRA-PINN,lra_pinn,42,metrics,results/raw/runs/1d_shallowwater/lra_pinn/seed_42/metrics_final.json,1d_shallowwater/lra_pinn/seed_42/metrics_final.json,9d74f9e06f0fc80bcb1bfcd31df65d7246a86545a9e22eda0094bf1484e1cd6e,3695
1d_shallowwater,LRA-PINN,LRA-PINN,lra_pinn,42,status,results/raw/runs/1d_shallowwater/lra_pinn/seed_42/status.json,1d_shallowwater/lra_pinn/seed_42/status.json,a03c04fda4107b12e363dda55a03bf357260a46447398d996f44fe291cad072a,103
1d_shallowwater,LRA-PINN,LRA-PINN,lra_pinn,42,success_marker,results/raw/runs/1d_shallowwater/lra_pinn/seed_42/_SUCCESS,1d_shallowwater/lra_pinn/seed_42/_SUCCESS,81b2bd4ea98c8db66554fbc8d7637a1a69a130f331feb732b75caab4c4868fd5,8
1d_shallowwater,LRA-PINN,LRA-PINN,lra_pinn,100,checkpoint,results/raw/runs/1d_shallowwater/lra_pinn/seed_100/model_final.pt,1d_shallowwater/lra_pinn/seed_100/model_final.pt,5a2ec3b6c862ca713477f3df78c29b75ed51afecc2dfb938a79e96538169333f,340267
1d_shallowwater,LRA-PINN,LRA-PINN,lra_pinn,100,checkpoint_adamw,results/raw/runs/1d_shallowwater/lra_pinn/seed_100/model_adamw_final.pt,1d_shallowwater/lra_pinn/seed_100/model_adamw_final.pt,5066886a6a17a8326c51397693eff6a83da5147375836c4a9746d00467ad99dd,340363
1d_shallowwater,LRA-PINN,LRA-PINN,lra_pinn,100,config,results/raw/runs/1d_shallowwater/lra_pinn/seed_100/config.json,1d_shallowwater/lra_pinn/seed_100/config.json,43d04ab27da1a62c6a31ea444fe525a69142036d2ea5294f998dd6f94da54a0c,1225
1d_shallowwater,LRA-PINN,LRA-PINN,lra_pinn,100,environment,results/raw/runs/1d_shallowwater/lra_pinn/seed_100/env.json,1d_shallowwater/lra_pinn/seed_100/env.json,3ea9611b4a501b9d8258401458ea7fbd12107e673f8ddeac71518e0ffecb3269,244
1d_shallowwater,LRA-PINN,LRA-PINN,lra_pinn,100,method,results/raw/runs/1d_shallowwater/lra_pinn/seed_100/method.json,1d_shallowwater/lra_pinn/seed_100/method.json,ef607cf9703e5f4461366e1c6842e839179b9a8c117b4e2b56f24ce0f650e527,459
1d_shallowwater,LRA-PINN,LRA-PINN,lra_pinn,100,metrics,results/raw/runs/1d_shallowwater/lra_pinn/seed_100/metrics_final.json,1d_shallowwater/lra_pinn/seed_100/metrics_final.json,9496a13edf4069d812a1fb3567df98f4aaae85e31dabeca92c01b3d1c63ba468,3726
1d_shallowwater,LRA-PINN,LRA-PINN,lra_pinn,100,status,results/raw/runs/1d_shallowwater/lra_pinn/seed_100/status.json,1d_shallowwater/lra_pinn/seed_100/status.json,8a6fd9aa349159da8a9ce87df623a4fd6c6f6ad92014e816df1074d405ff1bd4,103
1d_shallowwater,LRA-PINN,LRA-PINN,lra_pinn,100,success_marker,results/raw/runs/1d_shallowwater/lra_pinn/seed_100/_SUCCESS,1d_shallowwater/lra_pinn/seed_100/_SUCCESS,81b2bd4ea98c8db66554fbc8d7637a1a69a130f331feb732b75caab4c4868fd5,8
1d_shallowwater,LRA-PINN,LRA-PINN,lra_pinn,2026,checkpoint,results/raw/runs/1d_shallowwater/lra_pinn/seed_2026/model_final.pt,1d_shallowwater/lra_pinn/seed_2026/model_final.pt,7cb851e1010cc8f3f358d33e1ece808e4c751da0ad1ecf37d1a19ce9c2242a21,340267
1d_shallowwater,LRA-PINN,LRA-PINN,lra_pinn,2026,checkpoint_adamw,results/raw/runs/1d_shallowwater/lra_pinn/seed_2026/model_adamw_final.pt,1d_shallowwater/lra_pinn/seed_2026/model_adamw_final.pt,e3e8600297eec9d56a5f8cecc084232bf0b60127ea5e4d1f5d603dbc81f16088,340363
1d_shallowwater,LRA-PINN,LRA-PINN,lra_pinn,2026,config,results/raw/runs/1d_shallowwater/lra_pinn/seed_2026/config.json,1d_shallowwater/lra_pinn/seed_2026/config.json,e5afb032377c024c22853ef9d5dc1d7942f6327a1a6263a272d0592077e1c166,1227
1d_shallowwater,LRA-PINN,LRA-PINN,lra_pinn,2026,environment,results/raw/runs/1d_shallowwater/lra_pinn/seed_2026/env.json,1d_shallowwater/lra_pinn/seed_2026/env.json,3ea9611b4a501b9d8258401458ea7fbd12107e673f8ddeac71518e0ffecb3269,244
1d_shallowwater,LRA-PINN,LRA-PINN,lra_pinn,2026,method,results/raw/runs/1d_shallowwater/lra_pinn/seed_2026/method.json,1d_shallowwater/lra_pinn/seed_2026/method.json,ef607cf9703e5f4461366e1c6842e839179b9a8c117b4e2b56f24ce0f650e527,459
1d_shallowwater,LRA-PINN,LRA-PINN,lra_pinn,2026,metrics,results/raw/runs/1d_shallowwater/lra_pinn/seed_2026/metrics_final.json,1d_shallowwater/lra_pinn/seed_2026/metrics_final.json,331ff5bb95387c0ee0b6427427440f4f2458770bdd0eec386700ae59109aa874,3745
1d_shallowwater,LRA-PINN,LRA-PINN,lra_pinn,2026,status,results/raw/runs/1d_shallowwater/lra_pinn/seed_2026/status.json,1d_shallowwater/lra_pinn/seed_2026/status.json,7c6a47bbc397ca8c72f716a0b852d34aa4f46a6abe1ff98c1adfd9223e002465,104
1d_shallowwater,LRA-PINN,LRA-PINN,lra_pinn,2026,success_marker,results/raw/runs/1d_shallowwater/lra_pinn/seed_2026/_SUCCESS,1d_shallowwater/lra_pinn/seed_2026/_SUCCESS,81b2bd4ea98c8db66554fbc8d7637a1a69a130f331feb732b75caab4c4868fd5,8
1d_shallowwater,LRA-PINN,LRA-PINN,lra_pinn,31415,checkpoint,results/raw/runs/1d_shallowwater/lra_pinn/seed_31415/model_final.pt,1d_shallowwater/lra_pinn/seed_31415/model_final.pt,48d40d4689b935caf5103fe3aa1385648d012c54c2324371e9c2726a28842751,340267
1d_shallowwater,LRA-PINN,LRA-PINN,lra_pinn,31415,checkpoint_adamw,results/raw/runs/1d_shallowwater/lra_pinn/seed_31415/model_adamw_final.pt,1d_shallowwater/lra_pinn/seed_31415/model_adamw_final.pt,43a5c979d631daec843b1e10d1d054c7abe23064271f7b424e525cb5bba974f1,340363
1d_shallowwater,LRA-PINN,LRA-PINN,lra_pinn,31415,config,results/raw/runs/1d_shallowwater/lra_pinn/seed_31415/config.json,1d_shallowwater/lra_pinn/seed_31415/config.json,4cbd2c6b1413ffe46453a0f228d29017eb2a6c9d5b435ee6a5ec57bc89067001,1229
1d_shallowwater,LRA-PINN,LRA-PINN,lra_pinn,31415,environment,results/raw/runs/1d_shallowwater/lra_pinn/seed_31415/env.json,1d_shallowwater/lra_pinn/seed_31415/env.json,3ea9611b4a501b9d8258401458ea7fbd12107e673f8ddeac71518e0ffecb3269,244
1d_shallowwater,LRA-PINN,LRA-PINN,lra_pinn,31415,method,results/raw/runs/1d_shallowwater/lra_pinn/seed_31415/method.json,1d_shallowwater/lra_pinn/seed_31415/method.json,ef607cf9703e5f4461366e1c6842e839179b9a8c117b4e2b56f24ce0f650e527,459
1d_shallowwater,LRA-PINN,LRA-PINN,lra_pinn,31415,metrics,results/raw/runs/1d_shallowwater/lra_pinn/seed_31415/metrics_final.json,1d_shallowwater/lra_pinn/seed_31415/metrics_final.json,32f592648de4b95f4844009f878ad2bbf1129ddc301d6a2a41993ace6147b9e6,3756
1d_shallowwater,LRA-PINN,LRA-PINN,lra_pinn,31415,status,results/raw/runs/1d_shallowwater/lra_pinn/seed_31415/status.json,1d_shallowwater/lra_pinn/seed_31415/status.json,d19333d489aa6827aa00bb7f35f6dc96cfbdb80dbc2a5e95cf40d397b6879079,104
1d_shallowwater,LRA-PINN,LRA-PINN,lra_pinn,31415,success_marker,results/raw/runs/1d_shallowwater/lra_pinn/seed_31415/_SUCCESS,1d_shallowwater/lra_pinn/seed_31415/_SUCCESS,81b2bd4ea98c8db66554fbc8d7637a1a69a130f331feb732b75caab4c4868fd5,8
1d_shallowwater,RAD-PINN,RAD-PINN,rad_pinn,7,checkpoint,results/raw/runs/1d_shallowwater/rad_pinn/seed_7/model_final.pt,1d_shallowwater/rad_pinn/seed_7/model_final.pt,26833963cb52a790e88dc0603b3c03065445d7beab87fbaeb1c53ec9aa326fa6,340203
1d_shallowwater,RAD-PINN,RAD-PINN,rad_pinn,7,checkpoint_adamw,results/raw/runs/1d_shallowwater/rad_pinn/seed_7/model_adamw_final.pt,1d_shallowwater/rad_pinn/seed_7/model_adamw_final.pt,6ee68879fd2ff179e6e9f8f4793ce85f2a9f080681bb1f3839de409af6e0ac9a,340299
1d_shallowwater,RAD-PINN,RAD-PINN,rad_pinn,7,config,results/raw/runs/1d_shallowwater/rad_pinn/seed_7/config.json,1d_shallowwater/rad_pinn/seed_7/config.json,3f78e549263e02f9e59b7904b45eaa500f6a1eb045ac2e6c9355e23bae7379ce,1221
1d_shallowwater,RAD-PINN,RAD-PINN,rad_pinn,7,environment,results/raw/runs/1d_shallowwater/rad_pinn/seed_7/env.json,1d_shallowwater/rad_pinn/seed_7/env.json,3ea9611b4a501b9d8258401458ea7fbd12107e673f8ddeac71518e0ffecb3269,244
1d_shallowwater,RAD-PINN,RAD-PINN,rad_pinn,7,method,results/raw/runs/1d_shallowwater/rad_pinn/seed_7/method.json,1d_shallowwater/rad_pinn/seed_7/method.json,b264fb1823286d73901db3e5369352d208a830abf489b3000a9eb99c7e4b4015,413
1d_shallowwater,RAD-PINN,RAD-PINN,rad_pinn,7,metrics,results/raw/runs/1d_shallowwater/rad_pinn/seed_7/metrics_final.json,1d_shallowwater/rad_pinn/seed_7/metrics_final.json,0ade11fca3ea1befb1236a6228923f82b24a59b1bcf770ba0b4c840ffe545564,3631
1d_shallowwater,RAD-PINN,RAD-PINN,rad_pinn,7,status,results/raw/runs/1d_shallowwater/rad_pinn/seed_7/status.json,1d_shallowwater/rad_pinn/seed_7/status.json,6deb347f39e901cd03a4d7d8631f374bfc3cf0aa925f6ce539239874e330a513,104
1d_shallowwater,RAD-PINN,RAD-PINN,rad_pinn,7,success_marker,results/raw/runs/1d_shallowwater/rad_pinn/seed_7/_SUCCESS,1d_shallowwater/rad_pinn/seed_7/_SUCCESS,81b2bd4ea98c8db66554fbc8d7637a1a69a130f331feb732b75caab4c4868fd5,8
1d_shallowwater,RAD-PINN,RAD-PINN,rad_pinn,42,checkpoint,results/raw/runs/1d_shallowwater/rad_pinn/seed_42/model_final.pt,1d_shallowwater/rad_pinn/seed_42/model_final.pt,7e077c074c7682dd5b2a22d505fa6e05c6e1a63837a311daba656fa2b75d4bef,340203
1d_shallowwater,RAD-PINN,RAD-PINN,rad_pinn,42,checkpoint_adamw,results/raw/runs/1d_shallowwater/rad_pinn/seed_42/model_adamw_final.pt,1d_shallowwater/rad_pinn/seed_42/model_adamw_final.pt,0567a4356493a2b843804f52a950c50d612597a83eb4b766cc15365d0ce9f8ee,340299
1d_shallowwater,RAD-PINN,RAD-PINN,rad_pinn,42,config,results/raw/runs/1d_shallowwater/rad_pinn/seed_42/config.json,1d_shallowwater/rad_pinn/seed_42/config.json,fd1bc85e4e4c5b97a506e907a37a0a1a08e6c841fd39af3e10338dce725972e0,1223
1d_shallowwater,RAD-PINN,RAD-PINN,rad_pinn,42,environment,results/raw/runs/1d_shallowwater/rad_pinn/seed_42/env.json,1d_shallowwater/rad_pinn/seed_42/env.json,3ea9611b4a501b9d8258401458ea7fbd12107e673f8ddeac71518e0ffecb3269,244
1d_shallowwater,RAD-PINN,RAD-PINN,rad_pinn,42,method,results/raw/runs/1d_shallowwater/rad_pinn/seed_42/method.json,1d_shallowwater/rad_pinn/seed_42/method.json,b264fb1823286d73901db3e5369352d208a830abf489b3000a9eb99c7e4b4015,413
1d_shallowwater,RAD-PINN,RAD-PINN,rad_pinn,42,metrics,results/raw/runs/1d_shallowwater/rad_pinn/seed_42/metrics_final.json,1d_shallowwater/rad_pinn/seed_42/metrics_final.json,3fa6f8c619466d018a858b775762588c7262202711b8d389d167220966d636b9,3646
1d_shallowwater,RAD-PINN,RAD-PINN,rad_pinn,42,status,results/raw/runs/1d_shallowwater/rad_pinn/seed_42/status.json,1d_shallowwater/rad_pinn/seed_42/status.json,f186772dacf2df197386ebe0f5cf3f2f0192b597aad72c658a8866978e47d39b,103
1d_shallowwater,RAD-PINN,RAD-PINN,rad_pinn,42,success_marker,results/raw/runs/1d_shallowwater/rad_pinn/seed_42/_SUCCESS,1d_shallowwater/rad_pinn/seed_42/_SUCCESS,81b2bd4ea98c8db66554fbc8d7637a1a69a130f331feb732b75caab4c4868fd5,8
1d_shallowwater,RAD-PINN,RAD-PINN,rad_pinn,100,checkpoint,results/raw/runs/1d_shallowwater/rad_pinn/seed_100/model_final.pt,1d_shallowwater/rad_pinn/seed_100/model_final.pt,857ed26d96512bc01afe736a61e6054837485727e788e194c0281f4457718d27,340203
1d_shallowwater,RAD-PINN,RAD-PINN,rad_pinn,100,checkpoint_adamw,results/raw/runs/1d_shallowwater/rad_pinn/seed_100/model_adamw_final.pt,1d_shallowwater/rad_pinn/seed_100/model_adamw_final.pt,fe1328573a18a553cf940d167df438ddf9bf97e36e67db70a372160c98441ceb,340299
1d_shallowwater,RAD-PINN,RAD-PINN,rad_pinn,100,config,results/raw/runs/1d_shallowwater/rad_pinn/seed_100/config.json,1d_shallowwater/rad_pinn/seed_100/config.json,37b8779eedc11448cbc5f4218edf78b0cddc86585cd148b7990288e72bc9bf45,1225
1d_shallowwater,RAD-PINN,RAD-PINN,rad_pinn,100,environment,results/raw/runs/1d_shallowwater/rad_pinn/seed_100/env.json,1d_shallowwater/rad_pinn/seed_100/env.json,3ea9611b4a501b9d8258401458ea7fbd12107e673f8ddeac71518e0ffecb3269,244
1d_shallowwater,RAD-PINN,RAD-PINN,rad_pinn,100,method,results/raw/runs/1d_shallowwater/rad_pinn/seed_100/method.json,1d_shallowwater/rad_pinn/seed_100/method.json,b264fb1823286d73901db3e5369352d208a830abf489b3000a9eb99c7e4b4015,413
1d_shallowwater,RAD-PINN,RAD-PINN,rad_pinn,100,metrics,results/raw/runs/1d_shallowwater/rad_pinn/seed_100/metrics_final.json,1d_shallowwater/rad_pinn/seed_100/metrics_final.json,302965ce152f6acc0220070a2cdd3fcaa088b0505edd610224b7cd126f11f979,3656
1d_shallowwater,RAD-PINN,RAD-PINN,rad_pinn,100,status,results/raw/runs/1d_shallowwater/rad_pinn/seed_100/status.json,1d_shallowwater/rad_pinn/seed_100/status.json,e88612605ed8d65e82ce5999da2b9598200536111170f42b2e8fa9f416dcf25c,104
1d_shallowwater,RAD-PINN,RAD-PINN,rad_pinn,100,success_marker,results/raw/runs/1d_shallowwater/rad_pinn/seed_100/_SUCCESS,1d_shallowwater/rad_pinn/seed_100/_SUCCESS,81b2bd4ea98c8db66554fbc8d7637a1a69a130f331feb732b75caab4c4868fd5,8
1d_shallowwater,RAD-PINN,RAD-PINN,rad_pinn,2026,checkpoint,results/raw/runs/1d_shallowwater/rad_pinn/seed_2026/model_final.pt,1d_shallowwater/rad_pinn/seed_2026/model_final.pt,e23da9d957789bc79b603bb9a73cfa0bb420a32134782581995362376ef3a6ba,340203
1d_shallowwater,RAD-PINN,RAD-PINN,rad_pinn,2026,checkpoint_adamw,results/raw/runs/1d_shallowwater/rad_pinn/seed_2026/model_adamw_final.pt,1d_shallowwater/rad_pinn/seed_2026/model_adamw_final.pt,2f44e11447423d8a8cb82da0b606382c1e317f00629da0def17c8cdc14d8c9eb,340299
1d_shallowwater,RAD-PINN,RAD-PINN,rad_pinn,2026,config,results/raw/runs/1d_shallowwater/rad_pinn/seed_2026/config.json,1d_shallowwater/rad_pinn/seed_2026/config.json,4567595140d9cb42e66496eebc1eb33bf7b8687ae8107bc065ae2e0015da1246,1227
1d_shallowwater,RAD-PINN,RAD-PINN,rad_pinn,2026,environment,results/raw/runs/1d_shallowwater/rad_pinn/seed_2026/env.json,1d_shallowwater/rad_pinn/seed_2026/env.json,3ea9611b4a501b9d8258401458ea7fbd12107e673f8ddeac71518e0ffecb3269,244
1d_shallowwater,RAD-PINN,RAD-PINN,rad_pinn,2026,method,results/raw/runs/1d_shallowwater/rad_pinn/seed_2026/method.json,1d_shallowwater/rad_pinn/seed_2026/method.json,b264fb1823286d73901db3e5369352d208a830abf489b3000a9eb99c7e4b4015,413
1d_shallowwater,RAD-PINN,RAD-PINN,rad_pinn,2026,metrics,results/raw/runs/1d_shallowwater/rad_pinn/seed_2026/metrics_final.json,1d_shallowwater/rad_pinn/seed_2026/metrics_final.json,e471ea9f62144aa20e21b2f528103ae122ebae9f2290702589581a05be63969f,3648
1d_shallowwater,RAD-PINN,RAD-PINN,rad_pinn,2026,status,results/raw/runs/1d_shallowwater/rad_pinn/seed_2026/status.json,1d_shallowwater/rad_pinn/seed_2026/status.json,055152a310606c074b2d43e9203f70d3ac7a4b3b918457706484bee19677ee6d,103
1d_shallowwater,RAD-PINN,RAD-PINN,rad_pinn,2026,success_marker,results/raw/runs/1d_shallowwater/rad_pinn/seed_2026/_SUCCESS,1d_shallowwater/rad_pinn/seed_2026/_SUCCESS,81b2bd4ea98c8db66554fbc8d7637a1a69a130f331feb732b75caab4c4868fd5,8
1d_shallowwater,RAD-PINN,RAD-PINN,rad_pinn,31415,checkpoint,results/raw/runs/1d_shallowwater/rad_pinn/seed_31415/model_final.pt,1d_shallowwater/rad_pinn/seed_31415/model_final.pt,b2ea16d1abdab1418a0c3b7be0057714cba340750f129c3150553de6fbbd79d3,340203
1d_shallowwater,RAD-PINN,RAD-PINN,rad_pinn,31415,checkpoint_adamw,results/raw/runs/1d_shallowwater/rad_pinn/seed_31415/model_adamw_final.pt,1d_shallowwater/rad_pinn/seed_31415/model_adamw_final.pt,c031c1eb759ae3626ba5cab64f1e7e88c855af6f5a850a03127b1e7404d30979,340299
1d_shallowwater,RAD-PINN,RAD-PINN,rad_pinn,31415,config,results/raw/runs/1d_shallowwater/rad_pinn/seed_31415/config.json,1d_shallowwater/rad_pinn/seed_31415/config.json,41c792daab7d2834d6f1e1e5eff79c965f03f9bfd449df314f254ba5336676f1,1229
1d_shallowwater,RAD-PINN,RAD-PINN,rad_pinn,31415,environment,results/raw/runs/1d_shallowwater/rad_pinn/seed_31415/env.json,1d_shallowwater/rad_pinn/seed_31415/env.json,3ea9611b4a501b9d8258401458ea7fbd12107e673f8ddeac71518e0ffecb3269,244
1d_shallowwater,RAD-PINN,RAD-PINN,rad_pinn,31415,method,results/raw/runs/1d_shallowwater/rad_pinn/seed_31415/method.json,1d_shallowwater/rad_pinn/seed_31415/method.json,b264fb1823286d73901db3e5369352d208a830abf489b3000a9eb99c7e4b4015,413
1d_shallowwater,RAD-PINN,RAD-PINN,rad_pinn,31415,metrics,results/raw/runs/1d_shallowwater/rad_pinn/seed_31415/metrics_final.json,1d_shallowwater/rad_pinn/seed_31415/metrics_final.json,efc84df109d6e22aeb77d8024dc167aa17ca8af17949df2e499c2c88c64c1b33,3648
1d_shallowwater,RAD-PINN,RAD-PINN,rad_pinn,31415,status,results/raw/runs/1d_shallowwater/rad_pinn/seed_31415/status.json,1d_shallowwater/rad_pinn/seed_31415/status.json,bfdc86c4affae3950438b5dff5bff718fe788e6060759c987332d76a409bbbcd,103
1d_shallowwater,RAD-PINN,RAD-PINN,rad_pinn,31415,success_marker,results/raw/runs/1d_shallowwater/rad_pinn/seed_31415/_SUCCESS,1d_shallowwater/rad_pinn/seed_31415/_SUCCESS,81b2bd4ea98c8db66554fbc8d7637a1a69a130f331feb732b75caab4c4868fd5,8
1d_shallowwater,RAR-D-PINN,RAR-D-PINN,rar_d_pinn,7,checkpoint,results/raw/runs/1d_shallowwater/rar_d_pinn/seed_7/model_final.pt,1d_shallowwater/rar_d_pinn/seed_7/model_final.pt,086b1391cc166427e5420b42b4335e0cd109b3a55810e837809858dd96e24e00,340331
1d_shallowwater,RAR-D-PINN,RAR-D-PINN,rar_d_pinn,7,checkpoint_adamw,results/raw/runs/1d_shallowwater/rar_d_pinn/seed_7/model_adamw_final.pt,1d_shallowwater/rar_d_pinn/seed_7/model_adamw_final.pt,c7d76d2c4fea361735cf63093549ed9a6f877d809169f557c1f1046aba83ec08,340427
1d_shallowwater,RAR-D-PINN,RAR-D-PINN,rar_d_pinn,7,config,results/raw/runs/1d_shallowwater/rar_d_pinn/seed_7/config.json,1d_shallowwater/rar_d_pinn/seed_7/config.json,1fe8446364501d16ee9cc4f6d6701a5125c0a0bb5be87877d3922f1f60f0d51d,1223
1d_shallowwater,RAR-D-PINN,RAR-D-PINN,rar_d_pinn,7,environment,results/raw/runs/1d_shallowwater/rar_d_pinn/seed_7/env.json,1d_shallowwater/rar_d_pinn/seed_7/env.json,3ea9611b4a501b9d8258401458ea7fbd12107e673f8ddeac71518e0ffecb3269,244
1d_shallowwater,RAR-D-PINN,RAR-D-PINN,rar_d_pinn,7,method,results/raw/runs/1d_shallowwater/rar_d_pinn/seed_7/method.json,1d_shallowwater/rar_d_pinn/seed_7/method.json,db66091208a25b9510160e0662a019ddec0309a996682920a760cc4ab15fd8c1,380
1d_shallowwater,RAR-D-PINN,RAR-D-PINN,rar_d_pinn,7,metrics,results/raw/runs/1d_shallowwater/rar_d_pinn/seed_7/metrics_final.json,1d_shallowwater/rar_d_pinn/seed_7/metrics_final.json,f1eaa0734d07ba94f383df79c6320ded69f71e843ddc9ec1e1bb8351fecb9fea,3750
1d_shallowwater,RAR-D-PINN,RAR-D-PINN,rar_d_pinn,7,status,results/raw/runs/1d_shallowwater/rar_d_pinn/seed_7/status.json,1d_shallowwater/rar_d_pinn/seed_7/status.json,a35989071e5ec10b37f2011b79f252221e2015234d4c250185c2f04931ae1908,103
1d_shallowwater,RAR-D-PINN,RAR-D-PINN,rar_d_pinn,7,success_marker,results/raw/runs/1d_shallowwater/rar_d_pinn/seed_7/_SUCCESS,1d_shallowwater/rar_d_pinn/seed_7/_SUCCESS,81b2bd4ea98c8db66554fbc8d7637a1a69a130f331feb732b75caab4c4868fd5,8
1d_shallowwater,RAR-D-PINN,RAR-D-PINN,rar_d_pinn,42,checkpoint,results/raw/runs/1d_shallowwater/rar_d_pinn/seed_42/model_final.pt,1d_shallowwater/rar_d_pinn/seed_42/model_final.pt,537cee6df386c413459646f48f8b4da66372b9a27d572f97c7d822cda6b4efd7,340331
1d_shallowwater,RAR-D-PINN,RAR-D-PINN,rar_d_pinn,42,checkpoint_adamw,results/raw/runs/1d_shallowwater/rar_d_pinn/seed_42/model_adamw_final.pt,1d_shallowwater/rar_d_pinn/seed_42/model_adamw_final.pt,f02de1911591144973fc08920289c9adb91786dabbc02c9192a6fd89546f1adf,340427
1d_shallowwater,RAR-D-PINN,RAR-D-PINN,rar_d_pinn,42,config,results/raw/runs/1d_shallowwater/rar_d_pinn/seed_42/config.json,1d_shallowwater/rar_d_pinn/seed_42/config.json,cc0198fcd312560d6feb703fbe0f1c37c566060b44cda6842177aa514dad07cc,1225
1d_shallowwater,RAR-D-PINN,RAR-D-PINN,rar_d_pinn,42,environment,results/raw/runs/1d_shallowwater/rar_d_pinn/seed_42/env.json,1d_shallowwater/rar_d_pinn/seed_42/env.json,3ea9611b4a501b9d8258401458ea7fbd12107e673f8ddeac71518e0ffecb3269,244
1d_shallowwater,RAR-D-PINN,RAR-D-PINN,rar_d_pinn,42,method,results/raw/runs/1d_shallowwater/rar_d_pinn/seed_42/method.json,1d_shallowwater/rar_d_pinn/seed_42/method.json,db66091208a25b9510160e0662a019ddec0309a996682920a760cc4ab15fd8c1,380
1d_shallowwater,RAR-D-PINN,RAR-D-PINN,rar_d_pinn,42,metrics,results/raw/runs/1d_shallowwater/rar_d_pinn/seed_42/metrics_final.json,1d_shallowwater/rar_d_pinn/seed_42/metrics_final.json,a26d8b0e8b2a662dbd9ae6effad4e6f3682b3a86da98897fb1eb84915a16a58f,3749
1d_shallowwater,RAR-D-PINN,RAR-D-PINN,rar_d_pinn,42,status,results/raw/runs/1d_shallowwater/rar_d_pinn/seed_42/status.json,1d_shallowwater/rar_d_pinn/seed_42/status.json,e144fcc04548a2f2d90d456681a482f805285287e8e51ef3f91fda94da59f86d,104
1d_shallowwater,RAR-D-PINN,RAR-D-PINN,rar_d_pinn,42,success_marker,results/raw/runs/1d_shallowwater/rar_d_pinn/seed_42/_SUCCESS,1d_shallowwater/rar_d_pinn/seed_42/_SUCCESS,81b2bd4ea98c8db66554fbc8d7637a1a69a130f331feb732b75caab4c4868fd5,8
1d_shallowwater,RAR-D-PINN,RAR-D-PINN,rar_d_pinn,100,checkpoint,results/raw/runs/1d_shallowwater/rar_d_pinn/seed_100/model_final.pt,1d_shallowwater/rar_d_pinn/seed_100/model_final.pt,d2c2643e476acecd2597a8bd8d342a57a83931f4cfc305ba3684f4882f86770b,340331
1d_shallowwater,RAR-D-PINN,RAR-D-PINN,rar_d_pinn,100,checkpoint_adamw,results/raw/runs/1d_shallowwater/rar_d_pinn/seed_100/model_adamw_final.pt,1d_shallowwater/rar_d_pinn/seed_100/model_adamw_final.pt,6ba32ef2c7600217d999ca64a67f6e3d1a6502a603978522dceef3ef94948e56,340427
1d_shallowwater,RAR-D-PINN,RAR-D-PINN,rar_d_pinn,100,config,results/raw/runs/1d_shallowwater/rar_d_pinn/seed_100/config.json,1d_shallowwater/rar_d_pinn/seed_100/config.json,43cb29b1bec7fb80a52f70b35aa7d6209a04ed8545e359e42ab953537b1cf7fe,1227
1d_shallowwater,RAR-D-PINN,RAR-D-PINN,rar_d_pinn,100,environment,results/raw/runs/1d_shallowwater/rar_d_pinn/seed_100/env.json,1d_shallowwater/rar_d_pinn/seed_100/env.json,3ea9611b4a501b9d8258401458ea7fbd12107e673f8ddeac71518e0ffecb3269,244
1d_shallowwater,RAR-D-PINN,RAR-D-PINN,rar_d_pinn,100,method,results/raw/runs/1d_shallowwater/rar_d_pinn/seed_100/method.json,1d_shallowwater/rar_d_pinn/seed_100/method.json,db66091208a25b9510160e0662a019ddec0309a996682920a760cc4ab15fd8c1,380
1d_shallowwater,RAR-D-PINN,RAR-D-PINN,rar_d_pinn,100,metrics,results/raw/runs/1d_shallowwater/rar_d_pinn/seed_100/metrics_final.json,1d_shallowwater/rar_d_pinn/seed_100/metrics_final.json,bd4576211cbeb56a8bf817c6b5b058c4401118ee26e3eb0afaa41bf2a7cfe049,3750
1d_shallowwater,RAR-D-PINN,RAR-D-PINN,rar_d_pinn,100,status,results/raw/runs/1d_shallowwater/rar_d_pinn/seed_100/status.json,1d_shallowwater/rar_d_pinn/seed_100/status.json,0d6ec62f1b463a8c05100cb00ee4b0e98b5efcf2b09ef0718561d7a797e29cd9,104
1d_shallowwater,RAR-D-PINN,RAR-D-PINN,rar_d_pinn,100,success_marker,results/raw/runs/1d_shallowwater/rar_d_pinn/seed_100/_SUCCESS,1d_shallowwater/rar_d_pinn/seed_100/_SUCCESS,81b2bd4ea98c8db66554fbc8d7637a1a69a130f331feb732b75caab4c4868fd5,8
1d_shallowwater,RAR-D-PINN,RAR-D-PINN,rar_d_pinn,2026,checkpoint,results/raw/runs/1d_shallowwater/rar_d_pinn/seed_2026/model_final.pt,1d_shallowwater/rar_d_pinn/seed_2026/model_final.pt,32b224589cca44c97769cadfaf2706225bfebd408e0afacc1d098827f96956f3,340331
1d_shallowwater,RAR-D-PINN,RAR-D-PINN,rar_d_pinn,2026,checkpoint_adamw,results/raw/runs/1d_shallowwater/rar_d_pinn/seed_2026/model_adamw_final.pt,1d_shallowwater/rar_d_pinn/seed_2026/model_adamw_final.pt,7f0c80fc72f6016a8f087ceac6b044a0376dde586cd79171cdc4f645bfb35fc0,340427
1d_shallowwater,RAR-D-PINN,RAR-D-PINN,rar_d_pinn,2026,config,results/raw/runs/1d_shallowwater/rar_d_pinn/seed_2026/config.json,1d_shallowwater/rar_d_pinn/seed_2026/config.json,bc8aa56e472d0032a238c5f64aa8120f2b9ac60d150e138114637e7347f88f43,1229
1d_shallowwater,RAR-D-PINN,RAR-D-PINN,rar_d_pinn,2026,environment,results/raw/runs/1d_shallowwater/rar_d_pinn/seed_2026/env.json,1d_shallowwater/rar_d_pinn/seed_2026/env.json,3ea9611b4a501b9d8258401458ea7fbd12107e673f8ddeac71518e0ffecb3269,244
1d_shallowwater,RAR-D-PINN,RAR-D-PINN,rar_d_pinn,2026,method,results/raw/runs/1d_shallowwater/rar_d_pinn/seed_2026/method.json,1d_shallowwater/rar_d_pinn/seed_2026/method.json,db66091208a25b9510160e0662a019ddec0309a996682920a760cc4ab15fd8c1,380
1d_shallowwater,RAR-D-PINN,RAR-D-PINN,rar_d_pinn,2026,metrics,results/raw/runs/1d_shallowwater/rar_d_pinn/seed_2026/metrics_final.json,1d_shallowwater/rar_d_pinn/seed_2026/metrics_final.json,9a70d361f27427f927746dceb260fb37149daa6be2cb4ae4029d8da96a063eb3,3736
1d_shallowwater,RAR-D-PINN,RAR-D-PINN,rar_d_pinn,2026,status,results/raw/runs/1d_shallowwater/rar_d_pinn/seed_2026/status.json,1d_shallowwater/rar_d_pinn/seed_2026/status.json,c30d17dbdcddb976b3344abc7c2b4cd3d28fb8b8915e5235f43f5b7a57dd64a5,104
1d_shallowwater,RAR-D-PINN,RAR-D-PINN,rar_d_pinn,2026,success_marker,results/raw/runs/1d_shallowwater/rar_d_pinn/seed_2026/_SUCCESS,1d_shallowwater/rar_d_pinn/seed_2026/_SUCCESS,81b2bd4ea98c8db66554fbc8d7637a1a69a130f331feb732b75caab4c4868fd5,8
1d_shallowwater,RAR-D-PINN,RAR-D-PINN,rar_d_pinn,31415,checkpoint,results/raw/runs/1d_shallowwater/rar_d_pinn/seed_31415/model_final.pt,1d_shallowwater/rar_d_pinn/seed_31415/model_final.pt,5f56eca3bd5bec1c799e6fa94d147df1796a9cee7594ac95433c6219bae755a2,340331
1d_shallowwater,RAR-D-PINN,RAR-D-PINN,rar_d_pinn,31415,checkpoint_adamw,results/raw/runs/1d_shallowwater/rar_d_pinn/seed_31415/model_adamw_final.pt,1d_shallowwater/rar_d_pinn/seed_31415/model_adamw_final.pt,630fb6408faedef43faca95b3b8d4dfafc1fdd01f790898af8e6fac78d1623ee,340427
1d_shallowwater,RAR-D-PINN,RAR-D-PINN,rar_d_pinn,31415,config,results/raw/runs/1d_shallowwater/rar_d_pinn/seed_31415/config.json,1d_shallowwater/rar_d_pinn/seed_31415/config.json,1e1e3c752a2914fab53f5f950305562620cd40bab7792d33b7e98d785b2fac7d,1231
1d_shallowwater,RAR-D-PINN,RAR-D-PINN,rar_d_pinn,31415,environment,results/raw/runs/1d_shallowwater/rar_d_pinn/seed_31415/env.json,1d_shallowwater/rar_d_pinn/seed_31415/env.json,3ea9611b4a501b9d8258401458ea7fbd12107e673f8ddeac71518e0ffecb3269,244
1d_shallowwater,RAR-D-PINN,RAR-D-PINN,rar_d_pinn,31415,method,results/raw/runs/1d_shallowwater/rar_d_pinn/seed_31415/method.json,1d_shallowwater/rar_d_pinn/seed_31415/method.json,db66091208a25b9510160e0662a019ddec0309a996682920a760cc4ab15fd8c1,380
1d_shallowwater,RAR-D-PINN,RAR-D-PINN,rar_d_pinn,31415,metrics,results/raw/runs/1d_shallowwater/rar_d_pinn/seed_31415/metrics_final.json,1d_shallowwater/rar_d_pinn/seed_31415/metrics_final.json,1235da3e79714f821562786400043e4b01a338237e9f6329397597595703b3e1,3753
1d_shallowwater,RAR-D-PINN,RAR-D-PINN,rar_d_pinn,31415,status,results/raw/runs/1d_shallowwater/rar_d_pinn/seed_31415/status.json,1d_shallowwater/rar_d_pinn/seed_31415/status.json,6976f520c638a916f512feda20b85687c3b29fffdc9c02969a28ad04eb699c09,104
1d_shallowwater,RAR-D-PINN,RAR-D-PINN,rar_d_pinn,31415,success_marker,results/raw/runs/1d_shallowwater/rar_d_pinn/seed_31415/_SUCCESS,1d_shallowwater/rar_d_pinn/seed_31415/_SUCCESS,81b2bd4ea98c8db66554fbc8d7637a1a69a130f331feb732b75caab4c4868fd5,8
1d_shallowwater,SA-PINN,SA-PINN,sa_pinn,7,checkpoint,results/raw/runs/1d_shallowwater/sa_pinn/seed_7/model_final.pt,1d_shallowwater/sa_pinn/seed_7/model_final.pt,2bf3d422d0523611b5b4b9c92d1c5aba82e8fbb370e03d2b8444dc7c2bd8d8d5,340331
1d_shallowwater,SA-PINN,SA-PINN,sa_pinn,7,checkpoint_adamw,results/raw/runs/1d_shallowwater/sa_pinn/seed_7/model_adamw_final.pt,1d_shallowwater/sa_pinn/seed_7/model_adamw_final.pt,702a3e244cc55b20798aa47aae473d73c800cc6c89245c1d7b0b94461544ba84,340427
1d_shallowwater,SA-PINN,SA-PINN,sa_pinn,7,config,results/raw/runs/1d_shallowwater/sa_pinn/seed_7/config.json,1d_shallowwater/sa_pinn/seed_7/config.json,b24a2216d3b1d89a52b70d98c1331cd4323354724c2d24e46b538aa5f0de5422,1220
1d_shallowwater,SA-PINN,SA-PINN,sa_pinn,7,environment,results/raw/runs/1d_shallowwater/sa_pinn/seed_7/env.json,1d_shallowwater/sa_pinn/seed_7/env.json,3ea9611b4a501b9d8258401458ea7fbd12107e673f8ddeac71518e0ffecb3269,244
1d_shallowwater,SA-PINN,SA-PINN,sa_pinn,7,method,results/raw/runs/1d_shallowwater/sa_pinn/seed_7/method.json,1d_shallowwater/sa_pinn/seed_7/method.json,f4dea0c9bc1537c5e1fdd94cbadd541d4940b786bf854b8f522d58ea96b9d619,417
1d_shallowwater,SA-PINN,SA-PINN,sa_pinn,7,metrics,results/raw/runs/1d_shallowwater/sa_pinn/seed_7/metrics_final.json,1d_shallowwater/sa_pinn/seed_7/metrics_final.json,a1acf81c6c6981c672849b8ed409301f12a1fdd4432d591dee05ae85f9371f39,3761
1d_shallowwater,SA-PINN,SA-PINN,sa_pinn,7,status,results/raw/runs/1d_shallowwater/sa_pinn/seed_7/status.json,1d_shallowwater/sa_pinn/seed_7/status.json,69c77ef5b4326ceb6e97463bcde52811c3cd9f9ef1de4af2ec68c6b5e5855261,104
1d_shallowwater,SA-PINN,SA-PINN,sa_pinn,7,success_marker,results/raw/runs/1d_shallowwater/sa_pinn/seed_7/_SUCCESS,1d_shallowwater/sa_pinn/seed_7/_SUCCESS,81b2bd4ea98c8db66554fbc8d7637a1a69a130f331feb732b75caab4c4868fd5,8
1d_shallowwater,SA-PINN,SA-PINN,sa_pinn,42,checkpoint,results/raw/runs/1d_shallowwater/sa_pinn/seed_42/model_final.pt,1d_shallowwater/sa_pinn/seed_42/model_final.pt,b86cbf0eaa5cba4d09512a3976dfcaba377f63f5d5e3e9f7f8bfe00dacbb285f,340331
1d_shallowwater,SA-PINN,SA-PINN,sa_pinn,42,checkpoint_adamw,results/raw/runs/1d_shallowwater/sa_pinn/seed_42/model_adamw_final.pt,1d_shallowwater/sa_pinn/seed_42/model_adamw_final.pt,5500b41d965ab7b62f32195ba3de7129a94f54c5f98787b307b43755b53db6f9,340427
1d_shallowwater,SA-PINN,SA-PINN,sa_pinn,42,config,results/raw/runs/1d_shallowwater/sa_pinn/seed_42/config.json,1d_shallowwater/sa_pinn/seed_42/config.json,3b6c3af03e8506186e4bf2b371e9f3cc60e0740e8d89a703e4ed96065b2ad677,1222
1d_shallowwater,SA-PINN,SA-PINN,sa_pinn,42,environment,results/raw/runs/1d_shallowwater/sa_pinn/seed_42/env.json,1d_shallowwater/sa_pinn/seed_42/env.json,3ea9611b4a501b9d8258401458ea7fbd12107e673f8ddeac71518e0ffecb3269,244
1d_shallowwater,SA-PINN,SA-PINN,sa_pinn,42,method,results/raw/runs/1d_shallowwater/sa_pinn/seed_42/method.json,1d_shallowwater/sa_pinn/seed_42/method.json,f4dea0c9bc1537c5e1fdd94cbadd541d4940b786bf854b8f522d58ea96b9d619,417
1d_shallowwater,SA-PINN,SA-PINN,sa_pinn,42,metrics,results/raw/runs/1d_shallowwater/sa_pinn/seed_42/metrics_final.json,1d_shallowwater/sa_pinn/seed_42/metrics_final.json,eae3531755976375be8919b7e5a1e493d7b738d26a941f6b3cb3ffa1e78617a1,3784
1d_shallowwater,SA-PINN,SA-PINN,sa_pinn,42,status,results/raw/runs/1d_shallowwater/sa_pinn/seed_42/status.json,1d_shallowwater/sa_pinn/seed_42/status.json,ac187f17cee100b09f051d574c489890d2cd5bd773b970b131af36236baecc74,103
1d_shallowwater,SA-PINN,SA-PINN,sa_pinn,42,success_marker,results/raw/runs/1d_shallowwater/sa_pinn/seed_42/_SUCCESS,1d_shallowwater/sa_pinn/seed_42/_SUCCESS,81b2bd4ea98c8db66554fbc8d7637a1a69a130f331feb732b75caab4c4868fd5,8
1d_shallowwater,SA-PINN,SA-PINN,sa_pinn,100,checkpoint,results/raw/runs/1d_shallowwater/sa_pinn/seed_100/model_final.pt,1d_shallowwater/sa_pinn/seed_100/model_final.pt,a638f0476cfe1f1912496af1074ba65e931667e1a4819064554bd6e5910d6940,340331
1d_shallowwater,SA-PINN,SA-PINN,sa_pinn,100,checkpoint_adamw,results/raw/runs/1d_shallowwater/sa_pinn/seed_100/model_adamw_final.pt,1d_shallowwater/sa_pinn/seed_100/model_adamw_final.pt,a2138c3ceab7564aa87d1be8a5fd2bf8fab20163a7b047dee353abb11c17a3bd,340427
1d_shallowwater,SA-PINN,SA-PINN,sa_pinn,100,config,results/raw/runs/1d_shallowwater/sa_pinn/seed_100/config.json,1d_shallowwater/sa_pinn/seed_100/config.json,41843c8ab385fe307f2552ac812b7a2beaf9533f3964a59d5d58d9d8fffa2714,1224
1d_shallowwater,SA-PINN,SA-PINN,sa_pinn,100,environment,results/raw/runs/1d_shallowwater/sa_pinn/seed_100/env.json,1d_shallowwater/sa_pinn/seed_100/env.json,3ea9611b4a501b9d8258401458ea7fbd12107e673f8ddeac71518e0ffecb3269,244
1d_shallowwater,SA-PINN,SA-PINN,sa_pinn,100,method,results/raw/runs/1d_shallowwater/sa_pinn/seed_100/method.json,1d_shallowwater/sa_pinn/seed_100/method.json,f4dea0c9bc1537c5e1fdd94cbadd541d4940b786bf854b8f522d58ea96b9d619,417
1d_shallowwater,SA-PINN,SA-PINN,sa_pinn,100,metrics,results/raw/runs/1d_shallowwater/sa_pinn/seed_100/metrics_final.json,1d_shallowwater/sa_pinn/seed_100/metrics_final.json,19ae7602f132e8536ec89eb4f50d7712ec4fc16affb335bb120ef002c2c94283,3777
1d_shallowwater,SA-PINN,SA-PINN,sa_pinn,100,status,results/raw/runs/1d_shallowwater/sa_pinn/seed_100/status.json,1d_shallowwater/sa_pinn/seed_100/status.json,7b29ec0ec75c67ecf8f6fd1d41c520e420fd95815ed0c5601f0e64551d0fe9fa,103
1d_shallowwater,SA-PINN,SA-PINN,sa_pinn,100,success_marker,results/raw/runs/1d_shallowwater/sa_pinn/seed_100/_SUCCESS,1d_shallowwater/sa_pinn/seed_100/_SUCCESS,81b2bd4ea98c8db66554fbc8d7637a1a69a130f331feb732b75caab4c4868fd5,8
1d_shallowwater,SA-PINN,SA-PINN,sa_pinn,2026,checkpoint,results/raw/runs/1d_shallowwater/sa_pinn/seed_2026/model_final.pt,1d_shallowwater/sa_pinn/seed_2026/model_final.pt,169ddc6ee853473d991881b664a56cf143954065723a245ca59627623836c661,340331
1d_shallowwater,SA-PINN,SA-PINN,sa_pinn,2026,checkpoint_adamw,results/raw/runs/1d_shallowwater/sa_pinn/seed_2026/model_adamw_final.pt,1d_shallowwater/sa_pinn/seed_2026/model_adamw_final.pt,4c9efb873c155436ee60189a25d0f1af1b8cf3dd52ecd1ee8091258921cf32de,340427
1d_shallowwater,SA-PINN,SA-PINN,sa_pinn,2026,config,results/raw/runs/1d_shallowwater/sa_pinn/seed_2026/config.json,1d_shallowwater/sa_pinn/seed_2026/config.json,b7d7d5692dab69a31135de6bd392d7124da37947c086a5904124a3c2624db56a,1226
1d_shallowwater,SA-PINN,SA-PINN,sa_pinn,2026,environment,results/raw/runs/1d_shallowwater/sa_pinn/seed_2026/env.json,1d_shallowwater/sa_pinn/seed_2026/env.json,3ea9611b4a501b9d8258401458ea7fbd12107e673f8ddeac71518e0ffecb3269,244
1d_shallowwater,SA-PINN,SA-PINN,sa_pinn,2026,method,results/raw/runs/1d_shallowwater/sa_pinn/seed_2026/method.json,1d_shallowwater/sa_pinn/seed_2026/method.json,f4dea0c9bc1537c5e1fdd94cbadd541d4940b786bf854b8f522d58ea96b9d619,417
1d_shallowwater,SA-PINN,SA-PINN,sa_pinn,2026,metrics,results/raw/runs/1d_shallowwater/sa_pinn/seed_2026/metrics_final.json,1d_shallowwater/sa_pinn/seed_2026/metrics_final.json,a23a4c6da46a2138f8a0ea901d93a6130a6243fb0a5520465efb4d612a79f5d0,3777
1d_shallowwater,SA-PINN,SA-PINN,sa_pinn,2026,status,results/raw/runs/1d_shallowwater/sa_pinn/seed_2026/status.json,1d_shallowwater/sa_pinn/seed_2026/status.json,d39f0d0348fe7c6ca5665fadbc63b6fd62306f6474c567575123d5cd2211650a,104
1d_shallowwater,SA-PINN,SA-PINN,sa_pinn,2026,success_marker,results/raw/runs/1d_shallowwater/sa_pinn/seed_2026/_SUCCESS,1d_shallowwater/sa_pinn/seed_2026/_SUCCESS,81b2bd4ea98c8db66554fbc8d7637a1a69a130f331feb732b75caab4c4868fd5,8
1d_shallowwater,SA-PINN,SA-PINN,sa_pinn,31415,checkpoint,results/raw/runs/1d_shallowwater/sa_pinn/seed_31415/model_final.pt,1d_shallowwater/sa_pinn/seed_31415/model_final.pt,23f972e2dc21b1d0faa46020ba4c7da261466921c91fb9fe0b61afc830f0576c,340331
1d_shallowwater,SA-PINN,SA-PINN,sa_pinn,31415,checkpoint_adamw,results/raw/runs/1d_shallowwater/sa_pinn/seed_31415/model_adamw_final.pt,1d_shallowwater/sa_pinn/seed_31415/model_adamw_final.pt,1028bb2da7e70644d5bdc7145af037ef39d2b7dbac06f1ceecb2d0f7222c2e10,340427
1d_shallowwater,SA-PINN,SA-PINN,sa_pinn,31415,config,results/raw/runs/1d_shallowwater/sa_pinn/seed_31415/config.json,1d_shallowwater/sa_pinn/seed_31415/config.json,dc9eae3da499f15e2d05547aecc4af0815705945beb59d3046bac5c502c8c1f3,1228
1d_shallowwater,SA-PINN,SA-PINN,sa_pinn,31415,environment,results/raw/runs/1d_shallowwater/sa_pinn/seed_31415/env.json,1d_shallowwater/sa_pinn/seed_31415/env.json,3ea9611b4a501b9d8258401458ea7fbd12107e673f8ddeac71518e0ffecb3269,244
1d_shallowwater,SA-PINN,SA-PINN,sa_pinn,31415,method,results/raw/runs/1d_shallowwater/sa_pinn/seed_31415/method.json,1d_shallowwater/sa_pinn/seed_31415/method.json,f4dea0c9bc1537c5e1fdd94cbadd541d4940b786bf854b8f522d58ea96b9d619,417
1d_shallowwater,SA-PINN,SA-PINN,sa_pinn,31415,metrics,results/raw/runs/1d_shallowwater/sa_pinn/seed_31415/metrics_final.json,1d_shallowwater/sa_pinn/seed_31415/metrics_final.json,0810b98496efbb9ddf93be676d8b39a16312b4bab6bf938a87d646924f823c08,3769
1d_shallowwater,SA-PINN,SA-PINN,sa_pinn,31415,status,results/raw/runs/1d_shallowwater/sa_pinn/seed_31415/status.json,1d_shallowwater/sa_pinn/seed_31415/status.json,1e7dfa9e7a762c88414cfd1cbdaa0a4936bfba72efb3737e5b94abc89f1a65ed,103
1d_shallowwater,SA-PINN,SA-PINN,sa_pinn,31415,success_marker,results/raw/runs/1d_shallowwater/sa_pinn/seed_31415/_SUCCESS,1d_shallowwater/sa_pinn/seed_31415/_SUCCESS,81b2bd4ea98c8db66554fbc8d7637a1a69a130f331feb732b75caab4c4868fd5,8
1d_shallowwater,XPINN,XPINN,xpinn,7,checkpoint,results/raw/runs/1d_shallowwater/xpinn/seed_7/model_final.pt,1d_shallowwater/xpinn/seed_7/model_final.pt,ffbff8c4347cf11ed45c085021bf0e9d836dea178bd0cfe2390bfb67f833c559,1355107
1d_shallowwater,XPINN,XPINN,xpinn,7,checkpoint_adamw,results/raw/runs/1d_shallowwater/xpinn/seed_7/model_adamw_final.pt,1d_shallowwater/xpinn/seed_7/model_adamw_final.pt,9f6f944ff5db7a04d4208ab6442efafffea7423a70d5d831876f0cb1ca999917,1355479
1d_shallowwater,XPINN,XPINN,xpinn,7,config,results/raw/runs/1d_shallowwater/xpinn/seed_7/config.json,1d_shallowwater/xpinn/seed_7/config.json,20e71dbbfff860c9b7281a83f8fd29a21e3e5377627cf3f1765fbe6f6df05364,1218
1d_shallowwater,XPINN,XPINN,xpinn,7,environment,results/raw/runs/1d_shallowwater/xpinn/seed_7/env.json,1d_shallowwater/xpinn/seed_7/env.json,3ea9611b4a501b9d8258401458ea7fbd12107e673f8ddeac71518e0ffecb3269,244
1d_shallowwater,XPINN,XPINN,xpinn,7,method,results/raw/runs/1d_shallowwater/xpinn/seed_7/method.json,1d_shallowwater/xpinn/seed_7/method.json,affc4898d060f05d0993e66340a377b7bf239fab43fbd0e17673750bca702d41,1018
1d_shallowwater,XPINN,XPINN,xpinn,7,metrics,results/raw/runs/1d_shallowwater/xpinn/seed_7/metrics_final.json,1d_shallowwater/xpinn/seed_7/metrics_final.json,df5b082a91dd0d5373f16c8305cd8e704fc5782511312950beda3c0adc89d9fb,3929
1d_shallowwater,XPINN,XPINN,xpinn,7,status,results/raw/runs/1d_shallowwater/xpinn/seed_7/status.json,1d_shallowwater/xpinn/seed_7/status.json,967579fc549b63bcb3ef2d9ec440374621068ed71227d71b94a211785f84dfe1,103
1d_shallowwater,XPINN,XPINN,xpinn,7,success_marker,results/raw/runs/1d_shallowwater/xpinn/seed_7/_SUCCESS,1d_shallowwater/xpinn/seed_7/_SUCCESS,81b2bd4ea98c8db66554fbc8d7637a1a69a130f331feb732b75caab4c4868fd5,8
1d_shallowwater,XPINN,XPINN,xpinn,42,checkpoint,results/raw/runs/1d_shallowwater/xpinn/seed_42/model_final.pt,1d_shallowwater/xpinn/seed_42/model_final.pt,0817eb21504b9407bf979312e4230e27a4505c8d226e1b3dc6c93123d7209c96,1355107
1d_shallowwater,XPINN,XPINN,xpinn,42,checkpoint_adamw,results/raw/runs/1d_shallowwater/xpinn/seed_42/model_adamw_final.pt,1d_shallowwater/xpinn/seed_42/model_adamw_final.pt,cdf81860cb72e920f2bf27dccbed1939124ce4238309ed42563e988efca33b42,1355479
1d_shallowwater,XPINN,XPINN,xpinn,42,config,results/raw/runs/1d_shallowwater/xpinn/seed_42/config.json,1d_shallowwater/xpinn/seed_42/config.json,2c0605f23a074f1b03ff0253593621300cef082c32d6b11963fe9fd5f1ed9c24,1220
1d_shallowwater,XPINN,XPINN,xpinn,42,environment,results/raw/runs/1d_shallowwater/xpinn/seed_42/env.json,1d_shallowwater/xpinn/seed_42/env.json,3ea9611b4a501b9d8258401458ea7fbd12107e673f8ddeac71518e0ffecb3269,244
1d_shallowwater,XPINN,XPINN,xpinn,42,method,results/raw/runs/1d_shallowwater/xpinn/seed_42/method.json,1d_shallowwater/xpinn/seed_42/method.json,affc4898d060f05d0993e66340a377b7bf239fab43fbd0e17673750bca702d41,1018
1d_shallowwater,XPINN,XPINN,xpinn,42,metrics,results/raw/runs/1d_shallowwater/xpinn/seed_42/metrics_final.json,1d_shallowwater/xpinn/seed_42/metrics_final.json,4f0fa8ed3f1e0e0b9ae91de714d3ba3c224b1c96fbf9ab30acf5e49bd07edec9,3946
1d_shallowwater,XPINN,XPINN,xpinn,42,status,results/raw/runs/1d_shallowwater/xpinn/seed_42/status.json,1d_shallowwater/xpinn/seed_42/status.json,31c15a7f5314af675ce333ebc1dd01f56d01485d50a37ba4fac20e9e3a8baf7d,104
1d_shallowwater,XPINN,XPINN,xpinn,42,success_marker,results/raw/runs/1d_shallowwater/xpinn/seed_42/_SUCCESS,1d_shallowwater/xpinn/seed_42/_SUCCESS,81b2bd4ea98c8db66554fbc8d7637a1a69a130f331feb732b75caab4c4868fd5,8
1d_shallowwater,XPINN,XPINN,xpinn,100,checkpoint,results/raw/runs/1d_shallowwater/xpinn/seed_100/model_final.pt,1d_shallowwater/xpinn/seed_100/model_final.pt,b3fed605f2094d0e6270ab41e52adccd01069f772b1e8ecfd1edd167394a8b8f,1355107
1d_shallowwater,XPINN,XPINN,xpinn,100,checkpoint_adamw,results/raw/runs/1d_shallowwater/xpinn/seed_100/model_adamw_final.pt,1d_shallowwater/xpinn/seed_100/model_adamw_final.pt,6a9e0e876277c32931b382dd80c057edcd18cfa1d87341f3eeae53a8c5ccd586,1355479
1d_shallowwater,XPINN,XPINN,xpinn,100,config,results/raw/runs/1d_shallowwater/xpinn/seed_100/config.json,1d_shallowwater/xpinn/seed_100/config.json,f4d78b8ae54ac7bc04e00c18f2d1ac1219ac3f82770a78e10955feb378f98394,1222
1d_shallowwater,XPINN,XPINN,xpinn,100,environment,results/raw/runs/1d_shallowwater/xpinn/seed_100/env.json,1d_shallowwater/xpinn/seed_100/env.json,3ea9611b4a501b9d8258401458ea7fbd12107e673f8ddeac71518e0ffecb3269,244
1d_shallowwater,XPINN,XPINN,xpinn,100,method,results/raw/runs/1d_shallowwater/xpinn/seed_100/method.json,1d_shallowwater/xpinn/seed_100/method.json,affc4898d060f05d0993e66340a377b7bf239fab43fbd0e17673750bca702d41,1018
1d_shallowwater,XPINN,XPINN,xpinn,100,metrics,results/raw/runs/1d_shallowwater/xpinn/seed_100/metrics_final.json,1d_shallowwater/xpinn/seed_100/metrics_final.json,9c6bdd0cd066784c1175410e681751c9a676574765e4fe5b8feda9f7447a4c86,3939
1d_shallowwater,XPINN,XPINN,xpinn,100,status,results/raw/runs/1d_shallowwater/xpinn/seed_100/status.json,1d_shallowwater/xpinn/seed_100/status.json,3b891e05ff71b9db06930534a0bb66ba39ec67f44ac7846265b116d58c62d81f,104
1d_shallowwater,XPINN,XPINN,xpinn,100,success_marker,results/raw/runs/1d_shallowwater/xpinn/seed_100/_SUCCESS,1d_shallowwater/xpinn/seed_100/_SUCCESS,81b2bd4ea98c8db66554fbc8d7637a1a69a130f331feb732b75caab4c4868fd5,8
1d_shallowwater,XPINN,XPINN,xpinn,2026,checkpoint,results/raw/runs/1d_shallowwater/xpinn/seed_2026/model_final.pt,1d_shallowwater/xpinn/seed_2026/model_final.pt,4662a72d321a318a0335d3a2552aea123f8ac990a8d1a915b0145a26e907d2b1,1355107
1d_shallowwater,XPINN,XPINN,xpinn,2026,checkpoint_adamw,results/raw/runs/1d_shallowwater/xpinn/seed_2026/model_adamw_final.pt,1d_shallowwater/xpinn/seed_2026/model_adamw_final.pt,35429a7aba5d211fe5003c17b01809852c0296bd0e19901074b80695b925504f,1355479
1d_shallowwater,XPINN,XPINN,xpinn,2026,config,results/raw/runs/1d_shallowwater/xpinn/seed_2026/config.json,1d_shallowwater/xpinn/seed_2026/config.json,25637ae4a07d366210534162447218206af18e16f0e22d5ab072c5343cadb32f,1224
1d_shallowwater,XPINN,XPINN,xpinn,2026,environment,results/raw/runs/1d_shallowwater/xpinn/seed_2026/env.json,1d_shallowwater/xpinn/seed_2026/env.json,3ea9611b4a501b9d8258401458ea7fbd12107e673f8ddeac71518e0ffecb3269,244
1d_shallowwater,XPINN,XPINN,xpinn,2026,method,results/raw/runs/1d_shallowwater/xpinn/seed_2026/method.json,1d_shallowwater/xpinn/seed_2026/method.json,affc4898d060f05d0993e66340a377b7bf239fab43fbd0e17673750bca702d41,1018
1d_shallowwater,XPINN,XPINN,xpinn,2026,metrics,results/raw/runs/1d_shallowwater/xpinn/seed_2026/metrics_final.json,1d_shallowwater/xpinn/seed_2026/metrics_final.json,4156f80fe2b0b485067094f20aa4a5af5e500a23a2b948003ba60ffb380ce5ca,3946
1d_shallowwater,XPINN,XPINN,xpinn,2026,status,results/raw/runs/1d_shallowwater/xpinn/seed_2026/status.json,1d_shallowwater/xpinn/seed_2026/status.json,9c52872adc784a1f1c8aef4d35fd3c6afcd53666548942df5707c5475ae1d036,104
1d_shallowwater,XPINN,XPINN,xpinn,2026,success_marker,results/raw/runs/1d_shallowwater/xpinn/seed_2026/_SUCCESS,1d_shallowwater/xpinn/seed_2026/_SUCCESS,81b2bd4ea98c8db66554fbc8d7637a1a69a130f331feb732b75caab4c4868fd5,8
1d_shallowwater,XPINN,XPINN,xpinn,31415,checkpoint,results/raw/runs/1d_shallowwater/xpinn/seed_31415/model_final.pt,1d_shallowwater/xpinn/seed_31415/model_final.pt,0a17c49eb998304c87b27b9c87cde29269eb6343aefbf0eb9be6767daae19657,1355107
1d_shallowwater,XPINN,XPINN,xpinn,31415,checkpoint_adamw,results/raw/runs/1d_shallowwater/xpinn/seed_31415/model_adamw_final.pt,1d_shallowwater/xpinn/seed_31415/model_adamw_final.pt,9569d863c185449fd25121f2a37a1da346daaad2d4f1f8c711e19f156cdbc58d,1355479
1d_shallowwater,XPINN,XPINN,xpinn,31415,config,results/raw/runs/1d_shallowwater/xpinn/seed_31415/config.json,1d_shallowwater/xpinn/seed_31415/config.json,e04b3b25e3f20d48a145a43d33b4e362f6a9e60399b8c487a307fca4825cc14e,1226
1d_shallowwater,XPINN,XPINN,xpinn,31415,environment,results/raw/runs/1d_shallowwater/xpinn/seed_31415/env.json,1d_shallowwater/xpinn/seed_31415/env.json,3ea9611b4a501b9d8258401458ea7fbd12107e673f8ddeac71518e0ffecb3269,244
1d_shallowwater,XPINN,XPINN,xpinn,31415,method,results/raw/runs/1d_shallowwater/xpinn/seed_31415/method.json,1d_shallowwater/xpinn/seed_31415/method.json,affc4898d060f05d0993e66340a377b7bf239fab43fbd0e17673750bca702d41,1018
1d_shallowwater,XPINN,XPINN,xpinn,31415,metrics,results/raw/runs/1d_shallowwater/xpinn/seed_31415/metrics_final.json,1d_shallowwater/xpinn/seed_31415/metrics_final.json,17033f74be2011c9f3cf44cc6935f874d3c3be3ad6e87a56ac9e9fdf7fc3ee70,3954
1d_shallowwater,XPINN,XPINN,xpinn,31415,status,results/raw/runs/1d_shallowwater/xpinn/seed_31415/status.json,1d_shallowwater/xpinn/seed_31415/status.json,466e13f9000316c171033b5dc181bf4c138152d64de69a19c202b0d08b6b87dd,104
1d_shallowwater,XPINN,XPINN,xpinn,31415,success_marker,results/raw/runs/1d_shallowwater/xpinn/seed_31415/_SUCCESS,1d_shallowwater/xpinn/seed_31415/_SUCCESS,81b2bd4ea98c8db66554fbc8d7637a1a69a130f331feb732b75caab4c4868fd5,8
1d_shallowwater,cPINN,cPINN,cpinn,7,checkpoint,results/raw/runs/1d_shallowwater/cpinn/seed_7/model_final.pt,1d_shallowwater/cpinn/seed_7/model_final.pt,648a60ea1e69c0720c4bdbee0259bd29996f87575564a0683b7bc0e346ba6acd,679083
1d_shallowwater,cPINN,cPINN,cpinn,7,checkpoint_adamw,results/raw/runs/1d_shallowwater/cpinn/seed_7/model_adamw_final.pt,1d_shallowwater/cpinn/seed_7/model_adamw_final.pt,225327621aeedf3259700c20b1936fcf95bcab5b7174113623a46838b24e5e23,679275
1d_shallowwater,cPINN,cPINN,cpinn,7,config,results/raw/runs/1d_shallowwater/cpinn/seed_7/config.json,1d_shallowwater/cpinn/seed_7/config.json,9153144ca4e3b5b9e7664b60a82bc34c293a0977c85163f2a6927fa8304f22b7,1218
1d_shallowwater,cPINN,cPINN,cpinn,7,environment,results/raw/runs/1d_shallowwater/cpinn/seed_7/env.json,1d_shallowwater/cpinn/seed_7/env.json,3ea9611b4a501b9d8258401458ea7fbd12107e673f8ddeac71518e0ffecb3269,244
1d_shallowwater,cPINN,cPINN,cpinn,7,method,results/raw/runs/1d_shallowwater/cpinn/seed_7/method.json,1d_shallowwater/cpinn/seed_7/method.json,74b323605dce94ebcab291e30483be7eeede8f6ec841c151d650dd2941bc2bad,927
1d_shallowwater,cPINN,cPINN,cpinn,7,metrics,results/raw/runs/1d_shallowwater/cpinn/seed_7/metrics_final.json,1d_shallowwater/cpinn/seed_7/metrics_final.json,80b983ca5dc2fb81ce30ab078979b3a888d03234ff734f6dc21d993f98bc6886,3947
1d_shallowwater,cPINN,cPINN,cpinn,7,status,results/raw/runs/1d_shallowwater/cpinn/seed_7/status.json,1d_shallowwater/cpinn/seed_7/status.json,c3462901e6cb6cb7248d2fea3d95f16b2c2cfd9f5575151b141fd918bb296522,104
1d_shallowwater,cPINN,cPINN,cpinn,7,success_marker,results/raw/runs/1d_shallowwater/cpinn/seed_7/_SUCCESS,1d_shallowwater/cpinn/seed_7/_SUCCESS,81b2bd4ea98c8db66554fbc8d7637a1a69a130f331feb732b75caab4c4868fd5,8
1d_shallowwater,cPINN,cPINN,cpinn,42,checkpoint,results/raw/runs/1d_shallowwater/cpinn/seed_42/model_final.pt,1d_shallowwater/cpinn/seed_42/model_final.pt,8706eae1bc009aaca6d233c66cac1fe2ebbc76034ffa4f4113f3aead5a8053ac,679083
1d_shallowwater,cPINN,cPINN,cpinn,42,checkpoint_adamw,results/raw/runs/1d_shallowwater/cpinn/seed_42/model_adamw_final.pt,1d_shallowwater/cpinn/seed_42/model_adamw_final.pt,3de140f0913e9e3b34ad956f36505d1fce3f801877964bf4e77146accd8834ef,679275
1d_shallowwater,cPINN,cPINN,cpinn,42,config,results/raw/runs/1d_shallowwater/cpinn/seed_42/config.json,1d_shallowwater/cpinn/seed_42/config.json,17d12cafa82ccf6ac23c0ddedcba8058e70dfe5a616fbfb228ea3148124fe315,1220
1d_shallowwater,cPINN,cPINN,cpinn,42,environment,results/raw/runs/1d_shallowwater/cpinn/seed_42/env.json,1d_shallowwater/cpinn/seed_42/env.json,3ea9611b4a501b9d8258401458ea7fbd12107e673f8ddeac71518e0ffecb3269,244
1d_shallowwater,cPINN,cPINN,cpinn,42,method,results/raw/runs/1d_shallowwater/cpinn/seed_42/method.json,1d_shallowwater/cpinn/seed_42/method.json,74b323605dce94ebcab291e30483be7eeede8f6ec841c151d650dd2941bc2bad,927
1d_shallowwater,cPINN,cPINN,cpinn,42,metrics,results/raw/runs/1d_shallowwater/cpinn/seed_42/metrics_final.json,1d_shallowwater/cpinn/seed_42/metrics_final.json,76e76d985fb5e3a33a92aa8740fadf4f932391a6f4a1120f230beabf9623e23b,3943
1d_shallowwater,cPINN,cPINN,cpinn,42,status,results/raw/runs/1d_shallowwater/cpinn/seed_42/status.json,1d_shallowwater/cpinn/seed_42/status.json,121706bc238c1ddeb7de7645fedb681c947ca8acb053d5c1b53cb8f33f9a59e6,104
1d_shallowwater,cPINN,cPINN,cpinn,42,success_marker,results/raw/runs/1d_shallowwater/cpinn/seed_42/_SUCCESS,1d_shallowwater/cpinn/seed_42/_SUCCESS,81b2bd4ea98c8db66554fbc8d7637a1a69a130f331feb732b75caab4c4868fd5,8
1d_shallowwater,cPINN,cPINN,cpinn,100,checkpoint,results/raw/runs/1d_shallowwater/cpinn/seed_100/model_final.pt,1d_shallowwater/cpinn/seed_100/model_final.pt,211e6c4da5fdf9513edb00a51337c0e3bf9971fa2f0557b47b2537d88a6d2912,679083
1d_shallowwater,cPINN,cPINN,cpinn,100,checkpoint_adamw,results/raw/runs/1d_shallowwater/cpinn/seed_100/model_adamw_final.pt,1d_shallowwater/cpinn/seed_100/model_adamw_final.pt,9201c7e8d72c6f6f48a22f7453599ee45aa075bf8a539cf67b730c6d45252260,679275
1d_shallowwater,cPINN,cPINN,cpinn,100,config,results/raw/runs/1d_shallowwater/cpinn/seed_100/config.json,1d_shallowwater/cpinn/seed_100/config.json,ebb6d7a6e8e072807260a163491ffa49ab89ef5e2c5324e5b7e492598e82ea16,1222
1d_shallowwater,cPINN,cPINN,cpinn,100,environment,results/raw/runs/1d_shallowwater/cpinn/seed_100/env.json,1d_shallowwater/cpinn/seed_100/env.json,3ea9611b4a501b9d8258401458ea7fbd12107e673f8ddeac71518e0ffecb3269,244
1d_shallowwater,cPINN,cPINN,cpinn,100,method,results/raw/runs/1d_shallowwater/cpinn/seed_100/method.json,1d_shallowwater/cpinn/seed_100/method.json,74b323605dce94ebcab291e30483be7eeede8f6ec841c151d650dd2941bc2bad,927
1d_shallowwater,cPINN,cPINN,cpinn,100,metrics,results/raw/runs/1d_shallowwater/cpinn/seed_100/metrics_final.json,1d_shallowwater/cpinn/seed_100/metrics_final.json,00c42fb836f21b051c84d4299bc607b8fb2c47e88bd3cdd3778ade1cad66cd79,3935
1d_shallowwater,cPINN,cPINN,cpinn,100,status,results/raw/runs/1d_shallowwater/cpinn/seed_100/status.json,1d_shallowwater/cpinn/seed_100/status.json,c338450cd4a79f22911aa1008d3d2b0d2cb60e302ccf4e76953cfa68f36f0a29,103
1d_shallowwater,cPINN,cPINN,cpinn,100,success_marker,results/raw/runs/1d_shallowwater/cpinn/seed_100/_SUCCESS,1d_shallowwater/cpinn/seed_100/_SUCCESS,81b2bd4ea98c8db66554fbc8d7637a1a69a130f331feb732b75caab4c4868fd5,8
1d_shallowwater,cPINN,cPINN,cpinn,2026,checkpoint,results/raw/runs/1d_shallowwater/cpinn/seed_2026/model_final.pt,1d_shallowwater/cpinn/seed_2026/model_final.pt,dcf4960a1f8a19d94f1bb8180351341604c2e9d05ed61b90d9b8eda23156d146,679083
1d_shallowwater,cPINN,cPINN,cpinn,2026,checkpoint_adamw,results/raw/runs/1d_shallowwater/cpinn/seed_2026/model_adamw_final.pt,1d_shallowwater/cpinn/seed_2026/model_adamw_final.pt,9e7c59878f12791b7e52f500e14f8afd693de6e9b8e3d59c8d179b153373898e,679275
1d_shallowwater,cPINN,cPINN,cpinn,2026,config,results/raw/runs/1d_shallowwater/cpinn/seed_2026/config.json,1d_shallowwater/cpinn/seed_2026/config.json,320df13fcd27c95a7084035b91f45c61797c8ec8598b8b5272b5fb19854d6524,1224
1d_shallowwater,cPINN,cPINN,cpinn,2026,environment,results/raw/runs/1d_shallowwater/cpinn/seed_2026/env.json,1d_shallowwater/cpinn/seed_2026/env.json,3ea9611b4a501b9d8258401458ea7fbd12107e673f8ddeac71518e0ffecb3269,244
1d_shallowwater,cPINN,cPINN,cpinn,2026,method,results/raw/runs/1d_shallowwater/cpinn/seed_2026/method.json,1d_shallowwater/cpinn/seed_2026/method.json,74b323605dce94ebcab291e30483be7eeede8f6ec841c151d650dd2941bc2bad,927
1d_shallowwater,cPINN,cPINN,cpinn,2026,metrics,results/raw/runs/1d_shallowwater/cpinn/seed_2026/metrics_final.json,1d_shallowwater/cpinn/seed_2026/metrics_final.json,8f6863943aa0385038f00acb00e3d57c7076cb938c9bbbdf539cc4969d41815f,3947
1d_shallowwater,cPINN,cPINN,cpinn,2026,status,results/raw/runs/1d_shallowwater/cpinn/seed_2026/status.json,1d_shallowwater/cpinn/seed_2026/status.json,b260429eacdd36c3168ca0488170243a8a0cb20434dcfbab1e6cf1aceef0e857,103
1d_shallowwater,cPINN,cPINN,cpinn,2026,success_marker,results/raw/runs/1d_shallowwater/cpinn/seed_2026/_SUCCESS,1d_shallowwater/cpinn/seed_2026/_SUCCESS,81b2bd4ea98c8db66554fbc8d7637a1a69a130f331feb732b75caab4c4868fd5,8
1d_shallowwater,cPINN,cPINN,cpinn,31415,checkpoint,results/raw/runs/1d_shallowwater/cpinn/seed_31415/model_final.pt,1d_shallowwater/cpinn/seed_31415/model_final.pt,84260a4425f0d6eaaa15dae277ddd1c68bb4a3553bbb6ba22fa9e9080d7c409c,679083
1d_shallowwater,cPINN,cPINN,cpinn,31415,checkpoint_adamw,results/raw/runs/1d_shallowwater/cpinn/seed_31415/model_adamw_final.pt,1d_shallowwater/cpinn/seed_31415/model_adamw_final.pt,701e9e67f54a8b6090917e9ea913ae6e58e272ac1fc491d69c398eb51dab9087,679275
1d_shallowwater,cPINN,cPINN,cpinn,31415,config,results/raw/runs/1d_shallowwater/cpinn/seed_31415/config.json,1d_shallowwater/cpinn/seed_31415/config.json,62215c133bd08a527d5685492c08872361b43fc3523d86b5f0acba13e98e9f8b,1226
1d_shallowwater,cPINN,cPINN,cpinn,31415,environment,results/raw/runs/1d_shallowwater/cpinn/seed_31415/env.json,1d_shallowwater/cpinn/seed_31415/env.json,3ea9611b4a501b9d8258401458ea7fbd12107e673f8ddeac71518e0ffecb3269,244
1d_shallowwater,cPINN,cPINN,cpinn,31415,method,results/raw/runs/1d_shallowwater/cpinn/seed_31415/method.json,1d_shallowwater/cpinn/seed_31415/method.json,74b323605dce94ebcab291e30483be7eeede8f6ec841c151d650dd2941bc2bad,927
1d_shallowwater,cPINN,cPINN,cpinn,31415,metrics,results/raw/runs/1d_shallowwater/cpinn/seed_31415/metrics_final.json,1d_shallowwater/cpinn/seed_31415/metrics_final.json,503a86f0f484b177a02b3de412a4cef2736abbd4d95658b147b02c07751fca61,3943
1d_shallowwater,cPINN,cPINN,cpinn,31415,status,results/raw/runs/1d_shallowwater/cpinn/seed_31415/status.json,1d_shallowwater/cpinn/seed_31415/status.json,a3d6eda8d79f27a53b7474e7eb7992fb7f9a48665d2a7748af9114f36eaa2ba4,103
1d_shallowwater,cPINN,cPINN,cpinn,31415,success_marker,results/raw/runs/1d_shallowwater/cpinn/seed_31415/_SUCCESS,1d_shallowwater/cpinn/seed_31415/_SUCCESS,81b2bd4ea98c8db66554fbc8d7637a1a69a130f331feb732b75caab4c4868fd5,8
1d_shallowwater,gPINN-subsampled,gPINN-sub.,gpinn_subsampled,7,checkpoint,results/raw/runs/1d_shallowwater/gpinn_subsampled/seed_7/model_final.pt,1d_shallowwater/gpinn_subsampled/seed_7/model_final.pt,1c0a9d69e8744ba688bbcbedb0723ae586af9426372896768972a121714bb62f,340267
1d_shallowwater,gPINN-subsampled,gPINN-sub.,gpinn_subsampled,7,checkpoint_adamw,results/raw/runs/1d_shallowwater/gpinn_subsampled/seed_7/model_adamw_final.pt,1d_shallowwater/gpinn_subsampled/seed_7/model_adamw_final.pt,3c91b1a4f58996babd73f08a1999318006f1e18019b2543b2ca0fc87c78cb9c2,340363
1d_shallowwater,gPINN-subsampled,gPINN-sub.,gpinn_subsampled,7,config,results/raw/runs/1d_shallowwater/gpinn_subsampled/seed_7/config.json,1d_shallowwater/gpinn_subsampled/seed_7/config.json,22c2a4fa6ae6c2c80ac3d37c7f48c528733383ca38e8ff81ea6e0423da89f948,1229
1d_shallowwater,gPINN-subsampled,gPINN-sub.,gpinn_subsampled,7,environment,results/raw/runs/1d_shallowwater/gpinn_subsampled/seed_7/env.json,1d_shallowwater/gpinn_subsampled/seed_7/env.json,3ea9611b4a501b9d8258401458ea7fbd12107e673f8ddeac71518e0ffecb3269,244
1d_shallowwater,gPINN-subsampled,gPINN-sub.,gpinn_subsampled,7,method,results/raw/runs/1d_shallowwater/gpinn_subsampled/seed_7/method.json,1d_shallowwater/gpinn_subsampled/seed_7/method.json,a9943874dda444ac49a2fe0f214193fc761a7076b054e3b2fb803e61738b1ff3,488
1d_shallowwater,gPINN-subsampled,gPINN-sub.,gpinn_subsampled,7,metrics,results/raw/runs/1d_shallowwater/gpinn_subsampled/seed_7/metrics_final.json,1d_shallowwater/gpinn_subsampled/seed_7/metrics_final.json,4a52d3563d1507ef6c1b855f2655d9dbc63c3ad0327af9bae3a141479214834b,3779
1d_shallowwater,gPINN-subsampled,gPINN-sub.,gpinn_subsampled,7,status,results/raw/runs/1d_shallowwater/gpinn_subsampled/seed_7/status.json,1d_shallowwater/gpinn_subsampled/seed_7/status.json,7a3c148f814af44407f13b3d8e0fbabe5d2cc4f957a30da86d4979da1a08c9ba,104
1d_shallowwater,gPINN-subsampled,gPINN-sub.,gpinn_subsampled,7,success_marker,results/raw/runs/1d_shallowwater/gpinn_subsampled/seed_7/_SUCCESS,1d_shallowwater/gpinn_subsampled/seed_7/_SUCCESS,81b2bd4ea98c8db66554fbc8d7637a1a69a130f331feb732b75caab4c4868fd5,8
1d_shallowwater,gPINN-subsampled,gPINN-sub.,gpinn_subsampled,42,checkpoint,results/raw/runs/1d_shallowwater/gpinn_subsampled/seed_42/model_final.pt,1d_shallowwater/gpinn_subsampled/seed_42/model_final.pt,25cc3c9f0eb26e8540642cbfa486ea539e5aafd5353e6e85862f91e6874ee492,340267
1d_shallowwater,gPINN-subsampled,gPINN-sub.,gpinn_subsampled,42,checkpoint_adamw,results/raw/runs/1d_shallowwater/gpinn_subsampled/seed_42/model_adamw_final.pt,1d_shallowwater/gpinn_subsampled/seed_42/model_adamw_final.pt,647a22bbac35118380cdf334ab8957ad994a218423e081d1dd225b7e1b57293d,340363
1d_shallowwater,gPINN-subsampled,gPINN-sub.,gpinn_subsampled,42,config,results/raw/runs/1d_shallowwater/gpinn_subsampled/seed_42/config.json,1d_shallowwater/gpinn_subsampled/seed_42/config.json,5ba5828b3303766cdfa1f8b2a78e529cc7f73dbd5c3d9ded919f1b5b6fc35bba,1231
1d_shallowwater,gPINN-subsampled,gPINN-sub.,gpinn_subsampled,42,environment,results/raw/runs/1d_shallowwater/gpinn_subsampled/seed_42/env.json,1d_shallowwater/gpinn_subsampled/seed_42/env.json,3ea9611b4a501b9d8258401458ea7fbd12107e673f8ddeac71518e0ffecb3269,244
1d_shallowwater,gPINN-subsampled,gPINN-sub.,gpinn_subsampled,42,method,results/raw/runs/1d_shallowwater/gpinn_subsampled/seed_42/method.json,1d_shallowwater/gpinn_subsampled/seed_42/method.json,a9943874dda444ac49a2fe0f214193fc761a7076b054e3b2fb803e61738b1ff3,488
1d_shallowwater,gPINN-subsampled,gPINN-sub.,gpinn_subsampled,42,metrics,results/raw/runs/1d_shallowwater/gpinn_subsampled/seed_42/metrics_final.json,1d_shallowwater/gpinn_subsampled/seed_42/metrics_final.json,44a572ecf30dda7dca8cc112ab6cbe5b77811964bbe78ca022288704d0967023,3782
1d_shallowwater,gPINN-subsampled,gPINN-sub.,gpinn_subsampled,42,status,results/raw/runs/1d_shallowwater/gpinn_subsampled/seed_42/status.json,1d_shallowwater/gpinn_subsampled/seed_42/status.json,452c7573a7cedf4b2ec0ca6bf614b060046bc71147e6a909b8d6a81fc9187550,104
1d_shallowwater,gPINN-subsampled,gPINN-sub.,gpinn_subsampled,42,success_marker,results/raw/runs/1d_shallowwater/gpinn_subsampled/seed_42/_SUCCESS,1d_shallowwater/gpinn_subsampled/seed_42/_SUCCESS,81b2bd4ea98c8db66554fbc8d7637a1a69a130f331feb732b75caab4c4868fd5,8
1d_shallowwater,gPINN-subsampled,gPINN-sub.,gpinn_subsampled,100,checkpoint,results/raw/runs/1d_shallowwater/gpinn_subsampled/seed_100/model_final.pt,1d_shallowwater/gpinn_subsampled/seed_100/model_final.pt,0e56f813bb7564a5f03f9c6cb5c4cd692956ee0d9f12b26e30d6fc0adda64cce,340267
1d_shallowwater,gPINN-subsampled,gPINN-sub.,gpinn_subsampled,100,checkpoint_adamw,results/raw/runs/1d_shallowwater/gpinn_subsampled/seed_100/model_adamw_final.pt,1d_shallowwater/gpinn_subsampled/seed_100/model_adamw_final.pt,d850561d14e9fea6106f11073e5be5c44d4d04437b7bfe7a7417344b798701dd,340363
1d_shallowwater,gPINN-subsampled,gPINN-sub.,gpinn_subsampled,100,config,results/raw/runs/1d_shallowwater/gpinn_subsampled/seed_100/config.json,1d_shallowwater/gpinn_subsampled/seed_100/config.json,59ae557c3113bc0736df6daac786eeeb8657ba93119a3bbdab1f8f30d72ef8ad,1233
1d_shallowwater,gPINN-subsampled,gPINN-sub.,gpinn_subsampled,100,environment,results/raw/runs/1d_shallowwater/gpinn_subsampled/seed_100/env.json,1d_shallowwater/gpinn_subsampled/seed_100/env.json,3ea9611b4a501b9d8258401458ea7fbd12107e673f8ddeac71518e0ffecb3269,244
1d_shallowwater,gPINN-subsampled,gPINN-sub.,gpinn_subsampled,100,method,results/raw/runs/1d_shallowwater/gpinn_subsampled/seed_100/method.json,1d_shallowwater/gpinn_subsampled/seed_100/method.json,a9943874dda444ac49a2fe0f214193fc761a7076b054e3b2fb803e61738b1ff3,488
1d_shallowwater,gPINN-subsampled,gPINN-sub.,gpinn_subsampled,100,metrics,results/raw/runs/1d_shallowwater/gpinn_subsampled/seed_100/metrics_final.json,1d_shallowwater/gpinn_subsampled/seed_100/metrics_final.json,37a5cb21320942a047301d3b3fbfb8c9b72fdb59748fb36059bf66c38db0e396,3766
1d_shallowwater,gPINN-subsampled,gPINN-sub.,gpinn_subsampled,100,status,results/raw/runs/1d_shallowwater/gpinn_subsampled/seed_100/status.json,1d_shallowwater/gpinn_subsampled/seed_100/status.json,9c88273ce1eea9dae9f480c7946601b854a7e3c508cddc42e9748d3eddb4ea15,103
1d_shallowwater,gPINN-subsampled,gPINN-sub.,gpinn_subsampled,100,success_marker,results/raw/runs/1d_shallowwater/gpinn_subsampled/seed_100/_SUCCESS,1d_shallowwater/gpinn_subsampled/seed_100/_SUCCESS,81b2bd4ea98c8db66554fbc8d7637a1a69a130f331feb732b75caab4c4868fd5,8
1d_shallowwater,gPINN-subsampled,gPINN-sub.,gpinn_subsampled,2026,checkpoint,results/raw/runs/1d_shallowwater/gpinn_subsampled/seed_2026/model_final.pt,1d_shallowwater/gpinn_subsampled/seed_2026/model_final.pt,df6b5f478f1aee92057c5d66994825a6d5528f84a7cad8b129d90121e64c5f95,340267
1d_shallowwater,gPINN-subsampled,gPINN-sub.,gpinn_subsampled,2026,checkpoint_adamw,results/raw/runs/1d_shallowwater/gpinn_subsampled/seed_2026/model_adamw_final.pt,1d_shallowwater/gpinn_subsampled/seed_2026/model_adamw_final.pt,f8f9b59bc6a9698fe276788214bddd2a7d3d901a6adc9c95cb444b2b4fd81a3c,340363
1d_shallowwater,gPINN-subsampled,gPINN-sub.,gpinn_subsampled,2026,config,results/raw/runs/1d_shallowwater/gpinn_subsampled/seed_2026/config.json,1d_shallowwater/gpinn_subsampled/seed_2026/config.json,38ab5bee2296884f3ed40bdf74cd8c75bb15126f75753cea188afb2814a276c0,1235
1d_shallowwater,gPINN-subsampled,gPINN-sub.,gpinn_subsampled,2026,environment,results/raw/runs/1d_shallowwater/gpinn_subsampled/seed_2026/env.json,1d_shallowwater/gpinn_subsampled/seed_2026/env.json,3ea9611b4a501b9d8258401458ea7fbd12107e673f8ddeac71518e0ffecb3269,244
1d_shallowwater,gPINN-subsampled,gPINN-sub.,gpinn_subsampled,2026,method,results/raw/runs/1d_shallowwater/gpinn_subsampled/seed_2026/method.json,1d_shallowwater/gpinn_subsampled/seed_2026/method.json,a9943874dda444ac49a2fe0f214193fc761a7076b054e3b2fb803e61738b1ff3,488
1d_shallowwater,gPINN-subsampled,gPINN-sub.,gpinn_subsampled,2026,metrics,results/raw/runs/1d_shallowwater/gpinn_subsampled/seed_2026/metrics_final.json,1d_shallowwater/gpinn_subsampled/seed_2026/metrics_final.json,47c20bf1ebb3d2620badea37fb3750d77c983cb632cc0833f277ba181e1a33bf,3782
1d_shallowwater,gPINN-subsampled,gPINN-sub.,gpinn_subsampled,2026,status,results/raw/runs/1d_shallowwater/gpinn_subsampled/seed_2026/status.json,1d_shallowwater/gpinn_subsampled/seed_2026/status.json,cd8652625e6a320de3abd285ba7e8d0effc82fb466ffbde2050c007b0943a0a0,104
1d_shallowwater,gPINN-subsampled,gPINN-sub.,gpinn_subsampled,2026,success_marker,results/raw/runs/1d_shallowwater/gpinn_subsampled/seed_2026/_SUCCESS,1d_shallowwater/gpinn_subsampled/seed_2026/_SUCCESS,81b2bd4ea98c8db66554fbc8d7637a1a69a130f331feb732b75caab4c4868fd5,8
1d_shallowwater,gPINN-subsampled,gPINN-sub.,gpinn_subsampled,31415,checkpoint,results/raw/runs/1d_shallowwater/gpinn_subsampled/seed_31415/model_final.pt,1d_shallowwater/gpinn_subsampled/seed_31415/model_final.pt,ec26e8d7fc325298a7d0646835d04e06a6a62519e4155ae9b4c492c9de57111b,340267
1d_shallowwater,gPINN-subsampled,gPINN-sub.,gpinn_subsampled,31415,checkpoint_adamw,results/raw/runs/1d_shallowwater/gpinn_subsampled/seed_31415/model_adamw_final.pt,1d_shallowwater/gpinn_subsampled/seed_31415/model_adamw_final.pt,9811416da05783862bcb13c64cc60733aef193be6bdb1b04e836a24e0715cab0,340363
1d_shallowwater,gPINN-subsampled,gPINN-sub.,gpinn_subsampled,31415,config,results/raw/runs/1d_shallowwater/gpinn_subsampled/seed_31415/config.json,1d_shallowwater/gpinn_subsampled/seed_31415/config.json,19227b91ab82984f12e2cc43c65b2692111ec959f821781d1a40cd92e0aa1398,1237
1d_shallowwater,gPINN-subsampled,gPINN-sub.,gpinn_subsampled,31415,environment,results/raw/runs/1d_shallowwater/gpinn_subsampled/seed_31415/env.json,1d_shallowwater/gpinn_subsampled/seed_31415/env.json,3ea9611b4a501b9d8258401458ea7fbd12107e673f8ddeac71518e0ffecb3269,244
1d_shallowwater,gPINN-subsampled,gPINN-sub.,gpinn_subsampled,31415,method,results/raw/runs/1d_shallowwater/gpinn_subsampled/seed_31415/method.json,1d_shallowwater/gpinn_subsampled/seed_31415/method.json,a9943874dda444ac49a2fe0f214193fc761a7076b054e3b2fb803e61738b1ff3,488
1d_shallowwater,gPINN-subsampled,gPINN-sub.,gpinn_subsampled,31415,metrics,results/raw/runs/1d_shallowwater/gpinn_subsampled/seed_31415/metrics_final.json,1d_shallowwater/gpinn_subsampled/seed_31415/metrics_final.json,27882f55a528da4149eff50fa0af50529f8373ea326a4a85603d9d1f37d27c02,3791
1d_shallowwater,gPINN-subsampled,gPINN-sub.,gpinn_subsampled,31415,status,results/raw/runs/1d_shallowwater/gpinn_subsampled/seed_31415/status.json,1d_shallowwater/gpinn_subsampled/seed_31415/status.json,7ea2da8c3c3fdfbeb75b754d097f79aa297747572eb91872c01e3ae5de915258,104
1d_shallowwater,gPINN-subsampled,gPINN-sub.,gpinn_subsampled,31415,success_marker,results/raw/runs/1d_shallowwater/gpinn_subsampled/seed_31415/_SUCCESS,1d_shallowwater/gpinn_subsampled/seed_31415/_SUCCESS,81b2bd4ea98c8db66554fbc8d7637a1a69a130f331feb732b75caab4c4868fd5,8
2d_burgers,AAF-PINN,AAF-PINN,aaf_pinn,7,checkpoint,results/raw/runs/2d_burgers/aaf_pinn/seed_7/model_final.pt,2d_burgers/aaf_pinn/seed_7/model_final.pt,3cd9aba77aa7efc9b2a194441ce325bd66e5a337a35fb5fefd81bc38810a8188,339836
2d_burgers,AAF-PINN,AAF-PINN,aaf_pinn,7,checkpoint_adamw,results/raw/runs/2d_burgers/aaf_pinn/seed_7/model_adamw_final.pt,2d_burgers/aaf_pinn/seed_7/model_adamw_final.pt,6cdb73e13491aa9358ddd8d3b477b8e08d46cb381b969139ed56e5e60cd2c296,339938
2d_burgers,AAF-PINN,AAF-PINN,aaf_pinn,7,config,results/raw/runs/2d_burgers/aaf_pinn/seed_7/config.json,2d_burgers/aaf_pinn/seed_7/config.json,ac79971c4ee5f8c27d43f75f36dc64cf377349bb2ad7d5f61d3384fb36d8c429,1281
2d_burgers,AAF-PINN,AAF-PINN,aaf_pinn,7,environment,results/raw/runs/2d_burgers/aaf_pinn/seed_7/env.json,2d_burgers/aaf_pinn/seed_7/env.json,3ea9611b4a501b9d8258401458ea7fbd12107e673f8ddeac71518e0ffecb3269,244
2d_burgers,AAF-PINN,AAF-PINN,aaf_pinn,7,method,results/raw/runs/2d_burgers/aaf_pinn/seed_7/method.json,2d_burgers/aaf_pinn/seed_7/method.json,2bc394c8121e0255f086f3cf7686e07815272f2462ae3506c5b5b8bc25d81fb1,528
2d_burgers,AAF-PINN,AAF-PINN,aaf_pinn,7,metrics,results/raw/runs/2d_burgers/aaf_pinn/seed_7/metrics_final.json,2d_burgers/aaf_pinn/seed_7/metrics_final.json,78c2665655a2f562a0d5139ba160924a2b1742023be57ac75437968bedb7e835,2979
2d_burgers,AAF-PINN,AAF-PINN,aaf_pinn,7,status,results/raw/runs/2d_burgers/aaf_pinn/seed_7/status.json,2d_burgers/aaf_pinn/seed_7/status.json,4bfa9e46b1849978f51c584bb50a004b87c2f44f96563e7edc0d21745868de93,103
2d_burgers,AAF-PINN,AAF-PINN,aaf_pinn,7,success_marker,results/raw/runs/2d_burgers/aaf_pinn/seed_7/_SUCCESS,2d_burgers/aaf_pinn/seed_7/_SUCCESS,81b2bd4ea98c8db66554fbc8d7637a1a69a130f331feb732b75caab4c4868fd5,8
2d_burgers,AAF-PINN,AAF-PINN,aaf_pinn,42,checkpoint,results/raw/runs/2d_burgers/aaf_pinn/seed_42/model_final.pt,2d_burgers/aaf_pinn/seed_42/model_final.pt,9cf064b7b39f9fc6575755c5b58bfb872f097be6ec70253e21a06fa2e92030e8,339836
2d_burgers,AAF-PINN,AAF-PINN,aaf_pinn,42,checkpoint_adamw,results/raw/runs/2d_burgers/aaf_pinn/seed_42/model_adamw_final.pt,2d_burgers/aaf_pinn/seed_42/model_adamw_final.pt,8bc1794bfcf3ffa9c7a04793ed06a5b55182630b6c8816af4954faa5a6a5967d,339938
2d_burgers,AAF-PINN,AAF-PINN,aaf_pinn,42,config,results/raw/runs/2d_burgers/aaf_pinn/seed_42/config.json,2d_burgers/aaf_pinn/seed_42/config.json,3205cf556ce594a69640df27689fc1a68a24f3f3d9530eda46e1de0c692c0ec8,1283
2d_burgers,AAF-PINN,AAF-PINN,aaf_pinn,42,environment,results/raw/runs/2d_burgers/aaf_pinn/seed_42/env.json,2d_burgers/aaf_pinn/seed_42/env.json,3ea9611b4a501b9d8258401458ea7fbd12107e673f8ddeac71518e0ffecb3269,244
2d_burgers,AAF-PINN,AAF-PINN,aaf_pinn,42,method,results/raw/runs/2d_burgers/aaf_pinn/seed_42/method.json,2d_burgers/aaf_pinn/seed_42/method.json,2bc394c8121e0255f086f3cf7686e07815272f2462ae3506c5b5b8bc25d81fb1,528
2d_burgers,AAF-PINN,AAF-PINN,aaf_pinn,42,metrics,results/raw/runs/2d_burgers/aaf_pinn/seed_42/metrics_final.json,2d_burgers/aaf_pinn/seed_42/metrics_final.json,8551e4449d07e5528fc3e9b9aa656d8227eca798162739902e8fb02922763d3f,2973
2d_burgers,AAF-PINN,AAF-PINN,aaf_pinn,42,status,results/raw/runs/2d_burgers/aaf_pinn/seed_42/status.json,2d_burgers/aaf_pinn/seed_42/status.json,d37eef1c30b3a968a6ed261ba7192b814cce9f2e22efc6676ad7bbae47580b96,103
2d_burgers,AAF-PINN,AAF-PINN,aaf_pinn,42,success_marker,results/raw/runs/2d_burgers/aaf_pinn/seed_42/_SUCCESS,2d_burgers/aaf_pinn/seed_42/_SUCCESS,81b2bd4ea98c8db66554fbc8d7637a1a69a130f331feb732b75caab4c4868fd5,8
2d_burgers,AAF-PINN,AAF-PINN,aaf_pinn,100,checkpoint,results/raw/runs/2d_burgers/aaf_pinn/seed_100/model_final.pt,2d_burgers/aaf_pinn/seed_100/model_final.pt,127de67ea38b7687737550c04c88f1720db514380eb8cff9d107e3ac23c20765,339836
2d_burgers,AAF-PINN,AAF-PINN,aaf_pinn,100,checkpoint_adamw,results/raw/runs/2d_burgers/aaf_pinn/seed_100/model_adamw_final.pt,2d_burgers/aaf_pinn/seed_100/model_adamw_final.pt,28b667661a3d28ee2138af69c02f272cf1515c1d60d5c68b47a69f593d8e7b25,339938
2d_burgers,AAF-PINN,AAF-PINN,aaf_pinn,100,config,results/raw/runs/2d_burgers/aaf_pinn/seed_100/config.json,2d_burgers/aaf_pinn/seed_100/config.json,9ace17d03af7ac32d7a067353f188576ee491f64b5ad080ec92756a0e6641c8c,1285
2d_burgers,AAF-PINN,AAF-PINN,aaf_pinn,100,environment,results/raw/runs/2d_burgers/aaf_pinn/seed_100/env.json,2d_burgers/aaf_pinn/seed_100/env.json,3ea9611b4a501b9d8258401458ea7fbd12107e673f8ddeac71518e0ffecb3269,244
2d_burgers,AAF-PINN,AAF-PINN,aaf_pinn,100,method,results/raw/runs/2d_burgers/aaf_pinn/seed_100/method.json,2d_burgers/aaf_pinn/seed_100/method.json,2bc394c8121e0255f086f3cf7686e07815272f2462ae3506c5b5b8bc25d81fb1,528
2d_burgers,AAF-PINN,AAF-PINN,aaf_pinn,100,metrics,results/raw/runs/2d_burgers/aaf_pinn/seed_100/metrics_final.json,2d_burgers/aaf_pinn/seed_100/metrics_final.json,5547b1a919b4daeafd93bb4408308cd8e1a880585565fe89842b564e08aabcc5,2975
2d_burgers,AAF-PINN,AAF-PINN,aaf_pinn,100,status,results/raw/runs/2d_burgers/aaf_pinn/seed_100/status.json,2d_burgers/aaf_pinn/seed_100/status.json,4eb092e87860e1a31600d14d8dfc5c3037b89340a730bb1ba0be80d06320edbc,104
2d_burgers,AAF-PINN,AAF-PINN,aaf_pinn,100,success_marker,results/raw/runs/2d_burgers/aaf_pinn/seed_100/_SUCCESS,2d_burgers/aaf_pinn/seed_100/_SUCCESS,81b2bd4ea98c8db66554fbc8d7637a1a69a130f331feb732b75caab4c4868fd5,8
2d_burgers,AAF-PINN,AAF-PINN,aaf_pinn,2026,checkpoint,results/raw/runs/2d_burgers/aaf_pinn/seed_2026/model_final.pt,2d_burgers/aaf_pinn/seed_2026/model_final.pt,86c270062ebb6a2e0971e872fd7adfbdeee2a4b680fb34559df78d3c5472c585,339836
2d_burgers,AAF-PINN,AAF-PINN,aaf_pinn,2026,checkpoint_adamw,results/raw/runs/2d_burgers/aaf_pinn/seed_2026/model_adamw_final.pt,2d_burgers/aaf_pinn/seed_2026/model_adamw_final.pt,2d065289bb72b24b941ad96074fb69707430b9eff35528de3649245f8bf80e95,339938
2d_burgers,AAF-PINN,AAF-PINN,aaf_pinn,2026,config,results/raw/runs/2d_burgers/aaf_pinn/seed_2026/config.json,2d_burgers/aaf_pinn/seed_2026/config.json,0c681be7a72267cce7162fb77f4a9b66e89bdb7dd62a637be67e6ec1447e4750,1287
2d_burgers,AAF-PINN,AAF-PINN,aaf_pinn,2026,environment,results/raw/runs/2d_burgers/aaf_pinn/seed_2026/env.json,2d_burgers/aaf_pinn/seed_2026/env.json,3ea9611b4a501b9d8258401458ea7fbd12107e673f8ddeac71518e0ffecb3269,244
2d_burgers,AAF-PINN,AAF-PINN,aaf_pinn,2026,method,results/raw/runs/2d_burgers/aaf_pinn/seed_2026/method.json,2d_burgers/aaf_pinn/seed_2026/method.json,2bc394c8121e0255f086f3cf7686e07815272f2462ae3506c5b5b8bc25d81fb1,528
2d_burgers,AAF-PINN,AAF-PINN,aaf_pinn,2026,metrics,results/raw/runs/2d_burgers/aaf_pinn/seed_2026/metrics_final.json,2d_burgers/aaf_pinn/seed_2026/metrics_final.json,e05579f125dd1d23d3a826d4df1dcd6e8a87a9853e2da39b3965bab40e8e09ad,2975
2d_burgers,AAF-PINN,AAF-PINN,aaf_pinn,2026,status,results/raw/runs/2d_burgers/aaf_pinn/seed_2026/status.json,2d_burgers/aaf_pinn/seed_2026/status.json,f42715e836daa934afdc7050371520bfe61a6e343d83c2028a0e79bc5d1b2fd6,102
2d_burgers,AAF-PINN,AAF-PINN,aaf_pinn,2026,success_marker,results/raw/runs/2d_burgers/aaf_pinn/seed_2026/_SUCCESS,2d_burgers/aaf_pinn/seed_2026/_SUCCESS,81b2bd4ea98c8db66554fbc8d7637a1a69a130f331feb732b75caab4c4868fd5,8
2d_burgers,AAF-PINN,AAF-PINN,aaf_pinn,31415,checkpoint,results/raw/runs/2d_burgers/aaf_pinn/seed_31415/model_final.pt,2d_burgers/aaf_pinn/seed_31415/model_final.pt,d523ed5952159b3051f9d4a6db7e7b4afa44348d404e26584c6a9a298a5f0ba0,339836
2d_burgers,AAF-PINN,AAF-PINN,aaf_pinn,31415,checkpoint_adamw,results/raw/runs/2d_burgers/aaf_pinn/seed_31415/model_adamw_final.pt,2d_burgers/aaf_pinn/seed_31415/model_adamw_final.pt,574383d8f463567e8f394c1c68f75297fac8ed473028b8b8ae1ebcccf14fb4b9,339938
2d_burgers,AAF-PINN,AAF-PINN,aaf_pinn,31415,config,results/raw/runs/2d_burgers/aaf_pinn/seed_31415/config.json,2d_burgers/aaf_pinn/seed_31415/config.json,d1d342e50b1ca74d2134daec23415c537f1eee5fe657f84ce3cff6b859cbffa3,1289
2d_burgers,AAF-PINN,AAF-PINN,aaf_pinn,31415,environment,results/raw/runs/2d_burgers/aaf_pinn/seed_31415/env.json,2d_burgers/aaf_pinn/seed_31415/env.json,3ea9611b4a501b9d8258401458ea7fbd12107e673f8ddeac71518e0ffecb3269,244
2d_burgers,AAF-PINN,AAF-PINN,aaf_pinn,31415,method,results/raw/runs/2d_burgers/aaf_pinn/seed_31415/method.json,2d_burgers/aaf_pinn/seed_31415/method.json,2bc394c8121e0255f086f3cf7686e07815272f2462ae3506c5b5b8bc25d81fb1,528
2d_burgers,AAF-PINN,AAF-PINN,aaf_pinn,31415,metrics,results/raw/runs/2d_burgers/aaf_pinn/seed_31415/metrics_final.json,2d_burgers/aaf_pinn/seed_31415/metrics_final.json,1aacab06f08f5e46f9e4fd9435b586257967d319ecc3360b98317a867b504810,2970
2d_burgers,AAF-PINN,AAF-PINN,aaf_pinn,31415,status,results/raw/runs/2d_burgers/aaf_pinn/seed_31415/status.json,2d_burgers/aaf_pinn/seed_31415/status.json,06339054b825658529f665059b70fc9d52070bff63846ec3541eb61e1318f6e1,102
2d_burgers,AAF-PINN,AAF-PINN,aaf_pinn,31415,success_marker,results/raw/runs/2d_burgers/aaf_pinn/seed_31415/_SUCCESS,2d_burgers/aaf_pinn/seed_31415/_SUCCESS,81b2bd4ea98c8db66554fbc8d7637a1a69a130f331feb732b75caab4c4868fd5,8
2d_burgers,LRA-PINN,LRA-PINN,lra_pinn,7,checkpoint,results/raw/runs/2d_burgers/lra_pinn/seed_7/model_final.pt,2d_burgers/lra_pinn/seed_7/model_final.pt,1b6f2a9957cc8a4481bfe6d01b1bb6549dc7fc1af1781704a4b4ba45e401c6df,339579
2d_burgers,LRA-PINN,LRA-PINN,lra_pinn,7,checkpoint_adamw,results/raw/runs/2d_burgers/lra_pinn/seed_7/model_adamw_final.pt,2d_burgers/lra_pinn/seed_7/model_adamw_final.pt,e5aec3c45c3cf72d537202ab8425b881528e96bf6ddb8de5a8963b1cd95b5b97,339675
2d_burgers,LRA-PINN,LRA-PINN,lra_pinn,7,config,results/raw/runs/2d_burgers/lra_pinn/seed_7/config.json,2d_burgers/lra_pinn/seed_7/config.json,48b91a4226d9de3c75d7e32e316ae7a229b963419a53bb79d9b6a86878781017,1281
2d_burgers,LRA-PINN,LRA-PINN,lra_pinn,7,environment,results/raw/runs/2d_burgers/lra_pinn/seed_7/env.json,2d_burgers/lra_pinn/seed_7/env.json,3ea9611b4a501b9d8258401458ea7fbd12107e673f8ddeac71518e0ffecb3269,244
2d_burgers,LRA-PINN,LRA-PINN,lra_pinn,7,method,results/raw/runs/2d_burgers/lra_pinn/seed_7/method.json,2d_burgers/lra_pinn/seed_7/method.json,ef607cf9703e5f4461366e1c6842e839179b9a8c117b4e2b56f24ce0f650e527,459
2d_burgers,LRA-PINN,LRA-PINN,lra_pinn,7,metrics,results/raw/runs/2d_burgers/lra_pinn/seed_7/metrics_final.json,2d_burgers/lra_pinn/seed_7/metrics_final.json,763270a4dd71332be52a97e248224c24c39c7e5a636ca1c70af0b1d240921085,3033
2d_burgers,LRA-PINN,LRA-PINN,lra_pinn,7,status,results/raw/runs/2d_burgers/lra_pinn/seed_7/status.json,2d_burgers/lra_pinn/seed_7/status.json,7e5e3a10d0e183d35297e5a8fcf54fd7c3c17d912492bd1d4a22c6e30f6bce97,103
2d_burgers,LRA-PINN,LRA-PINN,lra_pinn,7,success_marker,results/raw/runs/2d_burgers/lra_pinn/seed_7/_SUCCESS,2d_burgers/lra_pinn/seed_7/_SUCCESS,81b2bd4ea98c8db66554fbc8d7637a1a69a130f331feb732b75caab4c4868fd5,8
2d_burgers,LRA-PINN,LRA-PINN,lra_pinn,42,checkpoint,results/raw/runs/2d_burgers/lra_pinn/seed_42/model_final.pt,2d_burgers/lra_pinn/seed_42/model_final.pt,55756348164397a315fab7718ef82e4a73d9f568ef909e164ff75dad203c78f2,339579
2d_burgers,LRA-PINN,LRA-PINN,lra_pinn,42,checkpoint_adamw,results/raw/runs/2d_burgers/lra_pinn/seed_42/model_adamw_final.pt,2d_burgers/lra_pinn/seed_42/model_adamw_final.pt,926d95fc0fa0418dfabb495e760948620a6918f36bb771c9e0fd6165ab61c5e1,339675
2d_burgers,LRA-PINN,LRA-PINN,lra_pinn,42,config,results/raw/runs/2d_burgers/lra_pinn/seed_42/config.json,2d_burgers/lra_pinn/seed_42/config.json,b75ade0717e2c50e9e4a40e1e0bcbb4881af2d42bea5673e79632e2ec93fe0fe,1283
2d_burgers,LRA-PINN,LRA-PINN,lra_pinn,42,environment,results/raw/runs/2d_burgers/lra_pinn/seed_42/env.json,2d_burgers/lra_pinn/seed_42/env.json,3ea9611b4a501b9d8258401458ea7fbd12107e673f8ddeac71518e0ffecb3269,244
2d_burgers,LRA-PINN,LRA-PINN,lra_pinn,42,method,results/raw/runs/2d_burgers/lra_pinn/seed_42/method.json,2d_burgers/lra_pinn/seed_42/method.json,ef607cf9703e5f4461366e1c6842e839179b9a8c117b4e2b56f24ce0f650e527,459
2d_burgers,LRA-PINN,LRA-PINN,lra_pinn,42,metrics,results/raw/runs/2d_burgers/lra_pinn/seed_42/metrics_final.json,2d_burgers/lra_pinn/seed_42/metrics_final.json,3b787be9d43dc30581f3f4c5243b1f6afa74b1208bbe48640f8ce92a7e3ac9c3,3035
2d_burgers,LRA-PINN,LRA-PINN,lra_pinn,42,status,results/raw/runs/2d_burgers/lra_pinn/seed_42/status.json,2d_burgers/lra_pinn/seed_42/status.json,1507db00842b7927138eecd8fb191db762fc4e4c57fa1b305728e152a4585410,103
2d_burgers,LRA-PINN,LRA-PINN,lra_pinn,42,success_marker,results/raw/runs/2d_burgers/lra_pinn/seed_42/_SUCCESS,2d_burgers/lra_pinn/seed_42/_SUCCESS,81b2bd4ea98c8db66554fbc8d7637a1a69a130f331feb732b75caab4c4868fd5,8
2d_burgers,LRA-PINN,LRA-PINN,lra_pinn,100,checkpoint,results/raw/runs/2d_burgers/lra_pinn/seed_100/model_final.pt,2d_burgers/lra_pinn/seed_100/model_final.pt,70d3061627fdacb654ececc8f3b7b969226855d2e58ee3350e6678fd4de33052,339579
2d_burgers,LRA-PINN,LRA-PINN,lra_pinn,100,checkpoint_adamw,results/raw/runs/2d_burgers/lra_pinn/seed_100/model_adamw_final.pt,2d_burgers/lra_pinn/seed_100/model_adamw_final.pt,512eb909ac7ebfd7b35cb070503d6dfb87dfe4f3bbf3ddacb58912c0f97aaf3b,339675
2d_burgers,LRA-PINN,LRA-PINN,lra_pinn,100,config,results/raw/runs/2d_burgers/lra_pinn/seed_100/config.json,2d_burgers/lra_pinn/seed_100/config.json,fc55848e646b8d8988172afc07e2cba9a0c337548df308735c48997daf5cd075,1285
2d_burgers,LRA-PINN,LRA-PINN,lra_pinn,100,environment,results/raw/runs/2d_burgers/lra_pinn/seed_100/env.json,2d_burgers/lra_pinn/seed_100/env.json,3ea9611b4a501b9d8258401458ea7fbd12107e673f8ddeac71518e0ffecb3269,244
2d_burgers,LRA-PINN,LRA-PINN,lra_pinn,100,method,results/raw/runs/2d_burgers/lra_pinn/seed_100/method.json,2d_burgers/lra_pinn/seed_100/method.json,ef607cf9703e5f4461366e1c6842e839179b9a8c117b4e2b56f24ce0f650e527,459
2d_burgers,LRA-PINN,LRA-PINN,lra_pinn,100,metrics,results/raw/runs/2d_burgers/lra_pinn/seed_100/metrics_final.json,2d_burgers/lra_pinn/seed_100/metrics_final.json,abf9a1360035fbf1c8ee0f45419be52ac85789d51b160ce5c1c78246645c9b6f,3038
2d_burgers,LRA-PINN,LRA-PINN,lra_pinn,100,status,results/raw/runs/2d_burgers/lra_pinn/seed_100/status.json,2d_burgers/lra_pinn/seed_100/status.json,7f9b276f1516fba0d432366d17c4228ae09813595533faffabda8a33a6303fc8,103
2d_burgers,LRA-PINN,LRA-PINN,lra_pinn,100,success_marker,results/raw/runs/2d_burgers/lra_pinn/seed_100/_SUCCESS,2d_burgers/lra_pinn/seed_100/_SUCCESS,81b2bd4ea98c8db66554fbc8d7637a1a69a130f331feb732b75caab4c4868fd5,8
2d_burgers,LRA-PINN,LRA-PINN,lra_pinn,2026,checkpoint,results/raw/runs/2d_burgers/lra_pinn/seed_2026/model_final.pt,2d_burgers/lra_pinn/seed_2026/model_final.pt,d3254d3672a88a2cbd97eaf4ed0543faa6e8e47c9ec4a2a3134f126d068d8a1d,339579
2d_burgers,LRA-PINN,LRA-PINN,lra_pinn,2026,checkpoint_adamw,results/raw/runs/2d_burgers/lra_pinn/seed_2026/model_adamw_final.pt,2d_burgers/lra_pinn/seed_2026/model_adamw_final.pt,0c58ae71862d44d0781600d50d53d7a49c31d53cea073b74f858e894ed2d7465,339675
2d_burgers,LRA-PINN,LRA-PINN,lra_pinn,2026,config,results/raw/runs/2d_burgers/lra_pinn/seed_2026/config.json,2d_burgers/lra_pinn/seed_2026/config.json,24de1cc2f5bf53cd90e3d743fa8248c0ef26597211e48ab8d2a8406ebe8bbe51,1287
2d_burgers,LRA-PINN,LRA-PINN,lra_pinn,2026,environment,results/raw/runs/2d_burgers/lra_pinn/seed_2026/env.json,2d_burgers/lra_pinn/seed_2026/env.json,3ea9611b4a501b9d8258401458ea7fbd12107e673f8ddeac71518e0ffecb3269,244
2d_burgers,LRA-PINN,LRA-PINN,lra_pinn,2026,method,results/raw/runs/2d_burgers/lra_pinn/seed_2026/method.json,2d_burgers/lra_pinn/seed_2026/method.json,ef607cf9703e5f4461366e1c6842e839179b9a8c117b4e2b56f24ce0f650e527,459
2d_burgers,LRA-PINN,LRA-PINN,lra_pinn,2026,metrics,results/raw/runs/2d_burgers/lra_pinn/seed_2026/metrics_final.json,2d_burgers/lra_pinn/seed_2026/metrics_final.json,fc575df53ee82a744761c6d9841b0034ba67660221ca53f482785a9b6960bec8,3037
2d_burgers,LRA-PINN,LRA-PINN,lra_pinn,2026,status,results/raw/runs/2d_burgers/lra_pinn/seed_2026/status.json,2d_burgers/lra_pinn/seed_2026/status.json,91b1110e8f69ef1e70e40bf33ddcb5fcbf9326e2af9ff5304ebef540f8fce926,102
2d_burgers,LRA-PINN,LRA-PINN,lra_pinn,2026,success_marker,results/raw/runs/2d_burgers/lra_pinn/seed_2026/_SUCCESS,2d_burgers/lra_pinn/seed_2026/_SUCCESS,81b2bd4ea98c8db66554fbc8d7637a1a69a130f331feb732b75caab4c4868fd5,8
2d_burgers,LRA-PINN,LRA-PINN,lra_pinn,31415,checkpoint,results/raw/runs/2d_burgers/lra_pinn/seed_31415/model_final.pt,2d_burgers/lra_pinn/seed_31415/model_final.pt,4fc78dc7b4c56ffc123c194e8a14bd9c4ba5d56f5f3201555d5b1e8467767c5e,339579
2d_burgers,LRA-PINN,LRA-PINN,lra_pinn,31415,checkpoint_adamw,results/raw/runs/2d_burgers/lra_pinn/seed_31415/model_adamw_final.pt,2d_burgers/lra_pinn/seed_31415/model_adamw_final.pt,0df66e269797e39c33a2dcd95b4c4215d97ae6765fc1ec54c1ab093f51b6b836,339675
2d_burgers,LRA-PINN,LRA-PINN,lra_pinn,31415,config,results/raw/runs/2d_burgers/lra_pinn/seed_31415/config.json,2d_burgers/lra_pinn/seed_31415/config.json,f44f183fe11a2ab3f45564330398d2a4f411d222c881f95b2f30831fbc23f6bf,1289
2d_burgers,LRA-PINN,LRA-PINN,lra_pinn,31415,environment,results/raw/runs/2d_burgers/lra_pinn/seed_31415/env.json,2d_burgers/lra_pinn/seed_31415/env.json,3ea9611b4a501b9d8258401458ea7fbd12107e673f8ddeac71518e0ffecb3269,244
2d_burgers,LRA-PINN,LRA-PINN,lra_pinn,31415,method,results/raw/runs/2d_burgers/lra_pinn/seed_31415/method.json,2d_burgers/lra_pinn/seed_31415/method.json,ef607cf9703e5f4461366e1c6842e839179b9a8c117b4e2b56f24ce0f650e527,459
2d_burgers,LRA-PINN,LRA-PINN,lra_pinn,31415,metrics,results/raw/runs/2d_burgers/lra_pinn/seed_31415/metrics_final.json,2d_burgers/lra_pinn/seed_31415/metrics_final.json,7f2c35b497d545f5d0a9f359a6f4faef5da2ab839bf25b5c8e9b72122adb917d,3038
2d_burgers,LRA-PINN,LRA-PINN,lra_pinn,31415,status,results/raw/runs/2d_burgers/lra_pinn/seed_31415/status.json,2d_burgers/lra_pinn/seed_31415/status.json,a82415a4a06e15f6b77984844d035b5c6ae0824aac705ce23b2af72702fa8dda,104
2d_burgers,LRA-PINN,LRA-PINN,lra_pinn,31415,success_marker,results/raw/runs/2d_burgers/lra_pinn/seed_31415/_SUCCESS,2d_burgers/lra_pinn/seed_31415/_SUCCESS,81b2bd4ea98c8db66554fbc8d7637a1a69a130f331feb732b75caab4c4868fd5,8
2d_burgers,RAD-PINN,RAD-PINN,rad_pinn,7,checkpoint,results/raw/runs/2d_burgers/rad_pinn/seed_7/model_final.pt,2d_burgers/rad_pinn/seed_7/model_final.pt,ebccca6449a4d49f8f18c7163b7d8ae03e8a091bde70e826f9690510f2e3c5c4,339515
2d_burgers,RAD-PINN,RAD-PINN,rad_pinn,7,checkpoint_adamw,results/raw/runs/2d_burgers/rad_pinn/seed_7/model_adamw_final.pt,2d_burgers/rad_pinn/seed_7/model_adamw_final.pt,68392726258fe40fcdc7f905091ac295317e60b80aff2a541e5864f15fb8b66c,339611
2d_burgers,RAD-PINN,RAD-PINN,rad_pinn,7,config,results/raw/runs/2d_burgers/rad_pinn/seed_7/config.json,2d_burgers/rad_pinn/seed_7/config.json,6d6e73cbe6b5319750a37adaac1cf797e14661307c2e416668b53e7a483cf26d,1281
2d_burgers,RAD-PINN,RAD-PINN,rad_pinn,7,environment,results/raw/runs/2d_burgers/rad_pinn/seed_7/env.json,2d_burgers/rad_pinn/seed_7/env.json,3ea9611b4a501b9d8258401458ea7fbd12107e673f8ddeac71518e0ffecb3269,244
2d_burgers,RAD-PINN,RAD-PINN,rad_pinn,7,method,results/raw/runs/2d_burgers/rad_pinn/seed_7/method.json,2d_burgers/rad_pinn/seed_7/method.json,329ec04a4d01613a9a753411007d6028a5b0cd30594e3d899e6f884093b81665,413
2d_burgers,RAD-PINN,RAD-PINN,rad_pinn,7,metrics,results/raw/runs/2d_burgers/rad_pinn/seed_7/metrics_final.json,2d_burgers/rad_pinn/seed_7/metrics_final.json,28f3d14afeb2830b07e217168ea8fddb0d68dc574887a7424d072f9b114d7e42,2907
2d_burgers,RAD-PINN,RAD-PINN,rad_pinn,7,status,results/raw/runs/2d_burgers/rad_pinn/seed_7/status.json,2d_burgers/rad_pinn/seed_7/status.json,003824b262ebcbc2b1310ac1c0d56b4183debe59eb87a12a19cc3cd7895af305,103
2d_burgers,RAD-PINN,RAD-PINN,rad_pinn,7,success_marker,results/raw/runs/2d_burgers/rad_pinn/seed_7/_SUCCESS,2d_burgers/rad_pinn/seed_7/_SUCCESS,81b2bd4ea98c8db66554fbc8d7637a1a69a130f331feb732b75caab4c4868fd5,8
2d_burgers,RAD-PINN,RAD-PINN,rad_pinn,42,checkpoint,results/raw/runs/2d_burgers/rad_pinn/seed_42/model_final.pt,2d_burgers/rad_pinn/seed_42/model_final.pt,183997882c8e4739c600860de73096898b5eab2594f77991e53585dbc20e84bf,339515
2d_burgers,RAD-PINN,RAD-PINN,rad_pinn,42,checkpoint_adamw,results/raw/runs/2d_burgers/rad_pinn/seed_42/model_adamw_final.pt,2d_burgers/rad_pinn/seed_42/model_adamw_final.pt,ccd8895921cec874df076428979632d1c63ceb5fc2b846a1d48fc994768c9c3a,339611
2d_burgers,RAD-PINN,RAD-PINN,rad_pinn,42,config,results/raw/runs/2d_burgers/rad_pinn/seed_42/config.json,2d_burgers/rad_pinn/seed_42/config.json,0fbb3e5026eb5ebe9ada6025b848bb2089c9485141482ee4601c388a933567cc,1283
2d_burgers,RAD-PINN,RAD-PINN,rad_pinn,42,environment,results/raw/runs/2d_burgers/rad_pinn/seed_42/env.json,2d_burgers/rad_pinn/seed_42/env.json,3ea9611b4a501b9d8258401458ea7fbd12107e673f8ddeac71518e0ffecb3269,244
2d_burgers,RAD-PINN,RAD-PINN,rad_pinn,42,method,results/raw/runs/2d_burgers/rad_pinn/seed_42/method.json,2d_burgers/rad_pinn/seed_42/method.json,329ec04a4d01613a9a753411007d6028a5b0cd30594e3d899e6f884093b81665,413
2d_burgers,RAD-PINN,RAD-PINN,rad_pinn,42,metrics,results/raw/runs/2d_burgers/rad_pinn/seed_42/metrics_final.json,2d_burgers/rad_pinn/seed_42/metrics_final.json,8e02ab155ca35aa7189ec28bdf52a5c901e246be0739e309719841dfb04f0c11,2907
2d_burgers,RAD-PINN,RAD-PINN,rad_pinn,42,status,results/raw/runs/2d_burgers/rad_pinn/seed_42/status.json,2d_burgers/rad_pinn/seed_42/status.json,99ac99d0676da8eadc408fb512504711ceca0629ebd702a8cc70aab016a5297d,103
2d_burgers,RAD-PINN,RAD-PINN,rad_pinn,42,success_marker,results/raw/runs/2d_burgers/rad_pinn/seed_42/_SUCCESS,2d_burgers/rad_pinn/seed_42/_SUCCESS,81b2bd4ea98c8db66554fbc8d7637a1a69a130f331feb732b75caab4c4868fd5,8
2d_burgers,RAD-PINN,RAD-PINN,rad_pinn,100,checkpoint,results/raw/runs/2d_burgers/rad_pinn/seed_100/model_final.pt,2d_burgers/rad_pinn/seed_100/model_final.pt,fb3c7716afbc799013ccbded6025961bdcc8fa9c1d4ca5d2320c128c66a24df2,339515
2d_burgers,RAD-PINN,RAD-PINN,rad_pinn,100,checkpoint_adamw,results/raw/runs/2d_burgers/rad_pinn/seed_100/model_adamw_final.pt,2d_burgers/rad_pinn/seed_100/model_adamw_final.pt,819f147f2faf46f72d201a1d958de0a859e075332083a44566055d11bd4c864b,339611
2d_burgers,RAD-PINN,RAD-PINN,rad_pinn,100,config,results/raw/runs/2d_burgers/rad_pinn/seed_100/config.json,2d_burgers/rad_pinn/seed_100/config.json,4880fe03b19de94b3057cd8cac21f598903bf549710a9280a964c2ec71263a03,1285
2d_burgers,RAD-PINN,RAD-PINN,rad_pinn,100,environment,results/raw/runs/2d_burgers/rad_pinn/seed_100/env.json,2d_burgers/rad_pinn/seed_100/env.json,3ea9611b4a501b9d8258401458ea7fbd12107e673f8ddeac71518e0ffecb3269,244
2d_burgers,RAD-PINN,RAD-PINN,rad_pinn,100,method,results/raw/runs/2d_burgers/rad_pinn/seed_100/method.json,2d_burgers/rad_pinn/seed_100/method.json,329ec04a4d01613a9a753411007d6028a5b0cd30594e3d899e6f884093b81665,413
2d_burgers,RAD-PINN,RAD-PINN,rad_pinn,100,metrics,results/raw/runs/2d_burgers/rad_pinn/seed_100/metrics_final.json,2d_burgers/rad_pinn/seed_100/metrics_final.json,08b99d5fda4214baa1f99f735435f9d3e88f4684c5803dc43a7576c7bfb13ac5,2903
2d_burgers,RAD-PINN,RAD-PINN,rad_pinn,100,status,results/raw/runs/2d_burgers/rad_pinn/seed_100/status.json,2d_burgers/rad_pinn/seed_100/status.json,c80dec8b67b48609cc84d1ac024b6e9d91fb62ec6b8815ad9d9ce26863c4adaf,104
2d_burgers,RAD-PINN,RAD-PINN,rad_pinn,100,success_marker,results/raw/runs/2d_burgers/rad_pinn/seed_100/_SUCCESS,2d_burgers/rad_pinn/seed_100/_SUCCESS,81b2bd4ea98c8db66554fbc8d7637a1a69a130f331feb732b75caab4c4868fd5,8
2d_burgers,RAD-PINN,RAD-PINN,rad_pinn,2026,checkpoint,results/raw/runs/2d_burgers/rad_pinn/seed_2026/model_final.pt,2d_burgers/rad_pinn/seed_2026/model_final.pt,7d5d385158a54ba98408fbb11c1602dee5fe0661f9acd689cde92d3cb14bc119,339515
2d_burgers,RAD-PINN,RAD-PINN,rad_pinn,2026,checkpoint_adamw,results/raw/runs/2d_burgers/rad_pinn/seed_2026/model_adamw_final.pt,2d_burgers/rad_pinn/seed_2026/model_adamw_final.pt,43afd5f23e012905d466be8fde33e2b6988937bf125f12fa07ceb26fbf0f5bc9,339611
2d_burgers,RAD-PINN,RAD-PINN,rad_pinn,2026,config,results/raw/runs/2d_burgers/rad_pinn/seed_2026/config.json,2d_burgers/rad_pinn/seed_2026/config.json,d58cd940079319e7c1a2b240771d809d635d1da9af4ffa6f8485eec8008987e6,1287
2d_burgers,RAD-PINN,RAD-PINN,rad_pinn,2026,environment,results/raw/runs/2d_burgers/rad_pinn/seed_2026/env.json,2d_burgers/rad_pinn/seed_2026/env.json,3ea9611b4a501b9d8258401458ea7fbd12107e673f8ddeac71518e0ffecb3269,244
2d_burgers,RAD-PINN,RAD-PINN,rad_pinn,2026,method,results/raw/runs/2d_burgers/rad_pinn/seed_2026/method.json,2d_burgers/rad_pinn/seed_2026/method.json,329ec04a4d01613a9a753411007d6028a5b0cd30594e3d899e6f884093b81665,413
2d_burgers,RAD-PINN,RAD-PINN,rad_pinn,2026,metrics,results/raw/runs/2d_burgers/rad_pinn/seed_2026/metrics_final.json,2d_burgers/rad_pinn/seed_2026/metrics_final.json,c6ebe7b5fa699aced6d939dc505e0e4ba2bfe0ef5da4cbd7756a743720087a38,2899
2d_burgers,RAD-PINN,RAD-PINN,rad_pinn,2026,status,results/raw/runs/2d_burgers/rad_pinn/seed_2026/status.json,2d_burgers/rad_pinn/seed_2026/status.json,e67f1e6f9dc26d2e248ab9eb47e467a33cdd2b9fe7980402af8061a4d3dc5c67,103
2d_burgers,RAD-PINN,RAD-PINN,rad_pinn,2026,success_marker,results/raw/runs/2d_burgers/rad_pinn/seed_2026/_SUCCESS,2d_burgers/rad_pinn/seed_2026/_SUCCESS,81b2bd4ea98c8db66554fbc8d7637a1a69a130f331feb732b75caab4c4868fd5,8
2d_burgers,RAD-PINN,RAD-PINN,rad_pinn,31415,checkpoint,results/raw/runs/2d_burgers/rad_pinn/seed_31415/model_final.pt,2d_burgers/rad_pinn/seed_31415/model_final.pt,7c8dd55f191cb9fab53e536cba781b8470f9d5691e844fa84522bf7444ce29bb,339515
2d_burgers,RAD-PINN,RAD-PINN,rad_pinn,31415,checkpoint_adamw,results/raw/runs/2d_burgers/rad_pinn/seed_31415/model_adamw_final.pt,2d_burgers/rad_pinn/seed_31415/model_adamw_final.pt,5c4e28f32fad64df5a778be43f94a56b69badacaf9835005040f78f6ebd9e692,339611
2d_burgers,RAD-PINN,RAD-PINN,rad_pinn,31415,config,results/raw/runs/2d_burgers/rad_pinn/seed_31415/config.json,2d_burgers/rad_pinn/seed_31415/config.json,345236dd3d86faf5d1786655935e265d9c2e2d1dba2fc4173dd9714cac7ac620,1289
2d_burgers,RAD-PINN,RAD-PINN,rad_pinn,31415,environment,results/raw/runs/2d_burgers/rad_pinn/seed_31415/env.json,2d_burgers/rad_pinn/seed_31415/env.json,3ea9611b4a501b9d8258401458ea7fbd12107e673f8ddeac71518e0ffecb3269,244
2d_burgers,RAD-PINN,RAD-PINN,rad_pinn,31415,method,results/raw/runs/2d_burgers/rad_pinn/seed_31415/method.json,2d_burgers/rad_pinn/seed_31415/method.json,329ec04a4d01613a9a753411007d6028a5b0cd30594e3d899e6f884093b81665,413
2d_burgers,RAD-PINN,RAD-PINN,rad_pinn,31415,metrics,results/raw/runs/2d_burgers/rad_pinn/seed_31415/metrics_final.json,2d_burgers/rad_pinn/seed_31415/metrics_final.json,521f3dee11193f33bbbfa4dff77fd93f9c9f6355ac7e3ea20f227a770c86f2ba,2905
2d_burgers,RAD-PINN,RAD-PINN,rad_pinn,31415,status,results/raw/runs/2d_burgers/rad_pinn/seed_31415/status.json,2d_burgers/rad_pinn/seed_31415/status.json,eda369461609f095134ba5d038bc8a18687ec39ad0cfbecf19e5e8780cb3a16a,102
2d_burgers,RAD-PINN,RAD-PINN,rad_pinn,31415,success_marker,results/raw/runs/2d_burgers/rad_pinn/seed_31415/_SUCCESS,2d_burgers/rad_pinn/seed_31415/_SUCCESS,81b2bd4ea98c8db66554fbc8d7637a1a69a130f331feb732b75caab4c4868fd5,8
2d_burgers,RAR-D-PINN,RAR-D-PINN,rar_d_pinn,7,checkpoint,results/raw/runs/2d_burgers/rar_d_pinn/seed_7/model_final.pt,2d_burgers/rar_d_pinn/seed_7/model_final.pt,13a81d3ca140a86e05b3a67cfa4b058c26152ce108fb48d76af59ae607faefe0,339643
2d_burgers,RAR-D-PINN,RAR-D-PINN,rar_d_pinn,7,checkpoint_adamw,results/raw/runs/2d_burgers/rar_d_pinn/seed_7/model_adamw_final.pt,2d_burgers/rar_d_pinn/seed_7/model_adamw_final.pt,f88918f18e6fd3786ef2072b213271abf1707ec2df68c68865cef70bb9e6f241,339739
2d_burgers,RAR-D-PINN,RAR-D-PINN,rar_d_pinn,7,config,results/raw/runs/2d_burgers/rar_d_pinn/seed_7/config.json,2d_burgers/rar_d_pinn/seed_7/config.json,13053b3ba5116a9e367f4d97ac762815e491dbcc60b146ef51ac69b0218843ce,1283
2d_burgers,RAR-D-PINN,RAR-D-PINN,rar_d_pinn,7,environment,results/raw/runs/2d_burgers/rar_d_pinn/seed_7/env.json,2d_burgers/rar_d_pinn/seed_7/env.json,3ea9611b4a501b9d8258401458ea7fbd12107e673f8ddeac71518e0ffecb3269,244
2d_burgers,RAR-D-PINN,RAR-D-PINN,rar_d_pinn,7,method,results/raw/runs/2d_burgers/rar_d_pinn/seed_7/method.json,2d_burgers/rar_d_pinn/seed_7/method.json,54a2662197c6ca7758f832792ee5424b7c7af2aaa7112f9841bc917657ca558b,380
2d_burgers,RAR-D-PINN,RAR-D-PINN,rar_d_pinn,7,metrics,results/raw/runs/2d_burgers/rar_d_pinn/seed_7/metrics_final.json,2d_burgers/rar_d_pinn/seed_7/metrics_final.json,51190fe3248ff91f266437d0b29d123ff9636f4778b931efef23d61b260d5d76,3021
2d_burgers,RAR-D-PINN,RAR-D-PINN,rar_d_pinn,7,status,results/raw/runs/2d_burgers/rar_d_pinn/seed_7/status.json,2d_burgers/rar_d_pinn/seed_7/status.json,f2515acf9a91020d7ad5c3c674ee97be1c6ad82ce6902c607b59d2a720400bee,104
2d_burgers,RAR-D-PINN,RAR-D-PINN,rar_d_pinn,7,success_marker,results/raw/runs/2d_burgers/rar_d_pinn/seed_7/_SUCCESS,2d_burgers/rar_d_pinn/seed_7/_SUCCESS,81b2bd4ea98c8db66554fbc8d7637a1a69a130f331feb732b75caab4c4868fd5,8
2d_burgers,RAR-D-PINN,RAR-D-PINN,rar_d_pinn,42,checkpoint,results/raw/runs/2d_burgers/rar_d_pinn/seed_42/model_final.pt,2d_burgers/rar_d_pinn/seed_42/model_final.pt,1feb1afe6e069bc2c9e032d04bee08824cdad0e73b67f2e143b20039557ef758,339643
2d_burgers,RAR-D-PINN,RAR-D-PINN,rar_d_pinn,42,checkpoint_adamw,results/raw/runs/2d_burgers/rar_d_pinn/seed_42/model_adamw_final.pt,2d_burgers/rar_d_pinn/seed_42/model_adamw_final.pt,d9b28adb9f2bbe56a391f54cfdd7edb9c39d668f338433116070ae5a6c51e892,339739
2d_burgers,RAR-D-PINN,RAR-D-PINN,rar_d_pinn,42,config,results/raw/runs/2d_burgers/rar_d_pinn/seed_42/config.json,2d_burgers/rar_d_pinn/seed_42/config.json,fe780a53afb606a6c24d77112668817ee712428be1793bd223bb308bf66f49ac,1285
2d_burgers,RAR-D-PINN,RAR-D-PINN,rar_d_pinn,42,environment,results/raw/runs/2d_burgers/rar_d_pinn/seed_42/env.json,2d_burgers/rar_d_pinn/seed_42/env.json,3ea9611b4a501b9d8258401458ea7fbd12107e673f8ddeac71518e0ffecb3269,244
2d_burgers,RAR-D-PINN,RAR-D-PINN,rar_d_pinn,42,method,results/raw/runs/2d_burgers/rar_d_pinn/seed_42/method.json,2d_burgers/rar_d_pinn/seed_42/method.json,54a2662197c6ca7758f832792ee5424b7c7af2aaa7112f9841bc917657ca558b,380
2d_burgers,RAR-D-PINN,RAR-D-PINN,rar_d_pinn,42,metrics,results/raw/runs/2d_burgers/rar_d_pinn/seed_42/metrics_final.json,2d_burgers/rar_d_pinn/seed_42/metrics_final.json,d39f059f0cfa6008c12d39ca5fc23f369ccb18d62e2049b1e004010ced335edc,3014
2d_burgers,RAR-D-PINN,RAR-D-PINN,rar_d_pinn,42,status,results/raw/runs/2d_burgers/rar_d_pinn/seed_42/status.json,2d_burgers/rar_d_pinn/seed_42/status.json,9e9be396aac9791067f42abdf7aa97b1036cc8108dc1ddb6683ce34f17ffd9c4,103
2d_burgers,RAR-D-PINN,RAR-D-PINN,rar_d_pinn,42,success_marker,results/raw/runs/2d_burgers/rar_d_pinn/seed_42/_SUCCESS,2d_burgers/rar_d_pinn/seed_42/_SUCCESS,81b2bd4ea98c8db66554fbc8d7637a1a69a130f331feb732b75caab4c4868fd5,8
2d_burgers,RAR-D-PINN,RAR-D-PINN,rar_d_pinn,100,checkpoint,results/raw/runs/2d_burgers/rar_d_pinn/seed_100/model_final.pt,2d_burgers/rar_d_pinn/seed_100/model_final.pt,929915193480e02f994cf566e0d6e742bdde5693ea4dbb766e620edaa3a22e72,339643
2d_burgers,RAR-D-PINN,RAR-D-PINN,rar_d_pinn,100,checkpoint_adamw,results/raw/runs/2d_burgers/rar_d_pinn/seed_100/model_adamw_final.pt,2d_burgers/rar_d_pinn/seed_100/model_adamw_final.pt,51f80fe38bca5eaa8b83718fc57aa894d1c44c41fad5417fa53233a491b4c425,339739
2d_burgers,RAR-D-PINN,RAR-D-PINN,rar_d_pinn,100,config,results/raw/runs/2d_burgers/rar_d_pinn/seed_100/config.json,2d_burgers/rar_d_pinn/seed_100/config.json,0a954c8dbb48b14bac47eee753eb63f5ba8948f48c07402cd21229c93c20f169,1287
2d_burgers,RAR-D-PINN,RAR-D-PINN,rar_d_pinn,100,environment,results/raw/runs/2d_burgers/rar_d_pinn/seed_100/env.json,2d_burgers/rar_d_pinn/seed_100/env.json,3ea9611b4a501b9d8258401458ea7fbd12107e673f8ddeac71518e0ffecb3269,244
2d_burgers,RAR-D-PINN,RAR-D-PINN,rar_d_pinn,100,method,results/raw/runs/2d_burgers/rar_d_pinn/seed_100/method.json,2d_burgers/rar_d_pinn/seed_100/method.json,54a2662197c6ca7758f832792ee5424b7c7af2aaa7112f9841bc917657ca558b,380
2d_burgers,RAR-D-PINN,RAR-D-PINN,rar_d_pinn,100,metrics,results/raw/runs/2d_burgers/rar_d_pinn/seed_100/metrics_final.json,2d_burgers/rar_d_pinn/seed_100/metrics_final.json,f02cfe2da990377de3869d9ce54927d1e3ab6a0a7d6132e9289e47ac510c7272,3012
2d_burgers,RAR-D-PINN,RAR-D-PINN,rar_d_pinn,100,status,results/raw/runs/2d_burgers/rar_d_pinn/seed_100/status.json,2d_burgers/rar_d_pinn/seed_100/status.json,c5fe86c1424db423086a5ab4f1a1557bb3fd12468ffba0cf34da5935cce9e2e0,103
2d_burgers,RAR-D-PINN,RAR-D-PINN,rar_d_pinn,100,success_marker,results/raw/runs/2d_burgers/rar_d_pinn/seed_100/_SUCCESS,2d_burgers/rar_d_pinn/seed_100/_SUCCESS,81b2bd4ea98c8db66554fbc8d7637a1a69a130f331feb732b75caab4c4868fd5,8
2d_burgers,RAR-D-PINN,RAR-D-PINN,rar_d_pinn,2026,checkpoint,results/raw/runs/2d_burgers/rar_d_pinn/seed_2026/model_final.pt,2d_burgers/rar_d_pinn/seed_2026/model_final.pt,57b5d32f060bdb3692ff09dfaeff67b957d95a31e594498c0a2da87ff4365239,339643
2d_burgers,RAR-D-PINN,RAR-D-PINN,rar_d_pinn,2026,checkpoint_adamw,results/raw/runs/2d_burgers/rar_d_pinn/seed_2026/model_adamw_final.pt,2d_burgers/rar_d_pinn/seed_2026/model_adamw_final.pt,d3fef2ed43751b3998b41f430f51a9373347c2c3af7c2c0df09367d8216f7d08,339739
2d_burgers,RAR-D-PINN,RAR-D-PINN,rar_d_pinn,2026,config,results/raw/runs/2d_burgers/rar_d_pinn/seed_2026/config.json,2d_burgers/rar_d_pinn/seed_2026/config.json,875c25157107388c2533b79e84649312a2457d183430279f2f3c3f44a9f839f6,1289
2d_burgers,RAR-D-PINN,RAR-D-PINN,rar_d_pinn,2026,environment,results/raw/runs/2d_burgers/rar_d_pinn/seed_2026/env.json,2d_burgers/rar_d_pinn/seed_2026/env.json,3ea9611b4a501b9d8258401458ea7fbd12107e673f8ddeac71518e0ffecb3269,244
2d_burgers,RAR-D-PINN,RAR-D-PINN,rar_d_pinn,2026,method,results/raw/runs/2d_burgers/rar_d_pinn/seed_2026/method.json,2d_burgers/rar_d_pinn/seed_2026/method.json,54a2662197c6ca7758f832792ee5424b7c7af2aaa7112f9841bc917657ca558b,380
2d_burgers,RAR-D-PINN,RAR-D-PINN,rar_d_pinn,2026,metrics,results/raw/runs/2d_burgers/rar_d_pinn/seed_2026/metrics_final.json,2d_burgers/rar_d_pinn/seed_2026/metrics_final.json,2315ad10a5f00222c53995c8d63bb19f942f25643a48009a509d4c1ff6a12e70,3007
2d_burgers,RAR-D-PINN,RAR-D-PINN,rar_d_pinn,2026,status,results/raw/runs/2d_burgers/rar_d_pinn/seed_2026/status.json,2d_burgers/rar_d_pinn/seed_2026/status.json,91841e82d8129790c780e35316a436ef71d7118f2f4eb453192538648ab41bbd,104
2d_burgers,RAR-D-PINN,RAR-D-PINN,rar_d_pinn,2026,success_marker,results/raw/runs/2d_burgers/rar_d_pinn/seed_2026/_SUCCESS,2d_burgers/rar_d_pinn/seed_2026/_SUCCESS,81b2bd4ea98c8db66554fbc8d7637a1a69a130f331feb732b75caab4c4868fd5,8
2d_burgers,RAR-D-PINN,RAR-D-PINN,rar_d_pinn,31415,checkpoint,results/raw/runs/2d_burgers/rar_d_pinn/seed_31415/model_final.pt,2d_burgers/rar_d_pinn/seed_31415/model_final.pt,bd6e3bee5f4fcf9e6c4ffcda293c2fb1a6096355a522f3cb2f1320386642192f,339643
2d_burgers,RAR-D-PINN,RAR-D-PINN,rar_d_pinn,31415,checkpoint_adamw,results/raw/runs/2d_burgers/rar_d_pinn/seed_31415/model_adamw_final.pt,2d_burgers/rar_d_pinn/seed_31415/model_adamw_final.pt,c3a0be821d4188de8782dde13908d31aa108c9547dc84374b423c3659106a03e,339739
2d_burgers,RAR-D-PINN,RAR-D-PINN,rar_d_pinn,31415,config,results/raw/runs/2d_burgers/rar_d_pinn/seed_31415/config.json,2d_burgers/rar_d_pinn/seed_31415/config.json,fd052dda5cb6b92650670f98f306337dd324c525c85b996ed3db0e734b7ace0f,1291
2d_burgers,RAR-D-PINN,RAR-D-PINN,rar_d_pinn,31415,environment,results/raw/runs/2d_burgers/rar_d_pinn/seed_31415/env.json,2d_burgers/rar_d_pinn/seed_31415/env.json,3ea9611b4a501b9d8258401458ea7fbd12107e673f8ddeac71518e0ffecb3269,244
2d_burgers,RAR-D-PINN,RAR-D-PINN,rar_d_pinn,31415,method,results/raw/runs/2d_burgers/rar_d_pinn/seed_31415/method.json,2d_burgers/rar_d_pinn/seed_31415/method.json,54a2662197c6ca7758f832792ee5424b7c7af2aaa7112f9841bc917657ca558b,380
2d_burgers,RAR-D-PINN,RAR-D-PINN,rar_d_pinn,31415,metrics,results/raw/runs/2d_burgers/rar_d_pinn/seed_31415/metrics_final.json,2d_burgers/rar_d_pinn/seed_31415/metrics_final.json,952254fa9e6f81e38c9a5d4feffb9193e318793798b0619cb6b549e7592a5078,3014
2d_burgers,RAR-D-PINN,RAR-D-PINN,rar_d_pinn,31415,status,results/raw/runs/2d_burgers/rar_d_pinn/seed_31415/status.json,2d_burgers/rar_d_pinn/seed_31415/status.json,a8ad286e0e90295126b08937c356cca71e53d74939c185059308b79e223291dc,104
2d_burgers,RAR-D-PINN,RAR-D-PINN,rar_d_pinn,31415,success_marker,results/raw/runs/2d_burgers/rar_d_pinn/seed_31415/_SUCCESS,2d_burgers/rar_d_pinn/seed_31415/_SUCCESS,81b2bd4ea98c8db66554fbc8d7637a1a69a130f331feb732b75caab4c4868fd5,8
2d_burgers,SA-PINN,SA-PINN,sa_pinn,7,checkpoint,results/raw/runs/2d_burgers/sa_pinn/seed_7/model_final.pt,2d_burgers/sa_pinn/seed_7/model_final.pt,a391287db7bc00121cdffda98fc4db513083c57a5ad545d8c659036cea22fb66,339643
2d_burgers,SA-PINN,SA-PINN,sa_pinn,7,checkpoint_adamw,results/raw/runs/2d_burgers/sa_pinn/seed_7/model_adamw_final.pt,2d_burgers/sa_pinn/seed_7/model_adamw_final.pt,ce3f06b1f0ea983442fe4e4d96d6d2af5a13aad8081b37603a7ac28892085fa3,339739
2d_burgers,SA-PINN,SA-PINN,sa_pinn,7,config,results/raw/runs/2d_burgers/sa_pinn/seed_7/config.json,2d_burgers/sa_pinn/seed_7/config.json,50a3b9132bbcd9f98aed607878a9ed7bd30dc09090111cc53fdd3096b6288b96,1280
2d_burgers,SA-PINN,SA-PINN,sa_pinn,7,environment,results/raw/runs/2d_burgers/sa_pinn/seed_7/env.json,2d_burgers/sa_pinn/seed_7/env.json,3ea9611b4a501b9d8258401458ea7fbd12107e673f8ddeac71518e0ffecb3269,244
2d_burgers,SA-PINN,SA-PINN,sa_pinn,7,method,results/raw/runs/2d_burgers/sa_pinn/seed_7/method.json,2d_burgers/sa_pinn/seed_7/method.json,329dda87d03d96252846c8d2b86fc01d66d76e211672bf02e62b6d7ae511d5f1,417
2d_burgers,SA-PINN,SA-PINN,sa_pinn,7,metrics,results/raw/runs/2d_burgers/sa_pinn/seed_7/metrics_final.json,2d_burgers/sa_pinn/seed_7/metrics_final.json,06049322d324d7b0cbe2f3819187257c936d64845707297a78098bfc759ef328,3056
2d_burgers,SA-PINN,SA-PINN,sa_pinn,7,status,results/raw/runs/2d_burgers/sa_pinn/seed_7/status.json,2d_burgers/sa_pinn/seed_7/status.json,3918b7f473e663f24c51c44baaffc93a6b19010ba8b55cb06385d7c269948c7d,104
2d_burgers,SA-PINN,SA-PINN,sa_pinn,7,success_marker,results/raw/runs/2d_burgers/sa_pinn/seed_7/_SUCCESS,2d_burgers/sa_pinn/seed_7/_SUCCESS,81b2bd4ea98c8db66554fbc8d7637a1a69a130f331feb732b75caab4c4868fd5,8
2d_burgers,SA-PINN,SA-PINN,sa_pinn,42,checkpoint,results/raw/runs/2d_burgers/sa_pinn/seed_42/model_final.pt,2d_burgers/sa_pinn/seed_42/model_final.pt,bd35a484d8b83d954c93e7a84f4137dca61794f7e8684fcaffebb015a70749e3,339643
2d_burgers,SA-PINN,SA-PINN,sa_pinn,42,checkpoint_adamw,results/raw/runs/2d_burgers/sa_pinn/seed_42/model_adamw_final.pt,2d_burgers/sa_pinn/seed_42/model_adamw_final.pt,d6591d46aa4b018e66b7acab79495e52f7c38bdfb1f67696636e98c13741f74a,339739
2d_burgers,SA-PINN,SA-PINN,sa_pinn,42,config,results/raw/runs/2d_burgers/sa_pinn/seed_42/config.json,2d_burgers/sa_pinn/seed_42/config.json,106a998c71f136535a0f673935b49a369ca440dd06eeac4965ef130378938a97,1282
2d_burgers,SA-PINN,SA-PINN,sa_pinn,42,environment,results/raw/runs/2d_burgers/sa_pinn/seed_42/env.json,2d_burgers/sa_pinn/seed_42/env.json,3ea9611b4a501b9d8258401458ea7fbd12107e673f8ddeac71518e0ffecb3269,244
2d_burgers,SA-PINN,SA-PINN,sa_pinn,42,method,results/raw/runs/2d_burgers/sa_pinn/seed_42/method.json,2d_burgers/sa_pinn/seed_42/method.json,329dda87d03d96252846c8d2b86fc01d66d76e211672bf02e62b6d7ae511d5f1,417
2d_burgers,SA-PINN,SA-PINN,sa_pinn,42,metrics,results/raw/runs/2d_burgers/sa_pinn/seed_42/metrics_final.json,2d_burgers/sa_pinn/seed_42/metrics_final.json,3bb35641d07444693d4c9b571d7ef6b274219f6abbb1b83e270f7e14d495ccb8,3066
2d_burgers,SA-PINN,SA-PINN,sa_pinn,42,status,results/raw/runs/2d_burgers/sa_pinn/seed_42/status.json,2d_burgers/sa_pinn/seed_42/status.json,bee5a9158c39153c27d7e013cd633e5b58971731d5d17a4d57fe26aa5484c411,103
2d_burgers,SA-PINN,SA-PINN,sa_pinn,42,success_marker,results/raw/runs/2d_burgers/sa_pinn/seed_42/_SUCCESS,2d_burgers/sa_pinn/seed_42/_SUCCESS,81b2bd4ea98c8db66554fbc8d7637a1a69a130f331feb732b75caab4c4868fd5,8
2d_burgers,SA-PINN,SA-PINN,sa_pinn,100,checkpoint,results/raw/runs/2d_burgers/sa_pinn/seed_100/model_final.pt,2d_burgers/sa_pinn/seed_100/model_final.pt,4cf5ca8af13440803cffcd911ff668482e2078487d20aadf9200ebad33a2da0c,339643
2d_burgers,SA-PINN,SA-PINN,sa_pinn,100,checkpoint_adamw,results/raw/runs/2d_burgers/sa_pinn/seed_100/model_adamw_final.pt,2d_burgers/sa_pinn/seed_100/model_adamw_final.pt,9dcea39779b93be2ccb5961486bec02c41af9d08a655f97cacf3d9737a3ad3ca,339739
2d_burgers,SA-PINN,SA-PINN,sa_pinn,100,config,results/raw/runs/2d_burgers/sa_pinn/seed_100/config.json,2d_burgers/sa_pinn/seed_100/config.json,104ac9aef9a681c314f4bf0856b4727163cc13fc600c79923aaadabbf974f87a,1284
2d_burgers,SA-PINN,SA-PINN,sa_pinn,100,environment,results/raw/runs/2d_burgers/sa_pinn/seed_100/env.json,2d_burgers/sa_pinn/seed_100/env.json,3ea9611b4a501b9d8258401458ea7fbd12107e673f8ddeac71518e0ffecb3269,244
2d_burgers,SA-PINN,SA-PINN,sa_pinn,100,method,results/raw/runs/2d_burgers/sa_pinn/seed_100/method.json,2d_burgers/sa_pinn/seed_100/method.json,329dda87d03d96252846c8d2b86fc01d66d76e211672bf02e62b6d7ae511d5f1,417
2d_burgers,SA-PINN,SA-PINN,sa_pinn,100,metrics,results/raw/runs/2d_burgers/sa_pinn/seed_100/metrics_final.json,2d_burgers/sa_pinn/seed_100/metrics_final.json,b0c0e60c87897bfd3be87bd020c5d9cea5c2f8d494f14f35fb416a5cf9a96fe5,3040
2d_burgers,SA-PINN,SA-PINN,sa_pinn,100,status,results/raw/runs/2d_burgers/sa_pinn/seed_100/status.json,2d_burgers/sa_pinn/seed_100/status.json,a8d2ba2b67e065a08379692278ff3d3cd6316c972420e5c35305a3b0a17476c3,104
2d_burgers,SA-PINN,SA-PINN,sa_pinn,100,success_marker,results/raw/runs/2d_burgers/sa_pinn/seed_100/_SUCCESS,2d_burgers/sa_pinn/seed_100/_SUCCESS,81b2bd4ea98c8db66554fbc8d7637a1a69a130f331feb732b75caab4c4868fd5,8
2d_burgers,SA-PINN,SA-PINN,sa_pinn,2026,checkpoint,results/raw/runs/2d_burgers/sa_pinn/seed_2026/model_final.pt,2d_burgers/sa_pinn/seed_2026/model_final.pt,236b5777e1a64a40c7e4fd014dda44f85fcf196d8c97641b2128b57f50e797f6,339643
2d_burgers,SA-PINN,SA-PINN,sa_pinn,2026,checkpoint_adamw,results/raw/runs/2d_burgers/sa_pinn/seed_2026/model_adamw_final.pt,2d_burgers/sa_pinn/seed_2026/model_adamw_final.pt,4302ed44c1f295d596a7c178712fe2f8f03273695671777888b9b6fdaea7f9b7,339739
2d_burgers,SA-PINN,SA-PINN,sa_pinn,2026,config,results/raw/runs/2d_burgers/sa_pinn/seed_2026/config.json,2d_burgers/sa_pinn/seed_2026/config.json,dbe6718feee3746089a70290fe7319d49c08406dd0c6ff38326e5f4743c2814e,1286
2d_burgers,SA-PINN,SA-PINN,sa_pinn,2026,environment,results/raw/runs/2d_burgers/sa_pinn/seed_2026/env.json,2d_burgers/sa_pinn/seed_2026/env.json,3ea9611b4a501b9d8258401458ea7fbd12107e673f8ddeac71518e0ffecb3269,244
2d_burgers,SA-PINN,SA-PINN,sa_pinn,2026,method,results/raw/runs/2d_burgers/sa_pinn/seed_2026/method.json,2d_burgers/sa_pinn/seed_2026/method.json,329dda87d03d96252846c8d2b86fc01d66d76e211672bf02e62b6d7ae511d5f1,417
2d_burgers,SA-PINN,SA-PINN,sa_pinn,2026,metrics,results/raw/runs/2d_burgers/sa_pinn/seed_2026/metrics_final.json,2d_burgers/sa_pinn/seed_2026/metrics_final.json,bd395d9d1f68f67502d8952fba50ba4d749160b2ad54f4861aa334282e581723,3072
2d_burgers,SA-PINN,SA-PINN,sa_pinn,2026,status,results/raw/runs/2d_burgers/sa_pinn/seed_2026/status.json,2d_burgers/sa_pinn/seed_2026/status.json,9a50f4e6c888980780808b2b8c46a05a69acfd1a52f3b3bab77f0ed5506549a2,103
2d_burgers,SA-PINN,SA-PINN,sa_pinn,2026,success_marker,results/raw/runs/2d_burgers/sa_pinn/seed_2026/_SUCCESS,2d_burgers/sa_pinn/seed_2026/_SUCCESS,81b2bd4ea98c8db66554fbc8d7637a1a69a130f331feb732b75caab4c4868fd5,8
2d_burgers,SA-PINN,SA-PINN,sa_pinn,31415,checkpoint,results/raw/runs/2d_burgers/sa_pinn/seed_31415/model_final.pt,2d_burgers/sa_pinn/seed_31415/model_final.pt,a1d32f28df062db55c173daf20e60a54d30c32951bdbda9b100f5059e54bca51,339643
2d_burgers,SA-PINN,SA-PINN,sa_pinn,31415,checkpoint_adamw,results/raw/runs/2d_burgers/sa_pinn/seed_31415/model_adamw_final.pt,2d_burgers/sa_pinn/seed_31415/model_adamw_final.pt,6c36098304e087454a89456cc9355a999525f6a8f964a8f08c68880eabea7f53,339739
2d_burgers,SA-PINN,SA-PINN,sa_pinn,31415,config,results/raw/runs/2d_burgers/sa_pinn/seed_31415/config.json,2d_burgers/sa_pinn/seed_31415/config.json,288d43b3e90e2feb5e3875c3c9d0573db0520659465a4185602239d17b0fe551,1288
2d_burgers,SA-PINN,SA-PINN,sa_pinn,31415,environment,results/raw/runs/2d_burgers/sa_pinn/seed_31415/env.json,2d_burgers/sa_pinn/seed_31415/env.json,3ea9611b4a501b9d8258401458ea7fbd12107e673f8ddeac71518e0ffecb3269,244
2d_burgers,SA-PINN,SA-PINN,sa_pinn,31415,method,results/raw/runs/2d_burgers/sa_pinn/seed_31415/method.json,2d_burgers/sa_pinn/seed_31415/method.json,329dda87d03d96252846c8d2b86fc01d66d76e211672bf02e62b6d7ae511d5f1,417
2d_burgers,SA-PINN,SA-PINN,sa_pinn,31415,metrics,results/raw/runs/2d_burgers/sa_pinn/seed_31415/metrics_final.json,2d_burgers/sa_pinn/seed_31415/metrics_final.json,3012c1b72eb407ffefd0026d8c2d66feb89cf291d4ec48e40c5c504d11749c94,3022
2d_burgers,SA-PINN,SA-PINN,sa_pinn,31415,status,results/raw/runs/2d_burgers/sa_pinn/seed_31415/status.json,2d_burgers/sa_pinn/seed_31415/status.json,444105a220a6a6fce686c91ea5f3c5bc463d67caef4d21b603d9978b2a4a68c3,104
2d_burgers,SA-PINN,SA-PINN,sa_pinn,31415,success_marker,results/raw/runs/2d_burgers/sa_pinn/seed_31415/_SUCCESS,2d_burgers/sa_pinn/seed_31415/_SUCCESS,81b2bd4ea98c8db66554fbc8d7637a1a69a130f331feb732b75caab4c4868fd5,8
2d_burgers,XPINN,XPINN,xpinn,7,checkpoint,results/raw/runs/2d_burgers/xpinn/seed_7/model_final.pt,2d_burgers/xpinn/seed_7/model_final.pt,c74560fd68e0c586246551b5cad142ae6475558a354841c080cb97121d98a59d,1354793
2d_burgers,XPINN,XPINN,xpinn,7,checkpoint_adamw,results/raw/runs/2d_burgers/xpinn/seed_7/model_adamw_final.pt,2d_burgers/xpinn/seed_7/model_adamw_final.pt,1cb12bdf72cdc862972be96b0487dbb13965ed8f9e8037b188059cf98875b6f7,1355165
2d_burgers,XPINN,XPINN,xpinn,7,config,results/raw/runs/2d_burgers/xpinn/seed_7/config.json,2d_burgers/xpinn/seed_7/config.json,62cf2a65e697f8e56b519f26f73964d23b9d437a1fd93d8888d76178143eae1b,1278
2d_burgers,XPINN,XPINN,xpinn,7,environment,results/raw/runs/2d_burgers/xpinn/seed_7/env.json,2d_burgers/xpinn/seed_7/env.json,3ea9611b4a501b9d8258401458ea7fbd12107e673f8ddeac71518e0ffecb3269,244
2d_burgers,XPINN,XPINN,xpinn,7,method,results/raw/runs/2d_burgers/xpinn/seed_7/method.json,2d_burgers/xpinn/seed_7/method.json,8533799530a78b4007da7d6c4cff38e7cc0e009787b9e52a395a9842dde615dd,1015
2d_burgers,XPINN,XPINN,xpinn,7,metrics,results/raw/runs/2d_burgers/xpinn/seed_7/metrics_final.json,2d_burgers/xpinn/seed_7/metrics_final.json,be3d643fd45e62794d7f2a0edddecb5d8bcd868a368fb2b3b5e8836b114b7ed6,3196
2d_burgers,XPINN,XPINN,xpinn,7,status,results/raw/runs/2d_burgers/xpinn/seed_7/status.json,2d_burgers/xpinn/seed_7/status.json,1d6e66ced049a1ee3c70dc07ca66e0362d156012b6ae23c5306cbbdaa25fa1a0,103
2d_burgers,XPINN,XPINN,xpinn,7,success_marker,results/raw/runs/2d_burgers/xpinn/seed_7/_SUCCESS,2d_burgers/xpinn/seed_7/_SUCCESS,81b2bd4ea98c8db66554fbc8d7637a1a69a130f331feb732b75caab4c4868fd5,8
2d_burgers,XPINN,XPINN,xpinn,42,checkpoint,results/raw/runs/2d_burgers/xpinn/seed_42/model_final.pt,2d_burgers/xpinn/seed_42/model_final.pt,4a35b6c39754c7f2f1e9fe7663248d889bae6883dbfcf2fd484b5b283535eedc,1354793
2d_burgers,XPINN,XPINN,xpinn,42,checkpoint_adamw,results/raw/runs/2d_burgers/xpinn/seed_42/model_adamw_final.pt,2d_burgers/xpinn/seed_42/model_adamw_final.pt,2ad043314fe8bec8206d32b083d9b8165ab35ca3ddb644ae49cb6414883bc1ea,1355165
2d_burgers,XPINN,XPINN,xpinn,42,config,results/raw/runs/2d_burgers/xpinn/seed_42/config.json,2d_burgers/xpinn/seed_42/config.json,215096ebe5e224baf02db6ac9f685b27d369aa72d13787bf949326f5854967c0,1280
2d_burgers,XPINN,XPINN,xpinn,42,environment,results/raw/runs/2d_burgers/xpinn/seed_42/env.json,2d_burgers/xpinn/seed_42/env.json,3ea9611b4a501b9d8258401458ea7fbd12107e673f8ddeac71518e0ffecb3269,244
2d_burgers,XPINN,XPINN,xpinn,42,method,results/raw/runs/2d_burgers/xpinn/seed_42/method.json,2d_burgers/xpinn/seed_42/method.json,8533799530a78b4007da7d6c4cff38e7cc0e009787b9e52a395a9842dde615dd,1015
2d_burgers,XPINN,XPINN,xpinn,42,metrics,results/raw/runs/2d_burgers/xpinn/seed_42/metrics_final.json,2d_burgers/xpinn/seed_42/metrics_final.json,8989b4213a3cbf6797406303bc70701591c3a4381deb833958e4dd45e7f306cc,3199
2d_burgers,XPINN,XPINN,xpinn,42,status,results/raw/runs/2d_burgers/xpinn/seed_42/status.json,2d_burgers/xpinn/seed_42/status.json,3fc531df3ef96b6df12cb8df31359ed07da9864328c5c4bae0eae980cd17dbb2,104
2d_burgers,XPINN,XPINN,xpinn,42,success_marker,results/raw/runs/2d_burgers/xpinn/seed_42/_SUCCESS,2d_burgers/xpinn/seed_42/_SUCCESS,81b2bd4ea98c8db66554fbc8d7637a1a69a130f331feb732b75caab4c4868fd5,8
2d_burgers,XPINN,XPINN,xpinn,100,checkpoint,results/raw/runs/2d_burgers/xpinn/seed_100/model_final.pt,2d_burgers/xpinn/seed_100/model_final.pt,f94314f8851058876b94f58ac283d437f2b53543a4a7ab0ff7111745ba67d4ca,1354793
2d_burgers,XPINN,XPINN,xpinn,100,checkpoint_adamw,results/raw/runs/2d_burgers/xpinn/seed_100/model_adamw_final.pt,2d_burgers/xpinn/seed_100/model_adamw_final.pt,b061cf3606b4663f9e74547fe19737c31124a3b653fb8a8fe30be57ce0c873a7,1355165
2d_burgers,XPINN,XPINN,xpinn,100,config,results/raw/runs/2d_burgers/xpinn/seed_100/config.json,2d_burgers/xpinn/seed_100/config.json,e597f204be6594bc6fef2ee404286f30a4ec24f1fdaabc206598878525fbd198,1282
2d_burgers,XPINN,XPINN,xpinn,100,environment,results/raw/runs/2d_burgers/xpinn/seed_100/env.json,2d_burgers/xpinn/seed_100/env.json,3ea9611b4a501b9d8258401458ea7fbd12107e673f8ddeac71518e0ffecb3269,244
2d_burgers,XPINN,XPINN,xpinn,100,method,results/raw/runs/2d_burgers/xpinn/seed_100/method.json,2d_burgers/xpinn/seed_100/method.json,8533799530a78b4007da7d6c4cff38e7cc0e009787b9e52a395a9842dde615dd,1015
2d_burgers,XPINN,XPINN,xpinn,100,metrics,results/raw/runs/2d_burgers/xpinn/seed_100/metrics_final.json,2d_burgers/xpinn/seed_100/metrics_final.json,ef6825f088be0f1a63f682dd987be6f233f2c5ff237cbb05d319b8a537faf8cb,3207
2d_burgers,XPINN,XPINN,xpinn,100,status,results/raw/runs/2d_burgers/xpinn/seed_100/status.json,2d_burgers/xpinn/seed_100/status.json,1f767104555b28640f3bc0a2f58636aa75d508ba27301a029c06675dc03fbb54,103
2d_burgers,XPINN,XPINN,xpinn,100,success_marker,results/raw/runs/2d_burgers/xpinn/seed_100/_SUCCESS,2d_burgers/xpinn/seed_100/_SUCCESS,81b2bd4ea98c8db66554fbc8d7637a1a69a130f331feb732b75caab4c4868fd5,8
2d_burgers,XPINN,XPINN,xpinn,2026,checkpoint,results/raw/runs/2d_burgers/xpinn/seed_2026/model_final.pt,2d_burgers/xpinn/seed_2026/model_final.pt,709a47df196ceb8e952a96bb7bbb8c5515f220750bf0bbbecb7e21188fbd8b4b,1354793
2d_burgers,XPINN,XPINN,xpinn,2026,checkpoint_adamw,results/raw/runs/2d_burgers/xpinn/seed_2026/model_adamw_final.pt,2d_burgers/xpinn/seed_2026/model_adamw_final.pt,73ce1bb44815171b4a346c6db1647a2e63bf5003e29303db3b5230b4dbeaa4fa,1355165
2d_burgers,XPINN,XPINN,xpinn,2026,config,results/raw/runs/2d_burgers/xpinn/seed_2026/config.json,2d_burgers/xpinn/seed_2026/config.json,3703a7aa1aaabed7512626910237c1e21d88fdc1f2cbb38e88b9b030bf30f755,1284
2d_burgers,XPINN,XPINN,xpinn,2026,environment,results/raw/runs/2d_burgers/xpinn/seed_2026/env.json,2d_burgers/xpinn/seed_2026/env.json,3ea9611b4a501b9d8258401458ea7fbd12107e673f8ddeac71518e0ffecb3269,244
2d_burgers,XPINN,XPINN,xpinn,2026,method,results/raw/runs/2d_burgers/xpinn/seed_2026/method.json,2d_burgers/xpinn/seed_2026/method.json,8533799530a78b4007da7d6c4cff38e7cc0e009787b9e52a395a9842dde615dd,1015
2d_burgers,XPINN,XPINN,xpinn,2026,metrics,results/raw/runs/2d_burgers/xpinn/seed_2026/metrics_final.json,2d_burgers/xpinn/seed_2026/metrics_final.json,b75716fe667212c6425c00514a94d049b9f11e252da359c1e015d015d5f220f5,3198
2d_burgers,XPINN,XPINN,xpinn,2026,status,results/raw/runs/2d_burgers/xpinn/seed_2026/status.json,2d_burgers/xpinn/seed_2026/status.json,9b10521ff91e57ccc3ccb59434d5d8a9e46f8141418cd56145c1b9217211f8ae,104
2d_burgers,XPINN,XPINN,xpinn,2026,success_marker,results/raw/runs/2d_burgers/xpinn/seed_2026/_SUCCESS,2d_burgers/xpinn/seed_2026/_SUCCESS,81b2bd4ea98c8db66554fbc8d7637a1a69a130f331feb732b75caab4c4868fd5,8
2d_burgers,XPINN,XPINN,xpinn,31415,checkpoint,results/raw/runs/2d_burgers/xpinn/seed_31415/model_final.pt,2d_burgers/xpinn/seed_31415/model_final.pt,6cb62ce19352b980bb9d6e3f577d97fe054d44e98698d9ddf5a9cff63d481e2c,1354793
2d_burgers,XPINN,XPINN,xpinn,31415,checkpoint_adamw,results/raw/runs/2d_burgers/xpinn/seed_31415/model_adamw_final.pt,2d_burgers/xpinn/seed_31415/model_adamw_final.pt,a13ae5949952bfa9490ac317c321167f3206290e6b6b9776ab39e9ea4a3a65f3,1355165
2d_burgers,XPINN,XPINN,xpinn,31415,config,results/raw/runs/2d_burgers/xpinn/seed_31415/config.json,2d_burgers/xpinn/seed_31415/config.json,0f69acf63740284fbc82f4e36cdbc2817213109d911e041e4728cc0e3cac2154,1286
2d_burgers,XPINN,XPINN,xpinn,31415,environment,results/raw/runs/2d_burgers/xpinn/seed_31415/env.json,2d_burgers/xpinn/seed_31415/env.json,3ea9611b4a501b9d8258401458ea7fbd12107e673f8ddeac71518e0ffecb3269,244
2d_burgers,XPINN,XPINN,xpinn,31415,method,results/raw/runs/2d_burgers/xpinn/seed_31415/method.json,2d_burgers/xpinn/seed_31415/method.json,8533799530a78b4007da7d6c4cff38e7cc0e009787b9e52a395a9842dde615dd,1015
2d_burgers,XPINN,XPINN,xpinn,31415,metrics,results/raw/runs/2d_burgers/xpinn/seed_31415/metrics_final.json,2d_burgers/xpinn/seed_31415/metrics_final.json,b477e4148cd7a47a7f4a323247d8bf5c636b469f25dbed7c6c6666f27cd66466,3207
2d_burgers,XPINN,XPINN,xpinn,31415,status,results/raw/runs/2d_burgers/xpinn/seed_31415/status.json,2d_burgers/xpinn/seed_31415/status.json,f9da1d0cb31e99b17b5fd452f1af12057f541705bc01ea0bd21482d765a20e28,104
2d_burgers,XPINN,XPINN,xpinn,31415,success_marker,results/raw/runs/2d_burgers/xpinn/seed_31415/_SUCCESS,2d_burgers/xpinn/seed_31415/_SUCCESS,81b2bd4ea98c8db66554fbc8d7637a1a69a130f331feb732b75caab4c4868fd5,8
2d_burgers,cPINN,cPINN,cpinn,7,checkpoint,results/raw/runs/2d_burgers/cpinn/seed_7/model_final.pt,2d_burgers/cpinn/seed_7/model_final.pt,bcbb1e4f9190709c01bcac4d9f5797a1e9d06a8cd5c3263cb10a6c5d73b31401,1354793
2d_burgers,cPINN,cPINN,cpinn,7,checkpoint_adamw,results/raw/runs/2d_burgers/cpinn/seed_7/model_adamw_final.pt,2d_burgers/cpinn/seed_7/model_adamw_final.pt,2c6355a9b8d31ec7c9905200d9bd81086a3a8f46313a2b69c80da4c41a08748d,1355165
2d_burgers,cPINN,cPINN,cpinn,7,config,results/raw/runs/2d_burgers/cpinn/seed_7/config.json,2d_burgers/cpinn/seed_7/config.json,1feb1dbf0e6354bd89b8456182ea6f6a3bb4bc276217e6e7a1f23541c2f0182b,1278
2d_burgers,cPINN,cPINN,cpinn,7,environment,results/raw/runs/2d_burgers/cpinn/seed_7/env.json,2d_burgers/cpinn/seed_7/env.json,3ea9611b4a501b9d8258401458ea7fbd12107e673f8ddeac71518e0ffecb3269,244
2d_burgers,cPINN,cPINN,cpinn,7,method,results/raw/runs/2d_burgers/cpinn/seed_7/method.json,2d_burgers/cpinn/seed_7/method.json,93562d2651e54007aaf20dd169752a02149106bef6133853a09053c799f8b156,924
2d_burgers,cPINN,cPINN,cpinn,7,metrics,results/raw/runs/2d_burgers/cpinn/seed_7/metrics_final.json,2d_burgers/cpinn/seed_7/metrics_final.json,829fc1709e4f17c5c5a0a0e75ece2ba9cb20dc13c5c192702d05ec23b80dbde8,3194
2d_burgers,cPINN,cPINN,cpinn,7,status,results/raw/runs/2d_burgers/cpinn/seed_7/status.json,2d_burgers/cpinn/seed_7/status.json,fed07abea4e974d0c14bc2bae13086bf329e96dd20c922449bd03fd8dd5265d5,104
2d_burgers,cPINN,cPINN,cpinn,7,success_marker,results/raw/runs/2d_burgers/cpinn/seed_7/_SUCCESS,2d_burgers/cpinn/seed_7/_SUCCESS,81b2bd4ea98c8db66554fbc8d7637a1a69a130f331feb732b75caab4c4868fd5,8
2d_burgers,cPINN,cPINN,cpinn,42,checkpoint,results/raw/runs/2d_burgers/cpinn/seed_42/model_final.pt,2d_burgers/cpinn/seed_42/model_final.pt,26ba8ef27778bc20aeef1f64f7f319df287c782c4c92c7c27fb937f7f80b5213,1354793
2d_burgers,cPINN,cPINN,cpinn,42,checkpoint_adamw,results/raw/runs/2d_burgers/cpinn/seed_42/model_adamw_final.pt,2d_burgers/cpinn/seed_42/model_adamw_final.pt,f17a1a51dd31c6899fd7f3643fe5e2368fc89069092b5cded6c29c8c41b881f2,1355165
2d_burgers,cPINN,cPINN,cpinn,42,config,results/raw/runs/2d_burgers/cpinn/seed_42/config.json,2d_burgers/cpinn/seed_42/config.json,e0a560764798c3641040b92c6ec0bb589ff2566520634a7c1fe0a6c8d37b2eed,1280
2d_burgers,cPINN,cPINN,cpinn,42,environment,results/raw/runs/2d_burgers/cpinn/seed_42/env.json,2d_burgers/cpinn/seed_42/env.json,3ea9611b4a501b9d8258401458ea7fbd12107e673f8ddeac71518e0ffecb3269,244
2d_burgers,cPINN,cPINN,cpinn,42,method,results/raw/runs/2d_burgers/cpinn/seed_42/method.json,2d_burgers/cpinn/seed_42/method.json,93562d2651e54007aaf20dd169752a02149106bef6133853a09053c799f8b156,924
2d_burgers,cPINN,cPINN,cpinn,42,metrics,results/raw/runs/2d_burgers/cpinn/seed_42/metrics_final.json,2d_burgers/cpinn/seed_42/metrics_final.json,9ee6b620b2e7f425db1d270938ae12683e42bc85d2164bb868e7e9b4201febfd,3208
2d_burgers,cPINN,cPINN,cpinn,42,status,results/raw/runs/2d_burgers/cpinn/seed_42/status.json,2d_burgers/cpinn/seed_42/status.json,2d8a8a83b947771e7a95738c231b6dd631d13b7bb2b4db7b39c70329f7be27ba,103
2d_burgers,cPINN,cPINN,cpinn,42,success_marker,results/raw/runs/2d_burgers/cpinn/seed_42/_SUCCESS,2d_burgers/cpinn/seed_42/_SUCCESS,81b2bd4ea98c8db66554fbc8d7637a1a69a130f331feb732b75caab4c4868fd5,8
2d_burgers,cPINN,cPINN,cpinn,100,checkpoint,results/raw/runs/2d_burgers/cpinn/seed_100/model_final.pt,2d_burgers/cpinn/seed_100/model_final.pt,8283f507664e08b7a0475637bc9dc705bfbd03a4007d9de614b051e00d726c0e,1354793
2d_burgers,cPINN,cPINN,cpinn,100,checkpoint_adamw,results/raw/runs/2d_burgers/cpinn/seed_100/model_adamw_final.pt,2d_burgers/cpinn/seed_100/model_adamw_final.pt,30ae467a86714da9be9bed97608c49680a1b873ec4e937e16f85c9da3ee32aba,1355165
2d_burgers,cPINN,cPINN,cpinn,100,config,results/raw/runs/2d_burgers/cpinn/seed_100/config.json,2d_burgers/cpinn/seed_100/config.json,5e1138407434393254b1dc3b2fe2180db9cfd8b7e2ff7b9bdae5fd36a59a6114,1282
2d_burgers,cPINN,cPINN,cpinn,100,environment,results/raw/runs/2d_burgers/cpinn/seed_100/env.json,2d_burgers/cpinn/seed_100/env.json,3ea9611b4a501b9d8258401458ea7fbd12107e673f8ddeac71518e0ffecb3269,244
2d_burgers,cPINN,cPINN,cpinn,100,method,results/raw/runs/2d_burgers/cpinn/seed_100/method.json,2d_burgers/cpinn/seed_100/method.json,93562d2651e54007aaf20dd169752a02149106bef6133853a09053c799f8b156,924
2d_burgers,cPINN,cPINN,cpinn,100,metrics,results/raw/runs/2d_burgers/cpinn/seed_100/metrics_final.json,2d_burgers/cpinn/seed_100/metrics_final.json,8e083499960ac46e13db411f925974797f2eabff292bdad71f42608b67b2a3b0,3203
2d_burgers,cPINN,cPINN,cpinn,100,status,results/raw/runs/2d_burgers/cpinn/seed_100/status.json,2d_burgers/cpinn/seed_100/status.json,864359158b30b8836e3b10b256da9694608c7e4f66ab95cf20485ae9306f0dd6,103
2d_burgers,cPINN,cPINN,cpinn,100,success_marker,results/raw/runs/2d_burgers/cpinn/seed_100/_SUCCESS,2d_burgers/cpinn/seed_100/_SUCCESS,81b2bd4ea98c8db66554fbc8d7637a1a69a130f331feb732b75caab4c4868fd5,8
2d_burgers,cPINN,cPINN,cpinn,2026,checkpoint,results/raw/runs/2d_burgers/cpinn/seed_2026/model_final.pt,2d_burgers/cpinn/seed_2026/model_final.pt,d96f183ef3b74db8717f7798a7ff499dc0fc13aaf2833a98e4e17b37485ecf65,1354793
2d_burgers,cPINN,cPINN,cpinn,2026,checkpoint_adamw,results/raw/runs/2d_burgers/cpinn/seed_2026/model_adamw_final.pt,2d_burgers/cpinn/seed_2026/model_adamw_final.pt,d67d7aebb412b14be094013b9a434e8c01901afcaaa226cc169845a8823d0120,1355165
2d_burgers,cPINN,cPINN,cpinn,2026,config,results/raw/runs/2d_burgers/cpinn/seed_2026/config.json,2d_burgers/cpinn/seed_2026/config.json,96924754abfb192b7ee3b07a2ec4b627b67844a35e029e5a466f30d9429077f9,1284
2d_burgers,cPINN,cPINN,cpinn,2026,environment,results/raw/runs/2d_burgers/cpinn/seed_2026/env.json,2d_burgers/cpinn/seed_2026/env.json,3ea9611b4a501b9d8258401458ea7fbd12107e673f8ddeac71518e0ffecb3269,244
2d_burgers,cPINN,cPINN,cpinn,2026,method,results/raw/runs/2d_burgers/cpinn/seed_2026/method.json,2d_burgers/cpinn/seed_2026/method.json,93562d2651e54007aaf20dd169752a02149106bef6133853a09053c799f8b156,924
2d_burgers,cPINN,cPINN,cpinn,2026,metrics,results/raw/runs/2d_burgers/cpinn/seed_2026/metrics_final.json,2d_burgers/cpinn/seed_2026/metrics_final.json,3149e4c6c69e9648a2bb326c18dbb97879be7b34405da55666b8b14fe65e5c25,3199
2d_burgers,cPINN,cPINN,cpinn,2026,status,results/raw/runs/2d_burgers/cpinn/seed_2026/status.json,2d_burgers/cpinn/seed_2026/status.json,077624e58134fbb16452a86c8dd7841bf71d5976110ecac0989efde4a3380520,104
2d_burgers,cPINN,cPINN,cpinn,2026,success_marker,results/raw/runs/2d_burgers/cpinn/seed_2026/_SUCCESS,2d_burgers/cpinn/seed_2026/_SUCCESS,81b2bd4ea98c8db66554fbc8d7637a1a69a130f331feb732b75caab4c4868fd5,8
2d_burgers,cPINN,cPINN,cpinn,31415,checkpoint,results/raw/runs/2d_burgers/cpinn/seed_31415/model_final.pt,2d_burgers/cpinn/seed_31415/model_final.pt,0313386e6b8a86721fdd0d6a4db9a37046f9b9f106132864579ed8e20c87e154,1354793
2d_burgers,cPINN,cPINN,cpinn,31415,checkpoint_adamw,results/raw/runs/2d_burgers/cpinn/seed_31415/model_adamw_final.pt,2d_burgers/cpinn/seed_31415/model_adamw_final.pt,ef10004e6d65b556721ab04a67619214244c959d80fc6d73b8a2ace46f3b183f,1355165
2d_burgers,cPINN,cPINN,cpinn,31415,config,results/raw/runs/2d_burgers/cpinn/seed_31415/config.json,2d_burgers/cpinn/seed_31415/config.json,a4f348f074c753ac7339aa6fad70259b20c90d348e43338c9a725bcea247f4a3,1286
2d_burgers,cPINN,cPINN,cpinn,31415,environment,results/raw/runs/2d_burgers/cpinn/seed_31415/env.json,2d_burgers/cpinn/seed_31415/env.json,3ea9611b4a501b9d8258401458ea7fbd12107e673f8ddeac71518e0ffecb3269,244
2d_burgers,cPINN,cPINN,cpinn,31415,method,results/raw/runs/2d_burgers/cpinn/seed_31415/method.json,2d_burgers/cpinn/seed_31415/method.json,93562d2651e54007aaf20dd169752a02149106bef6133853a09053c799f8b156,924
2d_burgers,cPINN,cPINN,cpinn,31415,metrics,results/raw/runs/2d_burgers/cpinn/seed_31415/metrics_final.json,2d_burgers/cpinn/seed_31415/metrics_final.json,8bec7719bec646c24916620f39ab5d000007997f6ca674b44e2fbef01388ba9b,3214
2d_burgers,cPINN,cPINN,cpinn,31415,status,results/raw/runs/2d_burgers/cpinn/seed_31415/status.json,2d_burgers/cpinn/seed_31415/status.json,3344d0f98f9d6a8edf54f017fab791684c49ecb87cbb00466ac362432ae7b4be,104
2d_burgers,cPINN,cPINN,cpinn,31415,success_marker,results/raw/runs/2d_burgers/cpinn/seed_31415/_SUCCESS,2d_burgers/cpinn/seed_31415/_SUCCESS,81b2bd4ea98c8db66554fbc8d7637a1a69a130f331feb732b75caab4c4868fd5,8
2d_burgers,gPINN-subsampled,gPINN-sub.,gpinn_subsampled,7,checkpoint,results/raw/runs/2d_burgers/gpinn_subsampled/seed_7/model_final.pt,2d_burgers/gpinn_subsampled/seed_7/model_final.pt,8512e51ad8a1089e9c600e63a4e97f41c0b59561d719c2b467e17623d801686f,339579
2d_burgers,gPINN-subsampled,gPINN-sub.,gpinn_subsampled,7,checkpoint_adamw,results/raw/runs/2d_burgers/gpinn_subsampled/seed_7/model_adamw_final.pt,2d_burgers/gpinn_subsampled/seed_7/model_adamw_final.pt,c4fa3f583b355c28e7d796c878d9b61a4f3775f9739047d082e575af7b87fd33,339675
2d_burgers,gPINN-subsampled,gPINN-sub.,gpinn_subsampled,7,config,results/raw/runs/2d_burgers/gpinn_subsampled/seed_7/config.json,2d_burgers/gpinn_subsampled/seed_7/config.json,f50a0321e6320f0f9262fc5daffa1f2c50c1c2a2ac3a40bca2b629ffb284b71b,1289
2d_burgers,gPINN-subsampled,gPINN-sub.,gpinn_subsampled,7,environment,results/raw/runs/2d_burgers/gpinn_subsampled/seed_7/env.json,2d_burgers/gpinn_subsampled/seed_7/env.json,3ea9611b4a501b9d8258401458ea7fbd12107e673f8ddeac71518e0ffecb3269,244
2d_burgers,gPINN-subsampled,gPINN-sub.,gpinn_subsampled,7,method,results/raw/runs/2d_burgers/gpinn_subsampled/seed_7/method.json,2d_burgers/gpinn_subsampled/seed_7/method.json,c0cd7d9d98d8df336822e7e8c3e246c39bbd5c0cfaafb66aa935c1c7317841f3,488
2d_burgers,gPINN-subsampled,gPINN-sub.,gpinn_subsampled,7,metrics,results/raw/runs/2d_burgers/gpinn_subsampled/seed_7/metrics_final.json,2d_burgers/gpinn_subsampled/seed_7/metrics_final.json,6764ba0afab413f32b809b2dad0c1f8e4b3dcdadad66e92a8be972aae78d7e6a,3033
2d_burgers,gPINN-subsampled,gPINN-sub.,gpinn_subsampled,7,status,results/raw/runs/2d_burgers/gpinn_subsampled/seed_7/status.json,2d_burgers/gpinn_subsampled/seed_7/status.json,99334ee4d3ed9c39e868b993969bdee6e826e6ca70c7cd8fe6538d15285456f5,104
2d_burgers,gPINN-subsampled,gPINN-sub.,gpinn_subsampled,7,success_marker,results/raw/runs/2d_burgers/gpinn_subsampled/seed_7/_SUCCESS,2d_burgers/gpinn_subsampled/seed_7/_SUCCESS,81b2bd4ea98c8db66554fbc8d7637a1a69a130f331feb732b75caab4c4868fd5,8
2d_burgers,gPINN-subsampled,gPINN-sub.,gpinn_subsampled,42,checkpoint,results/raw/runs/2d_burgers/gpinn_subsampled/seed_42/model_final.pt,2d_burgers/gpinn_subsampled/seed_42/model_final.pt,e943528fcd1869e141db5eeaf72d7237eec32f37803e8061b997270beb33b7e3,339579
2d_burgers,gPINN-subsampled,gPINN-sub.,gpinn_subsampled,42,checkpoint_adamw,results/raw/runs/2d_burgers/gpinn_subsampled/seed_42/model_adamw_final.pt,2d_burgers/gpinn_subsampled/seed_42/model_adamw_final.pt,996043bbbc1b444afcc9278c1431f2ec982afe68734927a375c00dec64cd7875,339675
2d_burgers,gPINN-subsampled,gPINN-sub.,gpinn_subsampled,42,config,results/raw/runs/2d_burgers/gpinn_subsampled/seed_42/config.json,2d_burgers/gpinn_subsampled/seed_42/config.json,58f6658b8ffb2c3b22dfc738fe45021d368142408f8e1cad68965c1b1a966ec2,1291
2d_burgers,gPINN-subsampled,gPINN-sub.,gpinn_subsampled,42,environment,results/raw/runs/2d_burgers/gpinn_subsampled/seed_42/env.json,2d_burgers/gpinn_subsampled/seed_42/env.json,3ea9611b4a501b9d8258401458ea7fbd12107e673f8ddeac71518e0ffecb3269,244
2d_burgers,gPINN-subsampled,gPINN-sub.,gpinn_subsampled,42,method,results/raw/runs/2d_burgers/gpinn_subsampled/seed_42/method.json,2d_burgers/gpinn_subsampled/seed_42/method.json,c0cd7d9d98d8df336822e7e8c3e246c39bbd5c0cfaafb66aa935c1c7317841f3,488
2d_burgers,gPINN-subsampled,gPINN-sub.,gpinn_subsampled,42,metrics,results/raw/runs/2d_burgers/gpinn_subsampled/seed_42/metrics_final.json,2d_burgers/gpinn_subsampled/seed_42/metrics_final.json,bec8f7437f572a1704e8e67d0dbe867e19333ee0642bce8d5635f5995e824329,3032
2d_burgers,gPINN-subsampled,gPINN-sub.,gpinn_subsampled,42,status,results/raw/runs/2d_burgers/gpinn_subsampled/seed_42/status.json,2d_burgers/gpinn_subsampled/seed_42/status.json,a7bec5d5a78140167218d6568863799dac00d985b56b36790abb18ed4d1fc699,104
2d_burgers,gPINN-subsampled,gPINN-sub.,gpinn_subsampled,42,success_marker,results/raw/runs/2d_burgers/gpinn_subsampled/seed_42/_SUCCESS,2d_burgers/gpinn_subsampled/seed_42/_SUCCESS,81b2bd4ea98c8db66554fbc8d7637a1a69a130f331feb732b75caab4c4868fd5,8
2d_burgers,gPINN-subsampled,gPINN-sub.,gpinn_subsampled,100,checkpoint,results/raw/runs/2d_burgers/gpinn_subsampled/seed_100/model_final.pt,2d_burgers/gpinn_subsampled/seed_100/model_final.pt,0b682288f0656b97daecfdb17d479ed20b0087839e2cf142387a6605a94bfdf4,339579
2d_burgers,gPINN-subsampled,gPINN-sub.,gpinn_subsampled,100,checkpoint_adamw,results/raw/runs/2d_burgers/gpinn_subsampled/seed_100/model_adamw_final.pt,2d_burgers/gpinn_subsampled/seed_100/model_adamw_final.pt,f651444d3865b9905cf97cede70545194b776fe8d0adb3dd93479cacabe096b9,339675
2d_burgers,gPINN-subsampled,gPINN-sub.,gpinn_subsampled,100,config,results/raw/runs/2d_burgers/gpinn_subsampled/seed_100/config.json,2d_burgers/gpinn_subsampled/seed_100/config.json,f1047635c8f32342e8db9db7bc8e906dbc7fd8b9b7496e2a51ec2eb088297b48,1293
2d_burgers,gPINN-subsampled,gPINN-sub.,gpinn_subsampled,100,environment,results/raw/runs/2d_burgers/gpinn_subsampled/seed_100/env.json,2d_burgers/gpinn_subsampled/seed_100/env.json,3ea9611b4a501b9d8258401458ea7fbd12107e673f8ddeac71518e0ffecb3269,244
2d_burgers,gPINN-subsampled,gPINN-sub.,gpinn_subsampled,100,method,results/raw/runs/2d_burgers/gpinn_subsampled/seed_100/method.json,2d_burgers/gpinn_subsampled/seed_100/method.json,c0cd7d9d98d8df336822e7e8c3e246c39bbd5c0cfaafb66aa935c1c7317841f3,488
2d_burgers,gPINN-subsampled,gPINN-sub.,gpinn_subsampled,100,metrics,results/raw/runs/2d_burgers/gpinn_subsampled/seed_100/metrics_final.json,2d_burgers/gpinn_subsampled/seed_100/metrics_final.json,068ef357b2cd1a8a0e47250f41f819e37c0fb8bef7467c175f63c1b99ff05f8f,3033
2d_burgers,gPINN-subsampled,gPINN-sub.,gpinn_subsampled,100,status,results/raw/runs/2d_burgers/gpinn_subsampled/seed_100/status.json,2d_burgers/gpinn_subsampled/seed_100/status.json,4d6d5f01dfb0a225422053f46318c7b0767a7bb184c2c9e2c3719a7b72575456,104
2d_burgers,gPINN-subsampled,gPINN-sub.,gpinn_subsampled,100,success_marker,results/raw/runs/2d_burgers/gpinn_subsampled/seed_100/_SUCCESS,2d_burgers/gpinn_subsampled/seed_100/_SUCCESS,81b2bd4ea98c8db66554fbc8d7637a1a69a130f331feb732b75caab4c4868fd5,8
2d_burgers,gPINN-subsampled,gPINN-sub.,gpinn_subsampled,2026,checkpoint,results/raw/runs/2d_burgers/gpinn_subsampled/seed_2026/model_final.pt,2d_burgers/gpinn_subsampled/seed_2026/model_final.pt,bec61a5281dc5cf5b8f07c80f9b0ec6fd15adea0f7e7a43a4bd807cba8ef6a59,339579
2d_burgers,gPINN-subsampled,gPINN-sub.,gpinn_subsampled,2026,checkpoint_adamw,results/raw/runs/2d_burgers/gpinn_subsampled/seed_2026/model_adamw_final.pt,2d_burgers/gpinn_subsampled/seed_2026/model_adamw_final.pt,0058795185af1e989358b52878b8a8d779dcc8543d0b11d0a2a4e5e3f31e5cc3,339675
2d_burgers,gPINN-subsampled,gPINN-sub.,gpinn_subsampled,2026,config,results/raw/runs/2d_burgers/gpinn_subsampled/seed_2026/config.json,2d_burgers/gpinn_subsampled/seed_2026/config.json,ff446cbaab37d66f992ecba1a5363873b39d950779a71bf92aceb4fafbf11ca5,1295
2d_burgers,gPINN-subsampled,gPINN-sub.,gpinn_subsampled,2026,environment,results/raw/runs/2d_burgers/gpinn_subsampled/seed_2026/env.json,2d_burgers/gpinn_subsampled/seed_2026/env.json,3ea9611b4a501b9d8258401458ea7fbd12107e673f8ddeac71518e0ffecb3269,244
2d_burgers,gPINN-subsampled,gPINN-sub.,gpinn_subsampled,2026,method,results/raw/runs/2d_burgers/gpinn_subsampled/seed_2026/method.json,2d_burgers/gpinn_subsampled/seed_2026/method.json,c0cd7d9d98d8df336822e7e8c3e246c39bbd5c0cfaafb66aa935c1c7317841f3,488
2d_burgers,gPINN-subsampled,gPINN-sub.,gpinn_subsampled,2026,metrics,results/raw/runs/2d_burgers/gpinn_subsampled/seed_2026/metrics_final.json,2d_burgers/gpinn_subsampled/seed_2026/metrics_final.json,9575fd11f4235e8f4d3cfcff28ee84211ee4a52adf358d22c8fe6e9bee614c7d,3033
2d_burgers,gPINN-subsampled,gPINN-sub.,gpinn_subsampled,2026,status,results/raw/runs/2d_burgers/gpinn_subsampled/seed_2026/status.json,2d_burgers/gpinn_subsampled/seed_2026/status.json,9671fae4bf6e7aa90df9729177c1ff169e6f6703b91d0178c5032b1657d21db9,104
2d_burgers,gPINN-subsampled,gPINN-sub.,gpinn_subsampled,2026,success_marker,results/raw/runs/2d_burgers/gpinn_subsampled/seed_2026/_SUCCESS,2d_burgers/gpinn_subsampled/seed_2026/_SUCCESS,81b2bd4ea98c8db66554fbc8d7637a1a69a130f331feb732b75caab4c4868fd5,8
2d_burgers,gPINN-subsampled,gPINN-sub.,gpinn_subsampled,31415,checkpoint,results/raw/runs/2d_burgers/gpinn_subsampled/seed_31415/model_final.pt,2d_burgers/gpinn_subsampled/seed_31415/model_final.pt,e09ddb69de386f8c9d3a5684234b91b3536dd2df4c08f95517f1f1117208aaf6,339579
2d_burgers,gPINN-subsampled,gPINN-sub.,gpinn_subsampled,31415,checkpoint_adamw,results/raw/runs/2d_burgers/gpinn_subsampled/seed_31415/model_adamw_final.pt,2d_burgers/gpinn_subsampled/seed_31415/model_adamw_final.pt,6c7b7d782820a6016ff5a140a4a7419574d35dcb621a7d1480e611e56e55506f,339675
2d_burgers,gPINN-subsampled,gPINN-sub.,gpinn_subsampled,31415,config,results/raw/runs/2d_burgers/gpinn_subsampled/seed_31415/config.json,2d_burgers/gpinn_subsampled/seed_31415/config.json,fac78a37cf6d09c1e6dc3a29b3e97216d081c74a902be7ea508447a74d4bc06a,1297
2d_burgers,gPINN-subsampled,gPINN-sub.,gpinn_subsampled,31415,environment,results/raw/runs/2d_burgers/gpinn_subsampled/seed_31415/env.json,2d_burgers/gpinn_subsampled/seed_31415/env.json,3ea9611b4a501b9d8258401458ea7fbd12107e673f8ddeac71518e0ffecb3269,244
2d_burgers,gPINN-subsampled,gPINN-sub.,gpinn_subsampled,31415,method,results/raw/runs/2d_burgers/gpinn_subsampled/seed_31415/method.json,2d_burgers/gpinn_subsampled/seed_31415/method.json,c0cd7d9d98d8df336822e7e8c3e246c39bbd5c0cfaafb66aa935c1c7317841f3,488
2d_burgers,gPINN-subsampled,gPINN-sub.,gpinn_subsampled,31415,metrics,results/raw/runs/2d_burgers/gpinn_subsampled/seed_31415/metrics_final.json,2d_burgers/gpinn_subsampled/seed_31415/metrics_final.json,6872d3ca19abb0ddefb0a355e11bf5ca5e4e749f3ca5c169e4d2d9c9512d2ef5,3036
2d_burgers,gPINN-subsampled,gPINN-sub.,gpinn_subsampled,31415,status,results/raw/runs/2d_burgers/gpinn_subsampled/seed_31415/status.json,2d_burgers/gpinn_subsampled/seed_31415/status.json,8341313bf82759a77be99d41505a32bbc7f00c1053ac8794dfd1568ff8b0eb21,104
2d_burgers,gPINN-subsampled,gPINN-sub.,gpinn_subsampled,31415,success_marker,results/raw/runs/2d_burgers/gpinn_subsampled/seed_31415/_SUCCESS,2d_burgers/gpinn_subsampled/seed_31415/_SUCCESS,81b2bd4ea98c8db66554fbc8d7637a1a69a130f331feb732b75caab4c4868fd5,8
2d_euler,AAF-PINN,AAF-PINN,aaf_pinn,7,checkpoint,results/raw/runs/2d_euler/aaf_pinn/seed_7/model_final.pt,2d_euler/aaf_pinn/seed_7/model_final.pt,496486f6841c26aea7e6c49156953d7df57945344f1d75eee1f60997eadb5977,342588
2d_euler,AAF-PINN,AAF-PINN,aaf_pinn,7,checkpoint_adamw,results/raw/runs/2d_euler/aaf_pinn/seed_7/model_adamw_final.pt,2d_euler/aaf_pinn/seed_7/model_adamw_final.pt,f6783a3e337c63bb83b70d032573e24c4331c344cf2b1baf9f3fe6ed61b658a9,342754
2d_euler,AAF-PINN,AAF-PINN,aaf_pinn,7,config,results/raw/runs/2d_euler/aaf_pinn/seed_7/config.json,2d_euler/aaf_pinn/seed_7/config.json,251122e583ef295e4882dd50e16ef74f183ee458c31dc8b5c3345d2cc99d0cd4,1533
2d_euler,AAF-PINN,AAF-PINN,aaf_pinn,7,environment,results/raw/runs/2d_euler/aaf_pinn/seed_7/env.json,2d_euler/aaf_pinn/seed_7/env.json,3ea9611b4a501b9d8258401458ea7fbd12107e673f8ddeac71518e0ffecb3269,244
2d_euler,AAF-PINN,AAF-PINN,aaf_pinn,7,method,results/raw/runs/2d_euler/aaf_pinn/seed_7/method.json,2d_euler/aaf_pinn/seed_7/method.json,53eb2837468438883959ba147e372a46666ee337b8fd12f762df6f02f98f88f8,528
2d_euler,AAF-PINN,AAF-PINN,aaf_pinn,7,metrics,results/raw/runs/2d_euler/aaf_pinn/seed_7/metrics_final.json,2d_euler/aaf_pinn/seed_7/metrics_final.json,cbce70ba918ffdda7c37786505a31e1cdd71a3c85ffaeecc6a08fc30b5ab8a74,4501
2d_euler,AAF-PINN,AAF-PINN,aaf_pinn,7,status,results/raw/runs/2d_euler/aaf_pinn/seed_7/status.json,2d_euler/aaf_pinn/seed_7/status.json,10ea9ccc80a93750c4845b0de080f3186961fca22a6770534585ca9a02fa2e1c,102
2d_euler,AAF-PINN,AAF-PINN,aaf_pinn,7,success_marker,results/raw/runs/2d_euler/aaf_pinn/seed_7/_SUCCESS,2d_euler/aaf_pinn/seed_7/_SUCCESS,81b2bd4ea98c8db66554fbc8d7637a1a69a130f331feb732b75caab4c4868fd5,8
2d_euler,AAF-PINN,AAF-PINN,aaf_pinn,42,checkpoint,results/raw/runs/2d_euler/aaf_pinn/seed_42/model_final.pt,2d_euler/aaf_pinn/seed_42/model_final.pt,0fc162179a18fd555e12a297f52c64cd1a3160c0df5ead9233fd7d12dddad9f4,342588
2d_euler,AAF-PINN,AAF-PINN,aaf_pinn,42,checkpoint_adamw,results/raw/runs/2d_euler/aaf_pinn/seed_42/model_adamw_final.pt,2d_euler/aaf_pinn/seed_42/model_adamw_final.pt,38e12b32af3f6f70db8c3c2ca4423ef78a35f033ac9bdb29979432f1784f39e3,342754
2d_euler,AAF-PINN,AAF-PINN,aaf_pinn,42,config,results/raw/runs/2d_euler/aaf_pinn/seed_42/config.json,2d_euler/aaf_pinn/seed_42/config.json,5255e24e1fc840026fcd3bf6f877611c7f64c3b86fc9e19b94d523b95a95f358,1535
2d_euler,AAF-PINN,AAF-PINN,aaf_pinn,42,environment,results/raw/runs/2d_euler/aaf_pinn/seed_42/env.json,2d_euler/aaf_pinn/seed_42/env.json,3ea9611b4a501b9d8258401458ea7fbd12107e673f8ddeac71518e0ffecb3269,244
2d_euler,AAF-PINN,AAF-PINN,aaf_pinn,42,method,results/raw/runs/2d_euler/aaf_pinn/seed_42/method.json,2d_euler/aaf_pinn/seed_42/method.json,53eb2837468438883959ba147e372a46666ee337b8fd12f762df6f02f98f88f8,528
2d_euler,AAF-PINN,AAF-PINN,aaf_pinn,42,metrics,results/raw/runs/2d_euler/aaf_pinn/seed_42/metrics_final.json,2d_euler/aaf_pinn/seed_42/metrics_final.json,7cc1fc824c4f0382184e291f57a9a980efcab71dc98da83cadddaa6bb393dae3,4513
2d_euler,AAF-PINN,AAF-PINN,aaf_pinn,42,status,results/raw/runs/2d_euler/aaf_pinn/seed_42/status.json,2d_euler/aaf_pinn/seed_42/status.json,914b5a33681879dc36a02e0c4d8faf741bc4a957845eb47c3280d90185b4a0ea,104
2d_euler,AAF-PINN,AAF-PINN,aaf_pinn,42,success_marker,results/raw/runs/2d_euler/aaf_pinn/seed_42/_SUCCESS,2d_euler/aaf_pinn/seed_42/_SUCCESS,81b2bd4ea98c8db66554fbc8d7637a1a69a130f331feb732b75caab4c4868fd5,8
2d_euler,AAF-PINN,AAF-PINN,aaf_pinn,100,checkpoint,results/raw/runs/2d_euler/aaf_pinn/seed_100/model_final.pt,2d_euler/aaf_pinn/seed_100/model_final.pt,27b1f677a6ba139dfc1bfe1e6ee5d6d3ec1203d85f46e5e4940c0d97e3213f3d,342588
2d_euler,AAF-PINN,AAF-PINN,aaf_pinn,100,checkpoint_adamw,results/raw/runs/2d_euler/aaf_pinn/seed_100/model_adamw_final.pt,2d_euler/aaf_pinn/seed_100/model_adamw_final.pt,d3dc73ddec627d2b080137a975d2d838d0b0d93709e474df9c96eccb875a073d,342754
2d_euler,AAF-PINN,AAF-PINN,aaf_pinn,100,config,results/raw/runs/2d_euler/aaf_pinn/seed_100/config.json,2d_euler/aaf_pinn/seed_100/config.json,be201a9d1466718851690afdf766db3bf9cd7331e17d6354ae4ea7a0fe4ba732,1537
2d_euler,AAF-PINN,AAF-PINN,aaf_pinn,100,environment,results/raw/runs/2d_euler/aaf_pinn/seed_100/env.json,2d_euler/aaf_pinn/seed_100/env.json,3ea9611b4a501b9d8258401458ea7fbd12107e673f8ddeac71518e0ffecb3269,244
2d_euler,AAF-PINN,AAF-PINN,aaf_pinn,100,method,results/raw/runs/2d_euler/aaf_pinn/seed_100/method.json,2d_euler/aaf_pinn/seed_100/method.json,53eb2837468438883959ba147e372a46666ee337b8fd12f762df6f02f98f88f8,528
2d_euler,AAF-PINN,AAF-PINN,aaf_pinn,100,metrics,results/raw/runs/2d_euler/aaf_pinn/seed_100/metrics_final.json,2d_euler/aaf_pinn/seed_100/metrics_final.json,3c5a4901338af09eb9511d9c785a7f6edb7d844e65a7cc506b2a1ac480c9e238,4500
2d_euler,AAF-PINN,AAF-PINN,aaf_pinn,100,status,results/raw/runs/2d_euler/aaf_pinn/seed_100/status.json,2d_euler/aaf_pinn/seed_100/status.json,c8897ca1045bfc6e51da240b87d3a26a9906be5b8968040c9a3735acccc4bed6,103
2d_euler,AAF-PINN,AAF-PINN,aaf_pinn,100,success_marker,results/raw/runs/2d_euler/aaf_pinn/seed_100/_SUCCESS,2d_euler/aaf_pinn/seed_100/_SUCCESS,81b2bd4ea98c8db66554fbc8d7637a1a69a130f331feb732b75caab4c4868fd5,8
2d_euler,AAF-PINN,AAF-PINN,aaf_pinn,2026,checkpoint,results/raw/runs/2d_euler/aaf_pinn/seed_2026/model_final.pt,2d_euler/aaf_pinn/seed_2026/model_final.pt,c9d547d4a4dcd1e6c51aea0a6c0c9c41bda003f0053ac76d00e6add82fc8b341,342588
2d_euler,AAF-PINN,AAF-PINN,aaf_pinn,2026,checkpoint_adamw,results/raw/runs/2d_euler/aaf_pinn/seed_2026/model_adamw_final.pt,2d_euler/aaf_pinn/seed_2026/model_adamw_final.pt,ad0c2b0dcf0b1ceb9abc51d8f322afee1be330c4bd5a45c4edd7d5bee5005719,342754
2d_euler,AAF-PINN,AAF-PINN,aaf_pinn,2026,config,results/raw/runs/2d_euler/aaf_pinn/seed_2026/config.json,2d_euler/aaf_pinn/seed_2026/config.json,87d6b0f36b974306691d7d4c1d567dd6eb7d793ec29912ea53ee43e81529e1f9,1539
2d_euler,AAF-PINN,AAF-PINN,aaf_pinn,2026,environment,results/raw/runs/2d_euler/aaf_pinn/seed_2026/env.json,2d_euler/aaf_pinn/seed_2026/env.json,3ea9611b4a501b9d8258401458ea7fbd12107e673f8ddeac71518e0ffecb3269,244
2d_euler,AAF-PINN,AAF-PINN,aaf_pinn,2026,method,results/raw/runs/2d_euler/aaf_pinn/seed_2026/method.json,2d_euler/aaf_pinn/seed_2026/method.json,53eb2837468438883959ba147e372a46666ee337b8fd12f762df6f02f98f88f8,528
2d_euler,AAF-PINN,AAF-PINN,aaf_pinn,2026,metrics,results/raw/runs/2d_euler/aaf_pinn/seed_2026/metrics_final.json,2d_euler/aaf_pinn/seed_2026/metrics_final.json,9b6cf31e55ebfbb1bd0bb0d138cacc5789a3b2da6d671c7aa32ce54a4a450e50,4505
2d_euler,AAF-PINN,AAF-PINN,aaf_pinn,2026,status,results/raw/runs/2d_euler/aaf_pinn/seed_2026/status.json,2d_euler/aaf_pinn/seed_2026/status.json,7634e9d14c0aa97e88673881fedc1b6dc7ff0608c923f2e4145fb2a5a3df1311,103
2d_euler,AAF-PINN,AAF-PINN,aaf_pinn,2026,success_marker,results/raw/runs/2d_euler/aaf_pinn/seed_2026/_SUCCESS,2d_euler/aaf_pinn/seed_2026/_SUCCESS,81b2bd4ea98c8db66554fbc8d7637a1a69a130f331feb732b75caab4c4868fd5,8
2d_euler,AAF-PINN,AAF-PINN,aaf_pinn,31415,checkpoint,results/raw/runs/2d_euler/aaf_pinn/seed_31415/model_final.pt,2d_euler/aaf_pinn/seed_31415/model_final.pt,3e847b3a5387571379ca2b99868424b1bd6fbff22ac6bc1fb841938fd54a7c8d,342588
2d_euler,AAF-PINN,AAF-PINN,aaf_pinn,31415,checkpoint_adamw,results/raw/runs/2d_euler/aaf_pinn/seed_31415/model_adamw_final.pt,2d_euler/aaf_pinn/seed_31415/model_adamw_final.pt,f1a4faab88baae08ec1537e9e0e6b764c48224603b52f35a2576d7b87e65e4f4,342754
2d_euler,AAF-PINN,AAF-PINN,aaf_pinn,31415,config,results/raw/runs/2d_euler/aaf_pinn/seed_31415/config.json,2d_euler/aaf_pinn/seed_31415/config.json,9abe457b1c6cf8179d53ce6150988145d67bc3cef43703734925a2903f2da20a,1541
2d_euler,AAF-PINN,AAF-PINN,aaf_pinn,31415,environment,results/raw/runs/2d_euler/aaf_pinn/seed_31415/env.json,2d_euler/aaf_pinn/seed_31415/env.json,3ea9611b4a501b9d8258401458ea7fbd12107e673f8ddeac71518e0ffecb3269,244
2d_euler,AAF-PINN,AAF-PINN,aaf_pinn,31415,method,results/raw/runs/2d_euler/aaf_pinn/seed_31415/method.json,2d_euler/aaf_pinn/seed_31415/method.json,53eb2837468438883959ba147e372a46666ee337b8fd12f762df6f02f98f88f8,528
2d_euler,AAF-PINN,AAF-PINN,aaf_pinn,31415,metrics,results/raw/runs/2d_euler/aaf_pinn/seed_31415/metrics_final.json,2d_euler/aaf_pinn/seed_31415/metrics_final.json,09b2e331f85b9d56cd1cd6cc0ff3778a53a708eefc7be30563137e7c241fb199,4498
2d_euler,AAF-PINN,AAF-PINN,aaf_pinn,31415,status,results/raw/runs/2d_euler/aaf_pinn/seed_31415/status.json,2d_euler/aaf_pinn/seed_31415/status.json,1102d5e948cfc7f03037d080a197202ff4f79d3810372cdae09cc4cf0c76b0b1,103
2d_euler,AAF-PINN,AAF-PINN,aaf_pinn,31415,success_marker,results/raw/runs/2d_euler/aaf_pinn/seed_31415/_SUCCESS,2d_euler/aaf_pinn/seed_31415/_SUCCESS,81b2bd4ea98c8db66554fbc8d7637a1a69a130f331feb732b75caab4c4868fd5,8
2d_euler,LRA-PINN,LRA-PINN,lra_pinn,7,checkpoint,results/raw/runs/2d_euler/lra_pinn/seed_7/model_final.pt,2d_euler/lra_pinn/seed_7/model_final.pt,70626a6b34612c3cfa3f144577183c7e84c3d949629675c8f6cce8d5db59875d,342395
2d_euler,LRA-PINN,LRA-PINN,lra_pinn,7,checkpoint_adamw,results/raw/runs/2d_euler/lra_pinn/seed_7/model_adamw_final.pt,2d_euler/lra_pinn/seed_7/model_adamw_final.pt,05942c392f4159d83386f93de1a25de9d5cf86df2a5047600bdf5c3ef42747d8,342491
2d_euler,LRA-PINN,LRA-PINN,lra_pinn,7,config,results/raw/runs/2d_euler/lra_pinn/seed_7/config.json,2d_euler/lra_pinn/seed_7/config.json,e3756d872428e437b9b73ca78283224378b8e25b8efc32008f3b616198108463,1533
2d_euler,LRA-PINN,LRA-PINN,lra_pinn,7,environment,results/raw/runs/2d_euler/lra_pinn/seed_7/env.json,2d_euler/lra_pinn/seed_7/env.json,3ea9611b4a501b9d8258401458ea7fbd12107e673f8ddeac71518e0ffecb3269,244
2d_euler,LRA-PINN,LRA-PINN,lra_pinn,7,method,results/raw/runs/2d_euler/lra_pinn/seed_7/method.json,2d_euler/lra_pinn/seed_7/method.json,b0f30434975da8eddc853e7889ede5109a3600fe6012bc0e26e818e699f782ad,458
2d_euler,LRA-PINN,LRA-PINN,lra_pinn,7,metrics,results/raw/runs/2d_euler/lra_pinn/seed_7/metrics_final.json,2d_euler/lra_pinn/seed_7/metrics_final.json,5b8b78b71b9a66e4298bad58fb88c1939575a03f1d42b7dcb387676bc38bc2ec,4545
2d_euler,LRA-PINN,LRA-PINN,lra_pinn,7,status,results/raw/runs/2d_euler/lra_pinn/seed_7/status.json,2d_euler/lra_pinn/seed_7/status.json,b1eb67e642668387f55c678d0ea34fb90b902d98ae6cbdb866b4ae2b4da38657,103
2d_euler,LRA-PINN,LRA-PINN,lra_pinn,7,success_marker,results/raw/runs/2d_euler/lra_pinn/seed_7/_SUCCESS,2d_euler/lra_pinn/seed_7/_SUCCESS,81b2bd4ea98c8db66554fbc8d7637a1a69a130f331feb732b75caab4c4868fd5,8
2d_euler,LRA-PINN,LRA-PINN,lra_pinn,42,checkpoint,results/raw/runs/2d_euler/lra_pinn/seed_42/model_final.pt,2d_euler/lra_pinn/seed_42/model_final.pt,186a5015f746df05982ced61f35e83cf092e79edde1f8b15e5494ddb74a1d026,342395
2d_euler,LRA-PINN,LRA-PINN,lra_pinn,42,checkpoint_adamw,results/raw/runs/2d_euler/lra_pinn/seed_42/model_adamw_final.pt,2d_euler/lra_pinn/seed_42/model_adamw_final.pt,75e516d295e246c8fea444460917c85a30b875a64adff2e155c6f488ee15a573,342491
2d_euler,LRA-PINN,LRA-PINN,lra_pinn,42,config,results/raw/runs/2d_euler/lra_pinn/seed_42/config.json,2d_euler/lra_pinn/seed_42/config.json,e6f0a89e8f2c17d82d88e9778cadb6e6170e1038bcb731851e76f5bd54ef7650,1535
2d_euler,LRA-PINN,LRA-PINN,lra_pinn,42,environment,results/raw/runs/2d_euler/lra_pinn/seed_42/env.json,2d_euler/lra_pinn/seed_42/env.json,3ea9611b4a501b9d8258401458ea7fbd12107e673f8ddeac71518e0ffecb3269,244
2d_euler,LRA-PINN,LRA-PINN,lra_pinn,42,method,results/raw/runs/2d_euler/lra_pinn/seed_42/method.json,2d_euler/lra_pinn/seed_42/method.json,b0f30434975da8eddc853e7889ede5109a3600fe6012bc0e26e818e699f782ad,458
2d_euler,LRA-PINN,LRA-PINN,lra_pinn,42,metrics,results/raw/runs/2d_euler/lra_pinn/seed_42/metrics_final.json,2d_euler/lra_pinn/seed_42/metrics_final.json,6253e1e11bf5c80513c76418472831029396c597a51dd36afab32a0871ae9bde,4558
2d_euler,LRA-PINN,LRA-PINN,lra_pinn,42,status,results/raw/runs/2d_euler/lra_pinn/seed_42/status.json,2d_euler/lra_pinn/seed_42/status.json,5a5d944b9cb028e61906f24f2d47ee62bcf42f2107e2ab6e648e4d122e2972ee,103
2d_euler,LRA-PINN,LRA-PINN,lra_pinn,42,success_marker,results/raw/runs/2d_euler/lra_pinn/seed_42/_SUCCESS,2d_euler/lra_pinn/seed_42/_SUCCESS,81b2bd4ea98c8db66554fbc8d7637a1a69a130f331feb732b75caab4c4868fd5,8
2d_euler,LRA-PINN,LRA-PINN,lra_pinn,100,checkpoint,results/raw/runs/2d_euler/lra_pinn/seed_100/model_final.pt,2d_euler/lra_pinn/seed_100/model_final.pt,b8a5ba2362224a09c9072b00ce994efc630cae4796179f7aeee0f3b6fa1d4592,342395
2d_euler,LRA-PINN,LRA-PINN,lra_pinn,100,checkpoint_adamw,results/raw/runs/2d_euler/lra_pinn/seed_100/model_adamw_final.pt,2d_euler/lra_pinn/seed_100/model_adamw_final.pt,8bb95e0a64bc2bb151cf395bb83910d706920c18f0001211e4d0aa358bb5796d,342491
2d_euler,LRA-PINN,LRA-PINN,lra_pinn,100,config,results/raw/runs/2d_euler/lra_pinn/seed_100/config.json,2d_euler/lra_pinn/seed_100/config.json,eed4752811b6dbfbd7a5d808f60c2274b681272e782de109a13228bd6230d213,1537
2d_euler,LRA-PINN,LRA-PINN,lra_pinn,100,environment,results/raw/runs/2d_euler/lra_pinn/seed_100/env.json,2d_euler/lra_pinn/seed_100/env.json,3ea9611b4a501b9d8258401458ea7fbd12107e673f8ddeac71518e0ffecb3269,244
2d_euler,LRA-PINN,LRA-PINN,lra_pinn,100,method,results/raw/runs/2d_euler/lra_pinn/seed_100/method.json,2d_euler/lra_pinn/seed_100/method.json,b0f30434975da8eddc853e7889ede5109a3600fe6012bc0e26e818e699f782ad,458
2d_euler,LRA-PINN,LRA-PINN,lra_pinn,100,metrics,results/raw/runs/2d_euler/lra_pinn/seed_100/metrics_final.json,2d_euler/lra_pinn/seed_100/metrics_final.json,013cbb1fec9b4d26049bf812e43e28a2579abc61c50a17ce93aef2f9a8c068d0,4561
2d_euler,LRA-PINN,LRA-PINN,lra_pinn,100,status,results/raw/runs/2d_euler/lra_pinn/seed_100/status.json,2d_euler/lra_pinn/seed_100/status.json,68786cf9e4eadc0ab7950a78bbb3cb4b8b5f13f7c065fcb2b078db3396635147,103
2d_euler,LRA-PINN,LRA-PINN,lra_pinn,100,success_marker,results/raw/runs/2d_euler/lra_pinn/seed_100/_SUCCESS,2d_euler/lra_pinn/seed_100/_SUCCESS,81b2bd4ea98c8db66554fbc8d7637a1a69a130f331feb732b75caab4c4868fd5,8
2d_euler,LRA-PINN,LRA-PINN,lra_pinn,2026,checkpoint,results/raw/runs/2d_euler/lra_pinn/seed_2026/model_final.pt,2d_euler/lra_pinn/seed_2026/model_final.pt,0be0760533d3d482f4f543067c10d681c8067949eb6735cae7618f4bd5504ad6,342395
2d_euler,LRA-PINN,LRA-PINN,lra_pinn,2026,checkpoint_adamw,results/raw/runs/2d_euler/lra_pinn/seed_2026/model_adamw_final.pt,2d_euler/lra_pinn/seed_2026/model_adamw_final.pt,49eec3ef6f1a1dff0b50c4fe7fcb554e7645c1db8c27103b5e809215fbdd4e9f,342491
2d_euler,LRA-PINN,LRA-PINN,lra_pinn,2026,config,results/raw/runs/2d_euler/lra_pinn/seed_2026/config.json,2d_euler/lra_pinn/seed_2026/config.json,c6719be61b7229acca03d558dca9c86c633b97a972e741719211d9c8bf09b590,1539
2d_euler,LRA-PINN,LRA-PINN,lra_pinn,2026,environment,results/raw/runs/2d_euler/lra_pinn/seed_2026/env.json,2d_euler/lra_pinn/seed_2026/env.json,3ea9611b4a501b9d8258401458ea7fbd12107e673f8ddeac71518e0ffecb3269,244
2d_euler,LRA-PINN,LRA-PINN,lra_pinn,2026,method,results/raw/runs/2d_euler/lra_pinn/seed_2026/method.json,2d_euler/lra_pinn/seed_2026/method.json,b0f30434975da8eddc853e7889ede5109a3600fe6012bc0e26e818e699f782ad,458
2d_euler,LRA-PINN,LRA-PINN,lra_pinn,2026,metrics,results/raw/runs/2d_euler/lra_pinn/seed_2026/metrics_final.json,2d_euler/lra_pinn/seed_2026/metrics_final.json,415e89eca7fa52a884e26f7f041937c79a3f42f5564495803ed960802c653425,4558
2d_euler,LRA-PINN,LRA-PINN,lra_pinn,2026,status,results/raw/runs/2d_euler/lra_pinn/seed_2026/status.json,2d_euler/lra_pinn/seed_2026/status.json,efd8b31d9bf66368f5a50048710ff2179a81d300a0f52e199b0c1b37ae6ab2d8,102
2d_euler,LRA-PINN,LRA-PINN,lra_pinn,2026,success_marker,results/raw/runs/2d_euler/lra_pinn/seed_2026/_SUCCESS,2d_euler/lra_pinn/seed_2026/_SUCCESS,81b2bd4ea98c8db66554fbc8d7637a1a69a130f331feb732b75caab4c4868fd5,8
2d_euler,LRA-PINN,LRA-PINN,lra_pinn,31415,checkpoint,results/raw/runs/2d_euler/lra_pinn/seed_31415/model_final.pt,2d_euler/lra_pinn/seed_31415/model_final.pt,58e714771b581b0f8e8fff030f614028c1d71fed430b0ae093b5cab6f37e0497,342395
2d_euler,LRA-PINN,LRA-PINN,lra_pinn,31415,checkpoint_adamw,results/raw/runs/2d_euler/lra_pinn/seed_31415/model_adamw_final.pt,2d_euler/lra_pinn/seed_31415/model_adamw_final.pt,89a6cb8f87256f5a2ff2ce2abf5d3a808bd06265c7155a08ae0f7c9fc96cd5fc,342491
2d_euler,LRA-PINN,LRA-PINN,lra_pinn,31415,config,results/raw/runs/2d_euler/lra_pinn/seed_31415/config.json,2d_euler/lra_pinn/seed_31415/config.json,52748777c107eecf68ddbd5b13a88004b55e0bccbf9e4eb01c361a9c47301c4c,1541
2d_euler,LRA-PINN,LRA-PINN,lra_pinn,31415,environment,results/raw/runs/2d_euler/lra_pinn/seed_31415/env.json,2d_euler/lra_pinn/seed_31415/env.json,3ea9611b4a501b9d8258401458ea7fbd12107e673f8ddeac71518e0ffecb3269,244
2d_euler,LRA-PINN,LRA-PINN,lra_pinn,31415,method,results/raw/runs/2d_euler/lra_pinn/seed_31415/method.json,2d_euler/lra_pinn/seed_31415/method.json,b0f30434975da8eddc853e7889ede5109a3600fe6012bc0e26e818e699f782ad,458
2d_euler,LRA-PINN,LRA-PINN,lra_pinn,31415,metrics,results/raw/runs/2d_euler/lra_pinn/seed_31415/metrics_final.json,2d_euler/lra_pinn/seed_31415/metrics_final.json,f6666cf3deeba475819ce4291b16b7926978e8910801c0af6f7a3efe4eb66df8,4547
2d_euler,LRA-PINN,LRA-PINN,lra_pinn,31415,status,results/raw/runs/2d_euler/lra_pinn/seed_31415/status.json,2d_euler/lra_pinn/seed_31415/status.json,feb9c6a46578fa83f7e40f2cb3efdc3067e9fa15227941761190ea4360f1bcb2,103
2d_euler,LRA-PINN,LRA-PINN,lra_pinn,31415,success_marker,results/raw/runs/2d_euler/lra_pinn/seed_31415/_SUCCESS,2d_euler/lra_pinn/seed_31415/_SUCCESS,81b2bd4ea98c8db66554fbc8d7637a1a69a130f331feb732b75caab4c4868fd5,8
2d_euler,RAD-PINN,RAD-PINN,rad_pinn,7,checkpoint,results/raw/runs/2d_euler/rad_pinn/seed_7/model_final.pt,2d_euler/rad_pinn/seed_7/model_final.pt,fb8a5409ab830736330598ba63437aaf7813f6c7508ba1b60eaaa2defac782b4,342267
2d_euler,RAD-PINN,RAD-PINN,rad_pinn,7,checkpoint_adamw,results/raw/runs/2d_euler/rad_pinn/seed_7/model_adamw_final.pt,2d_euler/rad_pinn/seed_7/model_adamw_final.pt,df15b1ff80975f8704b02faa2c15c93f1818e1baaa50cf466907ecc0f5a18d01,342427
2d_euler,RAD-PINN,RAD-PINN,rad_pinn,7,config,results/raw/runs/2d_euler/rad_pinn/seed_7/config.json,2d_euler/rad_pinn/seed_7/config.json,0326767b85d48bafc988a22a9ef4dd394e1187a433a0571106ed9fc74bc42a1b,1533
2d_euler,RAD-PINN,RAD-PINN,rad_pinn,7,environment,results/raw/runs/2d_euler/rad_pinn/seed_7/env.json,2d_euler/rad_pinn/seed_7/env.json,3ea9611b4a501b9d8258401458ea7fbd12107e673f8ddeac71518e0ffecb3269,244
2d_euler,RAD-PINN,RAD-PINN,rad_pinn,7,method,results/raw/runs/2d_euler/rad_pinn/seed_7/method.json,2d_euler/rad_pinn/seed_7/method.json,6536f6caeed14b1c98620960c58ece26df348fc5b6be06e474da01bab6de368c,413
2d_euler,RAD-PINN,RAD-PINN,rad_pinn,7,metrics,results/raw/runs/2d_euler/rad_pinn/seed_7/metrics_final.json,2d_euler/rad_pinn/seed_7/metrics_final.json,bdd9897580065494e9d8cd3b50b5c7ca5d90ea03c30222f94ab17ce18852ebef,4438
2d_euler,RAD-PINN,RAD-PINN,rad_pinn,7,status,results/raw/runs/2d_euler/rad_pinn/seed_7/status.json,2d_euler/rad_pinn/seed_7/status.json,e1a02c68c2cb35c095a02fff0d168aa770edfe86ec045a7a473c9a88d61555c3,102
2d_euler,RAD-PINN,RAD-PINN,rad_pinn,7,success_marker,results/raw/runs/2d_euler/rad_pinn/seed_7/_SUCCESS,2d_euler/rad_pinn/seed_7/_SUCCESS,81b2bd4ea98c8db66554fbc8d7637a1a69a130f331feb732b75caab4c4868fd5,8
2d_euler,RAD-PINN,RAD-PINN,rad_pinn,42,checkpoint,results/raw/runs/2d_euler/rad_pinn/seed_42/model_final.pt,2d_euler/rad_pinn/seed_42/model_final.pt,58b1667c84a22aec4b5da84d0702a5283b7ecd641929ce6a6d8283278afd0446,342267
2d_euler,RAD-PINN,RAD-PINN,rad_pinn,42,checkpoint_adamw,results/raw/runs/2d_euler/rad_pinn/seed_42/model_adamw_final.pt,2d_euler/rad_pinn/seed_42/model_adamw_final.pt,3c2d74166e12c829eaa28d443f5baaf9657edf3e1d451f124eb6e9b7710ffcbf,342427
2d_euler,RAD-PINN,RAD-PINN,rad_pinn,42,config,results/raw/runs/2d_euler/rad_pinn/seed_42/config.json,2d_euler/rad_pinn/seed_42/config.json,e7e475e7d5fb9005369f02f55c1ac08b14178ec4745dd0ab6d7c3afdc5eb7abe,1535
2d_euler,RAD-PINN,RAD-PINN,rad_pinn,42,environment,results/raw/runs/2d_euler/rad_pinn/seed_42/env.json,2d_euler/rad_pinn/seed_42/env.json,3ea9611b4a501b9d8258401458ea7fbd12107e673f8ddeac71518e0ffecb3269,244
2d_euler,RAD-PINN,RAD-PINN,rad_pinn,42,method,results/raw/runs/2d_euler/rad_pinn/seed_42/method.json,2d_euler/rad_pinn/seed_42/method.json,6536f6caeed14b1c98620960c58ece26df348fc5b6be06e474da01bab6de368c,413
2d_euler,RAD-PINN,RAD-PINN,rad_pinn,42,metrics,results/raw/runs/2d_euler/rad_pinn/seed_42/metrics_final.json,2d_euler/rad_pinn/seed_42/metrics_final.json,bf0ec523e6f1793f55f1311548c3eb88b082607e98b41db9f7f1a75508f72ee7,4440
2d_euler,RAD-PINN,RAD-PINN,rad_pinn,42,status,results/raw/runs/2d_euler/rad_pinn/seed_42/status.json,2d_euler/rad_pinn/seed_42/status.json,1c10472c15fd1f784c69b07364597a0ced97c334b5a685a4dbd4dcd17a10e8c9,101
2d_euler,RAD-PINN,RAD-PINN,rad_pinn,42,success_marker,results/raw/runs/2d_euler/rad_pinn/seed_42/_SUCCESS,2d_euler/rad_pinn/seed_42/_SUCCESS,81b2bd4ea98c8db66554fbc8d7637a1a69a130f331feb732b75caab4c4868fd5,8
2d_euler,RAD-PINN,RAD-PINN,rad_pinn,100,checkpoint,results/raw/runs/2d_euler/rad_pinn/seed_100/model_final.pt,2d_euler/rad_pinn/seed_100/model_final.pt,fc668a2145d69c526c3ee0af6e83d036f091283dbabd1416e4a48af169e34949,342267
2d_euler,RAD-PINN,RAD-PINN,rad_pinn,100,checkpoint_adamw,results/raw/runs/2d_euler/rad_pinn/seed_100/model_adamw_final.pt,2d_euler/rad_pinn/seed_100/model_adamw_final.pt,7e3629394142161e563a4d04926a2b4d687db959543722d6ba16e5c96dde7fa3,342427
2d_euler,RAD-PINN,RAD-PINN,rad_pinn,100,config,results/raw/runs/2d_euler/rad_pinn/seed_100/config.json,2d_euler/rad_pinn/seed_100/config.json,dd5ca1cfe659dbd32243fa5cade84ea567b8c1f63f17425224a9bbe005dcbf97,1537
2d_euler,RAD-PINN,RAD-PINN,rad_pinn,100,environment,results/raw/runs/2d_euler/rad_pinn/seed_100/env.json,2d_euler/rad_pinn/seed_100/env.json,3ea9611b4a501b9d8258401458ea7fbd12107e673f8ddeac71518e0ffecb3269,244
2d_euler,RAD-PINN,RAD-PINN,rad_pinn,100,method,results/raw/runs/2d_euler/rad_pinn/seed_100/method.json,2d_euler/rad_pinn/seed_100/method.json,6536f6caeed14b1c98620960c58ece26df348fc5b6be06e474da01bab6de368c,413
2d_euler,RAD-PINN,RAD-PINN,rad_pinn,100,metrics,results/raw/runs/2d_euler/rad_pinn/seed_100/metrics_final.json,2d_euler/rad_pinn/seed_100/metrics_final.json,039d74bf254747deac951000e16c46d2c0f7f9b37a26d3650a35b297a562e062,4444
2d_euler,RAD-PINN,RAD-PINN,rad_pinn,100,status,results/raw/runs/2d_euler/rad_pinn/seed_100/status.json,2d_euler/rad_pinn/seed_100/status.json,62dd5034ce237da1aeeba10d1b3faeed7e334df5c268978e664269eeece8da3c,103
2d_euler,RAD-PINN,RAD-PINN,rad_pinn,100,success_marker,results/raw/runs/2d_euler/rad_pinn/seed_100/_SUCCESS,2d_euler/rad_pinn/seed_100/_SUCCESS,81b2bd4ea98c8db66554fbc8d7637a1a69a130f331feb732b75caab4c4868fd5,8
2d_euler,RAD-PINN,RAD-PINN,rad_pinn,2026,checkpoint,results/raw/runs/2d_euler/rad_pinn/seed_2026/model_final.pt,2d_euler/rad_pinn/seed_2026/model_final.pt,588a76aeb17d9f24e0f5a969568827842ca3e28cb4729eef52bbd6f3939dfc8f,342267
2d_euler,RAD-PINN,RAD-PINN,rad_pinn,2026,checkpoint_adamw,results/raw/runs/2d_euler/rad_pinn/seed_2026/model_adamw_final.pt,2d_euler/rad_pinn/seed_2026/model_adamw_final.pt,c7fd6155887d0bd8eb1eb81800da8f140828a57c73fc6018359b224f29ffc2c8,342427
2d_euler,RAD-PINN,RAD-PINN,rad_pinn,2026,config,results/raw/runs/2d_euler/rad_pinn/seed_2026/config.json,2d_euler/rad_pinn/seed_2026/config.json,1fcbe524ee980960d1b2640a90167f6b75a792422ffb1c6b1e8d5dc7b8175a1b,1539
2d_euler,RAD-PINN,RAD-PINN,rad_pinn,2026,environment,results/raw/runs/2d_euler/rad_pinn/seed_2026/env.json,2d_euler/rad_pinn/seed_2026/env.json,3ea9611b4a501b9d8258401458ea7fbd12107e673f8ddeac71518e0ffecb3269,244
2d_euler,RAD-PINN,RAD-PINN,rad_pinn,2026,method,results/raw/runs/2d_euler/rad_pinn/seed_2026/method.json,2d_euler/rad_pinn/seed_2026/method.json,6536f6caeed14b1c98620960c58ece26df348fc5b6be06e474da01bab6de368c,413
2d_euler,RAD-PINN,RAD-PINN,rad_pinn,2026,metrics,results/raw/runs/2d_euler/rad_pinn/seed_2026/metrics_final.json,2d_euler/rad_pinn/seed_2026/metrics_final.json,92cc6e21dea07ea994ba16a50355e5130d35fcc80146eb34fb6ade542dd664b1,4446
2d_euler,RAD-PINN,RAD-PINN,rad_pinn,2026,status,results/raw/runs/2d_euler/rad_pinn/seed_2026/status.json,2d_euler/rad_pinn/seed_2026/status.json,2c921a1f1f70a9d76109b24e84245a9aed4d3669731195cd6a7e011306bda3a8,103
2d_euler,RAD-PINN,RAD-PINN,rad_pinn,2026,success_marker,results/raw/runs/2d_euler/rad_pinn/seed_2026/_SUCCESS,2d_euler/rad_pinn/seed_2026/_SUCCESS,81b2bd4ea98c8db66554fbc8d7637a1a69a130f331feb732b75caab4c4868fd5,8
2d_euler,RAD-PINN,RAD-PINN,rad_pinn,31415,checkpoint,results/raw/runs/2d_euler/rad_pinn/seed_31415/model_final.pt,2d_euler/rad_pinn/seed_31415/model_final.pt,2ae2d1f41aedfb39c2a3941c368660c8112983a3c7b7c314d3f824d025c3bd11,342267
2d_euler,RAD-PINN,RAD-PINN,rad_pinn,31415,checkpoint_adamw,results/raw/runs/2d_euler/rad_pinn/seed_31415/model_adamw_final.pt,2d_euler/rad_pinn/seed_31415/model_adamw_final.pt,72ae71ceb2dfbc931359ca1e0755ccbf8fe5d1bf3b9efe85fc8a04d09288182a,342427
2d_euler,RAD-PINN,RAD-PINN,rad_pinn,31415,config,results/raw/runs/2d_euler/rad_pinn/seed_31415/config.json,2d_euler/rad_pinn/seed_31415/config.json,5feef2f6a9c3f862a313f60ffc2d9c15ab8d4abdf707b86c91a66ccdc9249406,1541
2d_euler,RAD-PINN,RAD-PINN,rad_pinn,31415,environment,results/raw/runs/2d_euler/rad_pinn/seed_31415/env.json,2d_euler/rad_pinn/seed_31415/env.json,3ea9611b4a501b9d8258401458ea7fbd12107e673f8ddeac71518e0ffecb3269,244
2d_euler,RAD-PINN,RAD-PINN,rad_pinn,31415,method,results/raw/runs/2d_euler/rad_pinn/seed_31415/method.json,2d_euler/rad_pinn/seed_31415/method.json,6536f6caeed14b1c98620960c58ece26df348fc5b6be06e474da01bab6de368c,413
2d_euler,RAD-PINN,RAD-PINN,rad_pinn,31415,metrics,results/raw/runs/2d_euler/rad_pinn/seed_31415/metrics_final.json,2d_euler/rad_pinn/seed_31415/metrics_final.json,aa53fdff9788cf949b2cedaca5e3a5a5b5221570cc2341479aa1c86ce7911a09,4398
2d_euler,RAD-PINN,RAD-PINN,rad_pinn,31415,status,results/raw/runs/2d_euler/rad_pinn/seed_31415/status.json,2d_euler/rad_pinn/seed_31415/status.json,284af987cbba48b92b8fce245e216e112bdcc5781105103d5157935f9de9a3f9,103
2d_euler,RAD-PINN,RAD-PINN,rad_pinn,31415,success_marker,results/raw/runs/2d_euler/rad_pinn/seed_31415/_SUCCESS,2d_euler/rad_pinn/seed_31415/_SUCCESS,81b2bd4ea98c8db66554fbc8d7637a1a69a130f331feb732b75caab4c4868fd5,8
2d_euler,RAR-D-PINN,RAR-D-PINN,rar_d_pinn,7,checkpoint,results/raw/runs/2d_euler/rar_d_pinn/seed_7/model_final.pt,2d_euler/rar_d_pinn/seed_7/model_final.pt,6b6ad5b6cc7bd727a45e50af0dca0f7027a3091bb6c2e1b09a04acf366073040,342395
2d_euler,RAR-D-PINN,RAR-D-PINN,rar_d_pinn,7,checkpoint_adamw,results/raw/runs/2d_euler/rar_d_pinn/seed_7/model_adamw_final.pt,2d_euler/rar_d_pinn/seed_7/model_adamw_final.pt,a3c828c829eabbefe193755ec767fa706b0c1b3583838cf1d68ef3c9fa768da1,342491
2d_euler,RAR-D-PINN,RAR-D-PINN,rar_d_pinn,7,config,results/raw/runs/2d_euler/rar_d_pinn/seed_7/config.json,2d_euler/rar_d_pinn/seed_7/config.json,b2d4638277da94c2c00be6e428ac3e46479e858337e4ba26f732589b306cead2,1535
2d_euler,RAR-D-PINN,RAR-D-PINN,rar_d_pinn,7,environment,results/raw/runs/2d_euler/rar_d_pinn/seed_7/env.json,2d_euler/rar_d_pinn/seed_7/env.json,3ea9611b4a501b9d8258401458ea7fbd12107e673f8ddeac71518e0ffecb3269,244
2d_euler,RAR-D-PINN,RAR-D-PINN,rar_d_pinn,7,method,results/raw/runs/2d_euler/rar_d_pinn/seed_7/method.json,2d_euler/rar_d_pinn/seed_7/method.json,6f0ac248a434364415255e6eefd160c96a49283b35dabd65bb48cd7e27e7417a,381
2d_euler,RAR-D-PINN,RAR-D-PINN,rar_d_pinn,7,metrics,results/raw/runs/2d_euler/rar_d_pinn/seed_7/metrics_final.json,2d_euler/rar_d_pinn/seed_7/metrics_final.json,46d5035b5f2705830a405050ac4948aebb4dcedea7b4201a4e59b0eaeba33c77,4522
2d_euler,RAR-D-PINN,RAR-D-PINN,rar_d_pinn,7,status,results/raw/runs/2d_euler/rar_d_pinn/seed_7/status.json,2d_euler/rar_d_pinn/seed_7/status.json,37c92cceb2ee2d2afd8b97f61e53aec1d3ae6f3e46379dc9b5bf2b495f6c7cfe,103
2d_euler,RAR-D-PINN,RAR-D-PINN,rar_d_pinn,7,success_marker,results/raw/runs/2d_euler/rar_d_pinn/seed_7/_SUCCESS,2d_euler/rar_d_pinn/seed_7/_SUCCESS,81b2bd4ea98c8db66554fbc8d7637a1a69a130f331feb732b75caab4c4868fd5,8
2d_euler,RAR-D-PINN,RAR-D-PINN,rar_d_pinn,42,checkpoint,results/raw/runs/2d_euler/rar_d_pinn/seed_42/model_final.pt,2d_euler/rar_d_pinn/seed_42/model_final.pt,f6d3a4a59faf4993c6595ddb7655b94cb612756e945d75bb5082eedbb472b14a,342395
2d_euler,RAR-D-PINN,RAR-D-PINN,rar_d_pinn,42,checkpoint_adamw,results/raw/runs/2d_euler/rar_d_pinn/seed_42/model_adamw_final.pt,2d_euler/rar_d_pinn/seed_42/model_adamw_final.pt,8f199f1d198ad39ccc53e501bbc5afe7b8506120ef36d3e2520c0851c83bb4ef,342491
2d_euler,RAR-D-PINN,RAR-D-PINN,rar_d_pinn,42,config,results/raw/runs/2d_euler/rar_d_pinn/seed_42/config.json,2d_euler/rar_d_pinn/seed_42/config.json,e1479ca0bcb9f01a840c7b236186070f10173ac022bc0bc9ce403d34d4322010,1537
2d_euler,RAR-D-PINN,RAR-D-PINN,rar_d_pinn,42,environment,results/raw/runs/2d_euler/rar_d_pinn/seed_42/env.json,2d_euler/rar_d_pinn/seed_42/env.json,3ea9611b4a501b9d8258401458ea7fbd12107e673f8ddeac71518e0ffecb3269,244
2d_euler,RAR-D-PINN,RAR-D-PINN,rar_d_pinn,42,method,results/raw/runs/2d_euler/rar_d_pinn/seed_42/method.json,2d_euler/rar_d_pinn/seed_42/method.json,6f0ac248a434364415255e6eefd160c96a49283b35dabd65bb48cd7e27e7417a,381
2d_euler,RAR-D-PINN,RAR-D-PINN,rar_d_pinn,42,metrics,results/raw/runs/2d_euler/rar_d_pinn/seed_42/metrics_final.json,2d_euler/rar_d_pinn/seed_42/metrics_final.json,969dcd8cd8eb4e54765023370c024a8698ac703cd0a6a155a66dd28903fc43cc,4543
2d_euler,RAR-D-PINN,RAR-D-PINN,rar_d_pinn,42,status,results/raw/runs/2d_euler/rar_d_pinn/seed_42/status.json,2d_euler/rar_d_pinn/seed_42/status.json,0a4a8ac91ab53f7a0e6d79f802965c4c87489f39292c59d6d670cb3dbdf388c0,103
2d_euler,RAR-D-PINN,RAR-D-PINN,rar_d_pinn,42,success_marker,results/raw/runs/2d_euler/rar_d_pinn/seed_42/_SUCCESS,2d_euler/rar_d_pinn/seed_42/_SUCCESS,81b2bd4ea98c8db66554fbc8d7637a1a69a130f331feb732b75caab4c4868fd5,8
2d_euler,RAR-D-PINN,RAR-D-PINN,rar_d_pinn,100,checkpoint,results/raw/runs/2d_euler/rar_d_pinn/seed_100/model_final.pt,2d_euler/rar_d_pinn/seed_100/model_final.pt,7a0c24c216f31296fecec0e953ee706093cf0a0b99e05dbff886100b780a8d83,342395
2d_euler,RAR-D-PINN,RAR-D-PINN,rar_d_pinn,100,checkpoint_adamw,results/raw/runs/2d_euler/rar_d_pinn/seed_100/model_adamw_final.pt,2d_euler/rar_d_pinn/seed_100/model_adamw_final.pt,7b6ae85a5d2aeb55252cc9f7d34ab2365922fcaf4551e8338980ebe02901c40c,342491
2d_euler,RAR-D-PINN,RAR-D-PINN,rar_d_pinn,100,config,results/raw/runs/2d_euler/rar_d_pinn/seed_100/config.json,2d_euler/rar_d_pinn/seed_100/config.json,68da3484c2c2a2d21698965e21fd7a880f80b47af1db8ad3cf75deeed9a4b776,1539
2d_euler,RAR-D-PINN,RAR-D-PINN,rar_d_pinn,100,environment,results/raw/runs/2d_euler/rar_d_pinn/seed_100/env.json,2d_euler/rar_d_pinn/seed_100/env.json,3ea9611b4a501b9d8258401458ea7fbd12107e673f8ddeac71518e0ffecb3269,244
2d_euler,RAR-D-PINN,RAR-D-PINN,rar_d_pinn,100,method,results/raw/runs/2d_euler/rar_d_pinn/seed_100/method.json,2d_euler/rar_d_pinn/seed_100/method.json,6f0ac248a434364415255e6eefd160c96a49283b35dabd65bb48cd7e27e7417a,381
2d_euler,RAR-D-PINN,RAR-D-PINN,rar_d_pinn,100,metrics,results/raw/runs/2d_euler/rar_d_pinn/seed_100/metrics_final.json,2d_euler/rar_d_pinn/seed_100/metrics_final.json,2401c4c02fa48b8a36e78028639ee41f19695c5c24a097856bb06632332db98d,4513
2d_euler,RAR-D-PINN,RAR-D-PINN,rar_d_pinn,100,status,results/raw/runs/2d_euler/rar_d_pinn/seed_100/status.json,2d_euler/rar_d_pinn/seed_100/status.json,dc21041c1b5ac06f4e2b7b08f39e2e0ff232b8998f849496c5f9c8722bfa45be,103
2d_euler,RAR-D-PINN,RAR-D-PINN,rar_d_pinn,100,success_marker,results/raw/runs/2d_euler/rar_d_pinn/seed_100/_SUCCESS,2d_euler/rar_d_pinn/seed_100/_SUCCESS,81b2bd4ea98c8db66554fbc8d7637a1a69a130f331feb732b75caab4c4868fd5,8
2d_euler,RAR-D-PINN,RAR-D-PINN,rar_d_pinn,2026,checkpoint,results/raw/runs/2d_euler/rar_d_pinn/seed_2026/model_final.pt,2d_euler/rar_d_pinn/seed_2026/model_final.pt,dbf19d6e3c3f92a92ce06766fea024174e89464d096fff83d865d92823f14d19,342395
2d_euler,RAR-D-PINN,RAR-D-PINN,rar_d_pinn,2026,checkpoint_adamw,results/raw/runs/2d_euler/rar_d_pinn/seed_2026/model_adamw_final.pt,2d_euler/rar_d_pinn/seed_2026/model_adamw_final.pt,7ea317f47358064b852317f1980e14f6bb1dbab43a2022bbfa194df44d4f4342,342491
2d_euler,RAR-D-PINN,RAR-D-PINN,rar_d_pinn,2026,config,results/raw/runs/2d_euler/rar_d_pinn/seed_2026/config.json,2d_euler/rar_d_pinn/seed_2026/config.json,72c77371add1e3e6f2efd98454f10b70a565b1455cd8888d73c036aa50f04653,1541
2d_euler,RAR-D-PINN,RAR-D-PINN,rar_d_pinn,2026,environment,results/raw/runs/2d_euler/rar_d_pinn/seed_2026/env.json,2d_euler/rar_d_pinn/seed_2026/env.json,3ea9611b4a501b9d8258401458ea7fbd12107e673f8ddeac71518e0ffecb3269,244
2d_euler,RAR-D-PINN,RAR-D-PINN,rar_d_pinn,2026,method,results/raw/runs/2d_euler/rar_d_pinn/seed_2026/method.json,2d_euler/rar_d_pinn/seed_2026/method.json,6f0ac248a434364415255e6eefd160c96a49283b35dabd65bb48cd7e27e7417a,381
2d_euler,RAR-D-PINN,RAR-D-PINN,rar_d_pinn,2026,metrics,results/raw/runs/2d_euler/rar_d_pinn/seed_2026/metrics_final.json,2d_euler/rar_d_pinn/seed_2026/metrics_final.json,aeff1dedb0a9fe5ead368df7553fec42c43c46550cd4ae396a388ac59b05211c,4510
2d_euler,RAR-D-PINN,RAR-D-PINN,rar_d_pinn,2026,status,results/raw/runs/2d_euler/rar_d_pinn/seed_2026/status.json,2d_euler/rar_d_pinn/seed_2026/status.json,7b40d1489b6be64823d64ec045f44fe9147ac01ad830023424304dba47398bb6,103
2d_euler,RAR-D-PINN,RAR-D-PINN,rar_d_pinn,2026,success_marker,results/raw/runs/2d_euler/rar_d_pinn/seed_2026/_SUCCESS,2d_euler/rar_d_pinn/seed_2026/_SUCCESS,81b2bd4ea98c8db66554fbc8d7637a1a69a130f331feb732b75caab4c4868fd5,8
2d_euler,RAR-D-PINN,RAR-D-PINN,rar_d_pinn,31415,checkpoint,results/raw/runs/2d_euler/rar_d_pinn/seed_31415/model_final.pt,2d_euler/rar_d_pinn/seed_31415/model_final.pt,38e37678de5dc316a4f90d7a34a8e388be627501393a63d5394da67bf3c8a62c,342395
2d_euler,RAR-D-PINN,RAR-D-PINN,rar_d_pinn,31415,checkpoint_adamw,results/raw/runs/2d_euler/rar_d_pinn/seed_31415/model_adamw_final.pt,2d_euler/rar_d_pinn/seed_31415/model_adamw_final.pt,c20170dbbe9be976d9f477e937719299a5b97c59df38406254fd4588ff472d00,342491
2d_euler,RAR-D-PINN,RAR-D-PINN,rar_d_pinn,31415,config,results/raw/runs/2d_euler/rar_d_pinn/seed_31415/config.json,2d_euler/rar_d_pinn/seed_31415/config.json,a80f2e29ca27d6f8ea1fcb90f8e563616506ce0d693c08c62032dc1b88f5cf6a,1543
2d_euler,RAR-D-PINN,RAR-D-PINN,rar_d_pinn,31415,environment,results/raw/runs/2d_euler/rar_d_pinn/seed_31415/env.json,2d_euler/rar_d_pinn/seed_31415/env.json,3ea9611b4a501b9d8258401458ea7fbd12107e673f8ddeac71518e0ffecb3269,244
2d_euler,RAR-D-PINN,RAR-D-PINN,rar_d_pinn,31415,method,results/raw/runs/2d_euler/rar_d_pinn/seed_31415/method.json,2d_euler/rar_d_pinn/seed_31415/method.json,6f0ac248a434364415255e6eefd160c96a49283b35dabd65bb48cd7e27e7417a,381
2d_euler,RAR-D-PINN,RAR-D-PINN,rar_d_pinn,31415,metrics,results/raw/runs/2d_euler/rar_d_pinn/seed_31415/metrics_final.json,2d_euler/rar_d_pinn/seed_31415/metrics_final.json,c2681898f55e8c55f9fa72713504b2a9b97ab35bf9ae9f3a304d91e67713a75b,4516
2d_euler,RAR-D-PINN,RAR-D-PINN,rar_d_pinn,31415,status,results/raw/runs/2d_euler/rar_d_pinn/seed_31415/status.json,2d_euler/rar_d_pinn/seed_31415/status.json,acebe8ce02b224f3268ec0396083d6d028051b0ad4f7f0c40ce1e3fb7c605a6a,103
2d_euler,RAR-D-PINN,RAR-D-PINN,rar_d_pinn,31415,success_marker,results/raw/runs/2d_euler/rar_d_pinn/seed_31415/_SUCCESS,2d_euler/rar_d_pinn/seed_31415/_SUCCESS,81b2bd4ea98c8db66554fbc8d7637a1a69a130f331feb732b75caab4c4868fd5,8
2d_euler,SA-PINN,SA-PINN,sa_pinn,7,checkpoint,results/raw/runs/2d_euler/sa_pinn/seed_7/model_final.pt,2d_euler/sa_pinn/seed_7/model_final.pt,0bfaec8b045a7f8c405bd73ad777cc873466008ca4d49123a6dcb759b87b740e,342459
2d_euler,SA-PINN,SA-PINN,sa_pinn,7,checkpoint_adamw,results/raw/runs/2d_euler/sa_pinn/seed_7/model_adamw_final.pt,2d_euler/sa_pinn/seed_7/model_adamw_final.pt,f2de4f670469650a51af8f972699485b84cab4ce4b7cfd559a07e2f702eb470d,342555
2d_euler,SA-PINN,SA-PINN,sa_pinn,7,config,results/raw/runs/2d_euler/sa_pinn/seed_7/config.json,2d_euler/sa_pinn/seed_7/config.json,374198121dd36bc79ce864cfdc5c55b550551c6da601ac14d981c54a1536ae78,1532
2d_euler,SA-PINN,SA-PINN,sa_pinn,7,environment,results/raw/runs/2d_euler/sa_pinn/seed_7/env.json,2d_euler/sa_pinn/seed_7/env.json,3ea9611b4a501b9d8258401458ea7fbd12107e673f8ddeac71518e0ffecb3269,244
2d_euler,SA-PINN,SA-PINN,sa_pinn,7,method,results/raw/runs/2d_euler/sa_pinn/seed_7/method.json,2d_euler/sa_pinn/seed_7/method.json,91c63ead7b1a96027286e16826a87ce01a4209f918fd0f8ef0367308128d2fa8,417
2d_euler,SA-PINN,SA-PINN,sa_pinn,7,metrics,results/raw/runs/2d_euler/sa_pinn/seed_7/metrics_final.json,2d_euler/sa_pinn/seed_7/metrics_final.json,455f09887e3e1708486e8acca62c77c5f645f4c0b3bf4a28090d5149db7e2ab3,4587
2d_euler,SA-PINN,SA-PINN,sa_pinn,7,status,results/raw/runs/2d_euler/sa_pinn/seed_7/status.json,2d_euler/sa_pinn/seed_7/status.json,6626dc364fc8269bd401baf49ba38ba6d17ffc9713a79cc87abb7240e4118745,103
2d_euler,SA-PINN,SA-PINN,sa_pinn,7,success_marker,results/raw/runs/2d_euler/sa_pinn/seed_7/_SUCCESS,2d_euler/sa_pinn/seed_7/_SUCCESS,81b2bd4ea98c8db66554fbc8d7637a1a69a130f331feb732b75caab4c4868fd5,8
2d_euler,SA-PINN,SA-PINN,sa_pinn,42,checkpoint,results/raw/runs/2d_euler/sa_pinn/seed_42/model_final.pt,2d_euler/sa_pinn/seed_42/model_final.pt,1145045b5a403e971f8c474958804f994483511a5756503f077697e47ca7bd43,342459
2d_euler,SA-PINN,SA-PINN,sa_pinn,42,checkpoint_adamw,results/raw/runs/2d_euler/sa_pinn/seed_42/model_adamw_final.pt,2d_euler/sa_pinn/seed_42/model_adamw_final.pt,f687de97d86c2fb4f895b2030590013dca394413838b73f4a2b0f0323a7ce015,342555
2d_euler,SA-PINN,SA-PINN,sa_pinn,42,config,results/raw/runs/2d_euler/sa_pinn/seed_42/config.json,2d_euler/sa_pinn/seed_42/config.json,ca19fdecf3a4b9e051e7235b3787aa9d7d50bce6eebeb81e95d10ba3e0656228,1534
2d_euler,SA-PINN,SA-PINN,sa_pinn,42,environment,results/raw/runs/2d_euler/sa_pinn/seed_42/env.json,2d_euler/sa_pinn/seed_42/env.json,3ea9611b4a501b9d8258401458ea7fbd12107e673f8ddeac71518e0ffecb3269,244
2d_euler,SA-PINN,SA-PINN,sa_pinn,42,method,results/raw/runs/2d_euler/sa_pinn/seed_42/method.json,2d_euler/sa_pinn/seed_42/method.json,91c63ead7b1a96027286e16826a87ce01a4209f918fd0f8ef0367308128d2fa8,417
2d_euler,SA-PINN,SA-PINN,sa_pinn,42,metrics,results/raw/runs/2d_euler/sa_pinn/seed_42/metrics_final.json,2d_euler/sa_pinn/seed_42/metrics_final.json,a30da17f71c63f89bad7548079cd65ca9e789d8baea3817625e0b0992c09c392,4579
2d_euler,SA-PINN,SA-PINN,sa_pinn,42,status,results/raw/runs/2d_euler/sa_pinn/seed_42/status.json,2d_euler/sa_pinn/seed_42/status.json,48c7d66e532428e2ebb25545392eece9b433f91345ad85ccad8b410734ffc157,103
2d_euler,SA-PINN,SA-PINN,sa_pinn,42,success_marker,results/raw/runs/2d_euler/sa_pinn/seed_42/_SUCCESS,2d_euler/sa_pinn/seed_42/_SUCCESS,81b2bd4ea98c8db66554fbc8d7637a1a69a130f331feb732b75caab4c4868fd5,8
2d_euler,SA-PINN,SA-PINN,sa_pinn,100,checkpoint,results/raw/runs/2d_euler/sa_pinn/seed_100/model_final.pt,2d_euler/sa_pinn/seed_100/model_final.pt,fc720a576aec44616c082ccca3a4c92e5dfccbb20d632458534b99fd6f9b091e,342459
2d_euler,SA-PINN,SA-PINN,sa_pinn,100,checkpoint_adamw,results/raw/runs/2d_euler/sa_pinn/seed_100/model_adamw_final.pt,2d_euler/sa_pinn/seed_100/model_adamw_final.pt,c85077f01bc2e2dea5d1331f7c742ed409219d4d306a0dc4c3f9da1ce997d75f,342555
2d_euler,SA-PINN,SA-PINN,sa_pinn,100,config,results/raw/runs/2d_euler/sa_pinn/seed_100/config.json,2d_euler/sa_pinn/seed_100/config.json,70feefdafe163ef26a543afdbc8d21c0284160597f39e400cf22bd311c5ed34c,1536
2d_euler,SA-PINN,SA-PINN,sa_pinn,100,environment,results/raw/runs/2d_euler/sa_pinn/seed_100/env.json,2d_euler/sa_pinn/seed_100/env.json,3ea9611b4a501b9d8258401458ea7fbd12107e673f8ddeac71518e0ffecb3269,244
2d_euler,SA-PINN,SA-PINN,sa_pinn,100,method,results/raw/runs/2d_euler/sa_pinn/seed_100/method.json,2d_euler/sa_pinn/seed_100/method.json,91c63ead7b1a96027286e16826a87ce01a4209f918fd0f8ef0367308128d2fa8,417
2d_euler,SA-PINN,SA-PINN,sa_pinn,100,metrics,results/raw/runs/2d_euler/sa_pinn/seed_100/metrics_final.json,2d_euler/sa_pinn/seed_100/metrics_final.json,5212bd49c121ee671419fbb9e94cea9723d46960b6f8b80992455e9885f88b57,4532
2d_euler,SA-PINN,SA-PINN,sa_pinn,100,status,results/raw/runs/2d_euler/sa_pinn/seed_100/status.json,2d_euler/sa_pinn/seed_100/status.json,bcc174282de07ad3033a3b0eddd2e970b7de8e5bfa70fc516bf42ceb6062921d,101
2d_euler,SA-PINN,SA-PINN,sa_pinn,100,success_marker,results/raw/runs/2d_euler/sa_pinn/seed_100/_SUCCESS,2d_euler/sa_pinn/seed_100/_SUCCESS,81b2bd4ea98c8db66554fbc8d7637a1a69a130f331feb732b75caab4c4868fd5,8
2d_euler,SA-PINN,SA-PINN,sa_pinn,2026,checkpoint,results/raw/runs/2d_euler/sa_pinn/seed_2026/model_final.pt,2d_euler/sa_pinn/seed_2026/model_final.pt,57a111da998d9a906d3529caf0e3b618627c506b336d5c50430add1e645069f1,342459
2d_euler,SA-PINN,SA-PINN,sa_pinn,2026,checkpoint_adamw,results/raw/runs/2d_euler/sa_pinn/seed_2026/model_adamw_final.pt,2d_euler/sa_pinn/seed_2026/model_adamw_final.pt,5b7373718d59f850f5c6b828576ccbed7c82b1e3c4117a3ae571f10e65c183ff,342555
2d_euler,SA-PINN,SA-PINN,sa_pinn,2026,config,results/raw/runs/2d_euler/sa_pinn/seed_2026/config.json,2d_euler/sa_pinn/seed_2026/config.json,5e49db3e09853ae2086a59909becd4d37f6ef3f8056a0e9167385e37d64d42a4,1538
2d_euler,SA-PINN,SA-PINN,sa_pinn,2026,environment,results/raw/runs/2d_euler/sa_pinn/seed_2026/env.json,2d_euler/sa_pinn/seed_2026/env.json,3ea9611b4a501b9d8258401458ea7fbd12107e673f8ddeac71518e0ffecb3269,244
2d_euler,SA-PINN,SA-PINN,sa_pinn,2026,method,results/raw/runs/2d_euler/sa_pinn/seed_2026/method.json,2d_euler/sa_pinn/seed_2026/method.json,91c63ead7b1a96027286e16826a87ce01a4209f918fd0f8ef0367308128d2fa8,417
2d_euler,SA-PINN,SA-PINN,sa_pinn,2026,metrics,results/raw/runs/2d_euler/sa_pinn/seed_2026/metrics_final.json,2d_euler/sa_pinn/seed_2026/metrics_final.json,95bc36342a3029cf40f2fa637a493aa5a0ac96138f992116ccd2872cce4ddac3,4566
2d_euler,SA-PINN,SA-PINN,sa_pinn,2026,status,results/raw/runs/2d_euler/sa_pinn/seed_2026/status.json,2d_euler/sa_pinn/seed_2026/status.json,6d887496aaf5367cab83865a3156bfc073042b685b64098e889b92ccc74a8d4a,102
2d_euler,SA-PINN,SA-PINN,sa_pinn,2026,success_marker,results/raw/runs/2d_euler/sa_pinn/seed_2026/_SUCCESS,2d_euler/sa_pinn/seed_2026/_SUCCESS,81b2bd4ea98c8db66554fbc8d7637a1a69a130f331feb732b75caab4c4868fd5,8
2d_euler,SA-PINN,SA-PINN,sa_pinn,31415,checkpoint,results/raw/runs/2d_euler/sa_pinn/seed_31415/model_final.pt,2d_euler/sa_pinn/seed_31415/model_final.pt,f6c8bd541167880aa38e5560c56e20c0d8976b0d101614cdee73fca40d85fad6,342459
2d_euler,SA-PINN,SA-PINN,sa_pinn,31415,checkpoint_adamw,results/raw/runs/2d_euler/sa_pinn/seed_31415/model_adamw_final.pt,2d_euler/sa_pinn/seed_31415/model_adamw_final.pt,1b2e3d8cb6403c7180042bcf802f68917fabb9f318756791b82629e12fb69341,342555
2d_euler,SA-PINN,SA-PINN,sa_pinn,31415,config,results/raw/runs/2d_euler/sa_pinn/seed_31415/config.json,2d_euler/sa_pinn/seed_31415/config.json,7f41ed31c902edd63e3e933ef7b3a8c60aaba22ca23df4f6faed3ac69a213f95,1540
2d_euler,SA-PINN,SA-PINN,sa_pinn,31415,environment,results/raw/runs/2d_euler/sa_pinn/seed_31415/env.json,2d_euler/sa_pinn/seed_31415/env.json,3ea9611b4a501b9d8258401458ea7fbd12107e673f8ddeac71518e0ffecb3269,244
2d_euler,SA-PINN,SA-PINN,sa_pinn,31415,method,results/raw/runs/2d_euler/sa_pinn/seed_31415/method.json,2d_euler/sa_pinn/seed_31415/method.json,91c63ead7b1a96027286e16826a87ce01a4209f918fd0f8ef0367308128d2fa8,417
2d_euler,SA-PINN,SA-PINN,sa_pinn,31415,metrics,results/raw/runs/2d_euler/sa_pinn/seed_31415/metrics_final.json,2d_euler/sa_pinn/seed_31415/metrics_final.json,347f63ae5c31c00503ddb92bbff78307b0620b9a478837cb658dc00ed16f7311,4602
2d_euler,SA-PINN,SA-PINN,sa_pinn,31415,status,results/raw/runs/2d_euler/sa_pinn/seed_31415/status.json,2d_euler/sa_pinn/seed_31415/status.json,5f371269824adc4b8e34cab51e5f872de875493046504782d5ba18015aaf824d,103
2d_euler,SA-PINN,SA-PINN,sa_pinn,31415,success_marker,results/raw/runs/2d_euler/sa_pinn/seed_31415/_SUCCESS,2d_euler/sa_pinn/seed_31415/_SUCCESS,81b2bd4ea98c8db66554fbc8d7637a1a69a130f331feb732b75caab4c4868fd5,8
2d_euler,XPINN,XPINN,xpinn,7,checkpoint,results/raw/runs/2d_euler/xpinn/seed_7/model_final.pt,2d_euler/xpinn/seed_7/model_final.pt,c85b2755026674e6fc05437b2ccabef7b4d69d70975067e1380bf7260460f06a,1362345
2d_euler,XPINN,XPINN,xpinn,7,checkpoint_adamw,results/raw/runs/2d_euler/xpinn/seed_7/model_adamw_final.pt,2d_euler/xpinn/seed_7/model_adamw_final.pt,d0128576e92db5696b3c200338b188ca7846f39dd97e81b1c96e1675405f13fa,1362717
2d_euler,XPINN,XPINN,xpinn,7,config,results/raw/runs/2d_euler/xpinn/seed_7/config.json,2d_euler/xpinn/seed_7/config.json,419f76a32fba2ea485ebed71e1543ea36b6a0ebd39d43f7275fe155d0dd4be57,1530
2d_euler,XPINN,XPINN,xpinn,7,environment,results/raw/runs/2d_euler/xpinn/seed_7/env.json,2d_euler/xpinn/seed_7/env.json,3ea9611b4a501b9d8258401458ea7fbd12107e673f8ddeac71518e0ffecb3269,244
2d_euler,XPINN,XPINN,xpinn,7,method,results/raw/runs/2d_euler/xpinn/seed_7/method.json,2d_euler/xpinn/seed_7/method.json,77d4f20b3e24d444de75121b7d2e59f2c89c26128aa91e9b4ec5c2aa4272d6a0,1014
2d_euler,XPINN,XPINN,xpinn,7,metrics,results/raw/runs/2d_euler/xpinn/seed_7/metrics_final.json,2d_euler/xpinn/seed_7/metrics_final.json,a95d88d10656d9e93b3bd3316ce818c83074c894f2ae543e3920e66f0257f979,4731
2d_euler,XPINN,XPINN,xpinn,7,status,results/raw/runs/2d_euler/xpinn/seed_7/status.json,2d_euler/xpinn/seed_7/status.json,d371adbf0477056d912ff56d09ebe0b793d23a798ed7ceea7cfdf47da1e0d9bd,103
2d_euler,XPINN,XPINN,xpinn,7,success_marker,results/raw/runs/2d_euler/xpinn/seed_7/_SUCCESS,2d_euler/xpinn/seed_7/_SUCCESS,81b2bd4ea98c8db66554fbc8d7637a1a69a130f331feb732b75caab4c4868fd5,8
2d_euler,XPINN,XPINN,xpinn,42,checkpoint,results/raw/runs/2d_euler/xpinn/seed_42/model_final.pt,2d_euler/xpinn/seed_42/model_final.pt,3661509f7347c9791a9013fc9fb213b7496ac90f3cf514e38568c55569685825,1362345
2d_euler,XPINN,XPINN,xpinn,42,checkpoint_adamw,results/raw/runs/2d_euler/xpinn/seed_42/model_adamw_final.pt,2d_euler/xpinn/seed_42/model_adamw_final.pt,6f2c13125b29accf7b974cb3b00909b28dd00f8299020b83df18445e03eab2b3,1362717
2d_euler,XPINN,XPINN,xpinn,42,config,results/raw/runs/2d_euler/xpinn/seed_42/config.json,2d_euler/xpinn/seed_42/config.json,e6d2c21a3cd2335c6b2d82eeba36f966e468670daa8955758587881d19c86976,1532
2d_euler,XPINN,XPINN,xpinn,42,environment,results/raw/runs/2d_euler/xpinn/seed_42/env.json,2d_euler/xpinn/seed_42/env.json,3ea9611b4a501b9d8258401458ea7fbd12107e673f8ddeac71518e0ffecb3269,244
2d_euler,XPINN,XPINN,xpinn,42,method,results/raw/runs/2d_euler/xpinn/seed_42/method.json,2d_euler/xpinn/seed_42/method.json,77d4f20b3e24d444de75121b7d2e59f2c89c26128aa91e9b4ec5c2aa4272d6a0,1014
2d_euler,XPINN,XPINN,xpinn,42,metrics,results/raw/runs/2d_euler/xpinn/seed_42/metrics_final.json,2d_euler/xpinn/seed_42/metrics_final.json,7cb643e1d7b5de7bef2ef2a048ebdecc1ab255b800a6823008dcee525a191624,4739
2d_euler,XPINN,XPINN,xpinn,42,status,results/raw/runs/2d_euler/xpinn/seed_42/status.json,2d_euler/xpinn/seed_42/status.json,6a0f5a541282a9f8704ffabb1c17779a3398e3fdf04c144adec534d94e41c7a1,103
2d_euler,XPINN,XPINN,xpinn,42,success_marker,results/raw/runs/2d_euler/xpinn/seed_42/_SUCCESS,2d_euler/xpinn/seed_42/_SUCCESS,81b2bd4ea98c8db66554fbc8d7637a1a69a130f331feb732b75caab4c4868fd5,8
2d_euler,XPINN,XPINN,xpinn,100,checkpoint,results/raw/runs/2d_euler/xpinn/seed_100/model_final.pt,2d_euler/xpinn/seed_100/model_final.pt,3d10783e9ab103cb4adf212c4325671f54e62d68e9450da2eff1ebc9611485f7,1362345
2d_euler,XPINN,XPINN,xpinn,100,checkpoint_adamw,results/raw/runs/2d_euler/xpinn/seed_100/model_adamw_final.pt,2d_euler/xpinn/seed_100/model_adamw_final.pt,327fc51c159303040325a907c0bcdeb7c4182597f6bbcf23f27685d62664184b,1362717
2d_euler,XPINN,XPINN,xpinn,100,config,results/raw/runs/2d_euler/xpinn/seed_100/config.json,2d_euler/xpinn/seed_100/config.json,cbbf28bbcf03a4e90550ed285506248249dc9ab8ea9e810078ec57d66ea06c03,1534
2d_euler,XPINN,XPINN,xpinn,100,environment,results/raw/runs/2d_euler/xpinn/seed_100/env.json,2d_euler/xpinn/seed_100/env.json,3ea9611b4a501b9d8258401458ea7fbd12107e673f8ddeac71518e0ffecb3269,244
2d_euler,XPINN,XPINN,xpinn,100,method,results/raw/runs/2d_euler/xpinn/seed_100/method.json,2d_euler/xpinn/seed_100/method.json,77d4f20b3e24d444de75121b7d2e59f2c89c26128aa91e9b4ec5c2aa4272d6a0,1014
2d_euler,XPINN,XPINN,xpinn,100,metrics,results/raw/runs/2d_euler/xpinn/seed_100/metrics_final.json,2d_euler/xpinn/seed_100/metrics_final.json,a83b004ad60387ca7af079996d846b715e4c32119b8bdd3f0fe676911b5e94cf,4726
2d_euler,XPINN,XPINN,xpinn,100,status,results/raw/runs/2d_euler/xpinn/seed_100/status.json,2d_euler/xpinn/seed_100/status.json,15336ef39e4b647655a5b7273142e1c19f5e8c26ef3577501fd30d3c2c46eddd,102
2d_euler,XPINN,XPINN,xpinn,100,success_marker,results/raw/runs/2d_euler/xpinn/seed_100/_SUCCESS,2d_euler/xpinn/seed_100/_SUCCESS,81b2bd4ea98c8db66554fbc8d7637a1a69a130f331feb732b75caab4c4868fd5,8
2d_euler,XPINN,XPINN,xpinn,2026,checkpoint,results/raw/runs/2d_euler/xpinn/seed_2026/model_final.pt,2d_euler/xpinn/seed_2026/model_final.pt,ceefd68851d5b2632270aa710b3083aac9ede290cd5881b5579b738e6173969a,1362345
2d_euler,XPINN,XPINN,xpinn,2026,checkpoint_adamw,results/raw/runs/2d_euler/xpinn/seed_2026/model_adamw_final.pt,2d_euler/xpinn/seed_2026/model_adamw_final.pt,afeedd6aa931894efa458b85856a3038ba80d8a65b87f3270e4c78420d58cfb3,1362717
2d_euler,XPINN,XPINN,xpinn,2026,config,results/raw/runs/2d_euler/xpinn/seed_2026/config.json,2d_euler/xpinn/seed_2026/config.json,ef2393db9d669803c776bfd8fc5529243972873b5b928d3c94877d5469785ba9,1536
2d_euler,XPINN,XPINN,xpinn,2026,environment,results/raw/runs/2d_euler/xpinn/seed_2026/env.json,2d_euler/xpinn/seed_2026/env.json,3ea9611b4a501b9d8258401458ea7fbd12107e673f8ddeac71518e0ffecb3269,244
2d_euler,XPINN,XPINN,xpinn,2026,method,results/raw/runs/2d_euler/xpinn/seed_2026/method.json,2d_euler/xpinn/seed_2026/method.json,77d4f20b3e24d444de75121b7d2e59f2c89c26128aa91e9b4ec5c2aa4272d6a0,1014
2d_euler,XPINN,XPINN,xpinn,2026,metrics,results/raw/runs/2d_euler/xpinn/seed_2026/metrics_final.json,2d_euler/xpinn/seed_2026/metrics_final.json,be53a8b2328ea996e045159206c082fbaaf954f41fcd14ff769eaae404e94b7b,4734
2d_euler,XPINN,XPINN,xpinn,2026,status,results/raw/runs/2d_euler/xpinn/seed_2026/status.json,2d_euler/xpinn/seed_2026/status.json,cfc1341d7165c531102fd3f8b6aa8fdb2e2e03a8b1892ce8c4940c0d840fea7e,104
2d_euler,XPINN,XPINN,xpinn,2026,success_marker,results/raw/runs/2d_euler/xpinn/seed_2026/_SUCCESS,2d_euler/xpinn/seed_2026/_SUCCESS,81b2bd4ea98c8db66554fbc8d7637a1a69a130f331feb732b75caab4c4868fd5,8
2d_euler,XPINN,XPINN,xpinn,31415,checkpoint,results/raw/runs/2d_euler/xpinn/seed_31415/model_final.pt,2d_euler/xpinn/seed_31415/model_final.pt,afe9cbf7c56f5b99c1ecb0c7b4a8dce3e2903d5035160a82cd974d78a6034d6d,1362345
2d_euler,XPINN,XPINN,xpinn,31415,checkpoint_adamw,results/raw/runs/2d_euler/xpinn/seed_31415/model_adamw_final.pt,2d_euler/xpinn/seed_31415/model_adamw_final.pt,48a5cfb0b15539f52e90af87476d97ffeed5e66162e685804ff78b0cd474c34e,1362717
2d_euler,XPINN,XPINN,xpinn,31415,config,results/raw/runs/2d_euler/xpinn/seed_31415/config.json,2d_euler/xpinn/seed_31415/config.json,11c5a503cadb08f584050b47fc6298a6f43b251ebf32062bba6fd253f9751d9a,1538
2d_euler,XPINN,XPINN,xpinn,31415,environment,results/raw/runs/2d_euler/xpinn/seed_31415/env.json,2d_euler/xpinn/seed_31415/env.json,3ea9611b4a501b9d8258401458ea7fbd12107e673f8ddeac71518e0ffecb3269,244
2d_euler,XPINN,XPINN,xpinn,31415,method,results/raw/runs/2d_euler/xpinn/seed_31415/method.json,2d_euler/xpinn/seed_31415/method.json,77d4f20b3e24d444de75121b7d2e59f2c89c26128aa91e9b4ec5c2aa4272d6a0,1014
2d_euler,XPINN,XPINN,xpinn,31415,metrics,results/raw/runs/2d_euler/xpinn/seed_31415/metrics_final.json,2d_euler/xpinn/seed_31415/metrics_final.json,8ede5c3c8056901f471c55998951a6af8ba417daa033226467ff7b707546edd8,4727
2d_euler,XPINN,XPINN,xpinn,31415,status,results/raw/runs/2d_euler/xpinn/seed_31415/status.json,2d_euler/xpinn/seed_31415/status.json,235954f6ef72e5375a5b70ecfd5d8411d11f140f215247b606e6ca5d8d0c60d2,103
2d_euler,XPINN,XPINN,xpinn,31415,success_marker,results/raw/runs/2d_euler/xpinn/seed_31415/_SUCCESS,2d_euler/xpinn/seed_31415/_SUCCESS,81b2bd4ea98c8db66554fbc8d7637a1a69a130f331feb732b75caab4c4868fd5,8
2d_euler,cPINN,cPINN,cpinn,7,checkpoint,results/raw/runs/2d_euler/cpinn/seed_7/model_final.pt,2d_euler/cpinn/seed_7/model_final.pt,0ae42eefeff9d683297664523cef53b1759e1258669bd6e3bd2a3b3f8a8e42c1,1362345
2d_euler,cPINN,cPINN,cpinn,7,checkpoint_adamw,results/raw/runs/2d_euler/cpinn/seed_7/model_adamw_final.pt,2d_euler/cpinn/seed_7/model_adamw_final.pt,bcf8e4bd54593ece00ca11ad0a8cfb71e84b7d310d53321dcf5d78d6b8885798,1362717
2d_euler,cPINN,cPINN,cpinn,7,config,results/raw/runs/2d_euler/cpinn/seed_7/config.json,2d_euler/cpinn/seed_7/config.json,5c4098ed362ab5fd7bd224594a2449f1720f9eb6adc5315093b314ff43601d64,1530
2d_euler,cPINN,cPINN,cpinn,7,environment,results/raw/runs/2d_euler/cpinn/seed_7/env.json,2d_euler/cpinn/seed_7/env.json,3ea9611b4a501b9d8258401458ea7fbd12107e673f8ddeac71518e0ffecb3269,244
2d_euler,cPINN,cPINN,cpinn,7,method,results/raw/runs/2d_euler/cpinn/seed_7/method.json,2d_euler/cpinn/seed_7/method.json,3d2120fc45309ed86938a053a9b845fe582f762cbcb9c8e683c0bff43a29d86f,924
2d_euler,cPINN,cPINN,cpinn,7,metrics,results/raw/runs/2d_euler/cpinn/seed_7/metrics_final.json,2d_euler/cpinn/seed_7/metrics_final.json,632ee8cc7d4c7da05763f347d84b371615474e1733f8a37a4c44650a11b9b9fd,4717
2d_euler,cPINN,cPINN,cpinn,7,status,results/raw/runs/2d_euler/cpinn/seed_7/status.json,2d_euler/cpinn/seed_7/status.json,550d2443507aa71c6fb25e76a9745e65b1183c389fe465b2f21d8ace6c84f623,102
2d_euler,cPINN,cPINN,cpinn,7,success_marker,results/raw/runs/2d_euler/cpinn/seed_7/_SUCCESS,2d_euler/cpinn/seed_7/_SUCCESS,81b2bd4ea98c8db66554fbc8d7637a1a69a130f331feb732b75caab4c4868fd5,8
2d_euler,cPINN,cPINN,cpinn,42,checkpoint,results/raw/runs/2d_euler/cpinn/seed_42/model_final.pt,2d_euler/cpinn/seed_42/model_final.pt,f9c5f0121c8ef6891253be320eeaa44c449bf26fb0cf63eb76004faf217bfbbd,1362345
2d_euler,cPINN,cPINN,cpinn,42,checkpoint_adamw,results/raw/runs/2d_euler/cpinn/seed_42/model_adamw_final.pt,2d_euler/cpinn/seed_42/model_adamw_final.pt,deca345612eb092d96d494bf2de5e5b9f07ec441ff4610f1848649d4b49e5523,1362717
2d_euler,cPINN,cPINN,cpinn,42,config,results/raw/runs/2d_euler/cpinn/seed_42/config.json,2d_euler/cpinn/seed_42/config.json,c68f2ac098dd595b5467ea7ceea06c921d1c45b9f068f045ca03f0999a0771f9,1532
2d_euler,cPINN,cPINN,cpinn,42,environment,results/raw/runs/2d_euler/cpinn/seed_42/env.json,2d_euler/cpinn/seed_42/env.json,3ea9611b4a501b9d8258401458ea7fbd12107e673f8ddeac71518e0ffecb3269,244
2d_euler,cPINN,cPINN,cpinn,42,method,results/raw/runs/2d_euler/cpinn/seed_42/method.json,2d_euler/cpinn/seed_42/method.json,3d2120fc45309ed86938a053a9b845fe582f762cbcb9c8e683c0bff43a29d86f,924
2d_euler,cPINN,cPINN,cpinn,42,metrics,results/raw/runs/2d_euler/cpinn/seed_42/metrics_final.json,2d_euler/cpinn/seed_42/metrics_final.json,afabc4d11dfc9a325ad7d83d7f97422a4b5d6d78548bd8a25a8d66a500550d54,4708
2d_euler,cPINN,cPINN,cpinn,42,status,results/raw/runs/2d_euler/cpinn/seed_42/status.json,2d_euler/cpinn/seed_42/status.json,dd2f44d77508d524cfadb4161bfd7bb563bdcb5aed86909922d1eb8d5d584aa0,104
2d_euler,cPINN,cPINN,cpinn,42,success_marker,results/raw/runs/2d_euler/cpinn/seed_42/_SUCCESS,2d_euler/cpinn/seed_42/_SUCCESS,81b2bd4ea98c8db66554fbc8d7637a1a69a130f331feb732b75caab4c4868fd5,8
2d_euler,cPINN,cPINN,cpinn,100,checkpoint,results/raw/runs/2d_euler/cpinn/seed_100/model_final.pt,2d_euler/cpinn/seed_100/model_final.pt,af6bd9325eddb4872e7ceb0c4726a17764ab6fc8940e3cae530bd6e2c2cedc8a,1362345
2d_euler,cPINN,cPINN,cpinn,100,checkpoint_adamw,results/raw/runs/2d_euler/cpinn/seed_100/model_adamw_final.pt,2d_euler/cpinn/seed_100/model_adamw_final.pt,47ee8202369eca1dc939a03a2064b36184a4e06754356c80820ccb15d78cb2d9,1362717
2d_euler,cPINN,cPINN,cpinn,100,config,results/raw/runs/2d_euler/cpinn/seed_100/config.json,2d_euler/cpinn/seed_100/config.json,f8c9e71eb1f0bd4db195c0919766f6897757f9d62b8c7937f60d670c8717ddd1,1534
2d_euler,cPINN,cPINN,cpinn,100,environment,results/raw/runs/2d_euler/cpinn/seed_100/env.json,2d_euler/cpinn/seed_100/env.json,3ea9611b4a501b9d8258401458ea7fbd12107e673f8ddeac71518e0ffecb3269,244
2d_euler,cPINN,cPINN,cpinn,100,method,results/raw/runs/2d_euler/cpinn/seed_100/method.json,2d_euler/cpinn/seed_100/method.json,3d2120fc45309ed86938a053a9b845fe582f762cbcb9c8e683c0bff43a29d86f,924
2d_euler,cPINN,cPINN,cpinn,100,metrics,results/raw/runs/2d_euler/cpinn/seed_100/metrics_final.json,2d_euler/cpinn/seed_100/metrics_final.json,af244868362e3776c1866e380146d198b29a3917b0d2b09881bdfd809a003bf6,4709
2d_euler,cPINN,cPINN,cpinn,100,status,results/raw/runs/2d_euler/cpinn/seed_100/status.json,2d_euler/cpinn/seed_100/status.json,efe158e20e31dde4e8023801b632b2c7163dba0f6614007573909e540fa6735f,103
2d_euler,cPINN,cPINN,cpinn,100,success_marker,results/raw/runs/2d_euler/cpinn/seed_100/_SUCCESS,2d_euler/cpinn/seed_100/_SUCCESS,81b2bd4ea98c8db66554fbc8d7637a1a69a130f331feb732b75caab4c4868fd5,8
2d_euler,cPINN,cPINN,cpinn,2026,checkpoint,results/raw/runs/2d_euler/cpinn/seed_2026/model_final.pt,2d_euler/cpinn/seed_2026/model_final.pt,1ed37ed2b68595b6f6fa3d265c56adffde9d425f81bf7227a846cbbfc0e822b4,1362345
2d_euler,cPINN,cPINN,cpinn,2026,checkpoint_adamw,results/raw/runs/2d_euler/cpinn/seed_2026/model_adamw_final.pt,2d_euler/cpinn/seed_2026/model_adamw_final.pt,6895f0d802822b8375cf2a26099ac4f8c24f073143482658bc1d6f95174bb936,1362717
2d_euler,cPINN,cPINN,cpinn,2026,config,results/raw/runs/2d_euler/cpinn/seed_2026/config.json,2d_euler/cpinn/seed_2026/config.json,c9849de5a9b194ba30de0a039ad8ef9f6a1072e8fde47ccda8740cd984178540,1536
2d_euler,cPINN,cPINN,cpinn,2026,environment,results/raw/runs/2d_euler/cpinn/seed_2026/env.json,2d_euler/cpinn/seed_2026/env.json,3ea9611b4a501b9d8258401458ea7fbd12107e673f8ddeac71518e0ffecb3269,244
2d_euler,cPINN,cPINN,cpinn,2026,method,results/raw/runs/2d_euler/cpinn/seed_2026/method.json,2d_euler/cpinn/seed_2026/method.json,3d2120fc45309ed86938a053a9b845fe582f762cbcb9c8e683c0bff43a29d86f,924
2d_euler,cPINN,cPINN,cpinn,2026,metrics,results/raw/runs/2d_euler/cpinn/seed_2026/metrics_final.json,2d_euler/cpinn/seed_2026/metrics_final.json,bcc3c06e2626f71e208c696917428553f2a5684dc0c88dd54f382e501732ee4c,4724
2d_euler,cPINN,cPINN,cpinn,2026,status,results/raw/runs/2d_euler/cpinn/seed_2026/status.json,2d_euler/cpinn/seed_2026/status.json,599c8378e3c44050e12d2cf9746cb0a3f61ecdb72a0559066b8e1531e7136fc4,104
2d_euler,cPINN,cPINN,cpinn,2026,success_marker,results/raw/runs/2d_euler/cpinn/seed_2026/_SUCCESS,2d_euler/cpinn/seed_2026/_SUCCESS,81b2bd4ea98c8db66554fbc8d7637a1a69a130f331feb732b75caab4c4868fd5,8
2d_euler,cPINN,cPINN,cpinn,31415,checkpoint,results/raw/runs/2d_euler/cpinn/seed_31415/model_final.pt,2d_euler/cpinn/seed_31415/model_final.pt,12fb21e005b76c9e8854ffb8a9cf4c5f60a618bf855b424f9b3c09f01ecf8847,1362345
2d_euler,cPINN,cPINN,cpinn,31415,checkpoint_adamw,results/raw/runs/2d_euler/cpinn/seed_31415/model_adamw_final.pt,2d_euler/cpinn/seed_31415/model_adamw_final.pt,30aaace2050dfc9eac717c8aed4be591b3c73acde749609b33b60d839c3ff817,1362717
2d_euler,cPINN,cPINN,cpinn,31415,config,results/raw/runs/2d_euler/cpinn/seed_31415/config.json,2d_euler/cpinn/seed_31415/config.json,f0f8a66db8e489e01776dd80918f24db77a4614b81db37140bcea9adfd42fa3b,1538
2d_euler,cPINN,cPINN,cpinn,31415,environment,results/raw/runs/2d_euler/cpinn/seed_31415/env.json,2d_euler/cpinn/seed_31415/env.json,3ea9611b4a501b9d8258401458ea7fbd12107e673f8ddeac71518e0ffecb3269,244
2d_euler,cPINN,cPINN,cpinn,31415,method,results/raw/runs/2d_euler/cpinn/seed_31415/method.json,2d_euler/cpinn/seed_31415/method.json,3d2120fc45309ed86938a053a9b845fe582f762cbcb9c8e683c0bff43a29d86f,924
2d_euler,cPINN,cPINN,cpinn,31415,metrics,results/raw/runs/2d_euler/cpinn/seed_31415/metrics_final.json,2d_euler/cpinn/seed_31415/metrics_final.json,d1134684dc356a9bcf4bfc0d7d09451f65ebb631e88ef54afccdf19db4872f6c,4717
2d_euler,cPINN,cPINN,cpinn,31415,status,results/raw/runs/2d_euler/cpinn/seed_31415/status.json,2d_euler/cpinn/seed_31415/status.json,a3f0d97dd84083834bd3be0d69ba0d83a90ee11681fa2a7fdf135436ccebccef,103
2d_euler,cPINN,cPINN,cpinn,31415,success_marker,results/raw/runs/2d_euler/cpinn/seed_31415/_SUCCESS,2d_euler/cpinn/seed_31415/_SUCCESS,81b2bd4ea98c8db66554fbc8d7637a1a69a130f331feb732b75caab4c4868fd5,8
2d_euler,gPINN-subsampled,gPINN-sub.,gpinn_subsampled,7,checkpoint,results/raw/runs/2d_euler/gpinn_subsampled/seed_7/model_final.pt,2d_euler/gpinn_subsampled/seed_7/model_final.pt,ccf8b831626eff83a4fde9179ea91cc3a5928dc39dfe1f2df9761cf9125b526a,342395
2d_euler,gPINN-subsampled,gPINN-sub.,gpinn_subsampled,7,checkpoint_adamw,results/raw/runs/2d_euler/gpinn_subsampled/seed_7/model_adamw_final.pt,2d_euler/gpinn_subsampled/seed_7/model_adamw_final.pt,001eb1fd2c81a1a1a642d3c75f804419f8e2c5ef671b4d88518038497e676630,342491
2d_euler,gPINN-subsampled,gPINN-sub.,gpinn_subsampled,7,config,results/raw/runs/2d_euler/gpinn_subsampled/seed_7/config.json,2d_euler/gpinn_subsampled/seed_7/config.json,5df14ec4df7f1a2dc3721f39526876e91e4bd28a587c00d09b29de6389ff8b8b,1541
2d_euler,gPINN-subsampled,gPINN-sub.,gpinn_subsampled,7,environment,results/raw/runs/2d_euler/gpinn_subsampled/seed_7/env.json,2d_euler/gpinn_subsampled/seed_7/env.json,3ea9611b4a501b9d8258401458ea7fbd12107e673f8ddeac71518e0ffecb3269,244
2d_euler,gPINN-subsampled,gPINN-sub.,gpinn_subsampled,7,method,results/raw/runs/2d_euler/gpinn_subsampled/seed_7/method.json,2d_euler/gpinn_subsampled/seed_7/method.json,18c72092155b6970e31a206137b398967bc47c44a209f00d66d93aaa7b270823,488
2d_euler,gPINN-subsampled,gPINN-sub.,gpinn_subsampled,7,metrics,results/raw/runs/2d_euler/gpinn_subsampled/seed_7/metrics_final.json,2d_euler/gpinn_subsampled/seed_7/metrics_final.json,309f415f6e32728846de31b8e4b32328b2d947a2b57975b7c9808f1c7581e39c,4557
2d_euler,gPINN-subsampled,gPINN-sub.,gpinn_subsampled,7,status,results/raw/runs/2d_euler/gpinn_subsampled/seed_7/status.json,2d_euler/gpinn_subsampled/seed_7/status.json,08b7dbdd619036d85ea100b89706912a39a75ec857a33da7de7825f173458e10,103
2d_euler,gPINN-subsampled,gPINN-sub.,gpinn_subsampled,7,success_marker,results/raw/runs/2d_euler/gpinn_subsampled/seed_7/_SUCCESS,2d_euler/gpinn_subsampled/seed_7/_SUCCESS,81b2bd4ea98c8db66554fbc8d7637a1a69a130f331feb732b75caab4c4868fd5,8
2d_euler,gPINN-subsampled,gPINN-sub.,gpinn_subsampled,42,checkpoint,results/raw/runs/2d_euler/gpinn_subsampled/seed_42/model_final.pt,2d_euler/gpinn_subsampled/seed_42/model_final.pt,3735c033ee93c5255a8b6fd796ff2dcefcf8989754629ba363c114739631bd40,342395
2d_euler,gPINN-subsampled,gPINN-sub.,gpinn_subsampled,42,checkpoint_adamw,results/raw/runs/2d_euler/gpinn_subsampled/seed_42/model_adamw_final.pt,2d_euler/gpinn_subsampled/seed_42/model_adamw_final.pt,5a18c20be03472c489c89320ab4c72032168e2f7c9360e722c719742c4c347fa,342491
2d_euler,gPINN-subsampled,gPINN-sub.,gpinn_subsampled,42,config,results/raw/runs/2d_euler/gpinn_subsampled/seed_42/config.json,2d_euler/gpinn_subsampled/seed_42/config.json,9bde7cec2f0292fe2736abc04a606b5c56f47605eb4acd6a1ff03b9c247074b2,1543
2d_euler,gPINN-subsampled,gPINN-sub.,gpinn_subsampled,42,environment,results/raw/runs/2d_euler/gpinn_subsampled/seed_42/env.json,2d_euler/gpinn_subsampled/seed_42/env.json,3ea9611b4a501b9d8258401458ea7fbd12107e673f8ddeac71518e0ffecb3269,244
2d_euler,gPINN-subsampled,gPINN-sub.,gpinn_subsampled,42,method,results/raw/runs/2d_euler/gpinn_subsampled/seed_42/method.json,2d_euler/gpinn_subsampled/seed_42/method.json,18c72092155b6970e31a206137b398967bc47c44a209f00d66d93aaa7b270823,488
2d_euler,gPINN-subsampled,gPINN-sub.,gpinn_subsampled,42,metrics,results/raw/runs/2d_euler/gpinn_subsampled/seed_42/metrics_final.json,2d_euler/gpinn_subsampled/seed_42/metrics_final.json,c1a2b3e756a1b03ed885c23f92273e2ec53b706c2ea34aaede961c25c8bbd64d,4542
2d_euler,gPINN-subsampled,gPINN-sub.,gpinn_subsampled,42,status,results/raw/runs/2d_euler/gpinn_subsampled/seed_42/status.json,2d_euler/gpinn_subsampled/seed_42/status.json,595f20ef94015e9840fa89ab224c3e9e3dc865725fefeed1959ccdcaa224dcd5,103
2d_euler,gPINN-subsampled,gPINN-sub.,gpinn_subsampled,42,success_marker,results/raw/runs/2d_euler/gpinn_subsampled/seed_42/_SUCCESS,2d_euler/gpinn_subsampled/seed_42/_SUCCESS,81b2bd4ea98c8db66554fbc8d7637a1a69a130f331feb732b75caab4c4868fd5,8
2d_euler,gPINN-subsampled,gPINN-sub.,gpinn_subsampled,100,checkpoint,results/raw/runs/2d_euler/gpinn_subsampled/seed_100/model_final.pt,2d_euler/gpinn_subsampled/seed_100/model_final.pt,c84755ceec338b870aa0bbfac2d66510cd583a558d6f94f14ef2c568e5eb80ba,342395
2d_euler,gPINN-subsampled,gPINN-sub.,gpinn_subsampled,100,checkpoint_adamw,results/raw/runs/2d_euler/gpinn_subsampled/seed_100/model_adamw_final.pt,2d_euler/gpinn_subsampled/seed_100/model_adamw_final.pt,69815c6a8aef82b31d04f50be676aa1ebdd0fc36653670203c367735aa9d433f,342491
2d_euler,gPINN-subsampled,gPINN-sub.,gpinn_subsampled,100,config,results/raw/runs/2d_euler/gpinn_subsampled/seed_100/config.json,2d_euler/gpinn_subsampled/seed_100/config.json,11db9df2efaeaeb59c9646738bf68b55e1fc617b146d3193359f4eea360af17f,1545
2d_euler,gPINN-subsampled,gPINN-sub.,gpinn_subsampled,100,environment,results/raw/runs/2d_euler/gpinn_subsampled/seed_100/env.json,2d_euler/gpinn_subsampled/seed_100/env.json,3ea9611b4a501b9d8258401458ea7fbd12107e673f8ddeac71518e0ffecb3269,244
2d_euler,gPINN-subsampled,gPINN-sub.,gpinn_subsampled,100,method,results/raw/runs/2d_euler/gpinn_subsampled/seed_100/method.json,2d_euler/gpinn_subsampled/seed_100/method.json,18c72092155b6970e31a206137b398967bc47c44a209f00d66d93aaa7b270823,488
2d_euler,gPINN-subsampled,gPINN-sub.,gpinn_subsampled,100,metrics,results/raw/runs/2d_euler/gpinn_subsampled/seed_100/metrics_final.json,2d_euler/gpinn_subsampled/seed_100/metrics_final.json,9a58803a3078c97a0d7800cdbd9ab8738416fb04c7e83484aed977c70f83f7b0,4551
2d_euler,gPINN-subsampled,gPINN-sub.,gpinn_subsampled,100,status,results/raw/runs/2d_euler/gpinn_subsampled/seed_100/status.json,2d_euler/gpinn_subsampled/seed_100/status.json,7d758de8743278b0171def0b7263d1c55224f395f72c59dc8d14599c038a011e,103
2d_euler,gPINN-subsampled,gPINN-sub.,gpinn_subsampled,100,success_marker,results/raw/runs/2d_euler/gpinn_subsampled/seed_100/_SUCCESS,2d_euler/gpinn_subsampled/seed_100/_SUCCESS,81b2bd4ea98c8db66554fbc8d7637a1a69a130f331feb732b75caab4c4868fd5,8
2d_euler,gPINN-subsampled,gPINN-sub.,gpinn_subsampled,2026,checkpoint,results/raw/runs/2d_euler/gpinn_subsampled/seed_2026/model_final.pt,2d_euler/gpinn_subsampled/seed_2026/model_final.pt,bb08292878b2d45fb9388ec086ec66510332dd1dc728b1cfc3f14c211e2dd692,342395
2d_euler,gPINN-subsampled,gPINN-sub.,gpinn_subsampled,2026,checkpoint_adamw,results/raw/runs/2d_euler/gpinn_subsampled/seed_2026/model_adamw_final.pt,2d_euler/gpinn_subsampled/seed_2026/model_adamw_final.pt,584102f5a5b66c769a6a9a4bbd20c6d543aa757cfeaa12c7cca752720120f843,342491
2d_euler,gPINN-subsampled,gPINN-sub.,gpinn_subsampled,2026,config,results/raw/runs/2d_euler/gpinn_subsampled/seed_2026/config.json,2d_euler/gpinn_subsampled/seed_2026/config.json,916ccc9b6ea38dc52fa78e3de08246d53357954daafa2ff3ef64d4c60a0da4a8,1547
2d_euler,gPINN-subsampled,gPINN-sub.,gpinn_subsampled,2026,environment,results/raw/runs/2d_euler/gpinn_subsampled/seed_2026/env.json,2d_euler/gpinn_subsampled/seed_2026/env.json,3ea9611b4a501b9d8258401458ea7fbd12107e673f8ddeac71518e0ffecb3269,244
2d_euler,gPINN-subsampled,gPINN-sub.,gpinn_subsampled,2026,method,results/raw/runs/2d_euler/gpinn_subsampled/seed_2026/method.json,2d_euler/gpinn_subsampled/seed_2026/method.json,18c72092155b6970e31a206137b398967bc47c44a209f00d66d93aaa7b270823,488
2d_euler,gPINN-subsampled,gPINN-sub.,gpinn_subsampled,2026,metrics,results/raw/runs/2d_euler/gpinn_subsampled/seed_2026/metrics_final.json,2d_euler/gpinn_subsampled/seed_2026/metrics_final.json,dd248bf9f975bcb10ce76abb14ec96def45448b6f236e1b944ead39358ea0a3f,4521
2d_euler,gPINN-subsampled,gPINN-sub.,gpinn_subsampled,2026,status,results/raw/runs/2d_euler/gpinn_subsampled/seed_2026/status.json,2d_euler/gpinn_subsampled/seed_2026/status.json,39f939c5f69af2090c2bfc92ddf2b3f7ef686c2a09a4255c2194dcc22f3bd0e8,103
2d_euler,gPINN-subsampled,gPINN-sub.,gpinn_subsampled,2026,success_marker,results/raw/runs/2d_euler/gpinn_subsampled/seed_2026/_SUCCESS,2d_euler/gpinn_subsampled/seed_2026/_SUCCESS,81b2bd4ea98c8db66554fbc8d7637a1a69a130f331feb732b75caab4c4868fd5,8
2d_euler,gPINN-subsampled,gPINN-sub.,gpinn_subsampled,31415,checkpoint,results/raw/runs/2d_euler/gpinn_subsampled/seed_31415/model_final.pt,2d_euler/gpinn_subsampled/seed_31415/model_final.pt,538152b97f889206780e5f3596578fb1a136d308bb0c1a64748737a48878180a,342395
2d_euler,gPINN-subsampled,gPINN-sub.,gpinn_subsampled,31415,checkpoint_adamw,results/raw/runs/2d_euler/gpinn_subsampled/seed_31415/model_adamw_final.pt,2d_euler/gpinn_subsampled/seed_31415/model_adamw_final.pt,c566977ac9445ad567a34404fff48bfb7c40815ccb80186db1b39e166cb4845e,342491
2d_euler,gPINN-subsampled,gPINN-sub.,gpinn_subsampled,31415,config,results/raw/runs/2d_euler/gpinn_subsampled/seed_31415/config.json,2d_euler/gpinn_subsampled/seed_31415/config.json,9b6a7062381759adc00ee28c83d3cb3ea80f6a6d7f9c6c9bb3a754edc1432e90,1549
2d_euler,gPINN-subsampled,gPINN-sub.,gpinn_subsampled,31415,environment,results/raw/runs/2d_euler/gpinn_subsampled/seed_31415/env.json,2d_euler/gpinn_subsampled/seed_31415/env.json,3ea9611b4a501b9d8258401458ea7fbd12107e673f8ddeac71518e0ffecb3269,244
2d_euler,gPINN-subsampled,gPINN-sub.,gpinn_subsampled,31415,method,results/raw/runs/2d_euler/gpinn_subsampled/seed_31415/method.json,2d_euler/gpinn_subsampled/seed_31415/method.json,18c72092155b6970e31a206137b398967bc47c44a209f00d66d93aaa7b270823,488
2d_euler,gPINN-subsampled,gPINN-sub.,gpinn_subsampled,31415,metrics,results/raw/runs/2d_euler/gpinn_subsampled/seed_31415/metrics_final.json,2d_euler/gpinn_subsampled/seed_31415/metrics_final.json,fc7057e251c192d3053d5fa0def4ee8c1b5be24398d909621bfdaa2f9b7dcf1e,4562
2d_euler,gPINN-subsampled,gPINN-sub.,gpinn_subsampled,31415,status,results/raw/runs/2d_euler/gpinn_subsampled/seed_31415/status.json,2d_euler/gpinn_subsampled/seed_31415/status.json,7e48c0718999ca2e07b1a1ac11eb851583b337e5058bb47d4180d4d15a093a6e,103
2d_euler,gPINN-subsampled,gPINN-sub.,gpinn_subsampled,31415,success_marker,results/raw/runs/2d_euler/gpinn_subsampled/seed_31415/_SUCCESS,2d_euler/gpinn_subsampled/seed_31415/_SUCCESS,81b2bd4ea98c8db66554fbc8d7637a1a69a130f331feb732b75caab4c4868fd5,8
2d_shallowwater,AAF-PINN,AAF-PINN,aaf_pinn,7,checkpoint,results/raw/runs/2d_shallowwater/aaf_pinn/seed_7/model_final.pt,2d_shallowwater/aaf_pinn/seed_7/model_final.pt,fd43d8acf50b553c3f7394b9d24dcd01ca67ca52490f5721e780b0ef36d1daf0,342233
2d_shallowwater,AAF-PINN,AAF-PINN,aaf_pinn,7,checkpoint_adamw,results/raw/runs/2d_shallowwater/aaf_pinn/seed_7/model_adamw_final.pt,2d_shallowwater/aaf_pinn/seed_7/model_adamw_final.pt,f0076f3b633a64b4d178a1a0254994ad04a55be7670f3e6c3ee928082680640b,342335
2d_shallowwater,AAF-PINN,AAF-PINN,aaf_pinn,7,config,results/raw/runs/2d_shallowwater/aaf_pinn/seed_7/config.json,2d_shallowwater/aaf_pinn/seed_7/config.json,06456611b83b9f6203580933cee639c7e8987f2fe71140419d5269f4da0b757d,1620
2d_shallowwater,AAF-PINN,AAF-PINN,aaf_pinn,7,environment,results/raw/runs/2d_shallowwater/aaf_pinn/seed_7/env.json,2d_shallowwater/aaf_pinn/seed_7/env.json,3ea9611b4a501b9d8258401458ea7fbd12107e673f8ddeac71518e0ffecb3269,244
2d_shallowwater,AAF-PINN,AAF-PINN,aaf_pinn,7,method,results/raw/runs/2d_shallowwater/aaf_pinn/seed_7/method.json,2d_shallowwater/aaf_pinn/seed_7/method.json,53eb2837468438883959ba147e372a46666ee337b8fd12f762df6f02f98f88f8,528
2d_shallowwater,AAF-PINN,AAF-PINN,aaf_pinn,7,metrics,results/raw/runs/2d_shallowwater/aaf_pinn/seed_7/metrics_final.json,2d_shallowwater/aaf_pinn/seed_7/metrics_final.json,ab786ba46ddc3e472d37af32d5404ee9e735ab0c36b1c320492481cd42ee5094,4402
2d_shallowwater,AAF-PINN,AAF-PINN,aaf_pinn,7,status,results/raw/runs/2d_shallowwater/aaf_pinn/seed_7/status.json,2d_shallowwater/aaf_pinn/seed_7/status.json,0c7d36da56d7c9d2bfcfd60a77c257f1c4738f91d9f22300737272b6e2f50da9,103
2d_shallowwater,AAF-PINN,AAF-PINN,aaf_pinn,7,success_marker,results/raw/runs/2d_shallowwater/aaf_pinn/seed_7/_SUCCESS,2d_shallowwater/aaf_pinn/seed_7/_SUCCESS,81b2bd4ea98c8db66554fbc8d7637a1a69a130f331feb732b75caab4c4868fd5,8
2d_shallowwater,AAF-PINN,AAF-PINN,aaf_pinn,42,checkpoint,results/raw/runs/2d_shallowwater/aaf_pinn/seed_42/model_final.pt,2d_shallowwater/aaf_pinn/seed_42/model_final.pt,55e1b3ed8bf258085f0d49f23bf0f2e7edee1f556d307e18071f2f07587e08c5,342233
2d_shallowwater,AAF-PINN,AAF-PINN,aaf_pinn,42,checkpoint_adamw,results/raw/runs/2d_shallowwater/aaf_pinn/seed_42/model_adamw_final.pt,2d_shallowwater/aaf_pinn/seed_42/model_adamw_final.pt,862fed6e0a5d1c8e1f0d2839763ec4582c43254d61da01616c2bc8c15cc0e21d,342335
2d_shallowwater,AAF-PINN,AAF-PINN,aaf_pinn,42,config,results/raw/runs/2d_shallowwater/aaf_pinn/seed_42/config.json,2d_shallowwater/aaf_pinn/seed_42/config.json,dd8b7a90d385921e1e656df0d34d825f33108d4d73616038b39f578ac9bcbbea,1622
2d_shallowwater,AAF-PINN,AAF-PINN,aaf_pinn,42,environment,results/raw/runs/2d_shallowwater/aaf_pinn/seed_42/env.json,2d_shallowwater/aaf_pinn/seed_42/env.json,3ea9611b4a501b9d8258401458ea7fbd12107e673f8ddeac71518e0ffecb3269,244
2d_shallowwater,AAF-PINN,AAF-PINN,aaf_pinn,42,method,results/raw/runs/2d_shallowwater/aaf_pinn/seed_42/method.json,2d_shallowwater/aaf_pinn/seed_42/method.json,53eb2837468438883959ba147e372a46666ee337b8fd12f762df6f02f98f88f8,528
2d_shallowwater,AAF-PINN,AAF-PINN,aaf_pinn,42,metrics,results/raw/runs/2d_shallowwater/aaf_pinn/seed_42/metrics_final.json,2d_shallowwater/aaf_pinn/seed_42/metrics_final.json,20eafe6ce4804e423ac103eb9b67e6494a9970300562db83addbec2de080a3a1,4400
2d_shallowwater,AAF-PINN,AAF-PINN,aaf_pinn,42,status,results/raw/runs/2d_shallowwater/aaf_pinn/seed_42/status.json,2d_shallowwater/aaf_pinn/seed_42/status.json,fb6e232f4d8acff58fa1e3d017fbcd0da6ff185d4037b458bae5ca1ad838294e,103
2d_shallowwater,AAF-PINN,AAF-PINN,aaf_pinn,42,success_marker,results/raw/runs/2d_shallowwater/aaf_pinn/seed_42/_SUCCESS,2d_shallowwater/aaf_pinn/seed_42/_SUCCESS,81b2bd4ea98c8db66554fbc8d7637a1a69a130f331feb732b75caab4c4868fd5,8
2d_shallowwater,AAF-PINN,AAF-PINN,aaf_pinn,100,checkpoint,results/raw/runs/2d_shallowwater/aaf_pinn/seed_100/model_final.pt,2d_shallowwater/aaf_pinn/seed_100/model_final.pt,4e9209d2d4bbc474054799993825bf33461e75c262d16a89ca241df3f202fe64,342233
2d_shallowwater,AAF-PINN,AAF-PINN,aaf_pinn,100,checkpoint_adamw,results/raw/runs/2d_shallowwater/aaf_pinn/seed_100/model_adamw_final.pt,2d_shallowwater/aaf_pinn/seed_100/model_adamw_final.pt,89a6bd61d2e07b10acd1208620bc7cd99c1ad721ef8b19dfc8251736a0b7bef9,342335
2d_shallowwater,AAF-PINN,AAF-PINN,aaf_pinn,100,config,results/raw/runs/2d_shallowwater/aaf_pinn/seed_100/config.json,2d_shallowwater/aaf_pinn/seed_100/config.json,8b1f5dfed0ceda99297ee6558fefc5f831a3e73c2b5b1ccc7b8a9cc2fe57ebfe,1624
2d_shallowwater,AAF-PINN,AAF-PINN,aaf_pinn,100,environment,results/raw/runs/2d_shallowwater/aaf_pinn/seed_100/env.json,2d_shallowwater/aaf_pinn/seed_100/env.json,3ea9611b4a501b9d8258401458ea7fbd12107e673f8ddeac71518e0ffecb3269,244
2d_shallowwater,AAF-PINN,AAF-PINN,aaf_pinn,100,method,results/raw/runs/2d_shallowwater/aaf_pinn/seed_100/method.json,2d_shallowwater/aaf_pinn/seed_100/method.json,53eb2837468438883959ba147e372a46666ee337b8fd12f762df6f02f98f88f8,528
2d_shallowwater,AAF-PINN,AAF-PINN,aaf_pinn,100,metrics,results/raw/runs/2d_shallowwater/aaf_pinn/seed_100/metrics_final.json,2d_shallowwater/aaf_pinn/seed_100/metrics_final.json,48633ccb07106580197940d35a0b266f39e26ddb2beaa59b08ff30eed2906ec2,4402
2d_shallowwater,AAF-PINN,AAF-PINN,aaf_pinn,100,status,results/raw/runs/2d_shallowwater/aaf_pinn/seed_100/status.json,2d_shallowwater/aaf_pinn/seed_100/status.json,dcf9ac2911bf4f1bf9260ca61df0ed0c196f333a5d580d7c25efe3b9dcad98ab,103
2d_shallowwater,AAF-PINN,AAF-PINN,aaf_pinn,100,success_marker,results/raw/runs/2d_shallowwater/aaf_pinn/seed_100/_SUCCESS,2d_shallowwater/aaf_pinn/seed_100/_SUCCESS,81b2bd4ea98c8db66554fbc8d7637a1a69a130f331feb732b75caab4c4868fd5,8
2d_shallowwater,AAF-PINN,AAF-PINN,aaf_pinn,2026,checkpoint,results/raw/runs/2d_shallowwater/aaf_pinn/seed_2026/model_final.pt,2d_shallowwater/aaf_pinn/seed_2026/model_final.pt,a09025a2119aa97150bd12082f2d033bb1d95079edd6ab5b467a05cb4bf161b8,342233
2d_shallowwater,AAF-PINN,AAF-PINN,aaf_pinn,2026,checkpoint_adamw,results/raw/runs/2d_shallowwater/aaf_pinn/seed_2026/model_adamw_final.pt,2d_shallowwater/aaf_pinn/seed_2026/model_adamw_final.pt,fde87d659b8a85cd38b2f94059101fb62fdb16d32d95e368e49aef4c529ef58d,342335
2d_shallowwater,AAF-PINN,AAF-PINN,aaf_pinn,2026,config,results/raw/runs/2d_shallowwater/aaf_pinn/seed_2026/config.json,2d_shallowwater/aaf_pinn/seed_2026/config.json,1c31f6cad38e513e237d7bb18297a1ae572f5e75c4e8414527949294923cb5d2,1626
2d_shallowwater,AAF-PINN,AAF-PINN,aaf_pinn,2026,environment,results/raw/runs/2d_shallowwater/aaf_pinn/seed_2026/env.json,2d_shallowwater/aaf_pinn/seed_2026/env.json,3ea9611b4a501b9d8258401458ea7fbd12107e673f8ddeac71518e0ffecb3269,244
2d_shallowwater,AAF-PINN,AAF-PINN,aaf_pinn,2026,method,results/raw/runs/2d_shallowwater/aaf_pinn/seed_2026/method.json,2d_shallowwater/aaf_pinn/seed_2026/method.json,53eb2837468438883959ba147e372a46666ee337b8fd12f762df6f02f98f88f8,528
2d_shallowwater,AAF-PINN,AAF-PINN,aaf_pinn,2026,metrics,results/raw/runs/2d_shallowwater/aaf_pinn/seed_2026/metrics_final.json,2d_shallowwater/aaf_pinn/seed_2026/metrics_final.json,4baa15c965bce499084a4e831fe1e34f01bed27e27895dc9e1c9f38999b5329e,4404
2d_shallowwater,AAF-PINN,AAF-PINN,aaf_pinn,2026,status,results/raw/runs/2d_shallowwater/aaf_pinn/seed_2026/status.json,2d_shallowwater/aaf_pinn/seed_2026/status.json,aab0187b8ec199c987171d99c97df5e6fcd1d969d2509533ae0c2572abb612b7,103
2d_shallowwater,AAF-PINN,AAF-PINN,aaf_pinn,2026,success_marker,results/raw/runs/2d_shallowwater/aaf_pinn/seed_2026/_SUCCESS,2d_shallowwater/aaf_pinn/seed_2026/_SUCCESS,81b2bd4ea98c8db66554fbc8d7637a1a69a130f331feb732b75caab4c4868fd5,8
2d_shallowwater,AAF-PINN,AAF-PINN,aaf_pinn,31415,checkpoint,results/raw/runs/2d_shallowwater/aaf_pinn/seed_31415/model_final.pt,2d_shallowwater/aaf_pinn/seed_31415/model_final.pt,99f551f99c31c8ce19f39777e4dd60d1e536c14624ff0afeee42c68606f3aa56,342233
2d_shallowwater,AAF-PINN,AAF-PINN,aaf_pinn,31415,checkpoint_adamw,results/raw/runs/2d_shallowwater/aaf_pinn/seed_31415/model_adamw_final.pt,2d_shallowwater/aaf_pinn/seed_31415/model_adamw_final.pt,855202ca4fcae44f1e9628dde94ccbfea358cc8940a03fd9214f7ce55eedb32b,342335
2d_shallowwater,AAF-PINN,AAF-PINN,aaf_pinn,31415,config,results/raw/runs/2d_shallowwater/aaf_pinn/seed_31415/config.json,2d_shallowwater/aaf_pinn/seed_31415/config.json,e70ffdcf0b1d1ef72125461621521fc2138aff7665a33e36efe2d58ac58251ab,1628
2d_shallowwater,AAF-PINN,AAF-PINN,aaf_pinn,31415,environment,results/raw/runs/2d_shallowwater/aaf_pinn/seed_31415/env.json,2d_shallowwater/aaf_pinn/seed_31415/env.json,3ea9611b4a501b9d8258401458ea7fbd12107e673f8ddeac71518e0ffecb3269,244
2d_shallowwater,AAF-PINN,AAF-PINN,aaf_pinn,31415,method,results/raw/runs/2d_shallowwater/aaf_pinn/seed_31415/method.json,2d_shallowwater/aaf_pinn/seed_31415/method.json,53eb2837468438883959ba147e372a46666ee337b8fd12f762df6f02f98f88f8,528
2d_shallowwater,AAF-PINN,AAF-PINN,aaf_pinn,31415,metrics,results/raw/runs/2d_shallowwater/aaf_pinn/seed_31415/metrics_final.json,2d_shallowwater/aaf_pinn/seed_31415/metrics_final.json,016036591b5306854db2ac7a4a4a233a39191ad9b83e0cf8aa3ec44420911232,4406
2d_shallowwater,AAF-PINN,AAF-PINN,aaf_pinn,31415,status,results/raw/runs/2d_shallowwater/aaf_pinn/seed_31415/status.json,2d_shallowwater/aaf_pinn/seed_31415/status.json,d5e14729fd3b17b50836c892aab229e9ec6ac2fbb9186199ab2c059262402089,103
2d_shallowwater,AAF-PINN,AAF-PINN,aaf_pinn,31415,success_marker,results/raw/runs/2d_shallowwater/aaf_pinn/seed_31415/_SUCCESS,2d_shallowwater/aaf_pinn/seed_31415/_SUCCESS,81b2bd4ea98c8db66554fbc8d7637a1a69a130f331feb732b75caab4c4868fd5,8
2d_shallowwater,LRA-PINN,LRA-PINN,lra_pinn,7,checkpoint,results/raw/runs/2d_shallowwater/lra_pinn/seed_7/model_final.pt,2d_shallowwater/lra_pinn/seed_7/model_final.pt,9ae53bb1c09c72602af7b2020fe4af2db709fdc330f59ae1b0e827b23ef14ea3,342027
2d_shallowwater,LRA-PINN,LRA-PINN,lra_pinn,7,checkpoint_adamw,results/raw/runs/2d_shallowwater/lra_pinn/seed_7/model_adamw_final.pt,2d_shallowwater/lra_pinn/seed_7/model_adamw_final.pt,3a64d98d2c955b5d150add51175c0ffb5447be3a7995177ba9177c3361174e4e,342123
2d_shallowwater,LRA-PINN,LRA-PINN,lra_pinn,7,config,results/raw/runs/2d_shallowwater/lra_pinn/seed_7/config.json,2d_shallowwater/lra_pinn/seed_7/config.json,1c0b01df7475a58e632b0cd5baae7bc789293cf9c72ccab32cb1b2832fe485a1,1620
2d_shallowwater,LRA-PINN,LRA-PINN,lra_pinn,7,environment,results/raw/runs/2d_shallowwater/lra_pinn/seed_7/env.json,2d_shallowwater/lra_pinn/seed_7/env.json,3ea9611b4a501b9d8258401458ea7fbd12107e673f8ddeac71518e0ffecb3269,244
2d_shallowwater,LRA-PINN,LRA-PINN,lra_pinn,7,method,results/raw/runs/2d_shallowwater/lra_pinn/seed_7/method.json,2d_shallowwater/lra_pinn/seed_7/method.json,ef607cf9703e5f4461366e1c6842e839179b9a8c117b4e2b56f24ce0f650e527,459
2d_shallowwater,LRA-PINN,LRA-PINN,lra_pinn,7,metrics,results/raw/runs/2d_shallowwater/lra_pinn/seed_7/metrics_final.json,2d_shallowwater/lra_pinn/seed_7/metrics_final.json,d192922401b99bdbdb081e1a8c7dd12d7ca57ce1186b180431b16ae6d24a03f4,4394
2d_shallowwater,LRA-PINN,LRA-PINN,lra_pinn,7,status,results/raw/runs/2d_shallowwater/lra_pinn/seed_7/status.json,2d_shallowwater/lra_pinn/seed_7/status.json,aa8303e3c25ffea9fb6cc0a11e1e34e23b918c7d5a831db20604b172947edb3e,103
2d_shallowwater,LRA-PINN,LRA-PINN,lra_pinn,7,success_marker,results/raw/runs/2d_shallowwater/lra_pinn/seed_7/_SUCCESS,2d_shallowwater/lra_pinn/seed_7/_SUCCESS,81b2bd4ea98c8db66554fbc8d7637a1a69a130f331feb732b75caab4c4868fd5,8
2d_shallowwater,LRA-PINN,LRA-PINN,lra_pinn,42,checkpoint,results/raw/runs/2d_shallowwater/lra_pinn/seed_42/model_final.pt,2d_shallowwater/lra_pinn/seed_42/model_final.pt,a464ade4326c697f16cbd1b41a2351130bbff6b816e2cbec851cf1475cb83fdd,342027
2d_shallowwater,LRA-PINN,LRA-PINN,lra_pinn,42,checkpoint_adamw,results/raw/runs/2d_shallowwater/lra_pinn/seed_42/model_adamw_final.pt,2d_shallowwater/lra_pinn/seed_42/model_adamw_final.pt,46ce94c9a9e8ee2b321c9baabfd7f7b7d905413917945cf6f4f15a152c3fb078,342123
2d_shallowwater,LRA-PINN,LRA-PINN,lra_pinn,42,config,results/raw/runs/2d_shallowwater/lra_pinn/seed_42/config.json,2d_shallowwater/lra_pinn/seed_42/config.json,c89185a63948f0a293d76121a9c546f1c343a7be7f8a702b8b5a86661ea16945,1622
2d_shallowwater,LRA-PINN,LRA-PINN,lra_pinn,42,environment,results/raw/runs/2d_shallowwater/lra_pinn/seed_42/env.json,2d_shallowwater/lra_pinn/seed_42/env.json,3ea9611b4a501b9d8258401458ea7fbd12107e673f8ddeac71518e0ffecb3269,244
2d_shallowwater,LRA-PINN,LRA-PINN,lra_pinn,42,method,results/raw/runs/2d_shallowwater/lra_pinn/seed_42/method.json,2d_shallowwater/lra_pinn/seed_42/method.json,ef607cf9703e5f4461366e1c6842e839179b9a8c117b4e2b56f24ce0f650e527,459
2d_shallowwater,LRA-PINN,LRA-PINN,lra_pinn,42,metrics,results/raw/runs/2d_shallowwater/lra_pinn/seed_42/metrics_final.json,2d_shallowwater/lra_pinn/seed_42/metrics_final.json,ab48e4cde27c1e8c10fba81527e7690f0ae28260011c9e4745afb17ad432ffba,4382
2d_shallowwater,LRA-PINN,LRA-PINN,lra_pinn,42,status,results/raw/runs/2d_shallowwater/lra_pinn/seed_42/status.json,2d_shallowwater/lra_pinn/seed_42/status.json,9af286b9b3dafd46fd2e631adfe4a48e0f81b88a96719b7b23d1c6ca4371b511,103
2d_shallowwater,LRA-PINN,LRA-PINN,lra_pinn,42,success_marker,results/raw/runs/2d_shallowwater/lra_pinn/seed_42/_SUCCESS,2d_shallowwater/lra_pinn/seed_42/_SUCCESS,81b2bd4ea98c8db66554fbc8d7637a1a69a130f331feb732b75caab4c4868fd5,8
2d_shallowwater,LRA-PINN,LRA-PINN,lra_pinn,100,checkpoint,results/raw/runs/2d_shallowwater/lra_pinn/seed_100/model_final.pt,2d_shallowwater/lra_pinn/seed_100/model_final.pt,0ca36e1b128b716496ec2cf3271ad96fdaa595a07d52a597e0849a8d8b685bcf,342027
2d_shallowwater,LRA-PINN,LRA-PINN,lra_pinn,100,checkpoint_adamw,results/raw/runs/2d_shallowwater/lra_pinn/seed_100/model_adamw_final.pt,2d_shallowwater/lra_pinn/seed_100/model_adamw_final.pt,9d961b6cc05b71549cd1a3d493ff3f27549150c140564a4978ce40b41715b986,342123
2d_shallowwater,LRA-PINN,LRA-PINN,lra_pinn,100,config,results/raw/runs/2d_shallowwater/lra_pinn/seed_100/config.json,2d_shallowwater/lra_pinn/seed_100/config.json,30a2db49c9084f743915b2872773670b3a69a1ff63b9f8a3c0cf5aa07544507d,1624
2d_shallowwater,LRA-PINN,LRA-PINN,lra_pinn,100,environment,results/raw/runs/2d_shallowwater/lra_pinn/seed_100/env.json,2d_shallowwater/lra_pinn/seed_100/env.json,3ea9611b4a501b9d8258401458ea7fbd12107e673f8ddeac71518e0ffecb3269,244
2d_shallowwater,LRA-PINN,LRA-PINN,lra_pinn,100,method,results/raw/runs/2d_shallowwater/lra_pinn/seed_100/method.json,2d_shallowwater/lra_pinn/seed_100/method.json,ef607cf9703e5f4461366e1c6842e839179b9a8c117b4e2b56f24ce0f650e527,459
2d_shallowwater,LRA-PINN,LRA-PINN,lra_pinn,100,metrics,results/raw/runs/2d_shallowwater/lra_pinn/seed_100/metrics_final.json,2d_shallowwater/lra_pinn/seed_100/metrics_final.json,b035d32f70613feb0332866d319c342ee877698b2fff3798261790c7247930bc,4380
2d_shallowwater,LRA-PINN,LRA-PINN,lra_pinn,100,status,results/raw/runs/2d_shallowwater/lra_pinn/seed_100/status.json,2d_shallowwater/lra_pinn/seed_100/status.json,d41610b2edf949883e7412e5abeddd57b5351c157d661f780169693ca60884f0,103
2d_shallowwater,LRA-PINN,LRA-PINN,lra_pinn,100,success_marker,results/raw/runs/2d_shallowwater/lra_pinn/seed_100/_SUCCESS,2d_shallowwater/lra_pinn/seed_100/_SUCCESS,81b2bd4ea98c8db66554fbc8d7637a1a69a130f331feb732b75caab4c4868fd5,8
2d_shallowwater,LRA-PINN,LRA-PINN,lra_pinn,2026,checkpoint,results/raw/runs/2d_shallowwater/lra_pinn/seed_2026/model_final.pt,2d_shallowwater/lra_pinn/seed_2026/model_final.pt,3ff32a0016b875bf7f6ae08efce31d3c9bec7df65cf566cbab87306d2ae67963,342027
2d_shallowwater,LRA-PINN,LRA-PINN,lra_pinn,2026,checkpoint_adamw,results/raw/runs/2d_shallowwater/lra_pinn/seed_2026/model_adamw_final.pt,2d_shallowwater/lra_pinn/seed_2026/model_adamw_final.pt,d9f222f112133fde484c911f088d36935d99fe76877487b3dcf2b4b58bd9009c,342123
2d_shallowwater,LRA-PINN,LRA-PINN,lra_pinn,2026,config,results/raw/runs/2d_shallowwater/lra_pinn/seed_2026/config.json,2d_shallowwater/lra_pinn/seed_2026/config.json,7e54d15aeadcd1f12f109d3950ddb9566d668c95b5611278b0dce7b158e536af,1626
2d_shallowwater,LRA-PINN,LRA-PINN,lra_pinn,2026,environment,results/raw/runs/2d_shallowwater/lra_pinn/seed_2026/env.json,2d_shallowwater/lra_pinn/seed_2026/env.json,3ea9611b4a501b9d8258401458ea7fbd12107e673f8ddeac71518e0ffecb3269,244
2d_shallowwater,LRA-PINN,LRA-PINN,lra_pinn,2026,method,results/raw/runs/2d_shallowwater/lra_pinn/seed_2026/method.json,2d_shallowwater/lra_pinn/seed_2026/method.json,ef607cf9703e5f4461366e1c6842e839179b9a8c117b4e2b56f24ce0f650e527,459
2d_shallowwater,LRA-PINN,LRA-PINN,lra_pinn,2026,metrics,results/raw/runs/2d_shallowwater/lra_pinn/seed_2026/metrics_final.json,2d_shallowwater/lra_pinn/seed_2026/metrics_final.json,01d076e111953036a83e5c1463c797ce69b1d882c185d9bf3781c92a3dc6b88e,4387
2d_shallowwater,LRA-PINN,LRA-PINN,lra_pinn,2026,status,results/raw/runs/2d_shallowwater/lra_pinn/seed_2026/status.json,2d_shallowwater/lra_pinn/seed_2026/status.json,56f7a284c5e578defec33f1c7fa00f01d44329ad4ed366a1e7fb722f237e37df,103
2d_shallowwater,LRA-PINN,LRA-PINN,lra_pinn,2026,success_marker,results/raw/runs/2d_shallowwater/lra_pinn/seed_2026/_SUCCESS,2d_shallowwater/lra_pinn/seed_2026/_SUCCESS,81b2bd4ea98c8db66554fbc8d7637a1a69a130f331feb732b75caab4c4868fd5,8
2d_shallowwater,LRA-PINN,LRA-PINN,lra_pinn,31415,checkpoint,results/raw/runs/2d_shallowwater/lra_pinn/seed_31415/model_final.pt,2d_shallowwater/lra_pinn/seed_31415/model_final.pt,15848ed3a9410aec51599abd4e7094b3aaf061b01b0e980d242194c310b1ec1c,342027
2d_shallowwater,LRA-PINN,LRA-PINN,lra_pinn,31415,checkpoint_adamw,results/raw/runs/2d_shallowwater/lra_pinn/seed_31415/model_adamw_final.pt,2d_shallowwater/lra_pinn/seed_31415/model_adamw_final.pt,24a51f428275aaaa86dd97b10bd78a33be599991010e34e558747f10313b8eda,342123
2d_shallowwater,LRA-PINN,LRA-PINN,lra_pinn,31415,config,results/raw/runs/2d_shallowwater/lra_pinn/seed_31415/config.json,2d_shallowwater/lra_pinn/seed_31415/config.json,f191712ed97b441e14421c6b19db95595ce16943b4a49e7527341c5de55f4bc7,1628
2d_shallowwater,LRA-PINN,LRA-PINN,lra_pinn,31415,environment,results/raw/runs/2d_shallowwater/lra_pinn/seed_31415/env.json,2d_shallowwater/lra_pinn/seed_31415/env.json,3ea9611b4a501b9d8258401458ea7fbd12107e673f8ddeac71518e0ffecb3269,244
2d_shallowwater,LRA-PINN,LRA-PINN,lra_pinn,31415,method,results/raw/runs/2d_shallowwater/lra_pinn/seed_31415/method.json,2d_shallowwater/lra_pinn/seed_31415/method.json,ef607cf9703e5f4461366e1c6842e839179b9a8c117b4e2b56f24ce0f650e527,459
2d_shallowwater,LRA-PINN,LRA-PINN,lra_pinn,31415,metrics,results/raw/runs/2d_shallowwater/lra_pinn/seed_31415/metrics_final.json,2d_shallowwater/lra_pinn/seed_31415/metrics_final.json,8d91aec299d36417835787d3c9519f9c2a6ed5b4370b226123b50c959254299d,4386
2d_shallowwater,LRA-PINN,LRA-PINN,lra_pinn,31415,status,results/raw/runs/2d_shallowwater/lra_pinn/seed_31415/status.json,2d_shallowwater/lra_pinn/seed_31415/status.json,7f2a95ec4cbb3bb1600321e5729d76faedfc238e11a7bef126b4a85c0d3e4cdc,103
2d_shallowwater,LRA-PINN,LRA-PINN,lra_pinn,31415,success_marker,results/raw/runs/2d_shallowwater/lra_pinn/seed_31415/_SUCCESS,2d_shallowwater/lra_pinn/seed_31415/_SUCCESS,81b2bd4ea98c8db66554fbc8d7637a1a69a130f331feb732b75caab4c4868fd5,8
2d_shallowwater,RAD-PINN,RAD-PINN,rad_pinn,7,checkpoint,results/raw/runs/2d_shallowwater/rad_pinn/seed_7/model_final.pt,2d_shallowwater/rad_pinn/seed_7/model_final.pt,4f4d9b70c367240e5050528cd6e31362a9a8ddaf4244776b7cd6f47dd978516b,341899
2d_shallowwater,RAD-PINN,RAD-PINN,rad_pinn,7,checkpoint_adamw,results/raw/runs/2d_shallowwater/rad_pinn/seed_7/model_adamw_final.pt,2d_shallowwater/rad_pinn/seed_7/model_adamw_final.pt,27f1864f1557966579f9d52d3fc63a45db302592e4d2649d84e212bdc80399ab,342059
2d_shallowwater,RAD-PINN,RAD-PINN,rad_pinn,7,config,results/raw/runs/2d_shallowwater/rad_pinn/seed_7/config.json,2d_shallowwater/rad_pinn/seed_7/config.json,74a1b3760a244670f346ec4359bc15be3441e8ba4bbf655bdac62fead291d69f,1620
2d_shallowwater,RAD-PINN,RAD-PINN,rad_pinn,7,environment,results/raw/runs/2d_shallowwater/rad_pinn/seed_7/env.json,2d_shallowwater/rad_pinn/seed_7/env.json,3ea9611b4a501b9d8258401458ea7fbd12107e673f8ddeac71518e0ffecb3269,244
2d_shallowwater,RAD-PINN,RAD-PINN,rad_pinn,7,method,results/raw/runs/2d_shallowwater/rad_pinn/seed_7/method.json,2d_shallowwater/rad_pinn/seed_7/method.json,6536f6caeed14b1c98620960c58ece26df348fc5b6be06e474da01bab6de368c,413
2d_shallowwater,RAD-PINN,RAD-PINN,rad_pinn,7,metrics,results/raw/runs/2d_shallowwater/rad_pinn/seed_7/metrics_final.json,2d_shallowwater/rad_pinn/seed_7/metrics_final.json,078171b24acbd47087dc90987196756c9f8bef4134dae9c2d182e682e8635f15,4331
2d_shallowwater,RAD-PINN,RAD-PINN,rad_pinn,7,status,results/raw/runs/2d_shallowwater/rad_pinn/seed_7/status.json,2d_shallowwater/rad_pinn/seed_7/status.json,19f55b0c482eec3bbd113b1dc26cfd68be0653ed924b9993b5660b40638b858c,103
2d_shallowwater,RAD-PINN,RAD-PINN,rad_pinn,7,success_marker,results/raw/runs/2d_shallowwater/rad_pinn/seed_7/_SUCCESS,2d_shallowwater/rad_pinn/seed_7/_SUCCESS,81b2bd4ea98c8db66554fbc8d7637a1a69a130f331feb732b75caab4c4868fd5,8
2d_shallowwater,RAD-PINN,RAD-PINN,rad_pinn,42,checkpoint,results/raw/runs/2d_shallowwater/rad_pinn/seed_42/model_final.pt,2d_shallowwater/rad_pinn/seed_42/model_final.pt,73f18421cb1bd174e11fc724c2356f8097ba8ec963cbc6cc10026e9e3ec17c08,341899
2d_shallowwater,RAD-PINN,RAD-PINN,rad_pinn,42,checkpoint_adamw,results/raw/runs/2d_shallowwater/rad_pinn/seed_42/model_adamw_final.pt,2d_shallowwater/rad_pinn/seed_42/model_adamw_final.pt,ac7c74d915e56d0aeb9f2cfe147b6ae4b2ff741311ef141f796bac75b99e56cc,342059
2d_shallowwater,RAD-PINN,RAD-PINN,rad_pinn,42,config,results/raw/runs/2d_shallowwater/rad_pinn/seed_42/config.json,2d_shallowwater/rad_pinn/seed_42/config.json,bb24d2ddd0607dfc778e0f36ddf4e4043f382490be1f152f8d686e8f31d09192,1622
2d_shallowwater,RAD-PINN,RAD-PINN,rad_pinn,42,environment,results/raw/runs/2d_shallowwater/rad_pinn/seed_42/env.json,2d_shallowwater/rad_pinn/seed_42/env.json,3ea9611b4a501b9d8258401458ea7fbd12107e673f8ddeac71518e0ffecb3269,244
2d_shallowwater,RAD-PINN,RAD-PINN,rad_pinn,42,method,results/raw/runs/2d_shallowwater/rad_pinn/seed_42/method.json,2d_shallowwater/rad_pinn/seed_42/method.json,6536f6caeed14b1c98620960c58ece26df348fc5b6be06e474da01bab6de368c,413
2d_shallowwater,RAD-PINN,RAD-PINN,rad_pinn,42,metrics,results/raw/runs/2d_shallowwater/rad_pinn/seed_42/metrics_final.json,2d_shallowwater/rad_pinn/seed_42/metrics_final.json,009b32295ef14f39ac33622521edc5ed65733c304a5fe7f79488dd1e6f862847,4330
2d_shallowwater,RAD-PINN,RAD-PINN,rad_pinn,42,status,results/raw/runs/2d_shallowwater/rad_pinn/seed_42/status.json,2d_shallowwater/rad_pinn/seed_42/status.json,e3b2a3cc8283bf18c5428d7fba8210e6f39cb6be0bfd1c43626d7cad9107c4a8,103
2d_shallowwater,RAD-PINN,RAD-PINN,rad_pinn,42,success_marker,results/raw/runs/2d_shallowwater/rad_pinn/seed_42/_SUCCESS,2d_shallowwater/rad_pinn/seed_42/_SUCCESS,81b2bd4ea98c8db66554fbc8d7637a1a69a130f331feb732b75caab4c4868fd5,8
2d_shallowwater,RAD-PINN,RAD-PINN,rad_pinn,100,checkpoint,results/raw/runs/2d_shallowwater/rad_pinn/seed_100/model_final.pt,2d_shallowwater/rad_pinn/seed_100/model_final.pt,ef65c1d7b55933538f581c9ca72a98fdc5775609769ad0997156add33b4dc910,341899
2d_shallowwater,RAD-PINN,RAD-PINN,rad_pinn,100,checkpoint_adamw,results/raw/runs/2d_shallowwater/rad_pinn/seed_100/model_adamw_final.pt,2d_shallowwater/rad_pinn/seed_100/model_adamw_final.pt,eafef3daf5c5bcc05badf3fb884b4862b7f43669d6324858c9101b987e61788a,342059
2d_shallowwater,RAD-PINN,RAD-PINN,rad_pinn,100,config,results/raw/runs/2d_shallowwater/rad_pinn/seed_100/config.json,2d_shallowwater/rad_pinn/seed_100/config.json,774abe03d8992863d6c5351db6db428cd8fbf243b97b7f7cbcb69c1770593ca9,1624
2d_shallowwater,RAD-PINN,RAD-PINN,rad_pinn,100,environment,results/raw/runs/2d_shallowwater/rad_pinn/seed_100/env.json,2d_shallowwater/rad_pinn/seed_100/env.json,3ea9611b4a501b9d8258401458ea7fbd12107e673f8ddeac71518e0ffecb3269,244
2d_shallowwater,RAD-PINN,RAD-PINN,rad_pinn,100,method,results/raw/runs/2d_shallowwater/rad_pinn/seed_100/method.json,2d_shallowwater/rad_pinn/seed_100/method.json,6536f6caeed14b1c98620960c58ece26df348fc5b6be06e474da01bab6de368c,413
2d_shallowwater,RAD-PINN,RAD-PINN,rad_pinn,100,metrics,results/raw/runs/2d_shallowwater/rad_pinn/seed_100/metrics_final.json,2d_shallowwater/rad_pinn/seed_100/metrics_final.json,0148ec3bd087634ee7c6e9f7852884e0b33aff8bd66f0cd00cbaa331e68c59d8,4337
2d_shallowwater,RAD-PINN,RAD-PINN,rad_pinn,100,status,results/raw/runs/2d_shallowwater/rad_pinn/seed_100/status.json,2d_shallowwater/rad_pinn/seed_100/status.json,b3e5354c59c3992e26d22fee81ba3a2f9077bcc14a341b6b17c7f70ad3ad2b01,103
2d_shallowwater,RAD-PINN,RAD-PINN,rad_pinn,100,success_marker,results/raw/runs/2d_shallowwater/rad_pinn/seed_100/_SUCCESS,2d_shallowwater/rad_pinn/seed_100/_SUCCESS,81b2bd4ea98c8db66554fbc8d7637a1a69a130f331feb732b75caab4c4868fd5,8
2d_shallowwater,RAD-PINN,RAD-PINN,rad_pinn,2026,checkpoint,results/raw/runs/2d_shallowwater/rad_pinn/seed_2026/model_final.pt,2d_shallowwater/rad_pinn/seed_2026/model_final.pt,22041e67cb5f48f35682186233cc1c6d051fa0b5d2f3a379f27720df261c8042,341899
2d_shallowwater,RAD-PINN,RAD-PINN,rad_pinn,2026,checkpoint_adamw,results/raw/runs/2d_shallowwater/rad_pinn/seed_2026/model_adamw_final.pt,2d_shallowwater/rad_pinn/seed_2026/model_adamw_final.pt,ce20152d08141d0b3f68ce0faeaec936784e75c0e06fbdd81dd2a8024ea6f418,342059
2d_shallowwater,RAD-PINN,RAD-PINN,rad_pinn,2026,config,results/raw/runs/2d_shallowwater/rad_pinn/seed_2026/config.json,2d_shallowwater/rad_pinn/seed_2026/config.json,06be83eb559968eb8603fddf3dc41f86b6459f0a44444ea4ce6c59143ab1c542,1626
2d_shallowwater,RAD-PINN,RAD-PINN,rad_pinn,2026,environment,results/raw/runs/2d_shallowwater/rad_pinn/seed_2026/env.json,2d_shallowwater/rad_pinn/seed_2026/env.json,3ea9611b4a501b9d8258401458ea7fbd12107e673f8ddeac71518e0ffecb3269,244
2d_shallowwater,RAD-PINN,RAD-PINN,rad_pinn,2026,method,results/raw/runs/2d_shallowwater/rad_pinn/seed_2026/method.json,2d_shallowwater/rad_pinn/seed_2026/method.json,6536f6caeed14b1c98620960c58ece26df348fc5b6be06e474da01bab6de368c,413
2d_shallowwater,RAD-PINN,RAD-PINN,rad_pinn,2026,metrics,results/raw/runs/2d_shallowwater/rad_pinn/seed_2026/metrics_final.json,2d_shallowwater/rad_pinn/seed_2026/metrics_final.json,c690168ec3dfe6436a9d5394cd503463a567b6c9705d2d49addafdf9c02e367e,4331
2d_shallowwater,RAD-PINN,RAD-PINN,rad_pinn,2026,status,results/raw/runs/2d_shallowwater/rad_pinn/seed_2026/status.json,2d_shallowwater/rad_pinn/seed_2026/status.json,a66487d2c6d732af8271e90ddf70e452400d88702f13fa7c893a2695c82b8c1b,103
2d_shallowwater,RAD-PINN,RAD-PINN,rad_pinn,2026,success_marker,results/raw/runs/2d_shallowwater/rad_pinn/seed_2026/_SUCCESS,2d_shallowwater/rad_pinn/seed_2026/_SUCCESS,81b2bd4ea98c8db66554fbc8d7637a1a69a130f331feb732b75caab4c4868fd5,8
2d_shallowwater,RAD-PINN,RAD-PINN,rad_pinn,31415,checkpoint,results/raw/runs/2d_shallowwater/rad_pinn/seed_31415/model_final.pt,2d_shallowwater/rad_pinn/seed_31415/model_final.pt,512fb3214aff084b721d50593322823ac66b221573044c4d589babff5867640d,341899
2d_shallowwater,RAD-PINN,RAD-PINN,rad_pinn,31415,checkpoint_adamw,results/raw/runs/2d_shallowwater/rad_pinn/seed_31415/model_adamw_final.pt,2d_shallowwater/rad_pinn/seed_31415/model_adamw_final.pt,a6d4d44f1351abd2620b521d28153bf4492f95eae5a033e14b71659c9f7ed325,342059
2d_shallowwater,RAD-PINN,RAD-PINN,rad_pinn,31415,config,results/raw/runs/2d_shallowwater/rad_pinn/seed_31415/config.json,2d_shallowwater/rad_pinn/seed_31415/config.json,41bb956390e614536fb0b8aa9dbdde3d9e99d26481281a051e3a4a97174d02ad,1628
2d_shallowwater,RAD-PINN,RAD-PINN,rad_pinn,31415,environment,results/raw/runs/2d_shallowwater/rad_pinn/seed_31415/env.json,2d_shallowwater/rad_pinn/seed_31415/env.json,3ea9611b4a501b9d8258401458ea7fbd12107e673f8ddeac71518e0ffecb3269,244
2d_shallowwater,RAD-PINN,RAD-PINN,rad_pinn,31415,method,results/raw/runs/2d_shallowwater/rad_pinn/seed_31415/method.json,2d_shallowwater/rad_pinn/seed_31415/method.json,6536f6caeed14b1c98620960c58ece26df348fc5b6be06e474da01bab6de368c,413
2d_shallowwater,RAD-PINN,RAD-PINN,rad_pinn,31415,metrics,results/raw/runs/2d_shallowwater/rad_pinn/seed_31415/metrics_final.json,2d_shallowwater/rad_pinn/seed_31415/metrics_final.json,901584cc8c7357f612bf958bb07d65c6ff03fecfaadf599661a43c471583a48c,4339
2d_shallowwater,RAD-PINN,RAD-PINN,rad_pinn,31415,status,results/raw/runs/2d_shallowwater/rad_pinn/seed_31415/status.json,2d_shallowwater/rad_pinn/seed_31415/status.json,31c9b7cc0f2bdff6e64a724d480654cdc85a0b4e5465ea74e324e8cc60ecc2cb,103
2d_shallowwater,RAD-PINN,RAD-PINN,rad_pinn,31415,success_marker,results/raw/runs/2d_shallowwater/rad_pinn/seed_31415/_SUCCESS,2d_shallowwater/rad_pinn/seed_31415/_SUCCESS,81b2bd4ea98c8db66554fbc8d7637a1a69a130f331feb732b75caab4c4868fd5,8
2d_shallowwater,RAR-D-PINN,RAR-D-PINN,rar_d_pinn,7,checkpoint,results/raw/runs/2d_shallowwater/rar_d_pinn/seed_7/model_final.pt,2d_shallowwater/rar_d_pinn/seed_7/model_final.pt,61bd51e74193511b4f17976e7e13562d73140c2f7d9a880b43293889125be369,342027
2d_shallowwater,RAR-D-PINN,RAR-D-PINN,rar_d_pinn,7,checkpoint_adamw,results/raw/runs/2d_shallowwater/rar_d_pinn/seed_7/model_adamw_final.pt,2d_shallowwater/rar_d_pinn/seed_7/model_adamw_final.pt,4d6bfbd3bcfb7fc058998c77b19cbf170ef256e8ff44b2ae9b61a6ed31a6c629,342123
2d_shallowwater,RAR-D-PINN,RAR-D-PINN,rar_d_pinn,7,config,results/raw/runs/2d_shallowwater/rar_d_pinn/seed_7/config.json,2d_shallowwater/rar_d_pinn/seed_7/config.json,3313507deb0ff3ad15cdc43eb2023f08a024b728427a050b66cfdd0ffb9848e7,1622
2d_shallowwater,RAR-D-PINN,RAR-D-PINN,rar_d_pinn,7,environment,results/raw/runs/2d_shallowwater/rar_d_pinn/seed_7/env.json,2d_shallowwater/rar_d_pinn/seed_7/env.json,3ea9611b4a501b9d8258401458ea7fbd12107e673f8ddeac71518e0ffecb3269,244
2d_shallowwater,RAR-D-PINN,RAR-D-PINN,rar_d_pinn,7,method,results/raw/runs/2d_shallowwater/rar_d_pinn/seed_7/method.json,2d_shallowwater/rar_d_pinn/seed_7/method.json,6f0ac248a434364415255e6eefd160c96a49283b35dabd65bb48cd7e27e7417a,381
2d_shallowwater,RAR-D-PINN,RAR-D-PINN,rar_d_pinn,7,metrics,results/raw/runs/2d_shallowwater/rar_d_pinn/seed_7/metrics_final.json,2d_shallowwater/rar_d_pinn/seed_7/metrics_final.json,bc1d0366f86b6922f50a6be7d1a2b6b4937001daba49c0de2171219521155b47,4440
2d_shallowwater,RAR-D-PINN,RAR-D-PINN,rar_d_pinn,7,status,results/raw/runs/2d_shallowwater/rar_d_pinn/seed_7/status.json,2d_shallowwater/rar_d_pinn/seed_7/status.json,26a63c6dc5ab96511d7fe18750825f7b9d1f6c8508793b5d4b757a56a571c4eb,102
2d_shallowwater,RAR-D-PINN,RAR-D-PINN,rar_d_pinn,7,success_marker,results/raw/runs/2d_shallowwater/rar_d_pinn/seed_7/_SUCCESS,2d_shallowwater/rar_d_pinn/seed_7/_SUCCESS,81b2bd4ea98c8db66554fbc8d7637a1a69a130f331feb732b75caab4c4868fd5,8
2d_shallowwater,RAR-D-PINN,RAR-D-PINN,rar_d_pinn,42,checkpoint,results/raw/runs/2d_shallowwater/rar_d_pinn/seed_42/model_final.pt,2d_shallowwater/rar_d_pinn/seed_42/model_final.pt,1b1b7ba69ef792cc9d25f330f065406992c7e88442700fb70927c4beb55209d0,342027
2d_shallowwater,RAR-D-PINN,RAR-D-PINN,rar_d_pinn,42,checkpoint_adamw,results/raw/runs/2d_shallowwater/rar_d_pinn/seed_42/model_adamw_final.pt,2d_shallowwater/rar_d_pinn/seed_42/model_adamw_final.pt,34d6efc1a3868b5301576723b7ecaf7d72774affe94c62ef419ee1ed093b902b,342123
2d_shallowwater,RAR-D-PINN,RAR-D-PINN,rar_d_pinn,42,config,results/raw/runs/2d_shallowwater/rar_d_pinn/seed_42/config.json,2d_shallowwater/rar_d_pinn/seed_42/config.json,96670ece662c706700caba8bd25f336028b9f7667f3f3cb8ae5c0493d2ca8c44,1624
2d_shallowwater,RAR-D-PINN,RAR-D-PINN,rar_d_pinn,42,environment,results/raw/runs/2d_shallowwater/rar_d_pinn/seed_42/env.json,2d_shallowwater/rar_d_pinn/seed_42/env.json,3ea9611b4a501b9d8258401458ea7fbd12107e673f8ddeac71518e0ffecb3269,244
2d_shallowwater,RAR-D-PINN,RAR-D-PINN,rar_d_pinn,42,method,results/raw/runs/2d_shallowwater/rar_d_pinn/seed_42/method.json,2d_shallowwater/rar_d_pinn/seed_42/method.json,6f0ac248a434364415255e6eefd160c96a49283b35dabd65bb48cd7e27e7417a,381
2d_shallowwater,RAR-D-PINN,RAR-D-PINN,rar_d_pinn,42,metrics,results/raw/runs/2d_shallowwater/rar_d_pinn/seed_42/metrics_final.json,2d_shallowwater/rar_d_pinn/seed_42/metrics_final.json,b6842428b5b147078e3a75a2a8996eddfa7169e6055b5782eefa9a19d7f62ed5,4441
2d_shallowwater,RAR-D-PINN,RAR-D-PINN,rar_d_pinn,42,status,results/raw/runs/2d_shallowwater/rar_d_pinn/seed_42/status.json,2d_shallowwater/rar_d_pinn/seed_42/status.json,b7430ae5518ddc28248a7220f47c22dac859c4bdbb10b12a541e3c1f27edeccd,103
2d_shallowwater,RAR-D-PINN,RAR-D-PINN,rar_d_pinn,42,success_marker,results/raw/runs/2d_shallowwater/rar_d_pinn/seed_42/_SUCCESS,2d_shallowwater/rar_d_pinn/seed_42/_SUCCESS,81b2bd4ea98c8db66554fbc8d7637a1a69a130f331feb732b75caab4c4868fd5,8
2d_shallowwater,RAR-D-PINN,RAR-D-PINN,rar_d_pinn,100,checkpoint,results/raw/runs/2d_shallowwater/rar_d_pinn/seed_100/model_final.pt,2d_shallowwater/rar_d_pinn/seed_100/model_final.pt,d591c915017a7bcdf13432b90eea4cdb578f66f1e05284175da5f14f3dd19fc6,342027
2d_shallowwater,RAR-D-PINN,RAR-D-PINN,rar_d_pinn,100,checkpoint_adamw,results/raw/runs/2d_shallowwater/rar_d_pinn/seed_100/model_adamw_final.pt,2d_shallowwater/rar_d_pinn/seed_100/model_adamw_final.pt,05bd85334a231001ebca6cbaca9f45622c27646937f019e5e4e0f6578a41e08b,342123
2d_shallowwater,RAR-D-PINN,RAR-D-PINN,rar_d_pinn,100,config,results/raw/runs/2d_shallowwater/rar_d_pinn/seed_100/config.json,2d_shallowwater/rar_d_pinn/seed_100/config.json,beb040bd6e2c7f70ad837e48ac1eafbf33ff8dc98bac11584742b3dd721e1a44,1626
2d_shallowwater,RAR-D-PINN,RAR-D-PINN,rar_d_pinn,100,environment,results/raw/runs/2d_shallowwater/rar_d_pinn/seed_100/env.json,2d_shallowwater/rar_d_pinn/seed_100/env.json,3ea9611b4a501b9d8258401458ea7fbd12107e673f8ddeac71518e0ffecb3269,244
2d_shallowwater,RAR-D-PINN,RAR-D-PINN,rar_d_pinn,100,method,results/raw/runs/2d_shallowwater/rar_d_pinn/seed_100/method.json,2d_shallowwater/rar_d_pinn/seed_100/method.json,6f0ac248a434364415255e6eefd160c96a49283b35dabd65bb48cd7e27e7417a,381
2d_shallowwater,RAR-D-PINN,RAR-D-PINN,rar_d_pinn,100,metrics,results/raw/runs/2d_shallowwater/rar_d_pinn/seed_100/metrics_final.json,2d_shallowwater/rar_d_pinn/seed_100/metrics_final.json,8c106ede3aa1dd314406db98efda06356fb9929dc177dfaedefae533031ac107,4453
2d_shallowwater,RAR-D-PINN,RAR-D-PINN,rar_d_pinn,100,status,results/raw/runs/2d_shallowwater/rar_d_pinn/seed_100/status.json,2d_shallowwater/rar_d_pinn/seed_100/status.json,e3aa26623713ea15724a6b1d575a42caa0efa3b601ab50d80668a726713126f0,103
2d_shallowwater,RAR-D-PINN,RAR-D-PINN,rar_d_pinn,100,success_marker,results/raw/runs/2d_shallowwater/rar_d_pinn/seed_100/_SUCCESS,2d_shallowwater/rar_d_pinn/seed_100/_SUCCESS,81b2bd4ea98c8db66554fbc8d7637a1a69a130f331feb732b75caab4c4868fd5,8
2d_shallowwater,RAR-D-PINN,RAR-D-PINN,rar_d_pinn,2026,checkpoint,results/raw/runs/2d_shallowwater/rar_d_pinn/seed_2026/model_final.pt,2d_shallowwater/rar_d_pinn/seed_2026/model_final.pt,1327e36070ec20e44370ca9effba92914b94e29efbc91254338edc15c496878b,342027
2d_shallowwater,RAR-D-PINN,RAR-D-PINN,rar_d_pinn,2026,checkpoint_adamw,results/raw/runs/2d_shallowwater/rar_d_pinn/seed_2026/model_adamw_final.pt,2d_shallowwater/rar_d_pinn/seed_2026/model_adamw_final.pt,e572bdc6cb461a4d0107166b3b380c4c59ac9602ec82df41e72704c4ee00c996,342123
2d_shallowwater,RAR-D-PINN,RAR-D-PINN,rar_d_pinn,2026,config,results/raw/runs/2d_shallowwater/rar_d_pinn/seed_2026/config.json,2d_shallowwater/rar_d_pinn/seed_2026/config.json,e3bef38a6c03b8266635253243f9cd452e76bc50213224d7346cf01a3cf62441,1628
2d_shallowwater,RAR-D-PINN,RAR-D-PINN,rar_d_pinn,2026,environment,results/raw/runs/2d_shallowwater/rar_d_pinn/seed_2026/env.json,2d_shallowwater/rar_d_pinn/seed_2026/env.json,3ea9611b4a501b9d8258401458ea7fbd12107e673f8ddeac71518e0ffecb3269,244
2d_shallowwater,RAR-D-PINN,RAR-D-PINN,rar_d_pinn,2026,method,results/raw/runs/2d_shallowwater/rar_d_pinn/seed_2026/method.json,2d_shallowwater/rar_d_pinn/seed_2026/method.json,6f0ac248a434364415255e6eefd160c96a49283b35dabd65bb48cd7e27e7417a,381
2d_shallowwater,RAR-D-PINN,RAR-D-PINN,rar_d_pinn,2026,metrics,results/raw/runs/2d_shallowwater/rar_d_pinn/seed_2026/metrics_final.json,2d_shallowwater/rar_d_pinn/seed_2026/metrics_final.json,a8d2757649ab88a5a088063d9584e7d590957baadc46a750ea018d6ac8d63536,4450
2d_shallowwater,RAR-D-PINN,RAR-D-PINN,rar_d_pinn,2026,status,results/raw/runs/2d_shallowwater/rar_d_pinn/seed_2026/status.json,2d_shallowwater/rar_d_pinn/seed_2026/status.json,aeb351101f9c504792421e86d1f203345223647ded4bd576bf61bfdf66e0f23e,103
2d_shallowwater,RAR-D-PINN,RAR-D-PINN,rar_d_pinn,2026,success_marker,results/raw/runs/2d_shallowwater/rar_d_pinn/seed_2026/_SUCCESS,2d_shallowwater/rar_d_pinn/seed_2026/_SUCCESS,81b2bd4ea98c8db66554fbc8d7637a1a69a130f331feb732b75caab4c4868fd5,8
2d_shallowwater,RAR-D-PINN,RAR-D-PINN,rar_d_pinn,31415,checkpoint,results/raw/runs/2d_shallowwater/rar_d_pinn/seed_31415/model_final.pt,2d_shallowwater/rar_d_pinn/seed_31415/model_final.pt,b97d036ea23531b5b94c9e776873bbf00c740f6494296a8e18ce475153fc029a,342027
2d_shallowwater,RAR-D-PINN,RAR-D-PINN,rar_d_pinn,31415,checkpoint_adamw,results/raw/runs/2d_shallowwater/rar_d_pinn/seed_31415/model_adamw_final.pt,2d_shallowwater/rar_d_pinn/seed_31415/model_adamw_final.pt,5d3fc06144366725b92e3108bc79a41589a859399d137d2acce12caf08c309c0,342123
2d_shallowwater,RAR-D-PINN,RAR-D-PINN,rar_d_pinn,31415,config,results/raw/runs/2d_shallowwater/rar_d_pinn/seed_31415/config.json,2d_shallowwater/rar_d_pinn/seed_31415/config.json,2e6ecf050b29f5d6461c8a62a1b7a369b89e04e4bf13d04c4b6042e66a93e222,1630
2d_shallowwater,RAR-D-PINN,RAR-D-PINN,rar_d_pinn,31415,environment,results/raw/runs/2d_shallowwater/rar_d_pinn/seed_31415/env.json,2d_shallowwater/rar_d_pinn/seed_31415/env.json,3ea9611b4a501b9d8258401458ea7fbd12107e673f8ddeac71518e0ffecb3269,244
2d_shallowwater,RAR-D-PINN,RAR-D-PINN,rar_d_pinn,31415,method,results/raw/runs/2d_shallowwater/rar_d_pinn/seed_31415/method.json,2d_shallowwater/rar_d_pinn/seed_31415/method.json,6f0ac248a434364415255e6eefd160c96a49283b35dabd65bb48cd7e27e7417a,381
2d_shallowwater,RAR-D-PINN,RAR-D-PINN,rar_d_pinn,31415,metrics,results/raw/runs/2d_shallowwater/rar_d_pinn/seed_31415/metrics_final.json,2d_shallowwater/rar_d_pinn/seed_31415/metrics_final.json,143f1f3445b7511b0423af681f0c186c5e84a41f92588674bd96c63973f06248,4444
2d_shallowwater,RAR-D-PINN,RAR-D-PINN,rar_d_pinn,31415,status,results/raw/runs/2d_shallowwater/rar_d_pinn/seed_31415/status.json,2d_shallowwater/rar_d_pinn/seed_31415/status.json,326ef96797e1e051d12dfc75549e434d774dd8ed9472b1f6a150535a2171118b,103
2d_shallowwater,RAR-D-PINN,RAR-D-PINN,rar_d_pinn,31415,success_marker,results/raw/runs/2d_shallowwater/rar_d_pinn/seed_31415/_SUCCESS,2d_shallowwater/rar_d_pinn/seed_31415/_SUCCESS,81b2bd4ea98c8db66554fbc8d7637a1a69a130f331feb732b75caab4c4868fd5,8
2d_shallowwater,SA-PINN,SA-PINN,sa_pinn,7,checkpoint,results/raw/runs/2d_shallowwater/sa_pinn/seed_7/model_final.pt,2d_shallowwater/sa_pinn/seed_7/model_final.pt,267ed2d2319c7801a010be0435e06cedcf42e765bae226bf735233995b361ac0,342091
2d_shallowwater,SA-PINN,SA-PINN,sa_pinn,7,checkpoint_adamw,results/raw/runs/2d_shallowwater/sa_pinn/seed_7/model_adamw_final.pt,2d_shallowwater/sa_pinn/seed_7/model_adamw_final.pt,c4ee32253bc4a6c73d3736f669a293911a99bd33adfbe13f74e8ccb13b7e681f,342187
2d_shallowwater,SA-PINN,SA-PINN,sa_pinn,7,config,results/raw/runs/2d_shallowwater/sa_pinn/seed_7/config.json,2d_shallowwater/sa_pinn/seed_7/config.json,d5f8bf6d861240378566b18bb0244176451bb638ee911ae38be52d029a6488a5,1619
2d_shallowwater,SA-PINN,SA-PINN,sa_pinn,7,environment,results/raw/runs/2d_shallowwater/sa_pinn/seed_7/env.json,2d_shallowwater/sa_pinn/seed_7/env.json,3ea9611b4a501b9d8258401458ea7fbd12107e673f8ddeac71518e0ffecb3269,244
2d_shallowwater,SA-PINN,SA-PINN,sa_pinn,7,method,results/raw/runs/2d_shallowwater/sa_pinn/seed_7/method.json,2d_shallowwater/sa_pinn/seed_7/method.json,91c63ead7b1a96027286e16826a87ce01a4209f918fd0f8ef0367308128d2fa8,417
2d_shallowwater,SA-PINN,SA-PINN,sa_pinn,7,metrics,results/raw/runs/2d_shallowwater/sa_pinn/seed_7/metrics_final.json,2d_shallowwater/sa_pinn/seed_7/metrics_final.json,c3f046ed5ba4a24f5ae7539465e308457ab858fb3b91941dbbed367f9fe6bf70,4471
2d_shallowwater,SA-PINN,SA-PINN,sa_pinn,7,status,results/raw/runs/2d_shallowwater/sa_pinn/seed_7/status.json,2d_shallowwater/sa_pinn/seed_7/status.json,d17c31ff0b20f35eff34096f367b984eea106011ca4dc5d66897be7e31709b6c,103
2d_shallowwater,SA-PINN,SA-PINN,sa_pinn,7,success_marker,results/raw/runs/2d_shallowwater/sa_pinn/seed_7/_SUCCESS,2d_shallowwater/sa_pinn/seed_7/_SUCCESS,81b2bd4ea98c8db66554fbc8d7637a1a69a130f331feb732b75caab4c4868fd5,8
2d_shallowwater,SA-PINN,SA-PINN,sa_pinn,42,checkpoint,results/raw/runs/2d_shallowwater/sa_pinn/seed_42/model_final.pt,2d_shallowwater/sa_pinn/seed_42/model_final.pt,572c32d83b3f81ac83b21d20c8d96822d1b4063537086c836310ad5d29664a7b,342091
2d_shallowwater,SA-PINN,SA-PINN,sa_pinn,42,checkpoint_adamw,results/raw/runs/2d_shallowwater/sa_pinn/seed_42/model_adamw_final.pt,2d_shallowwater/sa_pinn/seed_42/model_adamw_final.pt,f880cddb424ef07566ff3c042080c10b528bcd70074647cec45138769d8740e5,342187
2d_shallowwater,SA-PINN,SA-PINN,sa_pinn,42,config,results/raw/runs/2d_shallowwater/sa_pinn/seed_42/config.json,2d_shallowwater/sa_pinn/seed_42/config.json,f465c72025f76d8c3e11f6fdbc1c18b8b661017a574757ced4fc1e9a496f2ac0,1621
2d_shallowwater,SA-PINN,SA-PINN,sa_pinn,42,environment,results/raw/runs/2d_shallowwater/sa_pinn/seed_42/env.json,2d_shallowwater/sa_pinn/seed_42/env.json,3ea9611b4a501b9d8258401458ea7fbd12107e673f8ddeac71518e0ffecb3269,244
2d_shallowwater,SA-PINN,SA-PINN,sa_pinn,42,method,results/raw/runs/2d_shallowwater/sa_pinn/seed_42/method.json,2d_shallowwater/sa_pinn/seed_42/method.json,91c63ead7b1a96027286e16826a87ce01a4209f918fd0f8ef0367308128d2fa8,417
2d_shallowwater,SA-PINN,SA-PINN,sa_pinn,42,metrics,results/raw/runs/2d_shallowwater/sa_pinn/seed_42/metrics_final.json,2d_shallowwater/sa_pinn/seed_42/metrics_final.json,b99dd52803466f270519b1a5ff28f6ca344e2497e77e8d122e43b4a0e287d273,4462
2d_shallowwater,SA-PINN,SA-PINN,sa_pinn,42,status,results/raw/runs/2d_shallowwater/sa_pinn/seed_42/status.json,2d_shallowwater/sa_pinn/seed_42/status.json,b74042b9fea1277e61011dfab08e7edd8aab82bbc99e0b2dde28ef8a4fb65e74,103
2d_shallowwater,SA-PINN,SA-PINN,sa_pinn,42,success_marker,results/raw/runs/2d_shallowwater/sa_pinn/seed_42/_SUCCESS,2d_shallowwater/sa_pinn/seed_42/_SUCCESS,81b2bd4ea98c8db66554fbc8d7637a1a69a130f331feb732b75caab4c4868fd5,8
2d_shallowwater,SA-PINN,SA-PINN,sa_pinn,100,checkpoint,results/raw/runs/2d_shallowwater/sa_pinn/seed_100/model_final.pt,2d_shallowwater/sa_pinn/seed_100/model_final.pt,95a7ce50a8b45b397cec1ccb4c9559485a9fa617674d9f00349d69d23d54afea,342091
2d_shallowwater,SA-PINN,SA-PINN,sa_pinn,100,checkpoint_adamw,results/raw/runs/2d_shallowwater/sa_pinn/seed_100/model_adamw_final.pt,2d_shallowwater/sa_pinn/seed_100/model_adamw_final.pt,433327967541e5280e5400253f47c6537b453021e1f30832ba518dc26fe4c0c7,342187
2d_shallowwater,SA-PINN,SA-PINN,sa_pinn,100,config,results/raw/runs/2d_shallowwater/sa_pinn/seed_100/config.json,2d_shallowwater/sa_pinn/seed_100/config.json,6cb369c85a28437e4afcc433a85a4cda09cde8d17668fb14d66c009617c904b7,1623
2d_shallowwater,SA-PINN,SA-PINN,sa_pinn,100,environment,results/raw/runs/2d_shallowwater/sa_pinn/seed_100/env.json,2d_shallowwater/sa_pinn/seed_100/env.json,3ea9611b4a501b9d8258401458ea7fbd12107e673f8ddeac71518e0ffecb3269,244
2d_shallowwater,SA-PINN,SA-PINN,sa_pinn,100,method,results/raw/runs/2d_shallowwater/sa_pinn/seed_100/method.json,2d_shallowwater/sa_pinn/seed_100/method.json,91c63ead7b1a96027286e16826a87ce01a4209f918fd0f8ef0367308128d2fa8,417
2d_shallowwater,SA-PINN,SA-PINN,sa_pinn,100,metrics,results/raw/runs/2d_shallowwater/sa_pinn/seed_100/metrics_final.json,2d_shallowwater/sa_pinn/seed_100/metrics_final.json,4009b9b833e3d26efec8749aa42789733ecfed58dd2a292a13f81192390cc06d,4483
2d_shallowwater,SA-PINN,SA-PINN,sa_pinn,100,status,results/raw/runs/2d_shallowwater/sa_pinn/seed_100/status.json,2d_shallowwater/sa_pinn/seed_100/status.json,4724a040f6ada3299e2362bfac217cb814a77c496cb3488420832cbf3945756a,103
2d_shallowwater,SA-PINN,SA-PINN,sa_pinn,100,success_marker,results/raw/runs/2d_shallowwater/sa_pinn/seed_100/_SUCCESS,2d_shallowwater/sa_pinn/seed_100/_SUCCESS,81b2bd4ea98c8db66554fbc8d7637a1a69a130f331feb732b75caab4c4868fd5,8
2d_shallowwater,SA-PINN,SA-PINN,sa_pinn,2026,checkpoint,results/raw/runs/2d_shallowwater/sa_pinn/seed_2026/model_final.pt,2d_shallowwater/sa_pinn/seed_2026/model_final.pt,f92914ddce23073ef4e550666beb50c0d6a0310194465077bd9892d05bc6382d,342091
2d_shallowwater,SA-PINN,SA-PINN,sa_pinn,2026,checkpoint_adamw,results/raw/runs/2d_shallowwater/sa_pinn/seed_2026/model_adamw_final.pt,2d_shallowwater/sa_pinn/seed_2026/model_adamw_final.pt,55dae3443122e2050d87c3f11ce8a8d3a3ba426d52aff7f2dc9af6f06034c00d,342187
2d_shallowwater,SA-PINN,SA-PINN,sa_pinn,2026,config,results/raw/runs/2d_shallowwater/sa_pinn/seed_2026/config.json,2d_shallowwater/sa_pinn/seed_2026/config.json,8caf29b34796d6a02aac64da5aaba69081a87f18016b90f553457e6d69e6762f,1625
2d_shallowwater,SA-PINN,SA-PINN,sa_pinn,2026,environment,results/raw/runs/2d_shallowwater/sa_pinn/seed_2026/env.json,2d_shallowwater/sa_pinn/seed_2026/env.json,3ea9611b4a501b9d8258401458ea7fbd12107e673f8ddeac71518e0ffecb3269,244
2d_shallowwater,SA-PINN,SA-PINN,sa_pinn,2026,method,results/raw/runs/2d_shallowwater/sa_pinn/seed_2026/method.json,2d_shallowwater/sa_pinn/seed_2026/method.json,91c63ead7b1a96027286e16826a87ce01a4209f918fd0f8ef0367308128d2fa8,417
2d_shallowwater,SA-PINN,SA-PINN,sa_pinn,2026,metrics,results/raw/runs/2d_shallowwater/sa_pinn/seed_2026/metrics_final.json,2d_shallowwater/sa_pinn/seed_2026/metrics_final.json,a56ec452f78f54dc91ca6c296102ecd3aa1ac733e3c693daeda88c51273cdf3f,4484
2d_shallowwater,SA-PINN,SA-PINN,sa_pinn,2026,status,results/raw/runs/2d_shallowwater/sa_pinn/seed_2026/status.json,2d_shallowwater/sa_pinn/seed_2026/status.json,1d3b4bd4bdc8f7cf601a730ea33646382f7c1dc990c700e72f4a3005add18078,103
2d_shallowwater,SA-PINN,SA-PINN,sa_pinn,2026,success_marker,results/raw/runs/2d_shallowwater/sa_pinn/seed_2026/_SUCCESS,2d_shallowwater/sa_pinn/seed_2026/_SUCCESS,81b2bd4ea98c8db66554fbc8d7637a1a69a130f331feb732b75caab4c4868fd5,8
2d_shallowwater,SA-PINN,SA-PINN,sa_pinn,31415,checkpoint,results/raw/runs/2d_shallowwater/sa_pinn/seed_31415/model_final.pt,2d_shallowwater/sa_pinn/seed_31415/model_final.pt,bfe3273887d3d2f3ded10273d501155b56438399a1c3335b33ce3cfc4c97f156,342091
2d_shallowwater,SA-PINN,SA-PINN,sa_pinn,31415,checkpoint_adamw,results/raw/runs/2d_shallowwater/sa_pinn/seed_31415/model_adamw_final.pt,2d_shallowwater/sa_pinn/seed_31415/model_adamw_final.pt,d7bd4a27e56b41d1e3114d2856a1a9750bdfd297bc0098a6a9d5aad6ab29003b,342187
2d_shallowwater,SA-PINN,SA-PINN,sa_pinn,31415,config,results/raw/runs/2d_shallowwater/sa_pinn/seed_31415/config.json,2d_shallowwater/sa_pinn/seed_31415/config.json,3ea3ba3b37d00509e34856263ad3413bc42a6b2f958ac6749fc07ca2a7539bba,1627
2d_shallowwater,SA-PINN,SA-PINN,sa_pinn,31415,environment,results/raw/runs/2d_shallowwater/sa_pinn/seed_31415/env.json,2d_shallowwater/sa_pinn/seed_31415/env.json,3ea9611b4a501b9d8258401458ea7fbd12107e673f8ddeac71518e0ffecb3269,244
2d_shallowwater,SA-PINN,SA-PINN,sa_pinn,31415,method,results/raw/runs/2d_shallowwater/sa_pinn/seed_31415/method.json,2d_shallowwater/sa_pinn/seed_31415/method.json,91c63ead7b1a96027286e16826a87ce01a4209f918fd0f8ef0367308128d2fa8,417
2d_shallowwater,SA-PINN,SA-PINN,sa_pinn,31415,metrics,results/raw/runs/2d_shallowwater/sa_pinn/seed_31415/metrics_final.json,2d_shallowwater/sa_pinn/seed_31415/metrics_final.json,8169cafb79a4910e8048550373cd2680598398897479ec57077c6c31e4dc019c,4480
2d_shallowwater,SA-PINN,SA-PINN,sa_pinn,31415,status,results/raw/runs/2d_shallowwater/sa_pinn/seed_31415/status.json,2d_shallowwater/sa_pinn/seed_31415/status.json,3c98f5ccefceab5a37461ddd10633a4188e26a96a355adca9de115e491566599,103
2d_shallowwater,SA-PINN,SA-PINN,sa_pinn,31415,success_marker,results/raw/runs/2d_shallowwater/sa_pinn/seed_31415/_SUCCESS,2d_shallowwater/sa_pinn/seed_31415/_SUCCESS,81b2bd4ea98c8db66554fbc8d7637a1a69a130f331feb732b75caab4c4868fd5,8
2d_shallowwater,XPINN,XPINN,xpinn,7,checkpoint,results/raw/runs/2d_shallowwater/xpinn/seed_7/model_final.pt,2d_shallowwater/xpinn/seed_7/model_final.pt,ad0d51465b155c697e5b761a8f7776098d26ee3b9a151c2731b98a5394e3951f,1360399
2d_shallowwater,XPINN,XPINN,xpinn,7,checkpoint_adamw,results/raw/runs/2d_shallowwater/xpinn/seed_7/model_adamw_final.pt,2d_shallowwater/xpinn/seed_7/model_adamw_final.pt,1e2c13038c41c2560936c8042253e0b09203ab58cf506b59b883a0e2d8bbd223,1360771
2d_shallowwater,XPINN,XPINN,xpinn,7,config,results/raw/runs/2d_shallowwater/xpinn/seed_7/config.json,2d_shallowwater/xpinn/seed_7/config.json,439c2c3857c6f97a33113064dc64e7a4836f53c6ae857fe9c3958037b2d3f4ac,1617
2d_shallowwater,XPINN,XPINN,xpinn,7,environment,results/raw/runs/2d_shallowwater/xpinn/seed_7/env.json,2d_shallowwater/xpinn/seed_7/env.json,3ea9611b4a501b9d8258401458ea7fbd12107e673f8ddeac71518e0ffecb3269,244
2d_shallowwater,XPINN,XPINN,xpinn,7,method,results/raw/runs/2d_shallowwater/xpinn/seed_7/method.json,2d_shallowwater/xpinn/seed_7/method.json,77d4f20b3e24d444de75121b7d2e59f2c89c26128aa91e9b4ec5c2aa4272d6a0,1014
2d_shallowwater,XPINN,XPINN,xpinn,7,metrics,results/raw/runs/2d_shallowwater/xpinn/seed_7/metrics_final.json,2d_shallowwater/xpinn/seed_7/metrics_final.json,e0634bfb7999d2221e8d2455110253be87b6752e18afb4571e2995a90c8818cb,4599
2d_shallowwater,XPINN,XPINN,xpinn,7,status,results/raw/runs/2d_shallowwater/xpinn/seed_7/status.json,2d_shallowwater/xpinn/seed_7/status.json,0fcffe114a82b0676fa09e61413d43a952a914c658330cfcd3a4f8f92505df57,103
2d_shallowwater,XPINN,XPINN,xpinn,7,success_marker,results/raw/runs/2d_shallowwater/xpinn/seed_7/_SUCCESS,2d_shallowwater/xpinn/seed_7/_SUCCESS,81b2bd4ea98c8db66554fbc8d7637a1a69a130f331feb732b75caab4c4868fd5,8
2d_shallowwater,XPINN,XPINN,xpinn,42,checkpoint,results/raw/runs/2d_shallowwater/xpinn/seed_42/model_final.pt,2d_shallowwater/xpinn/seed_42/model_final.pt,2ae46355a8467a7af35215dfaebd3b31b01b313d7c8ed2c399b8e6817ed088d0,1360399
2d_shallowwater,XPINN,XPINN,xpinn,42,checkpoint_adamw,results/raw/runs/2d_shallowwater/xpinn/seed_42/model_adamw_final.pt,2d_shallowwater/xpinn/seed_42/model_adamw_final.pt,99a7e10726006ea95089f7a1933427d8042fd6127fa2bb6a754f474aa64de29b,1360771
2d_shallowwater,XPINN,XPINN,xpinn,42,config,results/raw/runs/2d_shallowwater/xpinn/seed_42/config.json,2d_shallowwater/xpinn/seed_42/config.json,942e45eb4314c2e17bc961b16045fdd121644302f95bce2e81516a61793cbc30,1619
2d_shallowwater,XPINN,XPINN,xpinn,42,environment,results/raw/runs/2d_shallowwater/xpinn/seed_42/env.json,2d_shallowwater/xpinn/seed_42/env.json,3ea9611b4a501b9d8258401458ea7fbd12107e673f8ddeac71518e0ffecb3269,244
2d_shallowwater,XPINN,XPINN,xpinn,42,method,results/raw/runs/2d_shallowwater/xpinn/seed_42/method.json,2d_shallowwater/xpinn/seed_42/method.json,77d4f20b3e24d444de75121b7d2e59f2c89c26128aa91e9b4ec5c2aa4272d6a0,1014
2d_shallowwater,XPINN,XPINN,xpinn,42,metrics,results/raw/runs/2d_shallowwater/xpinn/seed_42/metrics_final.json,2d_shallowwater/xpinn/seed_42/metrics_final.json,eb98378902b587423102fea79c8ae64c619a6e477cbc61c737d58b201ab14b00,4608
2d_shallowwater,XPINN,XPINN,xpinn,42,status,results/raw/runs/2d_shallowwater/xpinn/seed_42/status.json,2d_shallowwater/xpinn/seed_42/status.json,fc0d002a35fd497fa8cb29d8cdaf5fe619f245750d4f3f8c982c6f28d39b6d31,103
2d_shallowwater,XPINN,XPINN,xpinn,42,success_marker,results/raw/runs/2d_shallowwater/xpinn/seed_42/_SUCCESS,2d_shallowwater/xpinn/seed_42/_SUCCESS,81b2bd4ea98c8db66554fbc8d7637a1a69a130f331feb732b75caab4c4868fd5,8
2d_shallowwater,XPINN,XPINN,xpinn,100,checkpoint,results/raw/runs/2d_shallowwater/xpinn/seed_100/model_final.pt,2d_shallowwater/xpinn/seed_100/model_final.pt,13f1d7c951b6b74c6434b1bdcf00eedd8280412d6258b441451198723ad06869,1360399
2d_shallowwater,XPINN,XPINN,xpinn,100,checkpoint_adamw,results/raw/runs/2d_shallowwater/xpinn/seed_100/model_adamw_final.pt,2d_shallowwater/xpinn/seed_100/model_adamw_final.pt,c9a3467df54176b7c4118b6e96a544f4dcbc48f332856f572df9caef69fdc68b,1360771
2d_shallowwater,XPINN,XPINN,xpinn,100,config,results/raw/runs/2d_shallowwater/xpinn/seed_100/config.json,2d_shallowwater/xpinn/seed_100/config.json,c9f0826a62c20e55e0ceae34efa17ee1deb915df74a4126ae74ac756012ca46c,1621
2d_shallowwater,XPINN,XPINN,xpinn,100,environment,results/raw/runs/2d_shallowwater/xpinn/seed_100/env.json,2d_shallowwater/xpinn/seed_100/env.json,3ea9611b4a501b9d8258401458ea7fbd12107e673f8ddeac71518e0ffecb3269,244
2d_shallowwater,XPINN,XPINN,xpinn,100,method,results/raw/runs/2d_shallowwater/xpinn/seed_100/method.json,2d_shallowwater/xpinn/seed_100/method.json,77d4f20b3e24d444de75121b7d2e59f2c89c26128aa91e9b4ec5c2aa4272d6a0,1014
2d_shallowwater,XPINN,XPINN,xpinn,100,metrics,results/raw/runs/2d_shallowwater/xpinn/seed_100/metrics_final.json,2d_shallowwater/xpinn/seed_100/metrics_final.json,fc8439241b72e8b322f0542193d17c333eaf65e330e98b618a2dc384d9ca7610,4610
2d_shallowwater,XPINN,XPINN,xpinn,100,status,results/raw/runs/2d_shallowwater/xpinn/seed_100/status.json,2d_shallowwater/xpinn/seed_100/status.json,508644ac1c6252fd928d4482469638149392e1af9e8d45722e1d81fad93eec27,103
2d_shallowwater,XPINN,XPINN,xpinn,100,success_marker,results/raw/runs/2d_shallowwater/xpinn/seed_100/_SUCCESS,2d_shallowwater/xpinn/seed_100/_SUCCESS,81b2bd4ea98c8db66554fbc8d7637a1a69a130f331feb732b75caab4c4868fd5,8
2d_shallowwater,XPINN,XPINN,xpinn,2026,checkpoint,results/raw/runs/2d_shallowwater/xpinn/seed_2026/model_final.pt,2d_shallowwater/xpinn/seed_2026/model_final.pt,f576b55c5f33d4e3859d677c88d45075f89ec57faa802672baf02cec4796fc90,1360399
2d_shallowwater,XPINN,XPINN,xpinn,2026,checkpoint_adamw,results/raw/runs/2d_shallowwater/xpinn/seed_2026/model_adamw_final.pt,2d_shallowwater/xpinn/seed_2026/model_adamw_final.pt,118b239762b8b7ad11acdeb6bffcea2bc396fa61fe54a74e2fa0a5c682130536,1360771
2d_shallowwater,XPINN,XPINN,xpinn,2026,config,results/raw/runs/2d_shallowwater/xpinn/seed_2026/config.json,2d_shallowwater/xpinn/seed_2026/config.json,e0da2daae6ef31d3023372b2b20d30ea8c3e422b170d3bf599802d07de9e0f96,1623
2d_shallowwater,XPINN,XPINN,xpinn,2026,environment,results/raw/runs/2d_shallowwater/xpinn/seed_2026/env.json,2d_shallowwater/xpinn/seed_2026/env.json,3ea9611b4a501b9d8258401458ea7fbd12107e673f8ddeac71518e0ffecb3269,244
2d_shallowwater,XPINN,XPINN,xpinn,2026,method,results/raw/runs/2d_shallowwater/xpinn/seed_2026/method.json,2d_shallowwater/xpinn/seed_2026/method.json,77d4f20b3e24d444de75121b7d2e59f2c89c26128aa91e9b4ec5c2aa4272d6a0,1014
2d_shallowwater,XPINN,XPINN,xpinn,2026,metrics,results/raw/runs/2d_shallowwater/xpinn/seed_2026/metrics_final.json,2d_shallowwater/xpinn/seed_2026/metrics_final.json,b0cdc962f490b4ac39f7ec68e15e5aa0388dd7ed7c9bbf3ea11196a2263bace0,4618
2d_shallowwater,XPINN,XPINN,xpinn,2026,status,results/raw/runs/2d_shallowwater/xpinn/seed_2026/status.json,2d_shallowwater/xpinn/seed_2026/status.json,2ec955564f511d6bcf3faee364abe25c1f47d6c6ee17b3b7bc253c91920d249d,102
2d_shallowwater,XPINN,XPINN,xpinn,2026,success_marker,results/raw/runs/2d_shallowwater/xpinn/seed_2026/_SUCCESS,2d_shallowwater/xpinn/seed_2026/_SUCCESS,81b2bd4ea98c8db66554fbc8d7637a1a69a130f331feb732b75caab4c4868fd5,8
2d_shallowwater,XPINN,XPINN,xpinn,31415,checkpoint,results/raw/runs/2d_shallowwater/xpinn/seed_31415/model_final.pt,2d_shallowwater/xpinn/seed_31415/model_final.pt,3917c7d8c91fe0e8477ef2e14d8fc8a87e1b6d55ea3f3e259b302296f6b796dd,1360399
2d_shallowwater,XPINN,XPINN,xpinn,31415,checkpoint_adamw,results/raw/runs/2d_shallowwater/xpinn/seed_31415/model_adamw_final.pt,2d_shallowwater/xpinn/seed_31415/model_adamw_final.pt,6f5144c3efdbe6c0b7ecb9ff00ee9651e07f5718cf2e3d8f769958d22dd1f4e7,1360771
2d_shallowwater,XPINN,XPINN,xpinn,31415,config,results/raw/runs/2d_shallowwater/xpinn/seed_31415/config.json,2d_shallowwater/xpinn/seed_31415/config.json,25923ec2df2231574776e6dbe90155b4882d5b4bfbfd13996cb8b89da09c2a87,1625
2d_shallowwater,XPINN,XPINN,xpinn,31415,environment,results/raw/runs/2d_shallowwater/xpinn/seed_31415/env.json,2d_shallowwater/xpinn/seed_31415/env.json,3ea9611b4a501b9d8258401458ea7fbd12107e673f8ddeac71518e0ffecb3269,244
2d_shallowwater,XPINN,XPINN,xpinn,31415,method,results/raw/runs/2d_shallowwater/xpinn/seed_31415/method.json,2d_shallowwater/xpinn/seed_31415/method.json,77d4f20b3e24d444de75121b7d2e59f2c89c26128aa91e9b4ec5c2aa4272d6a0,1014
2d_shallowwater,XPINN,XPINN,xpinn,31415,metrics,results/raw/runs/2d_shallowwater/xpinn/seed_31415/metrics_final.json,2d_shallowwater/xpinn/seed_31415/metrics_final.json,4f20c2fc069e6696df5e6757d82da78631b89e513f6ec0777861ba2ba6ae1c77,4614
2d_shallowwater,XPINN,XPINN,xpinn,31415,status,results/raw/runs/2d_shallowwater/xpinn/seed_31415/status.json,2d_shallowwater/xpinn/seed_31415/status.json,1f4fa31d7d215fb334d770cface6b033684bfecff9d5b99983dfb066875cb067,103
2d_shallowwater,XPINN,XPINN,xpinn,31415,success_marker,results/raw/runs/2d_shallowwater/xpinn/seed_31415/_SUCCESS,2d_shallowwater/xpinn/seed_31415/_SUCCESS,81b2bd4ea98c8db66554fbc8d7637a1a69a130f331feb732b75caab4c4868fd5,8
2d_shallowwater,cPINN,cPINN,cpinn,7,checkpoint,results/raw/runs/2d_shallowwater/cpinn/seed_7/model_final.pt,2d_shallowwater/cpinn/seed_7/model_final.pt,6af3e5e94f0a39ebf028bd03cf1c19bc6e445192e6a384518b48318c6091833b,1360399
2d_shallowwater,cPINN,cPINN,cpinn,7,checkpoint_adamw,results/raw/runs/2d_shallowwater/cpinn/seed_7/model_adamw_final.pt,2d_shallowwater/cpinn/seed_7/model_adamw_final.pt,51ddda96581d8403679fb83cc561f0cb16f7be78dc84834d8f9c3344756836e6,1360771
2d_shallowwater,cPINN,cPINN,cpinn,7,config,results/raw/runs/2d_shallowwater/cpinn/seed_7/config.json,2d_shallowwater/cpinn/seed_7/config.json,c34e4b50735334de2e645cb5fb1571be71eae09d37c5bed5c978c4b056ad5675,1617
2d_shallowwater,cPINN,cPINN,cpinn,7,environment,results/raw/runs/2d_shallowwater/cpinn/seed_7/env.json,2d_shallowwater/cpinn/seed_7/env.json,3ea9611b4a501b9d8258401458ea7fbd12107e673f8ddeac71518e0ffecb3269,244
2d_shallowwater,cPINN,cPINN,cpinn,7,method,results/raw/runs/2d_shallowwater/cpinn/seed_7/method.json,2d_shallowwater/cpinn/seed_7/method.json,3d2120fc45309ed86938a053a9b845fe582f762cbcb9c8e683c0bff43a29d86f,924
2d_shallowwater,cPINN,cPINN,cpinn,7,metrics,results/raw/runs/2d_shallowwater/cpinn/seed_7/metrics_final.json,2d_shallowwater/cpinn/seed_7/metrics_final.json,5a32993e64c8bbb71e0bfaf6d4eff6a7db1d109e90e1c3f9ab290392b22ac50d,4616
2d_shallowwater,cPINN,cPINN,cpinn,7,status,results/raw/runs/2d_shallowwater/cpinn/seed_7/status.json,2d_shallowwater/cpinn/seed_7/status.json,1fc08f6e3045afe56354fac147bdfb046e0bd8017006d871177d2b07aa4f81fb,103
2d_shallowwater,cPINN,cPINN,cpinn,7,success_marker,results/raw/runs/2d_shallowwater/cpinn/seed_7/_SUCCESS,2d_shallowwater/cpinn/seed_7/_SUCCESS,81b2bd4ea98c8db66554fbc8d7637a1a69a130f331feb732b75caab4c4868fd5,8
2d_shallowwater,cPINN,cPINN,cpinn,42,checkpoint,results/raw/runs/2d_shallowwater/cpinn/seed_42/model_final.pt,2d_shallowwater/cpinn/seed_42/model_final.pt,ae6ad1366151559547193c9130b183392e26cfa6973301e1c6966bf104e6d6ef,1360399
2d_shallowwater,cPINN,cPINN,cpinn,42,checkpoint_adamw,results/raw/runs/2d_shallowwater/cpinn/seed_42/model_adamw_final.pt,2d_shallowwater/cpinn/seed_42/model_adamw_final.pt,549fe7ce1450676effa767b573a56a57f39dc762f41bc165073a3ac310fa5870,1360771
2d_shallowwater,cPINN,cPINN,cpinn,42,config,results/raw/runs/2d_shallowwater/cpinn/seed_42/config.json,2d_shallowwater/cpinn/seed_42/config.json,6dfbcb4b10604fd327c48cd0e01b8ff671195743c04efaad4aedaa59b7f1715f,1619
2d_shallowwater,cPINN,cPINN,cpinn,42,environment,results/raw/runs/2d_shallowwater/cpinn/seed_42/env.json,2d_shallowwater/cpinn/seed_42/env.json,3ea9611b4a501b9d8258401458ea7fbd12107e673f8ddeac71518e0ffecb3269,244
2d_shallowwater,cPINN,cPINN,cpinn,42,method,results/raw/runs/2d_shallowwater/cpinn/seed_42/method.json,2d_shallowwater/cpinn/seed_42/method.json,3d2120fc45309ed86938a053a9b845fe582f762cbcb9c8e683c0bff43a29d86f,924
2d_shallowwater,cPINN,cPINN,cpinn,42,metrics,results/raw/runs/2d_shallowwater/cpinn/seed_42/metrics_final.json,2d_shallowwater/cpinn/seed_42/metrics_final.json,3531fb845397a378c55f6c52461fdb3b392c6f5adf842b736430763f3bd2809f,4618
2d_shallowwater,cPINN,cPINN,cpinn,42,status,results/raw/runs/2d_shallowwater/cpinn/seed_42/status.json,2d_shallowwater/cpinn/seed_42/status.json,729c1d5f4452c675b02b4f44879830460d4827740ff8ed79fa899c6bda3a9532,104
2d_shallowwater,cPINN,cPINN,cpinn,42,success_marker,results/raw/runs/2d_shallowwater/cpinn/seed_42/_SUCCESS,2d_shallowwater/cpinn/seed_42/_SUCCESS,81b2bd4ea98c8db66554fbc8d7637a1a69a130f331feb732b75caab4c4868fd5,8
2d_shallowwater,cPINN,cPINN,cpinn,100,checkpoint,results/raw/runs/2d_shallowwater/cpinn/seed_100/model_final.pt,2d_shallowwater/cpinn/seed_100/model_final.pt,c7ac4fe23f01bea3da0c4f3e90bfa66de1d76f9b7f62ee628a90fc338b522a6b,1360399
2d_shallowwater,cPINN,cPINN,cpinn,100,checkpoint_adamw,results/raw/runs/2d_shallowwater/cpinn/seed_100/model_adamw_final.pt,2d_shallowwater/cpinn/seed_100/model_adamw_final.pt,f5c4ea058056495a2a4d85bfea9b77c1ffcf88a662b7f33fa0b56a75513124ac,1360771
2d_shallowwater,cPINN,cPINN,cpinn,100,config,results/raw/runs/2d_shallowwater/cpinn/seed_100/config.json,2d_shallowwater/cpinn/seed_100/config.json,7f032f25fdc4b7ab81e5ce03d239471112448fa8a8daddcec74b95c7b104c06e,1621
2d_shallowwater,cPINN,cPINN,cpinn,100,environment,results/raw/runs/2d_shallowwater/cpinn/seed_100/env.json,2d_shallowwater/cpinn/seed_100/env.json,3ea9611b4a501b9d8258401458ea7fbd12107e673f8ddeac71518e0ffecb3269,244
2d_shallowwater,cPINN,cPINN,cpinn,100,method,results/raw/runs/2d_shallowwater/cpinn/seed_100/method.json,2d_shallowwater/cpinn/seed_100/method.json,3d2120fc45309ed86938a053a9b845fe582f762cbcb9c8e683c0bff43a29d86f,924
2d_shallowwater,cPINN,cPINN,cpinn,100,metrics,results/raw/runs/2d_shallowwater/cpinn/seed_100/metrics_final.json,2d_shallowwater/cpinn/seed_100/metrics_final.json,17e326e365644f1dcedcd48a4b33e5dcadda520550bea1c29bd3f72c1f9e7585,4617
2d_shallowwater,cPINN,cPINN,cpinn,100,status,results/raw/runs/2d_shallowwater/cpinn/seed_100/status.json,2d_shallowwater/cpinn/seed_100/status.json,3df8e96340a370a9d0083ea079f51f624bbd95e39ed6231050bce090c1e7420b,102
2d_shallowwater,cPINN,cPINN,cpinn,100,success_marker,results/raw/runs/2d_shallowwater/cpinn/seed_100/_SUCCESS,2d_shallowwater/cpinn/seed_100/_SUCCESS,81b2bd4ea98c8db66554fbc8d7637a1a69a130f331feb732b75caab4c4868fd5,8
2d_shallowwater,cPINN,cPINN,cpinn,2026,checkpoint,results/raw/runs/2d_shallowwater/cpinn/seed_2026/model_final.pt,2d_shallowwater/cpinn/seed_2026/model_final.pt,a5671f80906775621ebcfffbbd71bde6c298736dea0c67fd3579ee4341f7a2ea,1360399
2d_shallowwater,cPINN,cPINN,cpinn,2026,checkpoint_adamw,results/raw/runs/2d_shallowwater/cpinn/seed_2026/model_adamw_final.pt,2d_shallowwater/cpinn/seed_2026/model_adamw_final.pt,729f16b880525a2168b0c675a3d18af824c2d88373a4d68bb9bc87f89d42a7f8,1360771
2d_shallowwater,cPINN,cPINN,cpinn,2026,config,results/raw/runs/2d_shallowwater/cpinn/seed_2026/config.json,2d_shallowwater/cpinn/seed_2026/config.json,499d640b8a5e8f6174c4fa20f15c45577fb867347adf6786c5babf344d8d5377,1623
2d_shallowwater,cPINN,cPINN,cpinn,2026,environment,results/raw/runs/2d_shallowwater/cpinn/seed_2026/env.json,2d_shallowwater/cpinn/seed_2026/env.json,3ea9611b4a501b9d8258401458ea7fbd12107e673f8ddeac71518e0ffecb3269,244
2d_shallowwater,cPINN,cPINN,cpinn,2026,method,results/raw/runs/2d_shallowwater/cpinn/seed_2026/method.json,2d_shallowwater/cpinn/seed_2026/method.json,3d2120fc45309ed86938a053a9b845fe582f762cbcb9c8e683c0bff43a29d86f,924
2d_shallowwater,cPINN,cPINN,cpinn,2026,metrics,results/raw/runs/2d_shallowwater/cpinn/seed_2026/metrics_final.json,2d_shallowwater/cpinn/seed_2026/metrics_final.json,557d68759cc5173ac8c29ebfad9f50fe7a5a250de21a2bb2f7a276965690b6dc,4623
2d_shallowwater,cPINN,cPINN,cpinn,2026,status,results/raw/runs/2d_shallowwater/cpinn/seed_2026/status.json,2d_shallowwater/cpinn/seed_2026/status.json,fe74158a3f8f360a0c556fea981f0fff1adb273888d9d21d78f3cbf4cea4daac,104
2d_shallowwater,cPINN,cPINN,cpinn,2026,success_marker,results/raw/runs/2d_shallowwater/cpinn/seed_2026/_SUCCESS,2d_shallowwater/cpinn/seed_2026/_SUCCESS,81b2bd4ea98c8db66554fbc8d7637a1a69a130f331feb732b75caab4c4868fd5,8
2d_shallowwater,cPINN,cPINN,cpinn,31415,checkpoint,results/raw/runs/2d_shallowwater/cpinn/seed_31415/model_final.pt,2d_shallowwater/cpinn/seed_31415/model_final.pt,55a0ac712cbe025b5884d6b1f6d2e8c0505ec8ad3778a52a68fb28c9c0ccfc82,1360399
2d_shallowwater,cPINN,cPINN,cpinn,31415,checkpoint_adamw,results/raw/runs/2d_shallowwater/cpinn/seed_31415/model_adamw_final.pt,2d_shallowwater/cpinn/seed_31415/model_adamw_final.pt,2d479d1972a9d8208ea47303215ea1cf68974c4450cd4f7464a9bf6fb4231d31,1360771
2d_shallowwater,cPINN,cPINN,cpinn,31415,config,results/raw/runs/2d_shallowwater/cpinn/seed_31415/config.json,2d_shallowwater/cpinn/seed_31415/config.json,4b2e29dba9b7c6308c7b838b682a4541f90537cae71bee6e187296db291e3828,1625
2d_shallowwater,cPINN,cPINN,cpinn,31415,environment,results/raw/runs/2d_shallowwater/cpinn/seed_31415/env.json,2d_shallowwater/cpinn/seed_31415/env.json,3ea9611b4a501b9d8258401458ea7fbd12107e673f8ddeac71518e0ffecb3269,244
2d_shallowwater,cPINN,cPINN,cpinn,31415,method,results/raw/runs/2d_shallowwater/cpinn/seed_31415/method.json,2d_shallowwater/cpinn/seed_31415/method.json,3d2120fc45309ed86938a053a9b845fe582f762cbcb9c8e683c0bff43a29d86f,924
2d_shallowwater,cPINN,cPINN,cpinn,31415,metrics,results/raw/runs/2d_shallowwater/cpinn/seed_31415/metrics_final.json,2d_shallowwater/cpinn/seed_31415/metrics_final.json,2d697ffb8288089dad08729fcbd436427a6a1577ac64d241432b0ac0dda77a3a,4628
2d_shallowwater,cPINN,cPINN,cpinn,31415,status,results/raw/runs/2d_shallowwater/cpinn/seed_31415/status.json,2d_shallowwater/cpinn/seed_31415/status.json,9aaaf0016b7f4fcc331faf2eddf26fe19f626911d481aa753e4d6b9255ec6323,103
2d_shallowwater,cPINN,cPINN,cpinn,31415,success_marker,results/raw/runs/2d_shallowwater/cpinn/seed_31415/_SUCCESS,2d_shallowwater/cpinn/seed_31415/_SUCCESS,81b2bd4ea98c8db66554fbc8d7637a1a69a130f331feb732b75caab4c4868fd5,8
2d_shallowwater,gPINN-subsampled,gPINN-sub.,gpinn_subsampled,7,checkpoint,results/raw/runs/2d_shallowwater/gpinn_subsampled/seed_7/model_final.pt,2d_shallowwater/gpinn_subsampled/seed_7/model_final.pt,e2874881d7348679163e878b51bd069258ed04a463106bc0242fa376786d0060,342027
2d_shallowwater,gPINN-subsampled,gPINN-sub.,gpinn_subsampled,7,checkpoint_adamw,results/raw/runs/2d_shallowwater/gpinn_subsampled/seed_7/model_adamw_final.pt,2d_shallowwater/gpinn_subsampled/seed_7/model_adamw_final.pt,d9fe8ca1dc1b4fb9eca76c35696775edeee78a3362cb875721cb889f972320a2,342123
2d_shallowwater,gPINN-subsampled,gPINN-sub.,gpinn_subsampled,7,config,results/raw/runs/2d_shallowwater/gpinn_subsampled/seed_7/config.json,2d_shallowwater/gpinn_subsampled/seed_7/config.json,cf7f9ed495c9e880e8ba5c4dcaed5a17eeedab23e42517432cf214082abe12fb,1628
2d_shallowwater,gPINN-subsampled,gPINN-sub.,gpinn_subsampled,7,environment,results/raw/runs/2d_shallowwater/gpinn_subsampled/seed_7/env.json,2d_shallowwater/gpinn_subsampled/seed_7/env.json,3ea9611b4a501b9d8258401458ea7fbd12107e673f8ddeac71518e0ffecb3269,244
2d_shallowwater,gPINN-subsampled,gPINN-sub.,gpinn_subsampled,7,method,results/raw/runs/2d_shallowwater/gpinn_subsampled/seed_7/method.json,2d_shallowwater/gpinn_subsampled/seed_7/method.json,18c72092155b6970e31a206137b398967bc47c44a209f00d66d93aaa7b270823,488
2d_shallowwater,gPINN-subsampled,gPINN-sub.,gpinn_subsampled,7,metrics,results/raw/runs/2d_shallowwater/gpinn_subsampled/seed_7/metrics_final.json,2d_shallowwater/gpinn_subsampled/seed_7/metrics_final.json,425bf3ca18aa9cfb3e814d4834e5b79be518acf07d3cb124330ef54ee6c8f029,4466
2d_shallowwater,gPINN-subsampled,gPINN-sub.,gpinn_subsampled,7,status,results/raw/runs/2d_shallowwater/gpinn_subsampled/seed_7/status.json,2d_shallowwater/gpinn_subsampled/seed_7/status.json,3c49d788ae5f65ec0c3d14820d8d3d78fa204cd6ac74187827dda618fcc7299e,103
2d_shallowwater,gPINN-subsampled,gPINN-sub.,gpinn_subsampled,7,success_marker,results/raw/runs/2d_shallowwater/gpinn_subsampled/seed_7/_SUCCESS,2d_shallowwater/gpinn_subsampled/seed_7/_SUCCESS,81b2bd4ea98c8db66554fbc8d7637a1a69a130f331feb732b75caab4c4868fd5,8
2d_shallowwater,gPINN-subsampled,gPINN-sub.,gpinn_subsampled,42,checkpoint,results/raw/runs/2d_shallowwater/gpinn_subsampled/seed_42/model_final.pt,2d_shallowwater/gpinn_subsampled/seed_42/model_final.pt,03cf899d1930b26aaadda6dc9f44eb723aaa9f0fcaf7981f3bcd359a51c08e9c,342027
2d_shallowwater,gPINN-subsampled,gPINN-sub.,gpinn_subsampled,42,checkpoint_adamw,results/raw/runs/2d_shallowwater/gpinn_subsampled/seed_42/model_adamw_final.pt,2d_shallowwater/gpinn_subsampled/seed_42/model_adamw_final.pt,08aa7864930f15a7d9deda8142419cc6258865c17d8cbfa56bbfbfa3f1f72262,342123
2d_shallowwater,gPINN-subsampled,gPINN-sub.,gpinn_subsampled,42,config,results/raw/runs/2d_shallowwater/gpinn_subsampled/seed_42/config.json,2d_shallowwater/gpinn_subsampled/seed_42/config.json,2eceb16f3602f19e76703cf46e9acc093dcb0268e847f3e7138eb7828207b8ed,1630
2d_shallowwater,gPINN-subsampled,gPINN-sub.,gpinn_subsampled,42,environment,results/raw/runs/2d_shallowwater/gpinn_subsampled/seed_42/env.json,2d_shallowwater/gpinn_subsampled/seed_42/env.json,3ea9611b4a501b9d8258401458ea7fbd12107e673f8ddeac71518e0ffecb3269,244
2d_shallowwater,gPINN-subsampled,gPINN-sub.,gpinn_subsampled,42,method,results/raw/runs/2d_shallowwater/gpinn_subsampled/seed_42/method.json,2d_shallowwater/gpinn_subsampled/seed_42/method.json,18c72092155b6970e31a206137b398967bc47c44a209f00d66d93aaa7b270823,488
2d_shallowwater,gPINN-subsampled,gPINN-sub.,gpinn_subsampled,42,metrics,results/raw/runs/2d_shallowwater/gpinn_subsampled/seed_42/metrics_final.json,2d_shallowwater/gpinn_subsampled/seed_42/metrics_final.json,7213cf0852f78d8b6a72b949e4395aa91ccdf66d4dc202dba72fbe78ec1118f9,4473
2d_shallowwater,gPINN-subsampled,gPINN-sub.,gpinn_subsampled,42,status,results/raw/runs/2d_shallowwater/gpinn_subsampled/seed_42/status.json,2d_shallowwater/gpinn_subsampled/seed_42/status.json,320d5f550fc989796c17a8f86060f8f7361baa2d29657762aefae2444b9da5a0,103
2d_shallowwater,gPINN-subsampled,gPINN-sub.,gpinn_subsampled,42,success_marker,results/raw/runs/2d_shallowwater/gpinn_subsampled/seed_42/_SUCCESS,2d_shallowwater/gpinn_subsampled/seed_42/_SUCCESS,81b2bd4ea98c8db66554fbc8d7637a1a69a130f331feb732b75caab4c4868fd5,8
2d_shallowwater,gPINN-subsampled,gPINN-sub.,gpinn_subsampled,100,checkpoint,results/raw/runs/2d_shallowwater/gpinn_subsampled/seed_100/model_final.pt,2d_shallowwater/gpinn_subsampled/seed_100/model_final.pt,6a7019fcfdec32e192500c1c08c1082a41556430a87bcb6dadfa29d84fe76bf7,342027
2d_shallowwater,gPINN-subsampled,gPINN-sub.,gpinn_subsampled,100,checkpoint_adamw,results/raw/runs/2d_shallowwater/gpinn_subsampled/seed_100/model_adamw_final.pt,2d_shallowwater/gpinn_subsampled/seed_100/model_adamw_final.pt,76b2c1fbb83269ab7946a07a6d6b0cb8d2b98cb5c20d3acda4478cc4e68014ed,342123
2d_shallowwater,gPINN-subsampled,gPINN-sub.,gpinn_subsampled,100,config,results/raw/runs/2d_shallowwater/gpinn_subsampled/seed_100/config.json,2d_shallowwater/gpinn_subsampled/seed_100/config.json,0f725ee0498de251d759002d7261f9ba126554429269b832d0223b1c66b0390c,1632
2d_shallowwater,gPINN-subsampled,gPINN-sub.,gpinn_subsampled,100,environment,results/raw/runs/2d_shallowwater/gpinn_subsampled/seed_100/env.json,2d_shallowwater/gpinn_subsampled/seed_100/env.json,3ea9611b4a501b9d8258401458ea7fbd12107e673f8ddeac71518e0ffecb3269,244
2d_shallowwater,gPINN-subsampled,gPINN-sub.,gpinn_subsampled,100,method,results/raw/runs/2d_shallowwater/gpinn_subsampled/seed_100/method.json,2d_shallowwater/gpinn_subsampled/seed_100/method.json,18c72092155b6970e31a206137b398967bc47c44a209f00d66d93aaa7b270823,488
2d_shallowwater,gPINN-subsampled,gPINN-sub.,gpinn_subsampled,100,metrics,results/raw/runs/2d_shallowwater/gpinn_subsampled/seed_100/metrics_final.json,2d_shallowwater/gpinn_subsampled/seed_100/metrics_final.json,c7f2441a29fe164cf1606ba77c8c209c0efba69d19d62d4f1fd473626a96454f,4482
2d_shallowwater,gPINN-subsampled,gPINN-sub.,gpinn_subsampled,100,status,results/raw/runs/2d_shallowwater/gpinn_subsampled/seed_100/status.json,2d_shallowwater/gpinn_subsampled/seed_100/status.json,4e32f79c949b973728547f370985dc63067031fc305795af55875cabfc4ededa,103
2d_shallowwater,gPINN-subsampled,gPINN-sub.,gpinn_subsampled,100,success_marker,results/raw/runs/2d_shallowwater/gpinn_subsampled/seed_100/_SUCCESS,2d_shallowwater/gpinn_subsampled/seed_100/_SUCCESS,81b2bd4ea98c8db66554fbc8d7637a1a69a130f331feb732b75caab4c4868fd5,8
2d_shallowwater,gPINN-subsampled,gPINN-sub.,gpinn_subsampled,2026,checkpoint,results/raw/runs/2d_shallowwater/gpinn_subsampled/seed_2026/model_final.pt,2d_shallowwater/gpinn_subsampled/seed_2026/model_final.pt,aebaa09d905360cb1f3762570e816f5cef3c749092e3c2200593b81459c42718,342027
2d_shallowwater,gPINN-subsampled,gPINN-sub.,gpinn_subsampled,2026,checkpoint_adamw,results/raw/runs/2d_shallowwater/gpinn_subsampled/seed_2026/model_adamw_final.pt,2d_shallowwater/gpinn_subsampled/seed_2026/model_adamw_final.pt,3dae1c42953e1be7e6bba63686e7da21797d4fc126aeabc986544a3b133e3c8d,342123
2d_shallowwater,gPINN-subsampled,gPINN-sub.,gpinn_subsampled,2026,config,results/raw/runs/2d_shallowwater/gpinn_subsampled/seed_2026/config.json,2d_shallowwater/gpinn_subsampled/seed_2026/config.json,cb105e2faf1f8db4407f1cc631115dd1d3e33841779894184d66de266b7faf54,1634
2d_shallowwater,gPINN-subsampled,gPINN-sub.,gpinn_subsampled,2026,environment,results/raw/runs/2d_shallowwater/gpinn_subsampled/seed_2026/env.json,2d_shallowwater/gpinn_subsampled/seed_2026/env.json,3ea9611b4a501b9d8258401458ea7fbd12107e673f8ddeac71518e0ffecb3269,244
2d_shallowwater,gPINN-subsampled,gPINN-sub.,gpinn_subsampled,2026,method,results/raw/runs/2d_shallowwater/gpinn_subsampled/seed_2026/method.json,2d_shallowwater/gpinn_subsampled/seed_2026/method.json,18c72092155b6970e31a206137b398967bc47c44a209f00d66d93aaa7b270823,488
2d_shallowwater,gPINN-subsampled,gPINN-sub.,gpinn_subsampled,2026,metrics,results/raw/runs/2d_shallowwater/gpinn_subsampled/seed_2026/metrics_final.json,2d_shallowwater/gpinn_subsampled/seed_2026/metrics_final.json,aa9b2d24fb1428fefa47edc3b4e886b469b9ae268beecb157ba1a004ce2be79b,4482
2d_shallowwater,gPINN-subsampled,gPINN-sub.,gpinn_subsampled,2026,status,results/raw/runs/2d_shallowwater/gpinn_subsampled/seed_2026/status.json,2d_shallowwater/gpinn_subsampled/seed_2026/status.json,a8bce4619cbd23c38ed05c4d1f25c5f09de97aef83ea319837cca455adf8bff3,103
2d_shallowwater,gPINN-subsampled,gPINN-sub.,gpinn_subsampled,2026,success_marker,results/raw/runs/2d_shallowwater/gpinn_subsampled/seed_2026/_SUCCESS,2d_shallowwater/gpinn_subsampled/seed_2026/_SUCCESS,81b2bd4ea98c8db66554fbc8d7637a1a69a130f331feb732b75caab4c4868fd5,8
2d_shallowwater,gPINN-subsampled,gPINN-sub.,gpinn_subsampled,31415,checkpoint,results/raw/runs/2d_shallowwater/gpinn_subsampled/seed_31415/model_final.pt,2d_shallowwater/gpinn_subsampled/seed_31415/model_final.pt,7b28f067d5a3f5249794eb974799059658db2d78a20f7a26a13559c408f6d532,342027
2d_shallowwater,gPINN-subsampled,gPINN-sub.,gpinn_subsampled,31415,checkpoint_adamw,results/raw/runs/2d_shallowwater/gpinn_subsampled/seed_31415/model_adamw_final.pt,2d_shallowwater/gpinn_subsampled/seed_31415/model_adamw_final.pt,cfc24af417e776d743e965dd7e2cd710316ac6daa6e3f6893567329e20477cf9,342123
2d_shallowwater,gPINN-subsampled,gPINN-sub.,gpinn_subsampled,31415,config,results/raw/runs/2d_shallowwater/gpinn_subsampled/seed_31415/config.json,2d_shallowwater/gpinn_subsampled/seed_31415/config.json,cbdb784651ba3460692c46652a6a36412e1c27de36d8ef859aa4c0b825821f02,1636
2d_shallowwater,gPINN-subsampled,gPINN-sub.,gpinn_subsampled,31415,environment,results/raw/runs/2d_shallowwater/gpinn_subsampled/seed_31415/env.json,2d_shallowwater/gpinn_subsampled/seed_31415/env.json,3ea9611b4a501b9d8258401458ea7fbd12107e673f8ddeac71518e0ffecb3269,244
2d_shallowwater,gPINN-subsampled,gPINN-sub.,gpinn_subsampled,31415,method,results/raw/runs/2d_shallowwater/gpinn_subsampled/seed_31415/method.json,2d_shallowwater/gpinn_subsampled/seed_31415/method.json,18c72092155b6970e31a206137b398967bc47c44a209f00d66d93aaa7b270823,488
2d_shallowwater,gPINN-subsampled,gPINN-sub.,gpinn_subsampled,31415,metrics,results/raw/runs/2d_shallowwater/gpinn_subsampled/seed_31415/metrics_final.json,2d_shallowwater/gpinn_subsampled/seed_31415/metrics_final.json,6bb5399d395545d72ff121fece6d4be4162b96162537905cd3204ee65f376af2,4481
2d_shallowwater,gPINN-subsampled,gPINN-sub.,gpinn_subsampled,31415,status,results/raw/runs/2d_shallowwater/gpinn_subsampled/seed_31415/status.json,2d_shallowwater/gpinn_subsampled/seed_31415/status.json,7973327e053159ba76c7a4e688a936689609b8fe987860a11cf94f4277859d9e,103
2d_shallowwater,gPINN-subsampled,gPINN-sub.,gpinn_subsampled,31415,success_marker,results/raw/runs/2d_shallowwater/gpinn_subsampled/seed_31415/_SUCCESS,2d_shallowwater/gpinn_subsampled/seed_31415/_SUCCESS,81b2bd4ea98c8db66554fbc8d7637a1a69a130f331feb732b75caab4c4868fd5,8
