legacy_relpath,size_bytes,mtime_utc,sha256
notebooks/equations/2D bur.ipynb,1242187,2026-08-14T09:43:10.264757+00:00,7573475fc2c63ffee7c5c66b97726e628107138fff28d619ab8d14b2483cf188
notebooks/equations/2D_eul.ipynb,2619229,2026-08-14T09:43:12.612758+00:00,bb62c47feac15a694cbb7a7bea70eb36248dd35d4830d0cdc8a9fa1f224701c7
notebooks/equations/2D_sw.ipynb,2040916,2026-08-14T09:43:03.400756+00:00,851dcf242c8da6a0346024a3dc6aab1b24c8831838dc9ecefe6cfd876151b15f
notebooks/equations/backup/1D_burgers_benckmark.ipynb,1031244,2026-08-14T13:46:26.436232+00:00,0a3c947e7445df2d4f80fcfe9509b32dfc4589680651afb7f21239b8900e1f0c
notebooks/equations/backup/1D_euler_benckmark.ipynb,1042795,2026-08-14T09:43:03.900757+00:00,8061ebe630d9d195887b7301a1f1d95b268b3444600a3e2391add711e1781e0f
notebooks/equations/backup/1D_shallowwater_benckmark.ipynb,1326504,2026-08-14T09:43:09.680757+00:00,dc35c8e1b988a6e432e1ebe6026a10a167222605ec5f712c1d6a0332876ef650
notebooks/equations/backup/2D_burgers_benckmark.ipynb,1200113,2026-08-04T06:55:18.355911+00:00,7578a1a4cfa641e1ebcf907407b3c91764b7de7d1c20e4ca1f95e7c988ddfd70
notebooks/equations/backup/2D_euler_benckmark.ipynb,2648116,2026-08-04T12:19:31.162000+00:00,d8c05bce9303b3949801b09d14696043b6a4a1abb87e70e2639d84a66dd92e27
notebooks/equations/backup/2D_shallowwater_benckmark.ipynb,2048384,2026-08-05T04:17:32.991905+00:00,24071d021ebde60734bdae46832fa61807bc7608ec0082c2af4e7858d6a1c3c9
notebooks/equations/backup/figures/grouped_error_barplot.pdf,17536,2026-08-05T07:01:38.509635+00:00,ffc57ebf8f8986270e834e385ea052fca970ab55ef7cd831ffc028aad6af24e3
notebooks/equations/backup/figures/grouped_error_barplot.png,243219,2026-08-05T07:01:39.189633+00:00,62a54eaa1c71edea1b1a686789af48b2c6a6a16a14ace43bd765cad6ff4f14e5
notebooks/equations/backup/table1_final_formatted.csv,1638,2026-08-04T12:17:02.150620+00:00,6244b4dcce926438e291d14cd146e27e183cb19d794d1c3234e65d51f46c36a0
notebooks/equations/figures/grouped_error_barplot.pdf,18849,2026-07-23T10:37:38.169584+00:00,6ecd855443425ae7035cf74a47aa85e3b3be42d97fe81c4524fe5c1d7b529e6d
notebooks/equations/figures/grouped_error_barplot.png,354794,2026-07-23T10:37:38.969580+00:00,ea1194aa57831a3cb2d89f9ec324ca6e8d9c8c0722fb1f1d98be6480d6cb49b8
notebooks/equations/gate.ipynb,72272,2026-08-14T09:43:05.300757+00:00,8f60e13d06be6d98350f568dda0e14d43afa988d44370014621f8b86f003104b
notebooks/equations/plot_cache/burgers_1d_median_seed_heatmap_data.npz,1991832,2026-07-16T08:30:00.308679+00:00,bcf16369db3cda7ce484014310ffb24f304429887ffe63c679e0f2c3d75f8f69
notebooks/equations/runs_burgers1d_trace_ratio_paper/burgers1d_riemann_trace_ratio_single_model/seed_1234/config_and_runtime.json,1265,2026-07-16T08:06:20.322438+00:00,463b3c0e17c1d7cb907f1f30284d5bccf112696d94be2e398da194e89186ca0d
notebooks/equations/runs_burgers1d_trace_ratio_paper/burgers1d_riemann_trace_ratio_single_model/seed_2026/config_and_runtime_multiseed.json,1349,2026-07-01T04:38:27.150299+00:00,f2459faf31f7c628cd5f3286c83018ee5c6f0d79da301ccf6be1cece02dd2a32
notebooks/equations/runs_euler2d_rotated_sod_trace_ratio_paper/euler2d_rotated_sod_ring_trace_ratio_original_schedule/multiseed_summary/all_seed_metrics_raw.csv,17235,2026-07-15T08:08:44.410218+00:00,18dbf614b66574b4321aead82f26e46f0f67e062cabf6e1c765e568a7a9de249
notebooks/equations/runs_euler2d_rotated_sod_trace_ratio_paper/euler2d_rotated_sod_ring_trace_ratio_original_schedule/multiseed_summary/paired_improvement_table.csv,3991,2026-07-15T08:08:44.490218+00:00,ce0246e40a2758d3b60cf441d979058e1a65ac53c212b20c3d998ebb882c89a8
notebooks/equations/runs_euler2d_rotated_sod_trace_ratio_paper/euler2d_rotated_sod_ring_trace_ratio_original_schedule/multiseed_summary/summary_mean_std_formatted.csv,1900,2026-07-15T08:08:44.434218+00:00,7153bb54592afe35e82cb3d1abefbaa36488cd91835927f7f22c66145c3641a9
notebooks/equations/runs_euler2d_rotated_sod_trace_ratio_paper/euler2d_rotated_sod_ring_trace_ratio_original_schedule/multiseed_summary/summary_mean_std_numeric.csv,3764,2026-07-15T08:08:44.426218+00:00,a65a8b6b71a0f2322b60e7c2cec672491e54326f53b250f53784239b01e0b6a0
notebooks/equations/runs_euler2d_rotated_sod_trace_ratio_paper/euler2d_rotated_sod_ring_trace_ratio_original_schedule/multiseed_summary/tPINN_gate_summary_mean_std.csv,280,2026-07-15T08:08:44.494218+00:00,99b22e146c32e2b73ac5555f629351a9044e324f9f88e8a75529a69addb10c94
notebooks/equations/runs_euler2d_rotated_sod_trace_ratio_paper/euler2d_rotated_sod_ring_trace_ratio_original_schedule/seed_100/checkpoint_final_PINN.pt,339227,2026-07-15T07:42:00.507433+00:00,b90ba369d2e341b8abca4773bb8a721555d2f8c89428939966c7c6ef347b7c7e
notebooks/equations/runs_euler2d_rotated_sod_trace_ratio_paper/euler2d_rotated_sod_ring_trace_ratio_original_schedule/seed_100/checkpoint_final_tPINN.pt,339307,2026-07-15T07:42:00.507433+00:00,fe2327695ed613d258c85bc98d93d64cc4a8fa2e0256327b375aeb0f98d9ff3c
notebooks/equations/runs_euler2d_rotated_sod_trace_ratio_paper/euler2d_rotated_sod_ring_trace_ratio_original_schedule/seed_100/checkpoint_warmup_final.pt,338811,2026-07-15T07:42:00.503433+00:00,9f7c9a0122bc742683e02ccbdd8987f111fcf98f8d6354515a3c1ce3e69baf71
notebooks/equations/runs_euler2d_rotated_sod_trace_ratio_paper/euler2d_rotated_sod_ring_trace_ratio_original_schedule/seed_100/config_and_runtime.json,1765,2026-07-15T07:15:42.405549+00:00,da862fd2e6a2b71c57f6b29b1a445f8fda9d23659ed442b5a7182363c918c7a0
notebooks/equations/runs_euler2d_rotated_sod_trace_ratio_paper/euler2d_rotated_sod_ring_trace_ratio_original_schedule/seed_100/history_PINN_continuation.csv,21822,2026-07-15T07:42:00.495433+00:00,648ffec5ead11a3a3409e3bcb2b247a4fc31bf2859f1423647ee696ecde8be01
notebooks/equations/runs_euler2d_rotated_sod_trace_ratio_paper/euler2d_rotated_sod_ring_trace_ratio_original_schedule/seed_100/history_tPINN_trace_ratio.csv,59695,2026-07-15T07:42:00.499433+00:00,6e9fc6e46b229bae8c8530035dbb128bed11e37a7dff613a8f17f25c002a0a9b
notebooks/equations/runs_euler2d_rotated_sod_trace_ratio_paper/euler2d_rotated_sod_ring_trace_ratio_original_schedule/seed_100/history_warmup_shared.csv,8616,2026-07-15T07:42:00.495433+00:00,9bfa2ff1ca14ad40436a076272ea58e6a5e3949828b11c011da6ff161317cb34
notebooks/equations/runs_euler2d_rotated_sod_trace_ratio_paper/euler2d_rotated_sod_ring_trace_ratio_original_schedule/seed_100/metrics_final.csv,4650,2026-07-15T07:42:00.503433+00:00,587faeb08ebac4b02815e9d5c00dac49a738b074b5feeeb891006ed654d211b8
notebooks/equations/runs_euler2d_rotated_sod_trace_ratio_paper/euler2d_rotated_sod_ring_trace_ratio_original_schedule/seed_2026/checkpoint_final_PINN.pt,339227,2026-07-15T06:21:27.937819+00:00,9cc91b8677deffad8060b964aa2a9c2da1f37c5628c574c6aca257f909067ae1
notebooks/equations/runs_euler2d_rotated_sod_trace_ratio_paper/euler2d_rotated_sod_ring_trace_ratio_original_schedule/seed_2026/checkpoint_final_tPINN.pt,339307,2026-07-15T06:21:27.937819+00:00,2288d1d7eae4ee2b9758d569d5465e366544f056d1972cde68f0a9a268da396d
notebooks/equations/runs_euler2d_rotated_sod_trace_ratio_paper/euler2d_rotated_sod_ring_trace_ratio_original_schedule/seed_2026/checkpoint_warmup_final.pt,338811,2026-07-15T06:21:27.933819+00:00,7f9fc824940624eb1a4cc41c28af9f190a94c267229c91286c77fc6071d7b2c4
notebooks/equations/runs_euler2d_rotated_sod_trace_ratio_paper/euler2d_rotated_sod_ring_trace_ratio_original_schedule/seed_2026/config_and_runtime.json,1766,2026-07-15T05:55:06.042343+00:00,9efbcf5e0d46b8d777c0ad60f95e2ecdaccd5a99e6d50615d0def13d38474c46
notebooks/equations/runs_euler2d_rotated_sod_trace_ratio_paper/euler2d_rotated_sod_ring_trace_ratio_original_schedule/seed_2026/history_PINN_continuation.csv,21828,2026-07-15T06:21:27.929819+00:00,d3047f5febc2e2bca7a81957dceb3a49f1beaff86a419bcb1fb6b22527bd475f
notebooks/equations/runs_euler2d_rotated_sod_trace_ratio_paper/euler2d_rotated_sod_ring_trace_ratio_original_schedule/seed_2026/history_tPINN_trace_ratio.csv,59520,2026-07-15T06:21:27.933819+00:00,1f772ae3eea1ca1ffffd7e6830032eef5c6dd5ba41819940157062945dc93101
notebooks/equations/runs_euler2d_rotated_sod_trace_ratio_paper/euler2d_rotated_sod_ring_trace_ratio_original_schedule/seed_2026/history_warmup_shared.csv,8603,2026-07-15T06:21:27.925819+00:00,a994181af4fa9df211e694d24e5de0ce4d0793c4aaa0aa9a5182ac7b8dc94641
notebooks/equations/runs_euler2d_rotated_sod_trace_ratio_paper/euler2d_rotated_sod_ring_trace_ratio_original_schedule/seed_2026/metrics_final.csv,4656,2026-07-15T06:21:27.933819+00:00,07b1589f2dd9fd0a6b513db4478e163c3164179faeab8865bfbd55b5659fdd6c
notebooks/equations/runs_euler2d_rotated_sod_trace_ratio_paper/euler2d_rotated_sod_ring_trace_ratio_original_schedule/seed_31415/checkpoint_final_PINN.pt,339227,2026-07-15T08:08:44.394218+00:00,0df94f1ac77afcf14bcce56b87d96c4638b426ff6c1d4ef07aa315a738e27d85
notebooks/equations/runs_euler2d_rotated_sod_trace_ratio_paper/euler2d_rotated_sod_ring_trace_ratio_original_schedule/seed_31415/checkpoint_final_tPINN.pt,339307,2026-07-15T08:08:44.394218+00:00,9b819e8806d864684a1e4e549a9ca35cfc8ea35d356cec8ce93f3d1cdda71f92
notebooks/equations/runs_euler2d_rotated_sod_trace_ratio_paper/euler2d_rotated_sod_ring_trace_ratio_original_schedule/seed_31415/checkpoint_warmup_final.pt,338811,2026-07-15T08:08:44.390218+00:00,f5c216bb33a1495174e12e9b756e58ffe3f1ad8496423c28917a93229f7c9588
notebooks/equations/runs_euler2d_rotated_sod_trace_ratio_paper/euler2d_rotated_sod_ring_trace_ratio_original_schedule/seed_31415/config_and_runtime.json,1767,2026-07-15T07:42:00.547433+00:00,3428310e6a6d205904d2e1308bc6a047eb1299a82c5f7847da9e23de8343061c
notebooks/equations/runs_euler2d_rotated_sod_trace_ratio_paper/euler2d_rotated_sod_ring_trace_ratio_original_schedule/seed_31415/history_PINN_continuation.csv,21791,2026-07-15T08:08:44.382218+00:00,02fa0eeb3a5d131c1d48ce4178af977e64c827e6d16362190bf996fe7040a54b
notebooks/equations/runs_euler2d_rotated_sod_trace_ratio_paper/euler2d_rotated_sod_ring_trace_ratio_original_schedule/seed_31415/history_tPINN_trace_ratio.csv,59638,2026-07-15T08:08:44.390218+00:00,683bb9ff75b7ee33918dab20f6db181297c6cba0b52e54a67482963df380132c
notebooks/equations/runs_euler2d_rotated_sod_trace_ratio_paper/euler2d_rotated_sod_ring_trace_ratio_original_schedule/seed_31415/history_warmup_shared.csv,8621,2026-07-15T08:08:44.382218+00:00,4787d327e78da3f95534b1e15e151bc8c6d49bc2c52dfdea80716c2e30ca543c
notebooks/equations/runs_euler2d_rotated_sod_trace_ratio_paper/euler2d_rotated_sod_ring_trace_ratio_original_schedule/seed_31415/metrics_final.csv,4685,2026-07-15T08:08:44.390218+00:00,925b8e09d683e1fad7afb8c0aa0091f84e2503bafe0c6db4b2f4fa81d4e9200b
notebooks/equations/runs_euler2d_rotated_sod_trace_ratio_paper/euler2d_rotated_sod_ring_trace_ratio_original_schedule/seed_42/checkpoint_final_PINN.pt,339227,2026-07-15T07:15:42.369549+00:00,302b7f537fd1d567ac6f5c1d3c42a68f4791e15579ccf8551a35d352be90f930
notebooks/equations/runs_euler2d_rotated_sod_trace_ratio_paper/euler2d_rotated_sod_ring_trace_ratio_original_schedule/seed_42/checkpoint_final_tPINN.pt,339307,2026-07-15T07:15:42.373549+00:00,91f06ebb704680c1d82e3e62890bf275317de9afcaf73b281fb382106fcc33cc
notebooks/equations/runs_euler2d_rotated_sod_trace_ratio_paper/euler2d_rotated_sod_ring_trace_ratio_original_schedule/seed_42/checkpoint_warmup_final.pt,338811,2026-07-15T07:15:42.369549+00:00,505fb4da4ea0f46c4143d27752aabb5376af40044f21fdc93804a97f029dc16d
notebooks/equations/runs_euler2d_rotated_sod_trace_ratio_paper/euler2d_rotated_sod_ring_trace_ratio_original_schedule/seed_42/config_and_runtime.json,1764,2026-07-15T06:48:34.385035+00:00,c436e1dff2fe71212a79eca60825fbdecc5c1decd4beefa53a9a90398d950726
notebooks/equations/runs_euler2d_rotated_sod_trace_ratio_paper/euler2d_rotated_sod_ring_trace_ratio_original_schedule/seed_42/history_PINN_continuation.csv,21857,2026-07-15T07:15:42.361549+00:00,e5858e8d53fb13f80916f07be77960c72db3d4f9f560cd4c61b1fec9e91a8b02
notebooks/equations/runs_euler2d_rotated_sod_trace_ratio_paper/euler2d_rotated_sod_ring_trace_ratio_original_schedule/seed_42/history_tPINN_trace_ratio.csv,59658,2026-07-15T07:15:42.365549+00:00,2372d5d95bc2e19770d8d04c7ea416fbc696d7d0b044022249076811e8733538
notebooks/equations/runs_euler2d_rotated_sod_trace_ratio_paper/euler2d_rotated_sod_ring_trace_ratio_original_schedule/seed_42/history_warmup_shared.csv,8646,2026-07-15T07:15:42.361549+00:00,eef9a77d7cfc3e7421facda6cf26c3b01237efa3113b0bdd684be9a5192af48f
notebooks/equations/runs_euler2d_rotated_sod_trace_ratio_paper/euler2d_rotated_sod_ring_trace_ratio_original_schedule/seed_42/metrics_final.csv,4670,2026-07-15T07:15:42.369549+00:00,7600a1a0f2251dd73320ffa06498ec6a09ce1c9d455d2d28bb846d33e26825c4
notebooks/equations/runs_euler2d_rotated_sod_trace_ratio_paper/euler2d_rotated_sod_ring_trace_ratio_original_schedule/seed_7/checkpoint_final_PINN.pt,339227,2026-07-15T06:48:34.369035+00:00,0c665e6a2f491761449d645f6c780d292e1d2bd0b32084fbb99a001c0915ae45
notebooks/equations/runs_euler2d_rotated_sod_trace_ratio_paper/euler2d_rotated_sod_ring_trace_ratio_original_schedule/seed_7/checkpoint_final_tPINN.pt,339307,2026-07-15T06:48:34.369035+00:00,0382ece5e2a4a0d9bc9028051e831a927ed87cecc9de7c04c16795584ffe05c6
notebooks/equations/runs_euler2d_rotated_sod_trace_ratio_paper/euler2d_rotated_sod_ring_trace_ratio_original_schedule/seed_7/checkpoint_warmup_final.pt,338811,2026-07-15T06:48:34.369035+00:00,337040c801742dbc43a7d01ad9039879affda9f7ca63a50c68eee3529d27ed89
notebooks/equations/runs_euler2d_rotated_sod_trace_ratio_paper/euler2d_rotated_sod_ring_trace_ratio_original_schedule/seed_7/config_and_runtime.json,1763,2026-07-15T06:21:27.953819+00:00,5902f7db4ab372275b3fdea6017956bd14a66360f8755ef5cef992d55a29b91c
notebooks/equations/runs_euler2d_rotated_sod_trace_ratio_paper/euler2d_rotated_sod_ring_trace_ratio_original_schedule/seed_7/history_PINN_continuation.csv,21808,2026-07-15T06:48:34.361035+00:00,7214f5f16f9f0449bddf333ec4caa74c58c02460c149edcfb3f4af21083bf914
notebooks/equations/runs_euler2d_rotated_sod_trace_ratio_paper/euler2d_rotated_sod_ring_trace_ratio_original_schedule/seed_7/history_tPINN_trace_ratio.csv,59705,2026-07-15T06:48:34.365035+00:00,f0c44672f01618496f9700b9247ca2c30e6f96bf8aacc65e2298a596887cd026
notebooks/equations/runs_euler2d_rotated_sod_trace_ratio_paper/euler2d_rotated_sod_ring_trace_ratio_original_schedule/seed_7/history_warmup_shared.csv,8611,2026-07-15T06:48:34.357035+00:00,f2cb853d64c8a6e238d0142805cef70caeabcb7b4855d148ba596263ef326b3d
notebooks/equations/runs_euler2d_rotated_sod_trace_ratio_paper/euler2d_rotated_sod_ring_trace_ratio_original_schedule/seed_7/metrics_final.csv,4670,2026-07-15T06:48:34.365035+00:00,351be2bc30636f3899e47f4459e00460854591309d0da9f25562ff9ae30a3b43
notebooks/equations/runs_euler_sod_trace_ratio_paper/euler_sod_trace_ratio_original_schedule/multiseed_summary/all_seed_metrics_raw.csv,14239,2026-07-15T07:16:25.829358+00:00,79931a2aca6bc7af2c4a351f8e4ca8e1c0468eed5da1d4611f93e037e304b0f6
notebooks/equations/runs_euler_sod_trace_ratio_paper/euler_sod_trace_ratio_original_schedule/multiseed_summary/euler1d_line_stats_cache_n1600_t0p10_0p15_0p20.npz,541267,2026-07-16T05:19:38.971336+00:00,9c018f844acff40ca25ece91d14e1a14b51e88466a45684c85d8e4cf27c28219
notebooks/equations/runs_euler_sod_trace_ratio_paper/euler_sod_trace_ratio_original_schedule/multiseed_summary/paired_improvement_table.csv,3604,2026-07-15T07:16:25.905358+00:00,e84ba4c394694c228ee4306dfaa977bb2c08cd9d4e814e812da5da6d8f1f6fe9
notebooks/equations/runs_euler_sod_trace_ratio_paper/euler_sod_trace_ratio_original_schedule/multiseed_summary/summary_mean_std_formatted.csv,1694,2026-07-15T07:16:25.853358+00:00,a702082ad13b05136e62d34dc0b97f976ee767dbc77c3f99f7bd62f80fed3a21
notebooks/equations/runs_euler_sod_trace_ratio_paper/euler_sod_trace_ratio_original_schedule/multiseed_summary/summary_mean_std_numeric.csv,3348,2026-07-15T07:16:25.849358+00:00,89dc8d90caa86e789023205afdb29502324d37c8da9c4e58c706b57f24006d47
notebooks/equations/runs_euler_sod_trace_ratio_paper/euler_sod_trace_ratio_original_schedule/multiseed_summary/tPINN_gate_summary_mean_std.csv,344,2026-07-15T07:16:25.913358+00:00,d897c3377f7e54539ac0307bbf1795204b5ab7df6a2df9845c4e1449c253fda0
notebooks/equations/runs_euler_sod_trace_ratio_paper/euler_sod_trace_ratio_original_schedule/seed_100/checkpoint_final_PINN.pt,338203,2026-07-15T07:01:04.248729+00:00,58ecac13f8c2c5292421b3eb8d3db960a5b3e71e537b4cbac546517eadc0bd87
notebooks/equations/runs_euler_sod_trace_ratio_paper/euler_sod_trace_ratio_original_schedule/seed_100/checkpoint_final_tPINN.pt,338283,2026-07-15T07:01:04.252729+00:00,ab9f539fce52c40c01e9b4624693dc8bdf0f5c3f03e42fb1e0df328ba3fc73ad
notebooks/equations/runs_euler_sod_trace_ratio_paper/euler_sod_trace_ratio_original_schedule/seed_100/checkpoint_warmup_final.pt,337787,2026-07-15T07:01:04.248729+00:00,073f4947ec69f614c99a35138b22964a0c57429f4e2de30086467d412b65d7e9
notebooks/equations/runs_euler_sod_trace_ratio_paper/euler_sod_trace_ratio_original_schedule/seed_100/config_and_runtime.json,1478,2026-07-15T06:45:42.845997+00:00,34c00cd42eb1ad3363f06c4b08b0c3a892681c1ceb930d971c9d2af93ad38726
notebooks/equations/runs_euler_sod_trace_ratio_paper/euler_sod_trace_ratio_original_schedule/seed_100/history_PINN_continuation.csv,18781,2026-07-15T07:01:04.240729+00:00,42f51d0f3a4e8cb581c3c011b578423d615c3dd380b6af25e7812c60db4ef549
notebooks/equations/runs_euler_sod_trace_ratio_paper/euler_sod_trace_ratio_original_schedule/seed_100/history_tPINN_trace_ratio.csv,52294,2026-07-15T07:01:04.244729+00:00,753f0384b000ea7730f63c3050e3b7c4b7b02ccb7bbdb86528f4022b48cd7122
notebooks/equations/runs_euler_sod_trace_ratio_paper/euler_sod_trace_ratio_original_schedule/seed_100/history_warmup_shared.csv,11504,2026-07-15T07:01:04.240729+00:00,503536106d1b373555d6abee593e00d2a659ade3c174b4104dd4a8fdf5ef4f1b
notebooks/equations/runs_euler_sod_trace_ratio_paper/euler_sod_trace_ratio_original_schedule/seed_100/metrics_final.csv,3877,2026-07-15T07:01:04.244729+00:00,5d47151ee4dffff9b747b06c4431ff9c9bd2cbd304ff92b7c085d6fa02fad55c
notebooks/equations/runs_euler_sod_trace_ratio_paper/euler_sod_trace_ratio_original_schedule/seed_2026/checkpoint_final_PINN.pt,338203,2026-07-15T06:12:15.333453+00:00,ed13badb5c92f6d696cfab67ca65c09afc1dade8e28055ce8a772dfc15eb2866
notebooks/equations/runs_euler_sod_trace_ratio_paper/euler_sod_trace_ratio_original_schedule/seed_2026/checkpoint_final_tPINN.pt,338283,2026-07-15T06:12:15.333453+00:00,5fc01e4144384b1ba8be088d758d53d0525ededac2a28114dea3db4bb17ba9bb
notebooks/equations/runs_euler_sod_trace_ratio_paper/euler_sod_trace_ratio_original_schedule/seed_2026/checkpoint_warmup_final.pt,337787,2026-07-15T06:12:15.329453+00:00,1f5eec17f312845304a39b9983c9f32de1af1bfb2235a445aedea2943b985738
notebooks/equations/runs_euler_sod_trace_ratio_paper/euler_sod_trace_ratio_original_schedule/seed_2026/config_and_runtime.json,1479,2026-07-15T05:54:36.162635+00:00,a526ec7a6ba9b521867f3427d4ee2b388d35ef336cb41d35ad677b1f43a15f14
notebooks/equations/runs_euler_sod_trace_ratio_paper/euler_sod_trace_ratio_original_schedule/seed_2026/history_PINN_continuation.csv,18761,2026-07-15T06:12:15.325453+00:00,e110b6c12a7b283143fa8a1469458e2b1e6851332eae97dcce78f2c9e405d251
notebooks/equations/runs_euler_sod_trace_ratio_paper/euler_sod_trace_ratio_original_schedule/seed_2026/history_tPINN_trace_ratio.csv,52305,2026-07-15T06:12:15.329453+00:00,9a5d6e2d17624c4e5240bf12434cdd1ab90542e7cfe0a4b1c94cc25176dbe6b3
notebooks/equations/runs_euler_sod_trace_ratio_paper/euler_sod_trace_ratio_original_schedule/seed_2026/history_warmup_shared.csv,11483,2026-07-15T06:12:15.321453+00:00,708e8de9af52265ab35e0e35f60b41161e776ef649b05e7679d1bc8a63f7293e
notebooks/equations/runs_euler_sod_trace_ratio_paper/euler_sod_trace_ratio_original_schedule/seed_2026/metrics_final.csv,3857,2026-07-15T06:12:15.329453+00:00,bba138701063716273094306bb172454b2d1b8b32440823a4e5e7c67c7f4528a
notebooks/equations/runs_euler_sod_trace_ratio_paper/euler_sod_trace_ratio_original_schedule/seed_31415/checkpoint_final_PINN.pt,338203,2026-07-15T07:16:25.825358+00:00,0a8053edd153327d10061a16c23136f6cbd15903306516f7de0328c4164afd20
notebooks/equations/runs_euler_sod_trace_ratio_paper/euler_sod_trace_ratio_original_schedule/seed_31415/checkpoint_final_tPINN.pt,338283,2026-07-15T07:16:25.829358+00:00,273f2895390cb5399b436aa25b7261a0653915c9b2aeb4bc3fc63ec81ecef58b
notebooks/equations/runs_euler_sod_trace_ratio_paper/euler_sod_trace_ratio_original_schedule/seed_31415/checkpoint_warmup_final.pt,337787,2026-07-15T07:16:25.825358+00:00,beacf45fec1f3d179cbf7c282f8322cf8e2b8a597c05701af2f7168b4ad9bbb2
notebooks/equations/runs_euler_sod_trace_ratio_paper/euler_sod_trace_ratio_original_schedule/seed_31415/config_and_runtime.json,1480,2026-07-15T07:01:04.252729+00:00,67c655a982d656eab3030fc73c34464274ac12cbc78194b689404143833d9674
notebooks/equations/runs_euler_sod_trace_ratio_paper/euler_sod_trace_ratio_original_schedule/seed_31415/history_PINN_continuation.csv,18750,2026-07-15T07:16:25.817358+00:00,d13b60bcd8c74494ddcdc0baa4c3d241df7427b65c6f5a88118a13bfc927796e
notebooks/equations/runs_euler_sod_trace_ratio_paper/euler_sod_trace_ratio_original_schedule/seed_31415/history_tPINN_trace_ratio.csv,52305,2026-07-15T07:16:25.821358+00:00,05c5ff59b5dbb7bbec68d5e2667c681edce1dc9b01317cd0ec11b950da095404
notebooks/equations/runs_euler_sod_trace_ratio_paper/euler_sod_trace_ratio_original_schedule/seed_31415/history_warmup_shared.csv,11474,2026-07-15T07:16:25.817358+00:00,a1fb5144c3620a518f32fd663207b2db649cf864170dc5ee7b281b1735c63cc3
notebooks/equations/runs_euler_sod_trace_ratio_paper/euler_sod_trace_ratio_original_schedule/seed_31415/metrics_final.csv,3873,2026-07-15T07:16:25.825358+00:00,886eb8e07ac5fe705f236c09ee24cd53b23989aad7a5f7f1e6c8c94ee48b19c9
notebooks/equations/runs_euler_sod_trace_ratio_paper/euler_sod_trace_ratio_original_schedule/seed_42/checkpoint_final_PINN.pt,338203,2026-07-15T06:45:42.841997+00:00,8fcd651e03cfe0c6e376fd306bf5112e8a2b5e6d007c58e046493acc43a96fd1
notebooks/equations/runs_euler_sod_trace_ratio_paper/euler_sod_trace_ratio_original_schedule/seed_42/checkpoint_final_tPINN.pt,338283,2026-07-15T06:45:42.841997+00:00,7e72abd82fda2afab6e1b3702b21dd19792a1836cfa866e09dae6e2fff740930
notebooks/equations/runs_euler_sod_trace_ratio_paper/euler_sod_trace_ratio_original_schedule/seed_42/checkpoint_warmup_final.pt,337787,2026-07-15T06:45:42.837997+00:00,00d1c2174b6711556307fc134fe558ce5051b1ba5c6c3dd22d463dc72a81bc15
notebooks/equations/runs_euler_sod_trace_ratio_paper/euler_sod_trace_ratio_original_schedule/seed_42/config_and_runtime.json,1477,2026-07-15T06:30:21.278670+00:00,4cf0b6634061217120d3fcd8a19e7194373b97deb99b0e4d0ca4e551b77776aa
notebooks/equations/runs_euler_sod_trace_ratio_paper/euler_sod_trace_ratio_original_schedule/seed_42/history_PINN_continuation.csv,18735,2026-07-15T06:45:42.833997+00:00,c29b8c9705c28108ddaac4752b10bdcd7ad46b40760465d6e27687b60ca811cf
notebooks/equations/runs_euler_sod_trace_ratio_paper/euler_sod_trace_ratio_original_schedule/seed_42/history_tPINN_trace_ratio.csv,52345,2026-07-15T06:45:42.837997+00:00,17d05759f17dfe264ac7abdab651b5d9e3e89c0db3ec2cbc7e44a83cc40fd985
notebooks/equations/runs_euler_sod_trace_ratio_paper/euler_sod_trace_ratio_original_schedule/seed_42/history_warmup_shared.csv,11500,2026-07-15T06:45:42.829998+00:00,58ee5acc5ee132575414b22a2ce0c268d6663860cacb4c2cd8525718e8672bb0
notebooks/equations/runs_euler_sod_trace_ratio_paper/euler_sod_trace_ratio_original_schedule/seed_42/metrics_final.csv,3872,2026-07-15T06:45:42.837997+00:00,5fb729632775591f0ad09397f3804c017a2aa08f452a0de82f00e34aad662c9e
notebooks/equations/runs_euler_sod_trace_ratio_paper/euler_sod_trace_ratio_original_schedule/seed_7/checkpoint_final_PINN.pt,338203,2026-07-15T06:30:21.274670+00:00,93a0ecc08c42e7c14ede6e92dd6cfb68ba811c11003b3de83de2bed052b2d38c
notebooks/equations/runs_euler_sod_trace_ratio_paper/euler_sod_trace_ratio_original_schedule/seed_7/checkpoint_final_tPINN.pt,338283,2026-07-15T06:30:21.274670+00:00,883513ef4de5744c3e9d2430097c515e356fa3083f3edc7f6c5828a59c42ffd6
notebooks/equations/runs_euler_sod_trace_ratio_paper/euler_sod_trace_ratio_original_schedule/seed_7/checkpoint_warmup_final.pt,337787,2026-07-15T06:30:21.274670+00:00,31afdb676de175cb1f70bf87d09d7c7c16a969128e6fb6d91acc658107c77235
notebooks/equations/runs_euler_sod_trace_ratio_paper/euler_sod_trace_ratio_original_schedule/seed_7/config_and_runtime.json,1476,2026-07-15T06:12:15.337453+00:00,0abcb6253d771ac33ed76ad5220d1d63408327b29a63b8a138f30af2a5daa5ed
notebooks/equations/runs_euler_sod_trace_ratio_paper/euler_sod_trace_ratio_original_schedule/seed_7/history_PINN_continuation.csv,18771,2026-07-15T06:30:21.266670+00:00,0373a18d2d2c624dd9f6366a075b6804ca3358025d43af052a0e8df6bcf9dab3
notebooks/equations/runs_euler_sod_trace_ratio_paper/euler_sod_trace_ratio_original_schedule/seed_7/history_tPINN_trace_ratio.csv,52256,2026-07-15T06:30:21.270670+00:00,17c4bfb17474a93560a36e495d7b0f4fd9b328bf78b195553e50aa796982dfec
notebooks/equations/runs_euler_sod_trace_ratio_paper/euler_sod_trace_ratio_original_schedule/seed_7/history_warmup_shared.csv,11474,2026-07-15T06:30:21.262670+00:00,18ee60659abb85b9c72faebdd803f7a1237ed95e123132f4903caa0a340689e9
notebooks/equations/runs_euler_sod_trace_ratio_paper/euler_sod_trace_ratio_original_schedule/seed_7/metrics_final.csv,3868,2026-07-15T06:30:21.270670+00:00,2784b1a9a2c94d9a63e0cce68c6065f44abdb26dd8e549dbcd6561357548ca3c
notebooks/equations/runs_shallow_water2d_trace_ratio_paper/shallow_water2d_circular_dambreak_ring_trace_ratio_locked/fv_reference_n512_nt41_order2.npz,13163382,2026-07-01T04:55:18.026542+00:00,a8860754b5f0a2c731194f601898e239b0156d30847cc3b756f2cd0a3ef5286c
results/archive/2d_burgers_ours_pre_valid_mask_all_probe_bounds_v3_20260804_030650/ours/seed_100/_SUCCESS,8,2026-07-01T05:53:42.098668+00:00,81b2bd4ea98c8db66554fbc8d7637a1a69a130f331feb732b75caab4c4868fd5
results/archive/2d_burgers_ours_pre_valid_mask_all_probe_bounds_v3_20260804_030650/ours/seed_100/config.json,1281,2026-07-01T05:47:49.217914+00:00,b1b5b826d9ca5127d8108846dcf79ac241a530e5ddea969fe89b34daecad16c5
results/archive/2d_burgers_ours_pre_valid_mask_all_probe_bounds_v3_20260804_030650/ours/seed_100/diagnostics/gate_diagnostics.json,501,2026-07-01T05:53:42.098668+00:00,34f003e7fd8d090e9986f4c9c6749f7742c218e3fb2c53c6069d97d86e682b3e
results/archive/2d_burgers_ours_pre_valid_mask_all_probe_bounds_v3_20260804_030650/ours/seed_100/env.json,244,2026-07-01T05:47:49.217914+00:00,3ea9611b4a501b9d8258401458ea7fbd12107e673f8ddeac71518e0ffecb3269
results/archive/2d_burgers_ours_pre_valid_mask_all_probe_bounds_v3_20260804_030650/ours/seed_100/history.csv,58141,2026-07-01T05:53:42.058668+00:00,070befe670cff752b738429a130313ec866d7be09faa81c40df72a3bc0d9cbb4
results/archive/2d_burgers_ours_pre_valid_mask_all_probe_bounds_v3_20260804_030650/ours/seed_100/method.json,321,2026-07-01T05:47:49.217914+00:00,2b3b261834055fadd01a38c2f33aa13a3cc8c685ccd94fbfbf7cc9bdd555622d
results/archive/2d_burgers_ours_pre_valid_mask_all_probe_bounds_v3_20260804_030650/ours/seed_100/metrics_adamw.json,2898,2026-07-21T04:37:38.718168+00:00,43c292a99e00f63b37f1c7ab3ffd61801af71cda0ad8036035a83d1b02970d8a
results/archive/2d_burgers_ours_pre_valid_mask_all_probe_bounds_v3_20260804_030650/ours/seed_100/metrics_final.json,2898,2026-07-21T04:37:38.718168+00:00,43c292a99e00f63b37f1c7ab3ffd61801af71cda0ad8036035a83d1b02970d8a
results/archive/2d_burgers_ours_pre_valid_mask_all_probe_bounds_v3_20260804_030650/ours/seed_100/model_adamw_final.pt,339547,2026-07-01T05:53:42.062668+00:00,57feb0496fb57e60d24db35e08361a70410b687bbf9b9c51846b0cb5e365fc61
results/archive/2d_burgers_ours_pre_valid_mask_all_probe_bounds_v3_20260804_030650/ours/seed_100/model_final.pt,339451,2026-07-01T05:53:42.062668+00:00,753a96dfa90bfb80ec14cd7bdecaa0b1fe0dc5976ec44239b9ba7e48e4900c0c
results/archive/2d_burgers_ours_pre_valid_mask_all_probe_bounds_v3_20260804_030650/ours/seed_100/predictions/predict_xy_grid.npz,100233,2026-07-01T05:53:42.086668+00:00,62693fa2950f30057a78cc9410c476958f2eca946d353c4946fca813292a255d
results/archive/2d_burgers_ours_pre_valid_mask_all_probe_bounds_v3_20260804_030650/ours/seed_100/predictions/prediction_info.json,52,2026-07-01T05:53:42.086668+00:00,90b339f2467da3f7a5ee996c47eff61d7f733f0c6d870cfd7969d5e027f8c091
results/archive/2d_burgers_ours_pre_valid_mask_all_probe_bounds_v3_20260804_030650/ours/seed_100/status.json,103,2026-07-01T05:53:42.098668+00:00,887df4850ac32eb1869d6a696b15f5160c2296d7e388268d2e33596050d11d74
results/archive/2d_burgers_ours_pre_valid_mask_all_probe_bounds_v3_20260804_030650/ours/seed_2026/_SUCCESS,8,2026-07-01T05:02:22.872627+00:00,81b2bd4ea98c8db66554fbc8d7637a1a69a130f331feb732b75caab4c4868fd5
results/archive/2d_burgers_ours_pre_valid_mask_all_probe_bounds_v3_20260804_030650/ours/seed_2026/config.json,1283,2026-07-01T04:57:02.194080+00:00,7095acfcd9324b1e1269390b3740ddb7f4fc2d3c3854a28bc8ede5cbfbc435d1
results/archive/2d_burgers_ours_pre_valid_mask_all_probe_bounds_v3_20260804_030650/ours/seed_2026/diagnostics/gate_diagnostics.json,501,2026-07-01T05:02:22.868627+00:00,d5998cdd8e4d87ba417522a846f3e5d7b55d4919f5516a2930fabdce16f2c00c
results/archive/2d_burgers_ours_pre_valid_mask_all_probe_bounds_v3_20260804_030650/ours/seed_2026/env.json,244,2026-07-01T04:57:02.194080+00:00,3ea9611b4a501b9d8258401458ea7fbd12107e673f8ddeac71518e0ffecb3269
results/archive/2d_burgers_ours_pre_valid_mask_all_probe_bounds_v3_20260804_030650/ours/seed_2026/history.csv,58121,2026-07-01T05:02:22.824627+00:00,baea314184cb4c3d10fbd89b24ecb86ef579399b8dc785f166eccc87a2bc433d
results/archive/2d_burgers_ours_pre_valid_mask_all_probe_bounds_v3_20260804_030650/ours/seed_2026/method.json,321,2026-07-01T04:57:02.194080+00:00,2b3b261834055fadd01a38c2f33aa13a3cc8c685ccd94fbfbf7cc9bdd555622d
results/archive/2d_burgers_ours_pre_valid_mask_all_probe_bounds_v3_20260804_030650/ours/seed_2026/metrics_adamw.json,2908,2026-07-21T04:37:38.722168+00:00,26be405f8c5132c4002beae1e4c86dd2c5e09ed4915f8e8ecb2b3fcb86ca70a7
results/archive/2d_burgers_ours_pre_valid_mask_all_probe_bounds_v3_20260804_030650/ours/seed_2026/metrics_final.json,2908,2026-07-21T04:37:38.722168+00:00,26be405f8c5132c4002beae1e4c86dd2c5e09ed4915f8e8ecb2b3fcb86ca70a7
results/archive/2d_burgers_ours_pre_valid_mask_all_probe_bounds_v3_20260804_030650/ours/seed_2026/model_adamw_final.pt,339547,2026-07-01T05:02:22.828627+00:00,eeb5fb35f14d2c6ebdcf91238d7a9e631a9cdf7ab098d2aa33a27ba45762fddd
results/archive/2d_burgers_ours_pre_valid_mask_all_probe_bounds_v3_20260804_030650/ours/seed_2026/model_final.pt,339451,2026-07-01T05:02:22.828627+00:00,97704f036eeafb4a569700fbc1c718637dc73c26a9f8682f491d0d24e77ea387
results/archive/2d_burgers_ours_pre_valid_mask_all_probe_bounds_v3_20260804_030650/ours/seed_2026/predictions/predict_xy_grid.npz,98590,2026-07-01T05:02:22.856627+00:00,863cd4d125542f74df247081a299aed2d3a41d86dc9269471e88e8990d850b4f
results/archive/2d_burgers_ours_pre_valid_mask_all_probe_bounds_v3_20260804_030650/ours/seed_2026/predictions/prediction_info.json,52,2026-07-01T05:02:22.856627+00:00,90b339f2467da3f7a5ee996c47eff61d7f733f0c6d870cfd7969d5e027f8c091
results/archive/2d_burgers_ours_pre_valid_mask_all_probe_bounds_v3_20260804_030650/ours/seed_2026/status.json,104,2026-07-01T05:02:22.872627+00:00,bfbf2c6cbf792be47b57625d850cd8a3dd68812724f8dcef6a33f90fb5e30489
results/archive/2d_burgers_ours_pre_valid_mask_all_probe_bounds_v3_20260804_030650/ours/seed_31415/_SUCCESS,8,2026-07-01T06:05:24.225606+00:00,81b2bd4ea98c8db66554fbc8d7637a1a69a130f331feb732b75caab4c4868fd5
results/archive/2d_burgers_ours_pre_valid_mask_all_probe_bounds_v3_20260804_030650/ours/seed_31415/config.json,1285,2026-07-01T05:59:37.587966+00:00,28763bd3867ed229ef18cb42b738ad93ca077bb2a537fc7a35ffc3aaf505c232
results/archive/2d_burgers_ours_pre_valid_mask_all_probe_bounds_v3_20260804_030650/ours/seed_31415/diagnostics/gate_diagnostics.json,500,2026-07-01T06:05:24.225606+00:00,f07a078c6fa932406f838e92ab55be305ca454a2261b8f19b786f02b93eb773d
results/archive/2d_burgers_ours_pre_valid_mask_all_probe_bounds_v3_20260804_030650/ours/seed_31415/env.json,244,2026-07-01T05:59:37.587966+00:00,3ea9611b4a501b9d8258401458ea7fbd12107e673f8ddeac71518e0ffecb3269
results/archive/2d_burgers_ours_pre_valid_mask_all_probe_bounds_v3_20260804_030650/ours/seed_31415/history.csv,58143,2026-07-01T06:05:24.181607+00:00,73ef3e0d9bd4825fdcbe96bbc815a8e80be24a55f2930d826c7116856a0fa4b5
results/archive/2d_burgers_ours_pre_valid_mask_all_probe_bounds_v3_20260804_030650/ours/seed_31415/method.json,321,2026-07-01T05:59:37.587966+00:00,2b3b261834055fadd01a38c2f33aa13a3cc8c685ccd94fbfbf7cc9bdd555622d
results/archive/2d_burgers_ours_pre_valid_mask_all_probe_bounds_v3_20260804_030650/ours/seed_31415/metrics_adamw.json,2897,2026-07-21T04:37:38.722168+00:00,11a92d97929ebbd0559d7d9d4ff04bce81c89c30492ff8464eaec85c1fa64974
results/archive/2d_burgers_ours_pre_valid_mask_all_probe_bounds_v3_20260804_030650/ours/seed_31415/metrics_final.json,2897,2026-07-21T04:37:38.722168+00:00,11a92d97929ebbd0559d7d9d4ff04bce81c89c30492ff8464eaec85c1fa64974
results/archive/2d_burgers_ours_pre_valid_mask_all_probe_bounds_v3_20260804_030650/ours/seed_31415/model_adamw_final.pt,339547,2026-07-01T06:05:24.185607+00:00,c7f25047bc53c0e7f3f719c4213266a6c81a13e7eb5a6d1224e0e5f043306fae
results/archive/2d_burgers_ours_pre_valid_mask_all_probe_bounds_v3_20260804_030650/ours/seed_31415/model_final.pt,339451,2026-07-01T06:05:24.189607+00:00,f14023345df6db9cff1138c38721f169ad750d0688c625e1ea3c662bea6d5c82
results/archive/2d_burgers_ours_pre_valid_mask_all_probe_bounds_v3_20260804_030650/ours/seed_31415/predictions/predict_xy_grid.npz,100384,2026-07-01T06:05:24.213607+00:00,d4cffe77f0a39683c7727978f23733a689f6985ec18f861cfc2853066f2e1e25
results/archive/2d_burgers_ours_pre_valid_mask_all_probe_bounds_v3_20260804_030650/ours/seed_31415/predictions/prediction_info.json,52,2026-07-01T06:05:24.213607+00:00,90b339f2467da3f7a5ee996c47eff61d7f733f0c6d870cfd7969d5e027f8c091
results/archive/2d_burgers_ours_pre_valid_mask_all_probe_bounds_v3_20260804_030650/ours/seed_31415/status.json,103,2026-07-01T06:05:24.225606+00:00,b15245db2c5c8f8fb6e0b6694623f541daaf946de5627a6d7931dbed368f1d1f
results/archive/2d_burgers_ours_pre_valid_mask_all_probe_bounds_v3_20260804_030650/ours/seed_42/_SUCCESS,8,2026-07-01T05:41:52.802331+00:00,81b2bd4ea98c8db66554fbc8d7637a1a69a130f331feb732b75caab4c4868fd5
results/archive/2d_burgers_ours_pre_valid_mask_all_probe_bounds_v3_20260804_030650/ours/seed_42/config.json,1279,2026-07-01T05:36:06.130345+00:00,0fdeace7953a099d4d6c1c8b1cae9f7077afd103a51d88bb8130c904a4a89f2e
results/archive/2d_burgers_ours_pre_valid_mask_all_probe_bounds_v3_20260804_030650/ours/seed_42/diagnostics/gate_diagnostics.json,501,2026-07-01T05:41:52.798331+00:00,ffca3677f242c6aecb8f942d73d8b655f02dea57669d27422be3a1f9b712eaef
results/archive/2d_burgers_ours_pre_valid_mask_all_probe_bounds_v3_20260804_030650/ours/seed_42/env.json,244,2026-07-01T05:36:06.130345+00:00,3ea9611b4a501b9d8258401458ea7fbd12107e673f8ddeac71518e0ffecb3269
results/archive/2d_burgers_ours_pre_valid_mask_all_probe_bounds_v3_20260804_030650/ours/seed_42/history.csv,58138,2026-07-01T05:41:52.758332+00:00,88f11aa54a275de4bd4e9e63f21f094cd6a4f84228a5586cae6b3285a1c353a6
results/archive/2d_burgers_ours_pre_valid_mask_all_probe_bounds_v3_20260804_030650/ours/seed_42/method.json,321,2026-07-01T05:36:06.130345+00:00,2b3b261834055fadd01a38c2f33aa13a3cc8c685ccd94fbfbf7cc9bdd555622d
results/archive/2d_burgers_ours_pre_valid_mask_all_probe_bounds_v3_20260804_030650/ours/seed_42/metrics_adamw.json,2891,2026-07-21T04:37:38.722168+00:00,fe2eb068f84c77c2d1b148f71d802d2b4125c040cb06c17f08087031f783a347
results/archive/2d_burgers_ours_pre_valid_mask_all_probe_bounds_v3_20260804_030650/ours/seed_42/metrics_final.json,2891,2026-07-21T04:37:38.722168+00:00,fe2eb068f84c77c2d1b148f71d802d2b4125c040cb06c17f08087031f783a347
results/archive/2d_burgers_ours_pre_valid_mask_all_probe_bounds_v3_20260804_030650/ours/seed_42/model_adamw_final.pt,339547,2026-07-01T05:41:52.758332+00:00,4a588a8a6be55a783f148d9bf16fea2cd1f02e5e5cd77f6e7e3ed007890725ab
results/archive/2d_burgers_ours_pre_valid_mask_all_probe_bounds_v3_20260804_030650/ours/seed_42/model_final.pt,339451,2026-07-01T05:41:52.762332+00:00,1488be191c00bfbc9d86d30aa921b5b56cd385fb2175c231e2c63f37e9a52b01
results/archive/2d_burgers_ours_pre_valid_mask_all_probe_bounds_v3_20260804_030650/ours/seed_42/predictions/predict_xy_grid.npz,97336,2026-07-01T05:41:52.786332+00:00,fdf2a608682db179e924439931e6e97c21945e5f2088ddae257f138c2c2c6cd4
results/archive/2d_burgers_ours_pre_valid_mask_all_probe_bounds_v3_20260804_030650/ours/seed_42/predictions/prediction_info.json,52,2026-07-01T05:41:52.786332+00:00,90b339f2467da3f7a5ee996c47eff61d7f733f0c6d870cfd7969d5e027f8c091
results/archive/2d_burgers_ours_pre_valid_mask_all_probe_bounds_v3_20260804_030650/ours/seed_42/status.json,103,2026-07-01T05:41:52.798331+00:00,4d036a211e6d499efd50740c5f3b3b66385cbe459573a220267451d666bb563a
results/archive/2d_burgers_ours_pre_valid_mask_all_probe_bounds_v3_20260804_030650/ours/seed_7/_SUCCESS,8,2026-07-01T05:31:08.931290+00:00,81b2bd4ea98c8db66554fbc8d7637a1a69a130f331feb732b75caab4c4868fd5
results/archive/2d_burgers_ours_pre_valid_mask_all_probe_bounds_v3_20260804_030650/ours/seed_7/config.json,1277,2026-07-01T05:25:36.804255+00:00,c99c05e720f242a74d5ed99fcf5f5116f607bed62ddf092b3ae5ba61a68d2920
results/archive/2d_burgers_ours_pre_valid_mask_all_probe_bounds_v3_20260804_030650/ours/seed_7/diagnostics/gate_diagnostics.json,497,2026-07-01T05:31:08.931290+00:00,a1e8f713f4bbd62543a01e50e1164e33c87265561a40377845f34b1a35dc8781
results/archive/2d_burgers_ours_pre_valid_mask_all_probe_bounds_v3_20260804_030650/ours/seed_7/env.json,244,2026-07-01T05:25:36.804255+00:00,3ea9611b4a501b9d8258401458ea7fbd12107e673f8ddeac71518e0ffecb3269
results/archive/2d_burgers_ours_pre_valid_mask_all_probe_bounds_v3_20260804_030650/ours/seed_7/history.csv,58118,2026-07-01T05:31:08.887290+00:00,8c903bd7be62f6ab42427729da08fb7bec677a3162045c404f4b63f3d73d2c3c
results/archive/2d_burgers_ours_pre_valid_mask_all_probe_bounds_v3_20260804_030650/ours/seed_7/method.json,321,2026-07-01T05:25:36.804255+00:00,2b3b261834055fadd01a38c2f33aa13a3cc8c685ccd94fbfbf7cc9bdd555622d
results/archive/2d_burgers_ours_pre_valid_mask_all_probe_bounds_v3_20260804_030650/ours/seed_7/metrics_adamw.json,2894,2026-07-21T04:37:38.722168+00:00,9d372c4b85e8a31eae693a7df9b3b0e411c2b01a7d2e0ecc01e37cbf342f05e1
results/archive/2d_burgers_ours_pre_valid_mask_all_probe_bounds_v3_20260804_030650/ours/seed_7/metrics_final.json,2894,2026-07-21T04:37:38.722168+00:00,9d372c4b85e8a31eae693a7df9b3b0e411c2b01a7d2e0ecc01e37cbf342f05e1
results/archive/2d_burgers_ours_pre_valid_mask_all_probe_bounds_v3_20260804_030650/ours/seed_7/model_adamw_final.pt,339547,2026-07-01T05:31:08.891290+00:00,4c8aa193bbaa716dff3ee331c8464afefe5cf395ad5d3de0df524dd30184d45c
results/archive/2d_burgers_ours_pre_valid_mask_all_probe_bounds_v3_20260804_030650/ours/seed_7/model_final.pt,339451,2026-07-01T05:31:08.891290+00:00,462a6496a33b029c68a7d01dc0b2266470cb3e2706100e8ab625d053cbef951c
results/archive/2d_burgers_ours_pre_valid_mask_all_probe_bounds_v3_20260804_030650/ours/seed_7/predictions/predict_xy_grid.npz,100553,2026-07-01T05:31:08.915290+00:00,670c60c38a013663763f6f61030c330b50ad680b964d8baef132a2443a372e14
results/archive/2d_burgers_ours_pre_valid_mask_all_probe_bounds_v3_20260804_030650/ours/seed_7/predictions/prediction_info.json,52,2026-07-01T05:31:08.915290+00:00,90b339f2467da3f7a5ee996c47eff61d7f733f0c6d870cfd7969d5e027f8c091
results/archive/2d_burgers_ours_pre_valid_mask_all_probe_bounds_v3_20260804_030650/ours/seed_7/status.json,104,2026-07-01T05:31:08.931290+00:00,6bb9a7667c7758d8fc904cd75b3db6168ed79d65dc7b51f9e52a94a3cc524c40
results/archive/2d_euler_ours_pre_valid_mask_all_probe_bounds_v1_20260804_034907/ours/seed_100/_SUCCESS,8,2026-07-01T06:39:35.786155+00:00,81b2bd4ea98c8db66554fbc8d7637a1a69a130f331feb732b75caab4c4868fd5
results/archive/2d_euler_ours_pre_valid_mask_all_probe_bounds_v1_20260804_034907/ours/seed_100/config.json,1533,2026-07-01T06:27:46.827945+00:00,36eb27fd400b748c372e35b14650f6c34f7af9238413f3c7415c03df2b4793d9
results/archive/2d_euler_ours_pre_valid_mask_all_probe_bounds_v1_20260804_034907/ours/seed_100/diagnostics/gate_diagnostics.json,446,2026-07-01T06:39:35.786155+00:00,4f5158842fe640910b02b4a03fc3812e5477609029a32c0fef547695de72e19e
results/archive/2d_euler_ours_pre_valid_mask_all_probe_bounds_v1_20260804_034907/ours/seed_100/env.json,244,2026-07-01T06:27:46.827945+00:00,3ea9611b4a501b9d8258401458ea7fbd12107e673f8ddeac71518e0ffecb3269
results/archive/2d_euler_ours_pre_valid_mask_all_probe_bounds_v1_20260804_034907/ours/seed_100/history.csv,59695,2026-07-01T06:39:35.682156+00:00,6e9fc6e46b229bae8c8530035dbb128bed11e37a7dff613a8f17f25c002a0a9b
results/archive/2d_euler_ours_pre_valid_mask_all_probe_bounds_v1_20260804_034907/ours/seed_100/method.json,321,2026-07-01T06:27:46.827945+00:00,2b3b261834055fadd01a38c2f33aa13a3cc8c685ccd94fbfbf7cc9bdd555622d
results/archive/2d_euler_ours_pre_valid_mask_all_probe_bounds_v1_20260804_034907/ours/seed_100/metrics_adamw.json,4409,2026-07-21T04:37:38.782168+00:00,9944320575e66b5103aa7f4138a789d068acff115da258207c114939d66d216c
results/archive/2d_euler_ours_pre_valid_mask_all_probe_bounds_v1_20260804_034907/ours/seed_100/metrics_final.json,4409,2026-07-21T04:37:38.782168+00:00,9944320575e66b5103aa7f4138a789d068acff115da258207c114939d66d216c
results/archive/2d_euler_ours_pre_valid_mask_all_probe_bounds_v1_20260804_034907/ours/seed_100/model_adamw_final.pt,342363,2026-07-01T06:39:35.686156+00:00,be749dc56ff1ff8de5f8bcb150a4a841f326c2da26682f38d8f63296c93815ae
results/archive/2d_euler_ours_pre_valid_mask_all_probe_bounds_v1_20260804_034907/ours/seed_100/model_final.pt,342267,2026-07-01T06:39:35.686156+00:00,fcbb6142a7d96d4bae927321fe30c8e6bd12996ad6ef7f75a86fdfb9fc9a0302
results/archive/2d_euler_ours_pre_valid_mask_all_probe_bounds_v1_20260804_034907/ours/seed_100/predictions/predict_final_grid.npz,888972,2026-07-01T06:39:35.762155+00:00,129d2c0613bdc561b3bdfded5d50f24273ad4c982bf103356b2a9aaf6d3f166d
results/archive/2d_euler_ours_pre_valid_mask_all_probe_bounds_v1_20260804_034907/ours/seed_100/predictions/prediction_info.json,55,2026-07-01T06:39:35.762155+00:00,3d885af4802f83f927195ab5160de2907b476aa803c21482b678ba53e2259d97
results/archive/2d_euler_ours_pre_valid_mask_all_probe_bounds_v1_20260804_034907/ours/seed_100/status.json,102,2026-07-01T06:39:35.786155+00:00,44220cc3bcce95c9ff066b61c21b7d80cf3a64f5a333c8352babb6c575ddde01
results/archive/2d_euler_ours_pre_valid_mask_all_probe_bounds_v1_20260804_034907/ours/seed_2026/_SUCCESS,8,2026-07-01T05:18:33.125208+00:00,81b2bd4ea98c8db66554fbc8d7637a1a69a130f331feb732b75caab4c4868fd5
results/archive/2d_euler_ours_pre_valid_mask_all_probe_bounds_v1_20260804_034907/ours/seed_2026/config.json,1535,2026-07-01T05:07:00.392932+00:00,71b0703a041996c8b6cb6b9443978bf7e2b8b6d5f2b1410a2e6121fca808028a
results/archive/2d_euler_ours_pre_valid_mask_all_probe_bounds_v1_20260804_034907/ours/seed_2026/diagnostics/gate_diagnostics.json,463,2026-07-01T05:18:33.125208+00:00,46061a7b678ecf7a03229c405ada7f12c20f72927629b160a6e15a9ed1eb6f9b
results/archive/2d_euler_ours_pre_valid_mask_all_probe_bounds_v1_20260804_034907/ours/seed_2026/env.json,244,2026-07-01T05:07:00.392932+00:00,3ea9611b4a501b9d8258401458ea7fbd12107e673f8ddeac71518e0ffecb3269
results/archive/2d_euler_ours_pre_valid_mask_all_probe_bounds_v1_20260804_034907/ours/seed_2026/history.csv,59644,2026-07-01T05:18:33.025208+00:00,3176dda6bf9a5be10ab97e259c063a67e10d6346997215cedd3b00c2e0ea2069
results/archive/2d_euler_ours_pre_valid_mask_all_probe_bounds_v1_20260804_034907/ours/seed_2026/method.json,321,2026-07-01T05:07:00.392932+00:00,2b3b261834055fadd01a38c2f33aa13a3cc8c685ccd94fbfbf7cc9bdd555622d
results/archive/2d_euler_ours_pre_valid_mask_all_probe_bounds_v1_20260804_034907/ours/seed_2026/metrics_adamw.json,4431,2026-07-21T04:37:38.782168+00:00,af8c9f5ff159e7d88028b7636e88c7151b833b5bca964787a0fa5766f9e70426
results/archive/2d_euler_ours_pre_valid_mask_all_probe_bounds_v1_20260804_034907/ours/seed_2026/metrics_final.json,4431,2026-07-21T04:37:38.782168+00:00,af8c9f5ff159e7d88028b7636e88c7151b833b5bca964787a0fa5766f9e70426
results/archive/2d_euler_ours_pre_valid_mask_all_probe_bounds_v1_20260804_034907/ours/seed_2026/model_adamw_final.pt,342363,2026-07-01T05:18:33.029208+00:00,e0b7511738b6475aaa2bd6dc2aa291b46b73d2ea017d918312d6b5821bda0ff7
results/archive/2d_euler_ours_pre_valid_mask_all_probe_bounds_v1_20260804_034907/ours/seed_2026/model_final.pt,342267,2026-07-01T05:18:33.033208+00:00,b9860eb40a8e4e53902397be816ffbbe7b15db0eccb4c994e8a9184a6e367e76
results/archive/2d_euler_ours_pre_valid_mask_all_probe_bounds_v1_20260804_034907/ours/seed_2026/predictions/predict_final_grid.npz,887574,2026-07-01T05:18:33.105208+00:00,a13fed774cd8b48cb8cf78f9dc583ce2ccf5056a02af65b07177972cb1238efd
results/archive/2d_euler_ours_pre_valid_mask_all_probe_bounds_v1_20260804_034907/ours/seed_2026/predictions/prediction_info.json,55,2026-07-01T05:18:33.105208+00:00,3d885af4802f83f927195ab5160de2907b476aa803c21482b678ba53e2259d97
results/archive/2d_euler_ours_pre_valid_mask_all_probe_bounds_v1_20260804_034907/ours/seed_2026/status.json,103,2026-07-01T05:18:33.125208+00:00,db14f5871fddbff1a53ed5378018bc9d8385b233e153651ba1a292adace81593
results/archive/2d_euler_ours_pre_valid_mask_all_probe_bounds_v1_20260804_034907/ours/seed_31415/_SUCCESS,8,2026-07-01T07:05:20.420932+00:00,81b2bd4ea98c8db66554fbc8d7637a1a69a130f331feb732b75caab4c4868fd5
results/archive/2d_euler_ours_pre_valid_mask_all_probe_bounds_v1_20260804_034907/ours/seed_31415/config.json,1537,2026-07-01T06:53:48.709485+00:00,97339616eb22bb4c1375ce9156b6f1d1e57693eaa8ba6d08958c87a1fc6064d1
results/archive/2d_euler_ours_pre_valid_mask_all_probe_bounds_v1_20260804_034907/ours/seed_31415/diagnostics/gate_diagnostics.json,461,2026-07-01T07:05:20.416932+00:00,93a3ee754ee326b2e86354403520b03e96a1cc552634d5a947303fc8b32ae2f0
results/archive/2d_euler_ours_pre_valid_mask_all_probe_bounds_v1_20260804_034907/ours/seed_31415/env.json,244,2026-07-01T06:53:48.709485+00:00,3ea9611b4a501b9d8258401458ea7fbd12107e673f8ddeac71518e0ffecb3269
results/archive/2d_euler_ours_pre_valid_mask_all_probe_bounds_v1_20260804_034907/ours/seed_31415/history.csv,59638,2026-07-01T07:05:20.312933+00:00,683bb9ff75b7ee33918dab20f6db181297c6cba0b52e54a67482963df380132c
results/archive/2d_euler_ours_pre_valid_mask_all_probe_bounds_v1_20260804_034907/ours/seed_31415/method.json,321,2026-07-01T06:53:48.709485+00:00,2b3b261834055fadd01a38c2f33aa13a3cc8c685ccd94fbfbf7cc9bdd555622d
results/archive/2d_euler_ours_pre_valid_mask_all_probe_bounds_v1_20260804_034907/ours/seed_31415/metrics_adamw.json,4426,2026-07-21T04:37:38.786168+00:00,db29eba9f76e5777adb8bdd772b3507e8002210d08179bd461a6fc89e514c934
results/archive/2d_euler_ours_pre_valid_mask_all_probe_bounds_v1_20260804_034907/ours/seed_31415/metrics_final.json,4426,2026-07-21T04:37:38.786168+00:00,db29eba9f76e5777adb8bdd772b3507e8002210d08179bd461a6fc89e514c934
results/archive/2d_euler_ours_pre_valid_mask_all_probe_bounds_v1_20260804_034907/ours/seed_31415/model_adamw_final.pt,342363,2026-07-01T07:05:20.312933+00:00,7f4f7fd18f38b48113f412aae7e3df49bc963bd9c67216ebe9ada208813b42e5
results/archive/2d_euler_ours_pre_valid_mask_all_probe_bounds_v1_20260804_034907/ours/seed_31415/model_final.pt,342267,2026-07-01T07:05:20.316933+00:00,ee0563dea8c47d26ee7eb6776e75e24d76ca8aaddd1d53d712cca4d6d44cf0aa
results/archive/2d_euler_ours_pre_valid_mask_all_probe_bounds_v1_20260804_034907/ours/seed_31415/predictions/predict_final_grid.npz,880868,2026-07-01T07:05:20.396932+00:00,e040184104262acad530a635496d1e2d7774f37bbb46f88aa8903f52a2842e3f
results/archive/2d_euler_ours_pre_valid_mask_all_probe_bounds_v1_20260804_034907/ours/seed_31415/predictions/prediction_info.json,55,2026-07-01T07:05:20.396932+00:00,3d885af4802f83f927195ab5160de2907b476aa803c21482b678ba53e2259d97
results/archive/2d_euler_ours_pre_valid_mask_all_probe_bounds_v1_20260804_034907/ours/seed_31415/status.json,103,2026-07-01T07:05:20.420932+00:00,09149880c53d19420b8ccad9e6f0a190e17d9885280162e62e8ec7760a759ddb
results/archive/2d_euler_ours_pre_valid_mask_all_probe_bounds_v1_20260804_034907/ours/seed_42/_SUCCESS,8,2026-07-01T06:13:21.526031+00:00,81b2bd4ea98c8db66554fbc8d7637a1a69a130f331feb732b75caab4c4868fd5
results/archive/2d_euler_ours_pre_valid_mask_all_probe_bounds_v1_20260804_034907/ours/seed_42/config.json,1531,2026-07-01T06:01:22.111234+00:00,f3d086b37e68b05b9e90c98c5116079a8561e65ee47b98a73633d8c7803dac5e
results/archive/2d_euler_ours_pre_valid_mask_all_probe_bounds_v1_20260804_034907/ours/seed_42/diagnostics/gate_diagnostics.json,446,2026-07-01T06:13:21.526031+00:00,d4312d8c7ea8191216fed3469f2ee39a4efcfdaa376e4eb6d4684976b5243719
results/archive/2d_euler_ours_pre_valid_mask_all_probe_bounds_v1_20260804_034907/ours/seed_42/env.json,244,2026-07-01T06:01:22.111234+00:00,3ea9611b4a501b9d8258401458ea7fbd12107e673f8ddeac71518e0ffecb3269
results/archive/2d_euler_ours_pre_valid_mask_all_probe_bounds_v1_20260804_034907/ours/seed_42/history.csv,59658,2026-07-01T06:13:21.418033+00:00,2372d5d95bc2e19770d8d04c7ea416fbc696d7d0b044022249076811e8733538
results/archive/2d_euler_ours_pre_valid_mask_all_probe_bounds_v1_20260804_034907/ours/seed_42/method.json,321,2026-07-01T06:01:22.111234+00:00,2b3b261834055fadd01a38c2f33aa13a3cc8c685ccd94fbfbf7cc9bdd555622d
results/archive/2d_euler_ours_pre_valid_mask_all_probe_bounds_v1_20260804_034907/ours/seed_42/metrics_adamw.json,4413,2026-07-21T04:37:38.786168+00:00,10033879d11e196794024f53337dccdff0c1a322968fd96ffcbfa071ff5de2fd
results/archive/2d_euler_ours_pre_valid_mask_all_probe_bounds_v1_20260804_034907/ours/seed_42/metrics_final.json,4413,2026-07-21T04:37:38.786168+00:00,10033879d11e196794024f53337dccdff0c1a322968fd96ffcbfa071ff5de2fd
results/archive/2d_euler_ours_pre_valid_mask_all_probe_bounds_v1_20260804_034907/ours/seed_42/model_adamw_final.pt,342363,2026-07-01T06:13:21.422033+00:00,061206fa9f9ec91d036167ce7a2f9f4ac58a02904cc2dfc071209b90f0fb2d1e
results/archive/2d_euler_ours_pre_valid_mask_all_probe_bounds_v1_20260804_034907/ours/seed_42/model_final.pt,342267,2026-07-01T06:13:21.426033+00:00,d641c2efcb886f2a32d9bc79e3fde0e6b4bdd7c0f79b3a01a4164972410105ae
results/archive/2d_euler_ours_pre_valid_mask_all_probe_bounds_v1_20260804_034907/ours/seed_42/predictions/predict_final_grid.npz,875710,2026-07-01T06:13:21.506031+00:00,c6f8084494574e8354d3b85d563aaf551855f327832f3aaf7bdc08a8f9e171c2
results/archive/2d_euler_ours_pre_valid_mask_all_probe_bounds_v1_20260804_034907/ours/seed_42/predictions/prediction_info.json,55,2026-07-01T06:13:21.506031+00:00,3d885af4802f83f927195ab5160de2907b476aa803c21482b678ba53e2259d97
results/archive/2d_euler_ours_pre_valid_mask_all_probe_bounds_v1_20260804_034907/ours/seed_42/status.json,103,2026-07-01T06:13:21.526031+00:00,8a1f792a4a8da5c554fbdbb9f84c680f562733731cc71831783b32f3df0efd19
results/archive/2d_euler_ours_pre_valid_mask_all_probe_bounds_v1_20260804_034907/ours/seed_7/_SUCCESS,8,2026-07-01T05:47:21.166209+00:00,81b2bd4ea98c8db66554fbc8d7637a1a69a130f331feb732b75caab4c4868fd5
results/archive/2d_euler_ours_pre_valid_mask_all_probe_bounds_v1_20260804_034907/ours/seed_7/config.json,1529,2026-07-01T05:35:28.058469+00:00,bdd301e817372dc19290ae78f9f8c3622b96b883d23abbec828b5e2dcb329abb
results/archive/2d_euler_ours_pre_valid_mask_all_probe_bounds_v1_20260804_034907/ours/seed_7/diagnostics/gate_diagnostics.json,462,2026-07-01T05:47:21.166209+00:00,8b552eca3d7bb196a2393030d733f62e62b8d66ea2b8f690dceb75f994115396
results/archive/2d_euler_ours_pre_valid_mask_all_probe_bounds_v1_20260804_034907/ours/seed_7/env.json,244,2026-07-01T05:35:28.058469+00:00,3ea9611b4a501b9d8258401458ea7fbd12107e673f8ddeac71518e0ffecb3269
results/archive/2d_euler_ours_pre_valid_mask_all_probe_bounds_v1_20260804_034907/ours/seed_7/history.csv,59705,2026-07-01T05:47:21.058211+00:00,f0c44672f01618496f9700b9247ca2c30e6f96bf8aacc65e2298a596887cd026
results/archive/2d_euler_ours_pre_valid_mask_all_probe_bounds_v1_20260804_034907/ours/seed_7/method.json,321,2026-07-01T05:35:28.058469+00:00,2b3b261834055fadd01a38c2f33aa13a3cc8c685ccd94fbfbf7cc9bdd555622d
results/archive/2d_euler_ours_pre_valid_mask_all_probe_bounds_v1_20260804_034907/ours/seed_7/metrics_adamw.json,4427,2026-07-21T04:37:38.786168+00:00,fc8a09f0642f6b92fa947b9b4b0c855f4fa4ff1c11bb93c318991b7835e23d50
results/archive/2d_euler_ours_pre_valid_mask_all_probe_bounds_v1_20260804_034907/ours/seed_7/metrics_final.json,4427,2026-07-21T04:37:38.786168+00:00,fc8a09f0642f6b92fa947b9b4b0c855f4fa4ff1c11bb93c318991b7835e23d50
results/archive/2d_euler_ours_pre_valid_mask_all_probe_bounds_v1_20260804_034907/ours/seed_7/model_adamw_final.pt,342363,2026-07-01T05:47:21.062211+00:00,0743355a1b0f940b96ee042b9a0c72ac57f2dfb5daf7c3b447bb6901e8098d56
results/archive/2d_euler_ours_pre_valid_mask_all_probe_bounds_v1_20260804_034907/ours/seed_7/model_final.pt,342267,2026-07-01T05:47:21.066211+00:00,62e226a4e70f754c4aad0ad3fbb1fe1a1254b1a1fe0101a59144beb22181b428
results/archive/2d_euler_ours_pre_valid_mask_all_probe_bounds_v1_20260804_034907/ours/seed_7/predictions/predict_final_grid.npz,880711,2026-07-01T05:47:21.146210+00:00,751e35092ddfe48a1a2c1ed375d56e0dbac3f936c1e54ce449ce7bd6cb33a5b9
results/archive/2d_euler_ours_pre_valid_mask_all_probe_bounds_v1_20260804_034907/ours/seed_7/predictions/prediction_info.json,55,2026-07-01T05:47:21.146210+00:00,3d885af4802f83f927195ab5160de2907b476aa803c21482b678ba53e2259d97
results/archive/2d_euler_ours_pre_valid_mask_all_probe_bounds_v1_20260804_034907/ours/seed_7/status.json,103,2026-07-01T05:47:21.166209+00:00,87b666e4cf7c203de42f72f6dff4cb7c645faa07417da766fa438715740fd4c1
results/archive/2d_euler_ours_pre_valid_mask_all_probe_bounds_v1_20260804_034907/pinn_ours_metrics.csv,19550,2026-07-21T04:37:39.058167+00:00,e9ce11a65f561786f5870491c079999e2203bc7fa3b5dc49fe378739f5b90b7c
results/archive/2d_shallowwater_ours_pre_valid_mask_all_probe_bounds_v1_20260804_070407/ours/seed_100/_SUCCESS,8,2026-07-01T06:21:42.815479+00:00,81b2bd4ea98c8db66554fbc8d7637a1a69a130f331feb732b75caab4c4868fd5
results/archive/2d_shallowwater_ours_pre_valid_mask_all_probe_bounds_v1_20260804_070407/ours/seed_100/config.json,1620,2026-07-01T06:12:07.215031+00:00,4346c1e98668fd2ed66964584f2f03491625dd8d4f87161695e1a603090f5a58
results/archive/2d_shallowwater_ours_pre_valid_mask_all_probe_bounds_v1_20260804_070407/ours/seed_100/diagnostics/gate_diagnostics.json,286,2026-07-01T06:21:42.815479+00:00,f007cb10252688ebae1c10e22e95ed7c95c453e44444b16425365d7355a3e6e3
results/archive/2d_shallowwater_ours_pre_valid_mask_all_probe_bounds_v1_20260804_070407/ours/seed_100/env.json,244,2026-07-01T06:12:07.215031+00:00,3ea9611b4a501b9d8258401458ea7fbd12107e673f8ddeac71518e0ffecb3269
results/archive/2d_shallowwater_ours_pre_valid_mask_all_probe_bounds_v1_20260804_070407/ours/seed_100/history.csv,58391,2026-07-01T06:21:42.735480+00:00,eea1a491443120488eabb86eb05e2ae79d2306aafbdfd2a604bbedd33bdc9ebe
results/archive/2d_shallowwater_ours_pre_valid_mask_all_probe_bounds_v1_20260804_070407/ours/seed_100/method.json,321,2026-07-01T06:12:07.215031+00:00,2b3b261834055fadd01a38c2f33aa13a3cc8c685ccd94fbfbf7cc9bdd555622d
results/archive/2d_shallowwater_ours_pre_valid_mask_all_probe_bounds_v1_20260804_070407/ours/seed_100/metrics_adamw.json,4306,2026-07-20T13:46:59.439786+00:00,808fdb129cf0b835b77bbb5bd99688ccedadc55a187eb074f060d842cc9ee530
results/archive/2d_shallowwater_ours_pre_valid_mask_all_probe_bounds_v1_20260804_070407/ours/seed_100/metrics_final.json,4306,2026-07-20T13:46:59.439786+00:00,808fdb129cf0b835b77bbb5bd99688ccedadc55a187eb074f060d842cc9ee530
results/archive/2d_shallowwater_ours_pre_valid_mask_all_probe_bounds_v1_20260804_070407/ours/seed_100/model_adamw_final.pt,341995,2026-07-20T13:08:54.290238+00:00,6a20ca69d500935cd01f56dc4a5e136452beccb13ec52e78590ec6daac24cefe
results/archive/2d_shallowwater_ours_pre_valid_mask_all_probe_bounds_v1_20260804_070407/ours/seed_100/model_final.pt,341899,2026-07-20T13:08:54.286238+00:00,de1635632c574a5462a420b412507b366725270cd03a79e039551033c0300b53
results/archive/2d_shallowwater_ours_pre_valid_mask_all_probe_bounds_v1_20260804_070407/ours/seed_100/predictions/predict_eval_grid.npz,509311,2026-07-01T06:21:42.795479+00:00,333ad6af98343dc22431aaf199c7c553fe822e0f6a2776761efdb00f954ed285
results/archive/2d_shallowwater_ours_pre_valid_mask_all_probe_bounds_v1_20260804_070407/ours/seed_100/predictions/prediction_info.json,54,2026-07-01T06:21:42.795479+00:00,be9eb1b19f00de13ae49553f33024f53f3b120b21b90af981463d8b23af99bc9
results/archive/2d_shallowwater_ours_pre_valid_mask_all_probe_bounds_v1_20260804_070407/ours/seed_100/status.json,103,2026-07-01T06:21:42.815479+00:00,9f2f6c1be5903830b63ad301678659b81a49ea3c50791db8aaf160220885525d
results/archive/2d_shallowwater_ours_pre_valid_mask_all_probe_bounds_v1_20260804_070407/ours/seed_2026/_SUCCESS,8,2026-07-01T05:15:28.497446+00:00,81b2bd4ea98c8db66554fbc8d7637a1a69a130f331feb732b75caab4c4868fd5
results/archive/2d_shallowwater_ours_pre_valid_mask_all_probe_bounds_v1_20260804_070407/ours/seed_2026/config.json,1622,2026-07-01T05:05:55.768668+00:00,84367d0caed940af84f1e22cdb9ed5d074584e16bab20078c65757f548758d78
results/archive/2d_shallowwater_ours_pre_valid_mask_all_probe_bounds_v1_20260804_070407/ours/seed_2026/diagnostics/gate_diagnostics.json,284,2026-07-01T05:15:28.493446+00:00,b62497496a8d48a03a09b00b5d007c9611f49a5bc6d39a59590f382cb1855038
results/archive/2d_shallowwater_ours_pre_valid_mask_all_probe_bounds_v1_20260804_070407/ours/seed_2026/env.json,244,2026-07-01T05:05:55.768668+00:00,3ea9611b4a501b9d8258401458ea7fbd12107e673f8ddeac71518e0ffecb3269
results/archive/2d_shallowwater_ours_pre_valid_mask_all_probe_bounds_v1_20260804_070407/ours/seed_2026/history.csv,58344,2026-07-01T05:15:28.413446+00:00,d8db32883c87e33cf324962f9e6da5fad83bc7c5d1f95c4434fea7a6be2f34cf
results/archive/2d_shallowwater_ours_pre_valid_mask_all_probe_bounds_v1_20260804_070407/ours/seed_2026/method.json,321,2026-07-01T05:05:55.768668+00:00,2b3b261834055fadd01a38c2f33aa13a3cc8c685ccd94fbfbf7cc9bdd555622d
results/archive/2d_shallowwater_ours_pre_valid_mask_all_probe_bounds_v1_20260804_070407/ours/seed_2026/metrics_adamw.json,4305,2026-07-20T13:46:59.435786+00:00,f0b380e10dc40c361fe221f27845a0ca84b2944504ae8b8d9f59a1ce280980d9
results/archive/2d_shallowwater_ours_pre_valid_mask_all_probe_bounds_v1_20260804_070407/ours/seed_2026/metrics_final.json,4305,2026-07-20T13:46:59.435786+00:00,f0b380e10dc40c361fe221f27845a0ca84b2944504ae8b8d9f59a1ce280980d9
results/archive/2d_shallowwater_ours_pre_valid_mask_all_probe_bounds_v1_20260804_070407/ours/seed_2026/model_adamw_final.pt,341995,2026-07-20T13:08:54.258238+00:00,2f35a30b9706a62d9f33624c75d48531b6448de29eb5e315d8882524ad7553f9
results/archive/2d_shallowwater_ours_pre_valid_mask_all_probe_bounds_v1_20260804_070407/ours/seed_2026/model_final.pt,341899,2026-07-20T13:08:54.250238+00:00,8b286f3a5f68172511b180c7d77418ad2605390f459a28c381d9125add26e591
results/archive/2d_shallowwater_ours_pre_valid_mask_all_probe_bounds_v1_20260804_070407/ours/seed_2026/predictions/predict_eval_grid.npz,505577,2026-07-01T05:15:28.473446+00:00,4b9f35cc072c9f844b0a4061de7e3283f2c6d7ae7974ccb927dfc2815f369906
results/archive/2d_shallowwater_ours_pre_valid_mask_all_probe_bounds_v1_20260804_070407/ours/seed_2026/predictions/prediction_info.json,54,2026-07-01T05:15:28.473446+00:00,be9eb1b19f00de13ae49553f33024f53f3b120b21b90af981463d8b23af99bc9
results/archive/2d_shallowwater_ours_pre_valid_mask_all_probe_bounds_v1_20260804_070407/ours/seed_2026/status.json,103,2026-07-01T05:15:28.497446+00:00,ffa3f76485be31592a255ec79d7dfd95552303681cd686cd9a2a9e8196c1ff07
results/archive/2d_shallowwater_ours_pre_valid_mask_all_probe_bounds_v1_20260804_070407/ours/seed_31415/_SUCCESS,8,2026-07-01T06:41:15.485393+00:00,81b2bd4ea98c8db66554fbc8d7637a1a69a130f331feb732b75caab4c4868fd5
results/archive/2d_shallowwater_ours_pre_valid_mask_all_probe_bounds_v1_20260804_070407/ours/seed_31415/config.json,1624,2026-07-01T06:32:14.917649+00:00,fbf60631efbc8df485f39d720f5a27496c5be800bb42ec50fb65c289598dc5f4
results/archive/2d_shallowwater_ours_pre_valid_mask_all_probe_bounds_v1_20260804_070407/ours/seed_31415/diagnostics/gate_diagnostics.json,284,2026-07-01T06:41:15.481393+00:00,22b943259f72f382cd53ea385ded144866f57f97843a0160d99cee1c5079a62b
results/archive/2d_shallowwater_ours_pre_valid_mask_all_probe_bounds_v1_20260804_070407/ours/seed_31415/env.json,244,2026-07-01T06:32:14.917649+00:00,3ea9611b4a501b9d8258401458ea7fbd12107e673f8ddeac71518e0ffecb3269
results/archive/2d_shallowwater_ours_pre_valid_mask_all_probe_bounds_v1_20260804_070407/ours/seed_31415/history.csv,58752,2026-07-01T06:41:15.401394+00:00,1dce36a47acbdd4bbaf1398c47f1ae22f09109c69f9520a48880871e91fc0bc7
results/archive/2d_shallowwater_ours_pre_valid_mask_all_probe_bounds_v1_20260804_070407/ours/seed_31415/method.json,321,2026-07-01T06:32:14.917649+00:00,2b3b261834055fadd01a38c2f33aa13a3cc8c685ccd94fbfbf7cc9bdd555622d
results/archive/2d_shallowwater_ours_pre_valid_mask_all_probe_bounds_v1_20260804_070407/ours/seed_31415/metrics_adamw.json,4316,2026-07-20T13:46:59.439786+00:00,681f1ddfa296a29963673f262ed622d738750ea7d80033d8d8f66e8fefad3bd5
results/archive/2d_shallowwater_ours_pre_valid_mask_all_probe_bounds_v1_20260804_070407/ours/seed_31415/metrics_final.json,4316,2026-07-20T13:46:59.439786+00:00,681f1ddfa296a29963673f262ed622d738750ea7d80033d8d8f66e8fefad3bd5
results/archive/2d_shallowwater_ours_pre_valid_mask_all_probe_bounds_v1_20260804_070407/ours/seed_31415/model_adamw_final.pt,341995,2026-07-20T13:08:54.302238+00:00,9a0a3e89452c051c3b933ec256ebf4ca69c04944b63f96ab9508ec804de61760
results/archive/2d_shallowwater_ours_pre_valid_mask_all_probe_bounds_v1_20260804_070407/ours/seed_31415/model_final.pt,341899,2026-07-20T13:08:54.298238+00:00,693b8e7b25fa2aa17518446d6f6512dcfae291c3bbcd20749020d9932bf61796
results/archive/2d_shallowwater_ours_pre_valid_mask_all_probe_bounds_v1_20260804_070407/ours/seed_31415/predictions/predict_eval_grid.npz,504351,2026-07-01T06:41:15.461393+00:00,431c54feffc51b9b98a0c1b6a10be0534600caf20fba556f9f84e8887dd30fe7
results/archive/2d_shallowwater_ours_pre_valid_mask_all_probe_bounds_v1_20260804_070407/ours/seed_31415/predictions/prediction_info.json,54,2026-07-01T06:41:15.461393+00:00,be9eb1b19f00de13ae49553f33024f53f3b120b21b90af981463d8b23af99bc9
results/archive/2d_shallowwater_ours_pre_valid_mask_all_probe_bounds_v1_20260804_070407/ours/seed_31415/status.json,103,2026-07-01T06:41:15.485393+00:00,544df180b9a90425c1ac46ef5c86265f60f8c7d9c210d419bb0327149313a272
results/archive/2d_shallowwater_ours_pre_valid_mask_all_probe_bounds_v1_20260804_070407/ours/seed_42/_SUCCESS,8,2026-07-01T06:01:36.167137+00:00,81b2bd4ea98c8db66554fbc8d7637a1a69a130f331feb732b75caab4c4868fd5
results/archive/2d_shallowwater_ours_pre_valid_mask_all_probe_bounds_v1_20260804_070407/ours/seed_42/config.json,1618,2026-07-01T05:52:00.379528+00:00,fe2e1678d3bde90d79c52a038b004b14744d1bf8a61715ad2a57a7309bf021da
results/archive/2d_shallowwater_ours_pre_valid_mask_all_probe_bounds_v1_20260804_070407/ours/seed_42/diagnostics/gate_diagnostics.json,285,2026-07-01T06:01:36.163137+00:00,6cb299c8834533538f7e9daa1c586da025a26dab0c7a0db215c967023305ac49
results/archive/2d_shallowwater_ours_pre_valid_mask_all_probe_bounds_v1_20260804_070407/ours/seed_42/env.json,244,2026-07-01T05:52:00.379528+00:00,3ea9611b4a501b9d8258401458ea7fbd12107e673f8ddeac71518e0ffecb3269
results/archive/2d_shallowwater_ours_pre_valid_mask_all_probe_bounds_v1_20260804_070407/ours/seed_42/history.csv,58867,2026-07-01T06:01:36.083138+00:00,c327e77bb1bcd8b233306586d60db2d644bac43af0c49cbe432af40e450b05e7
results/archive/2d_shallowwater_ours_pre_valid_mask_all_probe_bounds_v1_20260804_070407/ours/seed_42/method.json,321,2026-07-01T05:52:00.379528+00:00,2b3b261834055fadd01a38c2f33aa13a3cc8c685ccd94fbfbf7cc9bdd555622d
results/archive/2d_shallowwater_ours_pre_valid_mask_all_probe_bounds_v1_20260804_070407/ours/seed_42/metrics_adamw.json,4305,2026-07-20T13:46:59.439786+00:00,b083446cf6d995a2ba61481e4257cfbe4761a1f7960b78416730c5cece8cac29
results/archive/2d_shallowwater_ours_pre_valid_mask_all_probe_bounds_v1_20260804_070407/ours/seed_42/metrics_final.json,4305,2026-07-20T13:46:59.439786+00:00,b083446cf6d995a2ba61481e4257cfbe4761a1f7960b78416730c5cece8cac29
results/archive/2d_shallowwater_ours_pre_valid_mask_all_probe_bounds_v1_20260804_070407/ours/seed_42/model_adamw_final.pt,341995,2026-07-20T13:08:54.278238+00:00,89928a65fcf12be0a5692758ca4ad8f27ea26d58ef1f6b4ddbd7f8da731827b4
results/archive/2d_shallowwater_ours_pre_valid_mask_all_probe_bounds_v1_20260804_070407/ours/seed_42/model_final.pt,341899,2026-07-20T13:08:54.274238+00:00,bf3a7e57b67b7112e1555f189b01278c2295325179332900ff8ca1ebd915ed9d
results/archive/2d_shallowwater_ours_pre_valid_mask_all_probe_bounds_v1_20260804_070407/ours/seed_42/predictions/predict_eval_grid.npz,499092,2026-07-01T06:01:36.143137+00:00,d9938ec9e0239e9dceec5bacd594374c408f286c5a3ba3115881e97b88063946
results/archive/2d_shallowwater_ours_pre_valid_mask_all_probe_bounds_v1_20260804_070407/ours/seed_42/predictions/prediction_info.json,54,2026-07-01T06:01:36.143137+00:00,be9eb1b19f00de13ae49553f33024f53f3b120b21b90af981463d8b23af99bc9
results/archive/2d_shallowwater_ours_pre_valid_mask_all_probe_bounds_v1_20260804_070407/ours/seed_42/status.json,103,2026-07-01T06:01:36.167137+00:00,3e86f2518ac77ea5a8d4fb2d8660a66edb480faca8073a42a89a3bb366c2493f
results/archive/2d_shallowwater_ours_pre_valid_mask_all_probe_bounds_v1_20260804_070407/ours/seed_7/_SUCCESS,8,2026-07-01T05:41:21.594805+00:00,81b2bd4ea98c8db66554fbc8d7637a1a69a130f331feb732b75caab4c4868fd5
results/archive/2d_shallowwater_ours_pre_valid_mask_all_probe_bounds_v1_20260804_070407/ours/seed_7/config.json,1616,2026-07-01T05:31:48.499167+00:00,eb2172a265d58df194781688f3f139ae9a8212bfbb212aeea47df73274ba85f8
results/archive/2d_shallowwater_ours_pre_valid_mask_all_probe_bounds_v1_20260804_070407/ours/seed_7/diagnostics/gate_diagnostics.json,286,2026-07-01T05:41:21.594805+00:00,68cda1cf7fa50794e5236d5a4b438280c958fa96b391c198e9a8549a2a7f00d6
results/archive/2d_shallowwater_ours_pre_valid_mask_all_probe_bounds_v1_20260804_070407/ours/seed_7/env.json,244,2026-07-01T05:31:48.499167+00:00,3ea9611b4a501b9d8258401458ea7fbd12107e673f8ddeac71518e0ffecb3269
results/archive/2d_shallowwater_ours_pre_valid_mask_all_probe_bounds_v1_20260804_070407/ours/seed_7/history.csv,58815,2026-07-01T05:41:21.510806+00:00,55fdbb3b1f40e69e935f4216b537b71d9522364381abe8fd8a616232305ef2ee
results/archive/2d_shallowwater_ours_pre_valid_mask_all_probe_bounds_v1_20260804_070407/ours/seed_7/method.json,321,2026-07-01T05:31:48.499167+00:00,2b3b261834055fadd01a38c2f33aa13a3cc8c685ccd94fbfbf7cc9bdd555622d
results/archive/2d_shallowwater_ours_pre_valid_mask_all_probe_bounds_v1_20260804_070407/ours/seed_7/metrics_adamw.json,4305,2026-07-20T13:46:59.435786+00:00,4a59e0400ba680179f491d5313cc4b92a9b0bcdc7248d239cf5765c4a7156008
results/archive/2d_shallowwater_ours_pre_valid_mask_all_probe_bounds_v1_20260804_070407/ours/seed_7/metrics_final.json,4305,2026-07-20T13:46:59.435786+00:00,4a59e0400ba680179f491d5313cc4b92a9b0bcdc7248d239cf5765c4a7156008
results/archive/2d_shallowwater_ours_pre_valid_mask_all_probe_bounds_v1_20260804_070407/ours/seed_7/model_adamw_final.pt,341995,2026-07-20T13:08:54.266238+00:00,5a5e9d245db77e25b3a676740c2b24883eddae3cc8d48ddc50a4002a94c8a6d6
results/archive/2d_shallowwater_ours_pre_valid_mask_all_probe_bounds_v1_20260804_070407/ours/seed_7/model_final.pt,341899,2026-07-20T13:08:54.262238+00:00,4a54a242a0e2e0ee12271d162667f5403b5f3c962a1a2fc6c1a78e6d0715791e
results/archive/2d_shallowwater_ours_pre_valid_mask_all_probe_bounds_v1_20260804_070407/ours/seed_7/predictions/predict_eval_grid.npz,505745,2026-07-01T05:41:21.574805+00:00,1649eab44e5ab528077c6c97f874e490dadb6ed9dfcd6407f031762590c9ee72
results/archive/2d_shallowwater_ours_pre_valid_mask_all_probe_bounds_v1_20260804_070407/ours/seed_7/predictions/prediction_info.json,54,2026-07-01T05:41:21.574805+00:00,be9eb1b19f00de13ae49553f33024f53f3b120b21b90af981463d8b23af99bc9
results/archive/2d_shallowwater_ours_pre_valid_mask_all_probe_bounds_v1_20260804_070407/ours/seed_7/status.json,102,2026-07-01T05:41:21.594805+00:00,75c30db006892c0e3358e70c09fc946722844540693ce58cb22736b6113cfea5
results/archive/2d_shallowwater_ours_pre_valid_mask_all_probe_bounds_v1_20260804_070407/pinn_ours_metrics.csv,22297,2026-07-20T13:46:59.491786+00:00,7999ce562d31b1fa420a1f11cee1fdebe97a13970d8192f4d4b069cdafe1ac9d
results/figures/1d_burgers/burgers_absolute_error_comparison.pdf,121468,2026-07-21T05:29:07.906836+00:00,731fbb481e1cef8fcb5e84a3d6a989d14283d0298d77a5ceb6ef014e3bd4dedb
results/figures/1d_burgers/burgers_absolute_error_comparison.png,263352,2026-07-21T05:29:08.962834+00:00,52cc11df6597ce8fdc72025d03d9e882f14c12b17d7e1b6badf2f2fb4c34e1ee
results/figures/1d_burgers/burgers_multiseed_paper.pdf,158033,2026-07-23T02:20:05.293061+00:00,583c99971907e5dadff487aaf1498cf6d94829d1a42b7660c8586fc450b6b87f
results/figures/1d_burgers/burgers_multiseed_paper.png,120918,2026-07-23T02:20:05.573063+00:00,e8b67e8618a0cb01fc1b1c0e5351b6751e5684d1b2671faa526e915822bda7e1
results/figures/1d_burgers/burgers_solution_comparison.pdf,115930,2026-07-23T02:19:58.637072+00:00,d64180230960f0149f13526d1d8070ed90611e10024dea764f627e158ecec9ec
results/figures/1d_burgers/burgers_solution_comparison.png,312707,2026-07-23T02:19:59.381068+00:00,3da0c64810f621d5ac95e79abe43d9b75b05549077219fbaad3cdec86feb4da3
results/figures/1d_burgers/burgers_trace_ratio_gate.pdf,28440,2026-07-23T02:20:00.125064+00:00,e666e0efca62185c8ee2c42c9889e78fcb2546cc28a70e76045179274d086966
results/figures/1d_burgers/burgers_trace_ratio_gate.png,84670,2026-07-23T02:20:00.589061+00:00,5ee3f2b8e0d74ee2ec6d91fc7960016c4fbcbff3d1f4463de744eb58023a5b7a
results/figures/1d_euler/euler1d_multiseed_nozoom.pdf,532773,2026-07-27T03:48:00.884957+00:00,35dbbfdeff3f862ed90ad3daaf89f739bcbcdf8fef6749ebebfe584ab67d9e4b
results/figures/1d_euler/euler1d_multiseed_nozoom.png,172936,2026-07-27T03:48:01.392951+00:00,125bf3a73bcb836fc7a63ede8eabc210bccca76d7d677df0c35456d181ef71df
results/figures/1d_euler/fig_euler_sod_p_absolute_error_comparison.pdf,141493,2026-07-21T02:42:47.478761+00:00,cf15e765b4883293df48187fe13f0ffd56ae3d2f959d443271410846fdc49066
results/figures/1d_euler/fig_euler_sod_p_absolute_error_comparison.png,302281,2026-07-21T02:42:48.586750+00:00,2303075459c63d237c3af9b2e9dcb095a6a69ec241d176c40149a58ad8c44516
results/figures/1d_euler/fig_euler_sod_p_solution_comparison.pdf,161974,2026-07-23T02:20:16.309120+00:00,defa7209b40dd2247152d6ea142dc187b9fa76d836b81d16b2349d1d6fa2a9b5
results/figures/1d_euler/fig_euler_sod_p_solution_comparison.png,375398,2026-07-23T02:20:17.069124+00:00,9c6ad4f0517803f381c36ede250a40bbcaed50a8e8506c39ce9af3442a4f1398
results/figures/1d_euler/fig_euler_sod_rho_absolute_error_comparison.pdf,174968,2026-07-21T02:42:35.682873+00:00,f0550440676628996327d5591fd6fad0f6556d6a42b405dfd6bc1f6225b884da
results/figures/1d_euler/fig_euler_sod_rho_absolute_error_comparison.png,344094,2026-07-21T02:42:36.686864+00:00,660f67a58c61679209969ff734d8307c9a4e57185a2d43d0da50fc41e9224149
results/figures/1d_euler/fig_euler_sod_rho_solution_comparison.pdf,191026,2026-07-23T02:20:12.893102+00:00,f7d2aa6cb0d00d26439ccf67deb7c2b1b28abfeaf3d0fab8f61c82dec73615c6
results/figures/1d_euler/fig_euler_sod_rho_solution_comparison.png,418450,2026-07-23T02:20:13.637106+00:00,f57adc5394fe53a6524a2caebba8422b8764e8391a15eaa44daf33f2a5900bfe
results/figures/1d_euler/fig_euler_sod_trace_ratio_gate.pdf,51702,2026-07-23T02:20:17.817128+00:00,574b2474ce4b012034d935583f455c04356f1560f2edcc51b474627b9f54963e
results/figures/1d_euler/fig_euler_sod_trace_ratio_gate.png,104623,2026-07-23T02:20:18.317131+00:00,2502215fc67d7922e1ec3873944cb3362826491fee02fbe5e25d41f8d7af2238
results/figures/1d_euler/fig_euler_sod_u_absolute_error_comparison.pdf,110621,2026-07-21T02:42:41.370819+00:00,bd8aeabfc78a28437d14770fc3e1f4ee9a48618d0f6e63863f41d467019ec71f
results/figures/1d_euler/fig_euler_sod_u_absolute_error_comparison.png,245075,2026-07-21T02:42:42.490808+00:00,1c1863d821a7fc0cf6a8234b4a3ab4ada5834bcb5de023d0642336d146f5411f
results/figures/1d_euler/fig_euler_sod_u_solution_comparison.pdf,160060,2026-07-23T02:20:14.569111+00:00,a693761d3b720dd75049bcd922a16cd72fa0936759e477464918cd27d6867ce1
results/figures/1d_euler/fig_euler_sod_u_solution_comparison.png,362860,2026-07-23T02:20:15.297115+00:00,4550f9f38c55bd651ac7473d3ae97e49c2322bc0e63271702754b1dd9a957025
results/figures/1d_shallowwater/shallow_water_1d_2x3_two_square_insets.pdf,333183,2026-07-27T05:49:27.880330+00:00,8655fb6da235800d3d3b5928e75d936ea5e93656fcd5ef14db84f77ae8582687
results/figures/1d_shallowwater/shallow_water_1d_2x3_two_square_insets.png,251987,2026-07-27T05:49:28.484325+00:00,2d44db01c2d642f00c38d24dc7018d82ef8dc1fbfdc0800cba161637c58568a1
results/figures/1d_shallowwater/shallow_water_h_solution_comparison.pdf,134742,2026-07-23T02:25:46.862045+00:00,6b9b85599802083b0d60d7f76abefb30388f677a04835c80cdc19a5b336131b6
results/figures/1d_shallowwater/shallow_water_h_solution_comparison.png,295995,2026-07-23T02:25:47.610045+00:00,781905c90c219e03fde6eb846113e04f947cc444a8b7df093ce54537de000d59
results/figures/1d_shallowwater/shallow_water_q_solution_comparison.pdf,146455,2026-07-23T02:25:48.546046+00:00,b8c9640f47e564ce8a253ebea3dd0984e9185d8a1cb919bb7392cf92e7cdb92f
results/figures/1d_shallowwater/shallow_water_q_solution_comparison.png,308589,2026-07-23T02:25:49.294047+00:00,09e7b6f578f671a45c5015583b9afb3c597434a65d30cf5cf1c0b63a67c2ce98
results/figures/2d_burgers/burgers2d_normal_line_multiseed.pdf,238866,2026-08-04T10:16:02.481570+00:00,c81f545d4576a62c75e1a7f791460623d153b56ffe26e2106275e8cb4087d4fd
results/figures/2d_burgers/burgers2d_normal_line_multiseed.png,104680,2026-08-04T10:16:02.773569+00:00,e1e9e87c22a5cb263ed10509708ebb2430301bc903c3a990f581e69e6d9fa634
results/figures/2d_burgers/fig_burgers2d_3d_compact.pdf,14335269,2026-08-04T10:16:30.673469+00:00,c7be8cfb6d9ed9b08a72a5749a1c2741b9ce4e41edcebbab19c32094f48b810d
results/figures/2d_burgers/fig_burgers2d_3d_compact.png,615512,2026-08-04T10:16:32.137463+00:00,cad4d59c5531e828bd74619ce8660c5966a89ecbcc2caf744fd34a20a667d4d1
results/figures/2d_burgers/fig_burgers2d_error_median_seed.pdf,69223,2026-08-14T08:58:19.954638+00:00,0d655a0edd6825ec92ca45924869121f910d18b772c579c41369fa6af9f5074f
results/figures/2d_burgers/fig_burgers2d_error_median_seed.png,168954,2026-08-14T08:58:20.722629+00:00,175460edeca3fa752cfc9c2398c8e29b297b2fe66a3f31186eb8e8fa6d71e0fb
results/figures/2d_burgers/fig_burgers2d_gate_median_seed.pdf,22922,2026-08-14T08:58:21.766617+00:00,02e99f76c267b2bb1f1b6dc767f276ce2f8626d7a3a6f76752bdc63d7a3efab1
results/figures/2d_burgers/fig_burgers2d_gate_median_seed.png,64096,2026-08-14T08:58:22.158612+00:00,fc80e914a819a71c5f2143e93af0cf7407b0b5cf5f9be050671c1ca5f96ab85d
results/figures/2d_burgers/fig_burgers2d_solution_median_seed.pdf,50780,2026-08-14T08:58:17.474667+00:00,6eda1ab54573e4eb63847929b7c6e1c740a2985d74b8f7767318eb4d10bad124
results/figures/2d_burgers/fig_burgers2d_solution_median_seed.png,125496,2026-08-14T08:58:18.390656+00:00,aa29f0451dfb6ba5d830781ed981b11e43da648e7d538b5a9e3d729bad42697b
results/figures/2d_euler/euler2d_3d_p_compact.pdf,13921845,2026-08-04T10:26:46.379251+00:00,255376d279d46acbacfc2d9d56f1e03cdf24bf9d67029f5684edceca43cacfd7
results/figures/2d_euler/euler2d_3d_p_compact.png,663982,2026-08-04T10:26:48.347244+00:00,3b3e0e2d8c0bfe08f7ebfd99f9c6ddf28a0b8a8b34d64f283bbdc82f1998bd1d
results/figures/2d_euler/euler2d_3d_rho_compact.pdf,13694483,2026-08-04T10:25:50.839451+00:00,360cad58829d1ac6ebd4b9485766bfaaf6df23ee7c786af60a5a179822456cb3
results/figures/2d_euler/euler2d_3d_rho_compact.png,657631,2026-08-04T10:25:52.519445+00:00,dbb3134c8f3374ee28846192d536915f1c2af79bcd4a911421adc5a89236f930
results/figures/2d_euler/euler2d_3d_un_compact.pdf,15042451,2026-08-04T10:26:18.667351+00:00,55bfa704052feea46ad6a5ba32d2121b6df348e907d1ac6888ed757696315d52
results/figures/2d_euler/euler2d_3d_un_compact.png,649059,2026-08-04T10:26:20.363345+00:00,2b774f4039a4c6bed4cb0f62381857155d4c021cc17edb057a2b476ebb712356
results/figures/2d_euler/euler2d_line_with_embedded_zoom.pdf,1225527,2026-08-04T10:24:49.867671+00:00,121edfc99884fae07010a4086f525fcf2d1823c94614cba8e9b9d041ec181413
results/figures/2d_euler/euler2d_line_with_embedded_zoom.png,261202,2026-08-04T10:24:50.819668+00:00,ba15206db2f4a0567fe634ee28d523f8949c14198e18c9172e79ee0208123e49
results/figures/2d_euler/fig_euler2d_gate_median_seed.pdf,48962,2026-08-04T10:24:38.483712+00:00,747f51010ae34c8731fb8eafd0bc7bf59d1bf6b2a601db8385368fd7ee3db70e
results/figures/2d_euler/fig_euler2d_gate_median_seed.png,143322,2026-08-04T10:24:39.007710+00:00,c629c8439103e9631f7e8252d8250f2305dec43754057d5ffb4b2c8977210403
results/figures/2d_shallowwater/final_h_multiseed_median_rmse_gate.pdf,156038,2026-08-04T12:06:53.740295+00:00,f014562014af2aabd4de3f232c75be51347df148c1825a4c8af11a0ec573272a
results/figures/2d_shallowwater/final_h_multiseed_median_rmse_gate.png,2650984,2026-08-04T12:06:59.332289+00:00,ef9266c463c559e77ecd6ffed3f499c1d93b14eef2210270313c2dd91023eff8
results/figures/2d_shallowwater/swe2d_3d_compact_h.pdf,13990590,2026-08-04T12:07:50.828228+00:00,04c79ea62637a88a1b926a92ddff31b06605df66795a2060637a999b4138bf57
results/figures/2d_shallowwater/swe2d_3d_compact_h.png,2390459,2026-08-04T12:07:56.008220+00:00,40f38e4c49125a65f045de5d4083abbf70ffcd4651b2a29347be7ee180f8869e
results/figures/2d_shallowwater/swe2d_3d_compact_ur.pdf,15144518,2026-08-04T12:08:22.724180+00:00,2326d49fe217b84d276e48e089434e45d21e4fcc2c8efc8ace9543bd929345ca
results/figures/2d_shallowwater/swe2d_3d_compact_ur.png,2482148,2026-08-04T12:08:25.844174+00:00,3df8aaa75f8e63fb183e64a59f5d546d9f5bb6b87fd1e18b7e855a6e6225adec
results/figures/2d_shallowwater/swe2d_radial_h_ur_line.pdf,383866,2026-08-04T12:07:12.940275+00:00,fe82a7f66585c1ce2320e80f13f67fef2cce6c75a6daca87748c439ef77ef0ac
results/figures/2d_shallowwater/swe2d_radial_h_ur_line.png,545953,2026-08-04T12:07:13.668275+00:00,22ce955236a1acb3c2c112ac8aa19d3ac5d322e603367d1452e8edb963fd930c
results/figures/combined/fig_1d_trace_ratio_gate_comparison.pdf,65614,2026-08-13T08:33:58.733141+00:00,851c0b500e4827670f06c0e1eef3083f4fd3afabf2fd050f2597122a0e295659
results/figures/combined/fig_1d_trace_ratio_gate_comparison.png,125539,2026-08-13T08:34:00.329134+00:00,c2a8b3692763a164c9a2146a8477d2a6c5f8fe74fdaa32e0abdfbafcdb47e3cc
results/processed/_archive/all_metrics_final.before_metadata_2026-07-21_003738.csv,608338,2026-07-21T03:49:53.796842+00:00,2349411be2be73ca542a1ab124e9e11e2d24b9e82d559f5828d13daf15517373
results/processed/aaf_pinn_storage_check.csv,7139,2026-07-04T04:41:57.613446+00:00,95edfbd540b505f0ea1d4e956538b12b6a185797450717283ef4776aeaccf560
results/processed/all_metrics_final.csv,638386,2026-08-14T09:10:39.832303+00:00,5a2ac7457be1416ff0dec91b377ab3673e8fc830be6bc75f5feb3ca5f7aab511
results/processed/analytical_reference_checkpoint_integrity.csv,101848,2026-07-21T04:37:39.666164+00:00,138c1cfb855162ab03f59cfd0e0a7399e49bff42614d001041c6f31bce69d242
results/processed/analytical_reference_metadata_update_audit.csv,44670,2026-07-21T03:49:54.108842+00:00,a1656bcfd2ca0d8ceb155ede6169b1c0cd0dec2456795438d3db668c3e9617a8
results/processed/appendix_c/fv512_fv1024_full_ranking_audit.csv,1174,2026-08-13T12:04:54.103882+00:00,65f1a2f3f473d5b9cf8edf8797f3e9f589a438023e6b0a284227b4092bb6a0cb
results/processed/appendix_c/fv512_seed_level_model_errors.csv,2623,2026-08-13T12:04:54.099882+00:00,8d5c5a334eda5983d8e38d834c32025a5df8393dec39f630961c74826b4dbfbf
results/processed/appendix_c/table_c2_reference_sensitivity.csv,269,2026-08-13T12:04:54.103882+00:00,8f374ae586b36c42db80c7c12851ccde35fde433af3340cfd138140f9d5aaa22
results/processed/audit/2d_shallowwater/fv1024_all_50_reevaluation.csv,29341,2026-07-20T13:46:59.551786+00:00,5f7c1f5220e6c9cb5a25ad1583136389c18d7f6a05e6dd0f0b7d4d61475a8fab
results/processed/audit/2d_shallowwater/fv1024_ours_valid_mask_all_probe_bounds_v1_reevaluation.csv,3126,2026-08-04T11:59:38.274750+00:00,d2b6d44d713b436a7575fd89107bf0f88d14381619f32f3608f4058ca7760621
results/processed/audit/2d_shallowwater/fv1024_pinn_ours_reevaluation.csv,6000,2026-07-20T13:08:54.450237+00:00,686645c51260fdabb9c3a73dd85309dccf1d17ce71da8dd67a86165af4602722
results/processed/backups/2d_shallowwater_before_all_50_20260720_094338/all_metrics_final.csv,537734,2026-07-20T13:08:54.442237+00:00,08e2389d4cb9b570e1d1c1e70fb12beba6c0a730cec3580eb7d0da51ccbfaa32
results/processed/backups/2d_shallowwater_before_all_50_20260720_094338/run_json/aaf_pinn/seed_100/metrics_adamw.json,2790,2026-07-03T05:19:34.986318+00:00,35554803e824dcbfbc806fa4872ecab4af2f623af4786f2064b67ad92ea3c009
results/processed/backups/2d_shallowwater_before_all_50_20260720_094338/run_json/aaf_pinn/seed_100/metrics_final.json,2790,2026-07-03T05:19:34.986318+00:00,35554803e824dcbfbc806fa4872ecab4af2f623af4786f2064b67ad92ea3c009
results/processed/backups/2d_shallowwater_before_all_50_20260720_094338/run_json/aaf_pinn/seed_2026/metrics_adamw.json,2783,2026-07-03T04:39:30.281835+00:00,27ec9753d3421e0c9e26b9f3e937e08ce075f9d2b7b0d2c8c1df699a557d0e0a
results/processed/backups/2d_shallowwater_before_all_50_20260720_094338/run_json/aaf_pinn/seed_2026/metrics_final.json,2783,2026-07-03T04:39:30.285835+00:00,27ec9753d3421e0c9e26b9f3e937e08ce075f9d2b7b0d2c8c1df699a557d0e0a
results/processed/backups/2d_shallowwater_before_all_50_20260720_094338/run_json/aaf_pinn/seed_31415/metrics_adamw.json,2789,2026-07-03T05:32:06.932897+00:00,a32cdb3df4996e6e27c20152ab2c5a42a0d49288cd22bcf98fa653ab8eeca8ca
results/processed/backups/2d_shallowwater_before_all_50_20260720_094338/run_json/aaf_pinn/seed_31415/metrics_final.json,2789,2026-07-03T05:32:06.932897+00:00,a32cdb3df4996e6e27c20152ab2c5a42a0d49288cd22bcf98fa653ab8eeca8ca
results/processed/backups/2d_shallowwater_before_all_50_20260720_094338/run_json/aaf_pinn/seed_42/metrics_adamw.json,2790,2026-07-03T05:05:27.155163+00:00,bccf8ce8089005e35c5c277374b03e32c96bab848c2ea277e12b75b6521a4ea5
results/processed/backups/2d_shallowwater_before_all_50_20260720_094338/run_json/aaf_pinn/seed_42/metrics_final.json,2790,2026-07-03T05:05:27.159163+00:00,bccf8ce8089005e35c5c277374b03e32c96bab848c2ea277e12b75b6521a4ea5
results/processed/backups/2d_shallowwater_before_all_50_20260720_094338/run_json/aaf_pinn/seed_7/metrics_adamw.json,2796,2026-07-03T04:52:23.817424+00:00,9425b95fa94f31c81b1b884bda8374046b15b4cb58f5d41a7890d6140bc842b3
results/processed/backups/2d_shallowwater_before_all_50_20260720_094338/run_json/aaf_pinn/seed_7/metrics_final.json,2796,2026-07-03T04:52:23.817424+00:00,9425b95fa94f31c81b1b884bda8374046b15b4cb58f5d41a7890d6140bc842b3
results/processed/backups/2d_shallowwater_before_all_50_20260720_094338/run_json/cpinn/seed_100/metrics_adamw.json,3006,2026-07-04T08:06:25.723506+00:00,2edbaa14c9fbb8fe89f3e90dd2cc38446e0f8c4f1a8dc7f5adb4703133ba9e4b
results/processed/backups/2d_shallowwater_before_all_50_20260720_094338/run_json/cpinn/seed_100/metrics_final.json,3006,2026-07-04T08:06:25.723506+00:00,2edbaa14c9fbb8fe89f3e90dd2cc38446e0f8c4f1a8dc7f5adb4703133ba9e4b
results/processed/backups/2d_shallowwater_before_all_50_20260720_094338/run_json/cpinn/seed_2026/metrics_adamw.json,3013,2026-07-04T05:47:47.498188+00:00,3ab06b0ab44b9a001c992c82286568391bd45258eec88cce1df3050653cfbed3
results/processed/backups/2d_shallowwater_before_all_50_20260720_094338/run_json/cpinn/seed_2026/metrics_final.json,3013,2026-07-04T05:47:47.498188+00:00,3ab06b0ab44b9a001c992c82286568391bd45258eec88cce1df3050653cfbed3
results/processed/backups/2d_shallowwater_before_all_50_20260720_094338/run_json/cpinn/seed_31415/metrics_adamw.json,3018,2026-07-04T08:55:18.465284+00:00,605a0c4d54182e1efae8666c67693deea679db9cc9b025138d99bb576edf87e8
results/processed/backups/2d_shallowwater_before_all_50_20260720_094338/run_json/cpinn/seed_31415/metrics_final.json,3018,2026-07-04T08:55:18.465284+00:00,605a0c4d54182e1efae8666c67693deea679db9cc9b025138d99bb576edf87e8
results/processed/backups/2d_shallowwater_before_all_50_20260720_094338/run_json/cpinn/seed_42/metrics_adamw.json,3016,2026-07-04T07:23:45.183897+00:00,3f34843d6a9aa9d2281d980822d5913d87b3e8787fe46fc0ea84bf4325e7ff7b
results/processed/backups/2d_shallowwater_before_all_50_20260720_094338/run_json/cpinn/seed_42/metrics_final.json,3016,2026-07-04T07:23:45.183897+00:00,3f34843d6a9aa9d2281d980822d5913d87b3e8787fe46fc0ea84bf4325e7ff7b
results/processed/backups/2d_shallowwater_before_all_50_20260720_094338/run_json/cpinn/seed_7/metrics_adamw.json,3016,2026-07-04T06:37:27.453465+00:00,0ccb7a6ffc4e77c8a7b2d44971e447f31ade82acd9a14f65c60913adc9f19014
results/processed/backups/2d_shallowwater_before_all_50_20260720_094338/run_json/cpinn/seed_7/metrics_final.json,3016,2026-07-04T06:37:27.453465+00:00,0ccb7a6ffc4e77c8a7b2d44971e447f31ade82acd9a14f65c60913adc9f19014
results/processed/backups/2d_shallowwater_before_all_50_20260720_094338/run_json/gpinn_subsampled/seed_100/metrics_adamw.json,2853,2026-07-02T17:03:17.300148+00:00,80812bdc969bb8c477cc3027006c842515114213595abad84085f406d38564c8
results/processed/backups/2d_shallowwater_before_all_50_20260720_094338/run_json/gpinn_subsampled/seed_100/metrics_final.json,2853,2026-07-02T17:03:17.300148+00:00,80812bdc969bb8c477cc3027006c842515114213595abad84085f406d38564c8
results/processed/backups/2d_shallowwater_before_all_50_20260720_094338/run_json/gpinn_subsampled/seed_2026/metrics_adamw.json,2848,2026-07-02T13:11:00.945809+00:00,ac1f6156bbb73a0dd5afd3203204c6d70a695cfb37bd76e911a324fc303f92b4
results/processed/backups/2d_shallowwater_before_all_50_20260720_094338/run_json/gpinn_subsampled/seed_2026/metrics_final.json,2848,2026-07-02T13:11:00.945809+00:00,ac1f6156bbb73a0dd5afd3203204c6d70a695cfb37bd76e911a324fc303f92b4
results/processed/backups/2d_shallowwater_before_all_50_20260720_094338/run_json/gpinn_subsampled/seed_31415/metrics_adamw.json,2856,2026-07-02T18:28:44.394854+00:00,31b984d565e8bf985325b418969a34b176b66505bddebaab6ba8da2315edf101
results/processed/backups/2d_shallowwater_before_all_50_20260720_094338/run_json/gpinn_subsampled/seed_31415/metrics_final.json,2856,2026-07-02T18:28:44.394854+00:00,31b984d565e8bf985325b418969a34b176b66505bddebaab6ba8da2315edf101
results/processed/backups/2d_shallowwater_before_all_50_20260720_094338/run_json/gpinn_subsampled/seed_42/metrics_adamw.json,2853,2026-07-02T15:45:24.719422+00:00,8588f2845d1830a8e62ac387b5181c3f5d464f35983a61f8f553eae603b21f3d
results/processed/backups/2d_shallowwater_before_all_50_20260720_094338/run_json/gpinn_subsampled/seed_42/metrics_final.json,2853,2026-07-02T15:45:24.719422+00:00,8588f2845d1830a8e62ac387b5181c3f5d464f35983a61f8f553eae603b21f3d
results/processed/backups/2d_shallowwater_before_all_50_20260720_094338/run_json/gpinn_subsampled/seed_7/metrics_adamw.json,2844,2026-07-02T14:28:28.832477+00:00,32d6f528dce7f2b106cdc770fd021722df20c97f6f4eb2347ab6320d15a47478
results/processed/backups/2d_shallowwater_before_all_50_20260720_094338/run_json/gpinn_subsampled/seed_7/metrics_final.json,2844,2026-07-02T14:28:28.832477+00:00,32d6f528dce7f2b106cdc770fd021722df20c97f6f4eb2347ab6320d15a47478
results/processed/backups/2d_shallowwater_before_all_50_20260720_094338/run_json/lra_pinn/seed_100/metrics_adamw.json,2766,2026-07-02T02:24:04.838318+00:00,e8dbd6bde7ac9e2f9989bf6eb0981086bcc9811ab71325c6d886855d122496d0
results/processed/backups/2d_shallowwater_before_all_50_20260720_094338/run_json/lra_pinn/seed_100/metrics_final.json,2766,2026-07-02T02:24:04.838318+00:00,e8dbd6bde7ac9e2f9989bf6eb0981086bcc9811ab71325c6d886855d122496d0
results/processed/backups/2d_shallowwater_before_all_50_20260720_094338/run_json/lra_pinn/seed_2026/metrics_adamw.json,2774,2026-07-02T01:50:58.442622+00:00,64dfb7b1ce502a567ce5b9e9569998c7fbf7f116bb28fe291afc54bb40bab452
results/processed/backups/2d_shallowwater_before_all_50_20260720_094338/run_json/lra_pinn/seed_2026/metrics_final.json,2774,2026-07-02T01:50:58.442622+00:00,64dfb7b1ce502a567ce5b9e9569998c7fbf7f116bb28fe291afc54bb40bab452
results/processed/backups/2d_shallowwater_before_all_50_20260720_094338/run_json/lra_pinn/seed_31415/metrics_adamw.json,2774,2026-07-02T02:35:02.721658+00:00,ae7156e23e71661aefca0e277fac4857bde59beabeb069026e6ea46df3c2e323
results/processed/backups/2d_shallowwater_before_all_50_20260720_094338/run_json/lra_pinn/seed_31415/metrics_final.json,2774,2026-07-02T02:35:02.721658+00:00,ae7156e23e71661aefca0e277fac4857bde59beabeb069026e6ea46df3c2e323
results/processed/backups/2d_shallowwater_before_all_50_20260720_094338/run_json/lra_pinn/seed_42/metrics_adamw.json,2769,2026-07-02T02:12:57.894005+00:00,2809f53cc0e643595e2bf4a71d4711bf0068cce6743925951ab8b92a9af3b485
results/processed/backups/2d_shallowwater_before_all_50_20260720_094338/run_json/lra_pinn/seed_42/metrics_final.json,2769,2026-07-02T02:12:57.894005+00:00,2809f53cc0e643595e2bf4a71d4711bf0068cce6743925951ab8b92a9af3b485
results/processed/backups/2d_shallowwater_before_all_50_20260720_094338/run_json/lra_pinn/seed_7/metrics_adamw.json,2787,2026-07-02T02:02:01.661722+00:00,ad9cefd5b071f17189350f76d52cdfecd7de479d238de038664192c62fe4bae4
results/processed/backups/2d_shallowwater_before_all_50_20260720_094338/run_json/lra_pinn/seed_7/metrics_final.json,2787,2026-07-02T02:02:01.661722+00:00,ad9cefd5b071f17189350f76d52cdfecd7de479d238de038664192c62fe4bae4
results/processed/backups/2d_shallowwater_before_all_50_20260720_094338/run_json/ours/seed_100/metrics_adamw.json,4304,2026-07-20T13:08:54.390237+00:00,6f86f105afb972980342f25d78932681072833b412337f34bb478a75608579a8
results/processed/backups/2d_shallowwater_before_all_50_20260720_094338/run_json/ours/seed_100/metrics_final.json,4304,2026-07-20T13:08:54.390237+00:00,6f86f105afb972980342f25d78932681072833b412337f34bb478a75608579a8
results/processed/backups/2d_shallowwater_before_all_50_20260720_094338/run_json/ours/seed_2026/metrics_adamw.json,4303,2026-07-20T13:08:54.386237+00:00,95be336fe0bc09d02315544db4fe0b73561c3de34912dd2aec721a0c4a33434b
results/processed/backups/2d_shallowwater_before_all_50_20260720_094338/run_json/ours/seed_2026/metrics_final.json,4303,2026-07-20T13:08:54.386237+00:00,95be336fe0bc09d02315544db4fe0b73561c3de34912dd2aec721a0c4a33434b
results/processed/backups/2d_shallowwater_before_all_50_20260720_094338/run_json/ours/seed_31415/metrics_adamw.json,4314,2026-07-20T13:08:54.390237+00:00,98ee0366b2c097a71a16b604f77f44026c8f4c56703e2a3647b396b6606dccbe
results/processed/backups/2d_shallowwater_before_all_50_20260720_094338/run_json/ours/seed_31415/metrics_final.json,4314,2026-07-20T13:08:54.390237+00:00,98ee0366b2c097a71a16b604f77f44026c8f4c56703e2a3647b396b6606dccbe
results/processed/backups/2d_shallowwater_before_all_50_20260720_094338/run_json/ours/seed_42/metrics_adamw.json,4303,2026-07-20T13:08:54.390237+00:00,9b3eaa21ebfb46054b3e48f2a6c599875dc019bd691d44252a6cf91d1d8e92c0
results/processed/backups/2d_shallowwater_before_all_50_20260720_094338/run_json/ours/seed_42/metrics_final.json,4303,2026-07-20T13:08:54.386237+00:00,9b3eaa21ebfb46054b3e48f2a6c599875dc019bd691d44252a6cf91d1d8e92c0
results/processed/backups/2d_shallowwater_before_all_50_20260720_094338/run_json/ours/seed_7/metrics_adamw.json,4303,2026-07-20T13:08:54.386237+00:00,9acd7d05c2de0e4236a4ffd67fdc80ec00627e3d43c8ac0b87a316ceaab20657
results/processed/backups/2d_shallowwater_before_all_50_20260720_094338/run_json/ours/seed_7/metrics_final.json,4303,2026-07-20T13:08:54.386237+00:00,9acd7d05c2de0e4236a4ffd67fdc80ec00627e3d43c8ac0b87a316ceaab20657
results/processed/backups/2d_shallowwater_before_all_50_20260720_094338/run_json/pinn/seed_100/metrics_adamw.json,4305,2026-07-20T13:08:54.386237+00:00,6a1c497a6ad95e396fc12e3f0a6974e5c63a89fbf77bf21922a21e22b83ee7fa
results/processed/backups/2d_shallowwater_before_all_50_20260720_094338/run_json/pinn/seed_100/metrics_final.json,4305,2026-07-20T13:08:54.382237+00:00,6a1c497a6ad95e396fc12e3f0a6974e5c63a89fbf77bf21922a21e22b83ee7fa
results/processed/backups/2d_shallowwater_before_all_50_20260720_094338/run_json/pinn/seed_2026/metrics_adamw.json,4302,2026-07-20T13:08:54.382237+00:00,d2f5e302c148663038b52c93eb7891046e6f224175a1dff0598c3f45ae41ca43
results/processed/backups/2d_shallowwater_before_all_50_20260720_094338/run_json/pinn/seed_2026/metrics_final.json,4302,2026-07-20T13:08:54.382237+00:00,d2f5e302c148663038b52c93eb7891046e6f224175a1dff0598c3f45ae41ca43
results/processed/backups/2d_shallowwater_before_all_50_20260720_094338/run_json/pinn/seed_31415/metrics_adamw.json,4307,2026-07-20T13:08:54.386237+00:00,58e2716497399014901a7affbdc6c1e5882e2569ce1635473619d2d5aa068343
results/processed/backups/2d_shallowwater_before_all_50_20260720_094338/run_json/pinn/seed_31415/metrics_final.json,4307,2026-07-20T13:08:54.386237+00:00,58e2716497399014901a7affbdc6c1e5882e2569ce1635473619d2d5aa068343
results/processed/backups/2d_shallowwater_before_all_50_20260720_094338/run_json/pinn/seed_42/metrics_adamw.json,4303,2026-07-20T13:08:54.382237+00:00,60dba2b4a03fac327fb1a899e7021f240fcc5e0bf0365a3697d32c84ee4b696b
results/processed/backups/2d_shallowwater_before_all_50_20260720_094338/run_json/pinn/seed_42/metrics_final.json,4303,2026-07-20T13:08:54.382237+00:00,60dba2b4a03fac327fb1a899e7021f240fcc5e0bf0365a3697d32c84ee4b696b
results/processed/backups/2d_shallowwater_before_all_50_20260720_094338/run_json/pinn/seed_7/metrics_adamw.json,4297,2026-07-20T13:08:54.382237+00:00,944a54438631c9bdabe8f30e67203886f6b5776e967dc62294201dbdd7cfe598
results/processed/backups/2d_shallowwater_before_all_50_20260720_094338/run_json/pinn/seed_7/metrics_final.json,4297,2026-07-20T13:08:54.382237+00:00,944a54438631c9bdabe8f30e67203886f6b5776e967dc62294201dbdd7cfe598
results/processed/backups/2d_shallowwater_before_all_50_20260720_094338/run_json/rad_pinn/seed_100/metrics_adamw.json,2721,2026-07-01T10:42:07.400472+00:00,632b6f4699d2b218d96ced15de2c12ce1438924c7478208ef35132c95a43d3d8
results/processed/backups/2d_shallowwater_before_all_50_20260720_094338/run_json/rad_pinn/seed_100/metrics_final.json,2721,2026-07-01T10:42:07.400472+00:00,632b6f4699d2b218d96ced15de2c12ce1438924c7478208ef35132c95a43d3d8
results/processed/backups/2d_shallowwater_before_all_50_20260720_094338/run_json/rad_pinn/seed_2026/metrics_adamw.json,2718,2026-07-01T10:10:16.274800+00:00,59e58ad23b81cc2353ced302145429bfcb91be449c1be627c20f08360483d73f
results/processed/backups/2d_shallowwater_before_all_50_20260720_094338/run_json/rad_pinn/seed_2026/metrics_final.json,2718,2026-07-01T10:10:16.274800+00:00,59e58ad23b81cc2353ced302145429bfcb91be449c1be627c20f08360483d73f
results/processed/backups/2d_shallowwater_before_all_50_20260720_094338/run_json/rad_pinn/seed_31415/metrics_adamw.json,2716,2026-07-01T10:52:45.579406+00:00,70fc00681bd69572b2520cf858120237ee7287d9a646f5f4d9d6bb6f1b2e2d21
results/processed/backups/2d_shallowwater_before_all_50_20260720_094338/run_json/rad_pinn/seed_31415/metrics_final.json,2716,2026-07-01T10:52:45.583406+00:00,70fc00681bd69572b2520cf858120237ee7287d9a646f5f4d9d6bb6f1b2e2d21
results/processed/backups/2d_shallowwater_before_all_50_20260720_094338/run_json/rad_pinn/seed_42/metrics_adamw.json,2719,2026-07-01T10:31:26.438205+00:00,590a74e55ae23542019ac2bd4b5571fc514d646729e1b87cc1dc62d1d958761d
results/processed/backups/2d_shallowwater_before_all_50_20260720_094338/run_json/rad_pinn/seed_42/metrics_final.json,2719,2026-07-01T10:31:26.438205+00:00,590a74e55ae23542019ac2bd4b5571fc514d646729e1b87cc1dc62d1d958761d
results/processed/backups/2d_shallowwater_before_all_50_20260720_094338/run_json/rad_pinn/seed_7/metrics_adamw.json,2723,2026-07-01T10:20:46.554371+00:00,984d0e6f61aad9eec364428ceec5eb771be174344369a194e30f9c6db57cf601
results/processed/backups/2d_shallowwater_before_all_50_20260720_094338/run_json/rad_pinn/seed_7/metrics_final.json,2723,2026-07-01T10:20:46.554371+00:00,984d0e6f61aad9eec364428ceec5eb771be174344369a194e30f9c6db57cf601
results/processed/backups/2d_shallowwater_before_all_50_20260720_094338/run_json/rar_d_pinn/seed_100/metrics_adamw.json,2833,2026-07-01T12:12:18.803013+00:00,7b2566b7a707cb807206f1ca8b680b3ad8b01aefebf9f0cba2e926da7ea19449
results/processed/backups/2d_shallowwater_before_all_50_20260720_094338/run_json/rar_d_pinn/seed_100/metrics_final.json,2833,2026-07-01T12:12:18.803013+00:00,7b2566b7a707cb807206f1ca8b680b3ad8b01aefebf9f0cba2e926da7ea19449
results/processed/backups/2d_shallowwater_before_all_50_20260720_094338/run_json/rar_d_pinn/seed_2026/metrics_adamw.json,2833,2026-07-01T11:38:09.901402+00:00,2fd9a54bd2dc84439f71b1eb452859e9d1643d5915071a714c4045e070987f3f
results/processed/backups/2d_shallowwater_before_all_50_20260720_094338/run_json/rar_d_pinn/seed_2026/metrics_final.json,2833,2026-07-01T11:38:09.901402+00:00,2fd9a54bd2dc84439f71b1eb452859e9d1643d5915071a714c4045e070987f3f
results/processed/backups/2d_shallowwater_before_all_50_20260720_094338/run_json/rar_d_pinn/seed_31415/metrics_adamw.json,2835,2026-07-01T12:22:52.693037+00:00,698cb8f65a751d819119509778ffcc640294b2b121e7fe8777fc1f116853ffe7
results/processed/backups/2d_shallowwater_before_all_50_20260720_094338/run_json/rar_d_pinn/seed_31415/metrics_final.json,2835,2026-07-01T12:22:52.693037+00:00,698cb8f65a751d819119509778ffcc640294b2b121e7fe8777fc1f116853ffe7
results/processed/backups/2d_shallowwater_before_all_50_20260720_094338/run_json/rar_d_pinn/seed_42/metrics_adamw.json,2827,2026-07-01T12:01:32.442939+00:00,ddfb4c3e8e6572f0202b70a6692592514fdfc84c3f105d1f896b12626fd18e5d
results/processed/backups/2d_shallowwater_before_all_50_20260720_094338/run_json/rar_d_pinn/seed_42/metrics_final.json,2827,2026-07-01T12:01:32.442939+00:00,ddfb4c3e8e6572f0202b70a6692592514fdfc84c3f105d1f896b12626fd18e5d
results/processed/backups/2d_shallowwater_before_all_50_20260720_094338/run_json/rar_d_pinn/seed_7/metrics_adamw.json,2830,2026-07-01T11:50:43.856341+00:00,7ccb93784d1b26f5910d420fd85e79bd11c2a4753118738c4513b40cb3ef8c83
results/processed/backups/2d_shallowwater_before_all_50_20260720_094338/run_json/rar_d_pinn/seed_7/metrics_final.json,2830,2026-07-01T11:50:43.856341+00:00,7ccb93784d1b26f5910d420fd85e79bd11c2a4753118738c4513b40cb3ef8c83
results/processed/backups/2d_shallowwater_before_all_50_20260720_094338/run_json/sa_pinn/seed_100/metrics_adamw.json,2872,2026-07-01T14:03:56.436274+00:00,cd31a0943f0234dba2ef08b4cfecd5ae1da34e0e530d731eaa8181fbb9c5de6b
results/processed/backups/2d_shallowwater_before_all_50_20260720_094338/run_json/sa_pinn/seed_100/metrics_final.json,2872,2026-07-01T14:03:56.436274+00:00,cd31a0943f0234dba2ef08b4cfecd5ae1da34e0e530d731eaa8181fbb9c5de6b
results/processed/backups/2d_shallowwater_before_all_50_20260720_094338/run_json/sa_pinn/seed_2026/metrics_adamw.json,2874,2026-07-01T13:22:41.585083+00:00,47330b60c50ecebf8fba177f33ead29d42d4c181aff3f8b084fb0b7d125332ff
results/processed/backups/2d_shallowwater_before_all_50_20260720_094338/run_json/sa_pinn/seed_2026/metrics_final.json,2874,2026-07-01T13:22:41.585083+00:00,47330b60c50ecebf8fba177f33ead29d42d4c181aff3f8b084fb0b7d125332ff
results/processed/backups/2d_shallowwater_before_all_50_20260720_094338/run_json/sa_pinn/seed_31415/metrics_adamw.json,2871,2026-07-01T14:15:31.937514+00:00,1fd7ab9fc430341c1ba60159a5b599db42c9ace0847e19fc8a5aabcf0f17f841
results/processed/backups/2d_shallowwater_before_all_50_20260720_094338/run_json/sa_pinn/seed_31415/metrics_final.json,2871,2026-07-01T14:15:31.937514+00:00,1fd7ab9fc430341c1ba60159a5b599db42c9ace0847e19fc8a5aabcf0f17f841
results/processed/backups/2d_shallowwater_before_all_50_20260720_094338/run_json/sa_pinn/seed_42/metrics_adamw.json,2850,2026-07-01T13:52:13.818418+00:00,4aa51c14bc224fc04b559162d8bc05bc45ae5f5437713970dd740d5b0f1aa59f
results/processed/backups/2d_shallowwater_before_all_50_20260720_094338/run_json/sa_pinn/seed_42/metrics_final.json,2850,2026-07-01T13:52:13.818418+00:00,4aa51c14bc224fc04b559162d8bc05bc45ae5f5437713970dd740d5b0f1aa59f
results/processed/backups/2d_shallowwater_before_all_50_20260720_094338/run_json/sa_pinn/seed_7/metrics_adamw.json,2866,2026-07-01T13:37:20.617790+00:00,eae7cc0900f0f8e59dc7356957cb105a093d695d6d89280f782ba17f36fb9e34
results/processed/backups/2d_shallowwater_before_all_50_20260720_094338/run_json/sa_pinn/seed_7/metrics_final.json,2866,2026-07-01T13:37:20.617790+00:00,eae7cc0900f0f8e59dc7356957cb105a093d695d6d89280f782ba17f36fb9e34
results/processed/backups/2d_shallowwater_before_all_50_20260720_094338/run_json/xpinn/seed_100/metrics_adamw.json,3013,2026-07-05T13:10:11.176201+00:00,2b475582409800d7c52eaab05090d15842442ff82e2df252885fe1962c5b7151
results/processed/backups/2d_shallowwater_before_all_50_20260720_094338/run_json/xpinn/seed_100/metrics_final.json,3013,2026-07-05T13:10:11.176201+00:00,2b475582409800d7c52eaab05090d15842442ff82e2df252885fe1962c5b7151
results/processed/backups/2d_shallowwater_before_all_50_20260720_094338/run_json/xpinn/seed_2026/metrics_adamw.json,3007,2026-07-05T06:54:43.911584+00:00,3ea47d4dcdaa994e07a989c6a850d8330a0e62670290072f8c33168210ebf8f9
results/processed/backups/2d_shallowwater_before_all_50_20260720_094338/run_json/xpinn/seed_2026/metrics_final.json,3007,2026-07-05T06:54:43.915584+00:00,3ea47d4dcdaa994e07a989c6a850d8330a0e62670290072f8c33168210ebf8f9
results/processed/backups/2d_shallowwater_before_all_50_20260720_094338/run_json/xpinn/seed_31415/metrics_adamw.json,3009,2026-07-05T15:13:05.880339+00:00,68aa3e93785ac87d169b1a6551e2017aae356024a36ccb90f94cc9fb3d9bac2d
results/processed/backups/2d_shallowwater_before_all_50_20260720_094338/run_json/xpinn/seed_31415/metrics_final.json,3009,2026-07-05T15:13:05.880339+00:00,68aa3e93785ac87d169b1a6551e2017aae356024a36ccb90f94cc9fb3d9bac2d
results/processed/backups/2d_shallowwater_before_all_50_20260720_094338/run_json/xpinn/seed_42/metrics_adamw.json,3006,2026-07-05T10:30:01.242143+00:00,7559f1bdbe34566d278aad5a32b0d64845b71962f05b4dff798270403dc93cda
results/processed/backups/2d_shallowwater_before_all_50_20260720_094338/run_json/xpinn/seed_42/metrics_final.json,3006,2026-07-05T10:30:01.242143+00:00,7559f1bdbe34566d278aad5a32b0d64845b71962f05b4dff798270403dc93cda
results/processed/backups/2d_shallowwater_before_all_50_20260720_094338/run_json/xpinn/seed_7/metrics_adamw.json,3001,2026-07-05T08:43:40.255127+00:00,dbb29311c32a0c9d192a88920613b11e19ceeda680c6afedd049bfd2f857d235
results/processed/backups/2d_shallowwater_before_all_50_20260720_094338/run_json/xpinn/seed_7/metrics_final.json,3001,2026-07-05T08:43:40.255127+00:00,dbb29311c32a0c9d192a88920613b11e19ceeda680c6afedd049bfd2f857d235
results/processed/backups/2d_shallowwater_before_all_50_20260720_094338/summary/aaf_pinn_metrics.csv,7002,2026-07-03T05:32:07.236895+00:00,b5b68bb4d36455beb256ebb279205806c9c1db2ec291360fbf1940863d7b26cd
results/processed/backups/2d_shallowwater_before_all_50_20260720_094338/summary/cpinn_metrics.csv,7283,2026-07-04T08:55:18.737283+00:00,2eabbc1e5129a13130ffc76e894aa0c21a6b88d27f9df3458e2989f94bdfa828
results/processed/backups/2d_shallowwater_before_all_50_20260720_094338/summary/gpinn_subsampled_metrics.csv,7142,2026-07-02T18:28:44.758853+00:00,d6e3c23481a417b68f75b2ef1cbe1a72efc157ae7a401341036dd7d4980b0798
results/processed/backups/2d_shallowwater_before_all_50_20260720_094338/summary/lra_pinn_metrics.csv,6780,2026-07-02T02:35:02.925656+00:00,806191b1a11c20f7b5dd2bdc2a29a63ba858d6f64865691b3e36e36fa07cae40
results/processed/backups/2d_shallowwater_before_all_50_20260720_094338/summary/pinn_ours_metrics.csv,22277,2026-07-20T13:08:54.394237+00:00,2bd622e84989b002f5d1965ced1dc65f9f2725eea1a026f3fb1746e1e385f486
results/processed/backups/2d_shallowwater_before_all_50_20260720_094338/summary/rad_pinn_metrics.csv,6739,2026-07-01T10:52:45.791403+00:00,b92213d80f049f0d0e60c3810c1a106e07c43002336c5acf77c7f0133e0d9fca
results/processed/backups/2d_shallowwater_before_all_50_20260720_094338/summary/rar_d_pinn_metrics.csv,6938,2026-07-01T12:22:52.917036+00:00,e90fe8ab15d2af447c36fd4eec8eccf35ce68b1bbe8635f1ad0836cdfaf6179d
results/processed/backups/2d_shallowwater_before_all_50_20260720_094338/summary/sa_pinn_metrics.csv,7145,2026-07-01T14:15:32.277509+00:00,ebb1481934412002854d2db36b958e0ca655375dbe381d3f00d6a45bebc385b8
results/processed/backups/2d_shallowwater_before_all_50_20260720_094338/summary/xpinn_metrics.csv,7218,2026-07-07T13:16:58.203379+00:00,4d869e4941683060f5be0f311f43d6f6e9644a4255950ac30c94d8c145ae837f
results/processed/backups/2d_shallowwater_before_ours_valid_mask_all_probe_bounds_v1_20260804_075918/all_metrics_final.csv,635761,2026-08-04T10:22:46.916114+00:00,13ce6744b0e35cce1f097c2229278e37a07cc69c03b5a47cda7e671cf3035bcf
results/processed/backups/2d_shallowwater_before_ours_valid_mask_all_probe_bounds_v1_20260804_075918/run_json/ours/seed_100/metrics_adamw.json,1074,2026-08-04T11:50:59.897749+00:00,819aa46fbe9cda71a618251d8e5453e6b5fb3f2e7aaf0633518136833804ef9d
results/processed/backups/2d_shallowwater_before_ours_valid_mask_all_probe_bounds_v1_20260804_075918/run_json/ours/seed_100/metrics_final.json,1074,2026-08-04T11:50:59.897749+00:00,819aa46fbe9cda71a618251d8e5453e6b5fb3f2e7aaf0633518136833804ef9d
results/processed/backups/2d_shallowwater_before_ours_valid_mask_all_probe_bounds_v1_20260804_075918/run_json/ours/seed_2026/metrics_adamw.json,1078,2026-08-04T11:26:42.489956+00:00,001b991f0d38b7b1f2a9c10c157648bb569aa757ce3cf6f0d30e214d10f59140
results/processed/backups/2d_shallowwater_before_ours_valid_mask_all_probe_bounds_v1_20260804_075918/run_json/ours/seed_2026/metrics_final.json,1078,2026-08-04T11:26:42.489956+00:00,001b991f0d38b7b1f2a9c10c157648bb569aa757ce3cf6f0d30e214d10f59140
results/processed/backups/2d_shallowwater_before_ours_valid_mask_all_probe_bounds_v1_20260804_075918/run_json/ours/seed_31415/metrics_adamw.json,1079,2026-08-04T11:59:16.922874+00:00,f38b8271ccfeec9f6e22d04f8d9a0c0919b337d9727cb37850d2450ebd6f5124
results/processed/backups/2d_shallowwater_before_ours_valid_mask_all_probe_bounds_v1_20260804_075918/run_json/ours/seed_31415/metrics_final.json,1079,2026-08-04T11:59:16.922874+00:00,f38b8271ccfeec9f6e22d04f8d9a0c0919b337d9727cb37850d2450ebd6f5124
results/processed/backups/2d_shallowwater_before_ours_valid_mask_all_probe_bounds_v1_20260804_075918/run_json/ours/seed_42/metrics_adamw.json,1073,2026-08-04T11:42:57.528471+00:00,e794213833919f218ff9116e35511fb28e09e171526fc4dac6501cd23acb113c
results/processed/backups/2d_shallowwater_before_ours_valid_mask_all_probe_bounds_v1_20260804_075918/run_json/ours/seed_42/metrics_final.json,1073,2026-08-04T11:42:57.528471+00:00,e794213833919f218ff9116e35511fb28e09e171526fc4dac6501cd23acb113c
results/processed/backups/2d_shallowwater_before_ours_valid_mask_all_probe_bounds_v1_20260804_075918/run_json/ours/seed_7/metrics_adamw.json,1072,2026-08-04T11:34:50.491039+00:00,a96a6c81ba8f9f964b7d3e42b99e5cc7a228248b10ed00684a539928cd9c8c42
results/processed/backups/2d_shallowwater_before_ours_valid_mask_all_probe_bounds_v1_20260804_075918/run_json/ours/seed_7/metrics_final.json,1072,2026-08-04T11:34:50.491039+00:00,a96a6c81ba8f9f964b7d3e42b99e5cc7a228248b10ed00684a539928cd9c8c42
results/processed/backups/2d_shallowwater_before_ours_valid_mask_all_probe_bounds_v1_20260804_075918/summary/pinn_ours_metrics.csv,15094,2026-08-04T11:59:17.186872+00:00,6d7bf8ea4d57a92ae39fb921e1645478370d32a7b8e165c9c3388219a31293dc
results/processed/backups/2d_shallowwater_before_pinn_ours_20260720_090818/all_metrics_final.csv,522347,2026-07-20T10:45:48.033216+00:00,35f280af5dfa05c046917616eaed229b38807d99174c1653c74ef243cb285f9a
results/processed/backups/2d_shallowwater_before_pinn_ours_20260720_090818/run_json/ours/seed_100/metrics_adamw.json,2694,2026-07-01T06:21:42.735480+00:00,6582a71f6299f502c108c35d16afbe5c6a5c594a0f1ce0cfacf059fff9e89c64
results/processed/backups/2d_shallowwater_before_pinn_ours_20260720_090818/run_json/ours/seed_100/metrics_final.json,2694,2026-07-01T06:21:42.735480+00:00,6582a71f6299f502c108c35d16afbe5c6a5c594a0f1ce0cfacf059fff9e89c64
results/processed/backups/2d_shallowwater_before_pinn_ours_20260720_090818/run_json/ours/seed_2026/metrics_adamw.json,2703,2026-07-01T05:15:28.413446+00:00,2429595d603f6fab2512b2df7f610cc096d0e5d3838916990fea70ade5334861
results/processed/backups/2d_shallowwater_before_pinn_ours_20260720_090818/run_json/ours/seed_2026/metrics_final.json,2703,2026-07-01T05:15:28.413446+00:00,2429595d603f6fab2512b2df7f610cc096d0e5d3838916990fea70ade5334861
results/processed/backups/2d_shallowwater_before_pinn_ours_20260720_090818/run_json/ours/seed_31415/metrics_adamw.json,2705,2026-07-01T06:41:15.401394+00:00,c716f7bd447bf0c764bf0de6aa1e51422efb985a4420aceaa06a07ebd9d5d7c8
results/processed/backups/2d_shallowwater_before_pinn_ours_20260720_090818/run_json/ours/seed_31415/metrics_final.json,2705,2026-07-01T06:41:15.401394+00:00,c716f7bd447bf0c764bf0de6aa1e51422efb985a4420aceaa06a07ebd9d5d7c8
results/processed/backups/2d_shallowwater_before_pinn_ours_20260720_090818/run_json/ours/seed_42/metrics_adamw.json,2699,2026-07-01T06:01:36.083138+00:00,7da133c281e79e2afa3cd9910b2822e9d8cc779ab8feba7c61fc0cc424288e16
results/processed/backups/2d_shallowwater_before_pinn_ours_20260720_090818/run_json/ours/seed_42/metrics_final.json,2699,2026-07-01T06:01:36.083138+00:00,7da133c281e79e2afa3cd9910b2822e9d8cc779ab8feba7c61fc0cc424288e16
results/processed/backups/2d_shallowwater_before_pinn_ours_20260720_090818/run_json/ours/seed_7/metrics_adamw.json,2693,2026-07-01T05:41:21.510806+00:00,51defa5a9fb0d2a48789e2b128cba29fbe33f5a6559e6ba41c068cd587dcb047
results/processed/backups/2d_shallowwater_before_pinn_ours_20260720_090818/run_json/ours/seed_7/metrics_final.json,2693,2026-07-01T05:41:21.510806+00:00,51defa5a9fb0d2a48789e2b128cba29fbe33f5a6559e6ba41c068cd587dcb047
results/processed/backups/2d_shallowwater_before_pinn_ours_20260720_090818/run_json/pinn/seed_100/metrics_adamw.json,2700,2026-07-01T06:12:07.003032+00:00,f00eea2e09cc2b5961c28e6c2c9973709b759ef493266521e3895b9e9a45b337
results/processed/backups/2d_shallowwater_before_pinn_ours_20260720_090818/run_json/pinn/seed_100/metrics_final.json,2700,2026-07-01T06:12:07.003032+00:00,f00eea2e09cc2b5961c28e6c2c9973709b759ef493266521e3895b9e9a45b337
results/processed/backups/2d_shallowwater_before_pinn_ours_20260720_090818/run_json/pinn/seed_2026/metrics_adamw.json,2699,2026-07-01T05:05:55.548667+00:00,c5a7b073c3a719cb30c4626925cc7cbd80508e85f78ddb7cbcba3c90c90b084c
results/processed/backups/2d_shallowwater_before_pinn_ours_20260720_090818/run_json/pinn/seed_2026/metrics_final.json,2699,2026-07-01T05:05:55.548667+00:00,c5a7b073c3a719cb30c4626925cc7cbd80508e85f78ddb7cbcba3c90c90b084c
results/processed/backups/2d_shallowwater_before_pinn_ours_20260720_090818/run_json/pinn/seed_31415/metrics_adamw.json,2700,2026-07-01T06:32:14.705651+00:00,56c792c3575af71d971c0d60881ed4989a0825722b1982ff9e4fd8314c3fa09e
results/processed/backups/2d_shallowwater_before_pinn_ours_20260720_090818/run_json/pinn/seed_31415/metrics_final.json,2700,2026-07-01T06:32:14.705651+00:00,56c792c3575af71d971c0d60881ed4989a0825722b1982ff9e4fd8314c3fa09e
results/processed/backups/2d_shallowwater_before_pinn_ours_20260720_090818/run_json/pinn/seed_42/metrics_adamw.json,2701,2026-07-01T05:52:00.155530+00:00,195cd68ea30622fbb07e70eb3dbd86d1374c4d9df60218f61f59ed5c20283aed
results/processed/backups/2d_shallowwater_before_pinn_ours_20260720_090818/run_json/pinn/seed_42/metrics_final.json,2701,2026-07-01T05:52:00.155530+00:00,195cd68ea30622fbb07e70eb3dbd86d1374c4d9df60218f61f59ed5c20283aed
results/processed/backups/2d_shallowwater_before_pinn_ours_20260720_090818/run_json/pinn/seed_7/metrics_adamw.json,2704,2026-07-01T05:31:48.279168+00:00,55bf64d1f611851e3494b0624c4916b48b261d0404719bc7fcf2d684a487b08e
results/processed/backups/2d_shallowwater_before_pinn_ours_20260720_090818/run_json/pinn/seed_7/metrics_final.json,2704,2026-07-01T05:31:48.279168+00:00,55bf64d1f611851e3494b0624c4916b48b261d0404719bc7fcf2d684a487b08e
results/processed/backups/2d_shallowwater_before_pinn_ours_20260720_090818/summary/pinn_ours_metrics.csv,12454,2026-07-19T12:10:13.800910+00:00,3fe3c31e25431063e1bc02f821998cfaf27d11dd1d83e2e6ebe6ddf2d287900a
results/processed/cpinn_storage_check.csv,6048,2026-07-05T04:29:41.499727+00:00,ac0d3155269912a3115f413c9cd078140bdc44d03b7664890ad2eeff9c55f00a
results/processed/figure_cache/1d_burgers/burgers_1d_median_seed_heatmap_benchmark.npz,1973796,2026-07-20T05:04:53.493013+00:00,7b6e74039ab7ad73332221c48a72245fe7bceacf4e48ffdf60f02c50d6e9cdec
results/processed/figure_cache/1d_burgers/burgers_figure_source_audit.csv,1340,2026-07-23T02:12:09.535502+00:00,f9a841601c86c6293f25abbf8af44cdba04a31f334cd43dd2aeb50c61e5108c2
results/processed/figure_cache/1d_burgers/burgers_multiseed_paper_cache_benchmark.npz,207844,2026-07-20T05:04:52.977017+00:00,9cc3c0d3d56f661646bd93f33218cf2d0d08aedcfc0140a50c4d8c203843336f
results/processed/figure_cache/1d_euler/euler1d_checkpoint_metric_verification.csv,17488,2026-07-16T10:39:53.048588+00:00,836679b638c17e212ed6146807d37448bd3f4c5d13afdea69fc4fd8f3f3f3b18
results/processed/figure_cache/1d_euler/euler1d_figure_source_audit.csv,2879,2026-07-21T07:06:59.893320+00:00,9c3a2dd2d47bfbe5debbadd1d1da312c155e4d098be4355e65e854b875d7efc8
results/processed/figure_cache/1d_euler/euler1d_figure_source_audit_final.csv,1336,2026-07-21T02:44:22.293892+00:00,b515ea023175bf074c65fd2a0bf0be88ec654dda5f45d8fe9ea71590cd11bd6d
results/processed/figure_cache/1d_euler/euler1d_median_seed_heatmap_benchmark.npz,4828082,2026-07-21T07:07:02.513309+00:00,1dbfa080460e6d01806c8a37112e53ba69dde0862bfd3a8ce3b3735a8cb0082d
results/processed/figure_cache/1d_euler/euler1d_multiseed_line_benchmark.npz,786508,2026-07-21T07:07:01.793312+00:00,8719d0eda2fd03753321163d0c51d0210449a654ef40b5ce914f5e8b7eb24409
results/processed/figure_cache/1d_shallowwater/shallowwater_figure_source_audit.csv,3210,2026-07-21T07:33:21.056952+00:00,ab6a85d673eac881d16436d1032b0ab0bfb379e3ac8523a728c7dea0d36611af
results/processed/figure_cache/1d_shallowwater/shallowwater_figure_source_audit_final.csv,1032,2026-07-20T12:32:29.066734+00:00,4747a4eb44d41a05793024ec9185ecea7a464dc861b565059c74224bcc052ff3
results/processed/figure_cache/1d_shallowwater/shallowwater_median_seed_heatmap_benchmark_exact_stoker.npz,3038486,2026-07-21T07:33:23.188941+00:00,fa9ae7620490e6d1c5d975c674da0c91be5165be7463ac2e5016e640a0111f23
results/processed/figure_cache/1d_shallowwater/shallowwater_multiseed_line_benchmark_exact_stoker.npz,242910,2026-07-21T07:33:22.736943+00:00,39715c5b061fe315e0eeb96a040014705f42aff2c74b67cd75f1fa598267cd46
results/processed/figure_cache/2d_burgers/burgers2d_3d_median_seed_benchmark.npz,402826,2026-08-14T08:58:16.194682+00:00,ecc06b78839e786a7ab1773516ebaecad7c30b057bd6211fadcafae7b6a141b5
results/processed/figure_cache/2d_burgers/burgers2d_figure_source_audit.csv,3547,2026-08-14T08:58:13.266716+00:00,89608b3fd0c69cce4d2543f56c32bfabded0cd68ead7717cc97d7fdc1e6cccf2
results/processed/figure_cache/2d_burgers/burgers2d_heatmap_median_seed_benchmark.npz,1976386,2026-08-14T08:58:16.070683+00:00,3dc3c4920487ebebf5c285f3f976ad3b79615a84bf753bb34da8d392107145ba
results/processed/figure_cache/2d_burgers/burgers2d_normal_line_benchmark.npz,358571,2026-08-14T08:58:15.002696+00:00,cf1a811bd8bc4e8d83f3dda60c886a6bec0a23b8747f0f66b547bc446c19d5d9
results/processed/figure_cache/2d_euler/euler2d_3d_median_seed_benchmark.npz,928601,2026-08-04T10:23:17.032005+00:00,b43594a59f7487bedc918dc6be608490ecfd1fc155eb5be3e9ea79e9e0ebe5bd
results/processed/figure_cache/2d_euler/euler2d_figure_source_audit.csv,3516,2026-08-04T10:23:13.716017+00:00,4c3dc1927726fd7a311aa5a3c2bbc2961b37d4b8c089dbba462e2a802d7a580e
results/processed/figure_cache/2d_euler/euler2d_heatmap_median_seed_benchmark.npz,2236689,2026-08-04T10:23:16.868006+00:00,4d82dbf5506384e804bdb955a31227c3acf0f78e3a37a9ac42253953dc89287e
results/processed/figure_cache/2d_euler/euler2d_normal_line_benchmark.npz,1147833,2026-08-04T10:23:14.880013+00:00,8af33c69f77a4940839726603861d9cbb0b74e83e29a3f48f7130252d46695cf
results/processed/figure_cache/2d_shallowwater/swe2d_3d_median_seed_benchmark.npz,885959,2026-08-04T12:06:33.780323+00:00,53b80c39aa78546dfb05c9449a7727785d9d294bd49408d5d6ab1e735b28fbf3
results/processed/figure_cache/2d_shallowwater/swe2d_figure_source_audit.csv,3592,2026-08-04T12:03:38.909346+00:00,2bd07d60879d7599b85f09436f77770ffd4504bad36495744279c74677d27928
results/processed/figure_cache/2d_shallowwater/swe2d_final_h_multiseed_benchmark.npz,50832859,2026-08-04T12:06:33.520324+00:00,998238304280b5895eb1d34f59f77816893f594ef3e53ec1ca59643c9cd4fed7
results/processed/figure_cache/2d_shallowwater/swe2d_radial_h_ur_multiseed_benchmark.npz,622343,2026-08-04T12:06:33.672324+00:00,a8ae320e16fd8a1f69e3cf5014c3821b500d68d8830da11043adcadd40a73ccf
results/processed/gpinn_subsampled_storage_check.csv,6663,2026-07-03T04:02:34.949923+00:00,274a497fe322ba0216949c9fc4ed5f81536673d1843fe6afa04e9385d991af72
results/processed/lra_pinn_storage_check.csv,7342,2026-07-02T03:40:48.862106+00:00,ae9665b2c77edd3938eaa0cae0db4dc3dce334ed1b23a7762e5e0b7bd313cc32
results/processed/method_seed_counts.csv,1383,2026-08-14T09:10:39.840302+00:00,eeca6831f771483f1aa30bcfa5661c6b7b682288da7e26e1ef529139800bde64
results/processed/rad_pinn_storage_check.csv,5940,2026-07-01T11:22:05.667273+00:00,07269dcb6d0bc693a6842dba8efc3938535213de597a4425f332668c651208a8
results/processed/rar_d_pinn_storage_check.csv,6354,2026-07-01T12:46:30.694964+00:00,da244c21ad9869bd2033cd0de9e9e3acf3df0b212936824f1d7be003a011c838
results/processed/reference_cache/2d_shallowwater/fv_solver1024_eval1024_nt41_order2.manifest.json,2178,2026-08-13T12:04:16.052317+00:00,89f22198c4c386ac3448f78c3e5301f022e88f5313ecc96b1b92940ce0f5e44a
results/processed/reference_cache/2d_shallowwater/fv_solver1024_eval1024_nt41_order2.npz,243966416,2026-06-30T05:44:29.553697+00:00,9df6008a0562c9de764fe48c4653a682a99912fe95983f1faff9d4bbf759572c
results/processed/reference_cache/2d_shallowwater/fv_solver512_eval220_nt41_order2.npz,13163382,2026-07-01T04:55:18.026542+00:00,a8860754b5f0a2c731194f601898e239b0156d30847cc3b756f2cd0a3ef5286c
results/processed/sa_pinn_storage_check.csv,7249,2026-07-02T00:53:03.813366+00:00,2884bbf4be003bee2bddb9807243e41a50170b93da98af2e181d1d31a7918743
results/processed/table1_final_audit.json,2305,2026-08-05T04:14:21.824274+00:00,f3c26e789a9c84c9f44a5ce56e4ff7b36873fe7eae7f8a376e62578ed593c450
results/processed/table1_final_formatted.csv,1641,2026-08-05T04:14:21.816274+00:00,8b3d475620657e001204a196e3e4dfa2097535fb7266a5e9e5cbbb4de35db6dd
results/processed/table1_final_numeric.csv,2845,2026-08-05T04:14:21.816274+00:00,70a209d574bd1c55f1d073bd7009a88413cbfdac694c62eb5c8f1b2f4f241dc9
results/processed/table1_final_ranks.csv,495,2026-08-05T04:14:21.816274+00:00,89e8adbe0d02ee9511e4cb6b7c5ab5ced1b46311a8de93b9b4d4016c0349383f
results/processed/table1_result_reductions.csv,711,2026-08-05T04:14:21.820274+00:00,c3806ba583b7a432443a06dd3936161f86d7828c85c26fd6821f20ce8d0d5c49
results/processed/xpinn_storage_check.csv,6294,2026-07-07T13:28:42.752409+00:00,f3a18221f0f6ec1f1215f31309e0f7e794887d689e9e8d0411fa3efaf9f9640a
results/raw/runs/1d_burgers/_shared_warmup/seed_100/_SUCCESS,8,2026-07-01T05:42:07.886109+00:00,81b2bd4ea98c8db66554fbc8d7637a1a69a130f331feb732b75caab4c4868fd5
results/raw/runs/1d_burgers/_shared_warmup/seed_100/history_warmup.csv,2951,2026-07-01T05:42:07.882109+00:00,b489c61d156b8326086a4899b12771947c817bba25f72449f980cd9e462e91cb
results/raw/runs/1d_burgers/_shared_warmup/seed_100/metrics_warmup.json,164,2026-07-01T05:42:07.886109+00:00,f913e13d89345a2f074706010e6be5d49cec8a7774047c25ae5ba45575992d19
results/raw/runs/1d_burgers/_shared_warmup/seed_100/model_warmup.pt,336651,2026-07-01T05:42:07.886109+00:00,a1ca833ae999d64fd55423bc87bc5d37b0189ba36a56bc71b92ea7f4475f5881
results/raw/runs/1d_burgers/_shared_warmup/seed_100/status.json,97,2026-07-01T05:42:07.886109+00:00,be3a3c63bc06e0b93416c44f74ac95a87dc96382279c00376d8ad943048f3c33
results/raw/runs/1d_burgers/_shared_warmup/seed_2026/_SUCCESS,8,2026-07-01T04:40:55.201897+00:00,81b2bd4ea98c8db66554fbc8d7637a1a69a130f331feb732b75caab4c4868fd5
results/raw/runs/1d_burgers/_shared_warmup/seed_2026/history_warmup.csv,2945,2026-07-01T04:40:55.197897+00:00,f0a789ac96bc129d2b3ff32ee8ac959ec21e76e7399fb03fb1d4f332e028003d
results/raw/runs/1d_burgers/_shared_warmup/seed_2026/metrics_warmup.json,166,2026-07-01T04:40:55.201897+00:00,7bc89031f854388f73c528231cdf8df5fc55b5168ebc5614e4579b9f5be1205b
results/raw/runs/1d_burgers/_shared_warmup/seed_2026/model_warmup.pt,336651,2026-07-01T04:40:55.201897+00:00,245aeb045466ad442e75d561209e88a203b51bd9d43d688c58dd3908389c36f7
results/raw/runs/1d_burgers/_shared_warmup/seed_2026/status.json,98,2026-07-01T04:40:55.201897+00:00,1c6eb179a16c65954170bf31d363c28d51e22b58d18d9a309dd0acea3d7e2d5c
results/raw/runs/1d_burgers/_shared_warmup/seed_31415/_SUCCESS,8,2026-07-01T05:52:20.523354+00:00,81b2bd4ea98c8db66554fbc8d7637a1a69a130f331feb732b75caab4c4868fd5
results/raw/runs/1d_burgers/_shared_warmup/seed_31415/history_warmup.csv,2945,2026-07-01T05:52:20.519354+00:00,23e94e07bc2e1d931cc950ab583a35bb923b7b902d8a1c97bf94bed0c3153901
results/raw/runs/1d_burgers/_shared_warmup/seed_31415/metrics_warmup.json,167,2026-07-01T05:52:20.523354+00:00,3a6499ee546e3b3bf65002a2dc571c428648df7d94f1e13811198a69b9a032f0
results/raw/runs/1d_burgers/_shared_warmup/seed_31415/model_warmup.pt,336651,2026-07-01T05:52:20.523354+00:00,5d9ed7664a8bc1f79af833193559a19cc95a99e2816dc4fd7ad8c95847c8868c
results/raw/runs/1d_burgers/_shared_warmup/seed_31415/status.json,98,2026-07-01T05:52:20.523354+00:00,14c1e77afca43344a9f89a552a84a35bf9732fdb6754f6c1d2ecfffdd8262b07
results/raw/runs/1d_burgers/_shared_warmup/seed_42/_SUCCESS,8,2026-07-01T05:31:48.475168+00:00,81b2bd4ea98c8db66554fbc8d7637a1a69a130f331feb732b75caab4c4868fd5
results/raw/runs/1d_burgers/_shared_warmup/seed_42/history_warmup.csv,2954,2026-07-01T05:31:48.471168+00:00,d0b437f1d051a051d3828309ee85cc3115c71bb95e1decce87eb48108690934f
results/raw/runs/1d_burgers/_shared_warmup/seed_42/metrics_warmup.json,164,2026-07-01T05:31:48.475168+00:00,980475b0f8982ac3794e1ca31f3228cc26072fe8bb51626da6a18427864497f0
results/raw/runs/1d_burgers/_shared_warmup/seed_42/model_warmup.pt,336651,2026-07-01T05:31:48.475168+00:00,d8dc53e20650979115541537a6ba31add202e0ecac4c8546a8bfe8d91b05c3a9
results/raw/runs/1d_burgers/_shared_warmup/seed_42/status.json,98,2026-07-01T05:31:48.475168+00:00,ce303de5b9b28002a34aa0f10c79c8ab3d2844de1069fb1808bf0d9b4245e448
results/raw/runs/1d_burgers/_shared_warmup/seed_7/_SUCCESS,8,2026-07-01T05:21:05.712917+00:00,81b2bd4ea98c8db66554fbc8d7637a1a69a130f331feb732b75caab4c4868fd5
results/raw/runs/1d_burgers/_shared_warmup/seed_7/history_warmup.csv,2943,2026-07-01T05:21:05.708917+00:00,79609b64243a61ca8445bc797f84fb680cccfa36502e7533e125cfcc75c19ef9
results/raw/runs/1d_burgers/_shared_warmup/seed_7/metrics_warmup.json,163,2026-07-01T05:21:05.712917+00:00,e024a248da154af8d5893180f997c15a048354ecd6dcd40a01db1f11a4f1a82f
results/raw/runs/1d_burgers/_shared_warmup/seed_7/model_warmup.pt,336651,2026-07-01T05:21:05.712917+00:00,ebaca7c86d372ddcc3890bd83f6f84ffb77f58362ad1867a306398f273be3756
results/raw/runs/1d_burgers/_shared_warmup/seed_7/status.json,98,2026-07-01T05:21:05.712917+00:00,afda54856a8fc5a8d4acfe609b420011bd8d95c7d5b34db0d75c07ef6ab80400
results/raw/runs/1d_burgers/_summary/_archive/gpinn_metrics.archived_20260721_003700.csv,2274,2026-07-21T03:49:53.816842+00:00,8d5b4b429b35da534d124e50db93cf0a9c2499b0d328cf3729357226b20cc3e5
results/raw/runs/1d_burgers/_summary/aaf_pinn_metrics.csv,7168,2026-07-21T04:37:38.918167+00:00,5eb7cb39868eb51a74cc153acb7452fa7c874f108ae3095b4894a8609b7f0423
results/raw/runs/1d_burgers/_summary/cpinn_metrics.csv,7391,2026-07-21T04:37:38.926167+00:00,6d5f5e2af52d9b0e8e6148cac2f28ab11ce33738b480d704ae92784e43bd6738
results/raw/runs/1d_burgers/_summary/gpinn_subsampled_metrics.csv,7300,2026-07-21T04:37:38.914167+00:00,55522c3051eb83b7914e77d369a4304107e7dd6a8259898492c61e684bc49f6a
results/raw/runs/1d_burgers/_summary/lra_pinn_metrics.csv,7289,2026-07-21T04:37:38.906168+00:00,066d72c6e01adf59dba8593936039bd479e049b5776e40b233eeea1b154ddb4a
results/raw/runs/1d_burgers/_summary/pinn_ours_metrics.csv,12817,2026-07-21T04:37:38.882168+00:00,c0e324a486fc42c9764e2bd5da1c9d95a9004f9edf54cd874fcf11eea5383853
results/raw/runs/1d_burgers/_summary/rad_pinn_metrics.csv,6939,2026-07-21T04:37:38.890167+00:00,05bfac9977ad686ecfe94e092c07577a48015112d596e8179bc72bb0f4fe5417
results/raw/runs/1d_burgers/_summary/rar_d_pinn_metrics.csv,7141,2026-07-21T04:37:38.894168+00:00,001bb8f3966e514e2403e8cc8b6cd3e93ab8037a3122fb7195d46deaca0e60aa
results/raw/runs/1d_burgers/_summary/sa_pinn_metrics.csv,7428,2026-07-21T04:37:38.902168+00:00,c8719ebeec5a576ae267ae8ec3d9d657ad3c2eaa44b9ae1f488303c47a6aa43e
results/raw/runs/1d_burgers/_summary/xpinn_metrics.csv,7492,2026-07-21T04:37:38.930167+00:00,6e644a442e6e5e58f26588c0ccabce0621d59b6e768cdda519a14edbc2fc3629
results/raw/runs/1d_burgers/aaf_pinn/seed_100/_SUCCESS,8,2026-07-03T04:50:57.461609+00:00,81b2bd4ea98c8db66554fbc8d7637a1a69a130f331feb732b75caab4c4868fd5
results/raw/runs/1d_burgers/aaf_pinn/seed_100/config.json,1166,2026-07-03T04:45:09.754082+00:00,e27352976ebd6cc53984cd44c87f9c626e3b00035f1f9bfec7a8c622125e9f54
results/raw/runs/1d_burgers/aaf_pinn/seed_100/diagnostics/aaf_activation_history.csv,38243,2026-07-03T04:50:57.461609+00:00,3064f69dea6eea1a06d34a2a144cedce66c39bf9eb131b84644841b83db9f9f6
results/raw/runs/1d_burgers/aaf_pinn/seed_100/diagnostics/aaf_final_state.pt,1091,2026-07-03T04:50:57.461609+00:00,2bbf85430ee32bbdc388f98438a8ebb2c2338019b7008878b832c6ecb41104eb
results/raw/runs/1d_burgers/aaf_pinn/seed_100/diagnostics/aaf_settings.json,303,2026-07-03T04:50:57.461609+00:00,930a5a329797b95ccce346ff27419459a2e5f06c0d10e7bbc2f75bb06234f2ca
results/raw/runs/1d_burgers/aaf_pinn/seed_100/env.json,244,2026-07-03T04:45:09.754082+00:00,3ea9611b4a501b9d8258401458ea7fbd12107e673f8ddeac71518e0ffecb3269
results/raw/runs/1d_burgers/aaf_pinn/seed_100/history.csv,38243,2026-07-03T04:50:57.245609+00:00,3064f69dea6eea1a06d34a2a144cedce66c39bf9eb131b84644841b83db9f9f6
results/raw/runs/1d_burgers/aaf_pinn/seed_100/method.json,526,2026-07-03T04:45:09.754082+00:00,e051228ae186d1f03a20d2f76d1ad319d4431b3341a940f1d2fb6c30c9d1cf17
results/raw/runs/1d_burgers/aaf_pinn/seed_100/metrics_adamw.json,2945,2026-07-21T04:37:38.570169+00:00,97bb489d000ec1a9801e80ec3c5d145a4fa0ef6fa52c9e8b41c8c9625c60c1d2
results/raw/runs/1d_burgers/aaf_pinn/seed_100/metrics_final.json,2945,2026-07-21T04:37:38.570169+00:00,97bb489d000ec1a9801e80ec3c5d145a4fa0ef6fa52c9e8b41c8c9625c60c1d2
results/raw/runs/1d_burgers/aaf_pinn/seed_100/model_adamw_final.pt,339426,2026-07-03T04:50:57.245609+00:00,7378624641f37fe002e1fd971d17fd481cbbd1c4edcfb5a1a4dddcf26f467be0
results/raw/runs/1d_burgers/aaf_pinn/seed_100/model_final.pt,339324,2026-07-03T04:50:57.249609+00:00,eb7173a32b82a979060bc731ec732a028db5a18871eb664dfca8b35889ac00f0
results/raw/runs/1d_burgers/aaf_pinn/seed_100/predictions/predict_grid.npz,1327670,2026-07-03T04:50:57.457609+00:00,3d5011b67f8010424c488f3c679a6ce56b8f3d0647da9d2e2b08f0bece209c29
results/raw/runs/1d_burgers/aaf_pinn/seed_100/predictions/prediction_info.json,49,2026-07-03T04:50:57.457609+00:00,b42bd2b569d036f20241bf0507f2d54b75236a938104a9c60f75c35520ae8ca9
results/raw/runs/1d_burgers/aaf_pinn/seed_100/status.json,104,2026-07-03T04:50:57.461609+00:00,7d99f1a2f8c660fa316da68e31fa2332635dd796604b32945b57a38f1d3cea00
results/raw/runs/1d_burgers/aaf_pinn/seed_2026/_SUCCESS,8,2026-07-03T04:30:17.646117+00:00,81b2bd4ea98c8db66554fbc8d7637a1a69a130f331feb732b75caab4c4868fd5
results/raw/runs/1d_burgers/aaf_pinn/seed_2026/config.json,1168,2026-07-03T04:24:30.523956+00:00,b9c8d53e969a59b30d9fbeba3ecfe600f074d6e6902cb0af243b964e95b8d0db
results/raw/runs/1d_burgers/aaf_pinn/seed_2026/diagnostics/aaf_activation_history.csv,38215,2026-07-03T04:30:17.646117+00:00,41a032c0f0586ba6a143099bf2e581ea5bdc49b97be15bc60014b26826f3336b
results/raw/runs/1d_burgers/aaf_pinn/seed_2026/diagnostics/aaf_final_state.pt,1091,2026-07-03T04:30:17.646117+00:00,a9e323c1a140cbf2eb2923511c7adab1c98253a2d42cfd971c0812fcf35c87a1
results/raw/runs/1d_burgers/aaf_pinn/seed_2026/diagnostics/aaf_settings.json,303,2026-07-03T04:30:17.646117+00:00,1db0435768aef9cebb91e329fc6d6dca14cb9ee644a48a18ac498becf1c812c8
results/raw/runs/1d_burgers/aaf_pinn/seed_2026/env.json,244,2026-07-03T04:24:30.523956+00:00,3ea9611b4a501b9d8258401458ea7fbd12107e673f8ddeac71518e0ffecb3269
results/raw/runs/1d_burgers/aaf_pinn/seed_2026/history.csv,38215,2026-07-03T04:30:17.418118+00:00,41a032c0f0586ba6a143099bf2e581ea5bdc49b97be15bc60014b26826f3336b
results/raw/runs/1d_burgers/aaf_pinn/seed_2026/method.json,526,2026-07-03T04:24:30.523956+00:00,e051228ae186d1f03a20d2f76d1ad319d4431b3341a940f1d2fb6c30c9d1cf17
results/raw/runs/1d_burgers/aaf_pinn/seed_2026/metrics_adamw.json,2975,2026-07-21T04:37:38.570169+00:00,deb47359961b6714301de4c4bc263a28338a077b6508f8455c30109a18c53818
results/raw/runs/1d_burgers/aaf_pinn/seed_2026/metrics_final.json,2975,2026-07-21T04:37:38.570169+00:00,deb47359961b6714301de4c4bc263a28338a077b6508f8455c30109a18c53818
results/raw/runs/1d_burgers/aaf_pinn/seed_2026/model_adamw_final.pt,339426,2026-07-03T04:30:17.422118+00:00,13dc75ced538804a2cbdf4ceb96f01c82124faec692ec9257c3b040a768cc868
results/raw/runs/1d_burgers/aaf_pinn/seed_2026/model_final.pt,339324,2026-07-03T04:30:17.422118+00:00,7eaec1959095eed6b61aae7176606b2583e1fd8d395eee867668d2db1ed5d91d
results/raw/runs/1d_burgers/aaf_pinn/seed_2026/predictions/predict_grid.npz,1329636,2026-07-03T04:30:17.642117+00:00,28ea4f8a5f41a261398abcbe72af78fd663e39c8af34ef4fc37981778de21c49
results/raw/runs/1d_burgers/aaf_pinn/seed_2026/predictions/prediction_info.json,49,2026-07-03T04:30:17.642117+00:00,b42bd2b569d036f20241bf0507f2d54b75236a938104a9c60f75c35520ae8ca9
results/raw/runs/1d_burgers/aaf_pinn/seed_2026/status.json,102,2026-07-03T04:30:17.646117+00:00,41c5830c262db3e78630c972296070dd1c3420a507b2586c7cf277ee1f8479dc
results/raw/runs/1d_burgers/aaf_pinn/seed_31415/_SUCCESS,8,2026-07-03T04:56:40.600774+00:00,81b2bd4ea98c8db66554fbc8d7637a1a69a130f331feb732b75caab4c4868fd5
results/raw/runs/1d_burgers/aaf_pinn/seed_31415/config.json,1170,2026-07-03T04:50:57.629608+00:00,b768a3db8aa16007443ed8cec75878bd9b4f75d44f18e457f9f81b57dbdb5ef6
results/raw/runs/1d_burgers/aaf_pinn/seed_31415/diagnostics/aaf_activation_history.csv,38291,2026-07-03T04:56:40.600774+00:00,0d7f26df6a4c9a4cca03f8e2d7cc728e6a3855ffbb7de18fe965850958b9b518
results/raw/runs/1d_burgers/aaf_pinn/seed_31415/diagnostics/aaf_final_state.pt,1091,2026-07-03T04:56:40.600774+00:00,a3fc5c3a70dc73d0edf25c64a665d8320d1392e266d3e0d5a489aef247f80299
results/raw/runs/1d_burgers/aaf_pinn/seed_31415/diagnostics/aaf_settings.json,303,2026-07-03T04:56:40.600774+00:00,456d794adf136de573faa04be3a597dcedc2c5f56c8d3d03c3e1ed119fd97f8c
results/raw/runs/1d_burgers/aaf_pinn/seed_31415/env.json,244,2026-07-03T04:50:57.629608+00:00,3ea9611b4a501b9d8258401458ea7fbd12107e673f8ddeac71518e0ffecb3269
results/raw/runs/1d_burgers/aaf_pinn/seed_31415/history.csv,38291,2026-07-03T04:56:40.380774+00:00,0d7f26df6a4c9a4cca03f8e2d7cc728e6a3855ffbb7de18fe965850958b9b518
results/raw/runs/1d_burgers/aaf_pinn/seed_31415/method.json,526,2026-07-03T04:50:57.629608+00:00,e051228ae186d1f03a20d2f76d1ad319d4431b3341a940f1d2fb6c30c9d1cf17
results/raw/runs/1d_burgers/aaf_pinn/seed_31415/metrics_adamw.json,2956,2026-07-21T04:37:38.570169+00:00,c4f11a5ed2463e9cadc19b3ddd34a4e1f0dda7e5e3a12b9d53b15f4f5caf75b2
results/raw/runs/1d_burgers/aaf_pinn/seed_31415/metrics_final.json,2956,2026-07-21T04:37:38.570169+00:00,c4f11a5ed2463e9cadc19b3ddd34a4e1f0dda7e5e3a12b9d53b15f4f5caf75b2
results/raw/runs/1d_burgers/aaf_pinn/seed_31415/model_adamw_final.pt,339426,2026-07-03T04:56:40.384774+00:00,f13c3aac3849dccf888dfd3f529e8d3d5e63ce16575577799b6f9018848224f3
results/raw/runs/1d_burgers/aaf_pinn/seed_31415/model_final.pt,339324,2026-07-03T04:56:40.388774+00:00,0d35aff42e4bdacfab6ab620c8c93bba8fd76ce21532933dc2e5ef9f6ed93d2d
results/raw/runs/1d_burgers/aaf_pinn/seed_31415/predictions/predict_grid.npz,1327816,2026-07-03T04:56:40.596773+00:00,43f14e258f2bfa5954131003c60af0dd4b8e302cf90ead0d22b359c4aa288ad2
results/raw/runs/1d_burgers/aaf_pinn/seed_31415/predictions/prediction_info.json,49,2026-07-03T04:56:40.596773+00:00,b42bd2b569d036f20241bf0507f2d54b75236a938104a9c60f75c35520ae8ca9
results/raw/runs/1d_burgers/aaf_pinn/seed_31415/status.json,103,2026-07-03T04:56:40.600774+00:00,c3a2a10f1faed4ba93417e4e653a684fec0fa59299caef6982a685c6648e915f
results/raw/runs/1d_burgers/aaf_pinn/seed_42/_SUCCESS,8,2026-07-03T04:45:09.586082+00:00,81b2bd4ea98c8db66554fbc8d7637a1a69a130f331feb732b75caab4c4868fd5
results/raw/runs/1d_burgers/aaf_pinn/seed_42/config.json,1164,2026-07-03T04:39:07.897781+00:00,409a668bbc358739719ad69988f7d5bebf997f8948e20dacd4b412fc16aac718
results/raw/runs/1d_burgers/aaf_pinn/seed_42/diagnostics/aaf_activation_history.csv,38223,2026-07-03T04:45:09.586082+00:00,54010d5807c1bd07fbc322344bd2d1851aef7d297744be1b76c02be16170cec2
results/raw/runs/1d_burgers/aaf_pinn/seed_42/diagnostics/aaf_final_state.pt,1091,2026-07-03T04:45:09.586082+00:00,ef640b64bec8b359ae300f2951056ca4c683011c81f5510602d19d1d928b1e18
results/raw/runs/1d_burgers/aaf_pinn/seed_42/diagnostics/aaf_settings.json,303,2026-07-03T04:45:09.586082+00:00,e0841522d586e21132beb9d730a12a0efd50255105568f01182400aacbab1bca
results/raw/runs/1d_burgers/aaf_pinn/seed_42/env.json,244,2026-07-03T04:39:07.897781+00:00,3ea9611b4a501b9d8258401458ea7fbd12107e673f8ddeac71518e0ffecb3269
results/raw/runs/1d_burgers/aaf_pinn/seed_42/history.csv,38223,2026-07-03T04:45:09.374082+00:00,54010d5807c1bd07fbc322344bd2d1851aef7d297744be1b76c02be16170cec2
results/raw/runs/1d_burgers/aaf_pinn/seed_42/method.json,526,2026-07-03T04:39:07.897781+00:00,e051228ae186d1f03a20d2f76d1ad319d4431b3341a940f1d2fb6c30c9d1cf17
results/raw/runs/1d_burgers/aaf_pinn/seed_42/metrics_adamw.json,2961,2026-07-21T04:37:38.574169+00:00,434e9e4041fcf1063bb8eb9fcb4317a6e61f14ef316b0e4aefb209ff23d6a029
results/raw/runs/1d_burgers/aaf_pinn/seed_42/metrics_final.json,2961,2026-07-21T04:37:38.574169+00:00,434e9e4041fcf1063bb8eb9fcb4317a6e61f14ef316b0e4aefb209ff23d6a029
results/raw/runs/1d_burgers/aaf_pinn/seed_42/model_adamw_final.pt,339426,2026-07-03T04:45:09.374082+00:00,42a509d2a724135dedbb82390a96d83fe24334949319deb0387a3178667d2383
results/raw/runs/1d_burgers/aaf_pinn/seed_42/model_final.pt,339324,2026-07-03T04:45:09.378082+00:00,175b05eaea00f51277011e86bb5f878df69feeb706a46484852f7745eabbd161
results/raw/runs/1d_burgers/aaf_pinn/seed_42/predictions/predict_grid.npz,1337298,2026-07-03T04:45:09.582082+00:00,d087c53816a0855b1a1c35bc182d13bcaae9fb75419aeb1595d58a1a743d6c4c
results/raw/runs/1d_burgers/aaf_pinn/seed_42/predictions/prediction_info.json,49,2026-07-03T04:45:09.582082+00:00,b42bd2b569d036f20241bf0507f2d54b75236a938104a9c60f75c35520ae8ca9
results/raw/runs/1d_burgers/aaf_pinn/seed_42/status.json,103,2026-07-03T04:45:09.586082+00:00,674f1728df4bc9968886905e3441d71eec05e1079404dc2f868ca98d4ea58a09
results/raw/runs/1d_burgers/aaf_pinn/seed_7/_SUCCESS,8,2026-07-03T04:39:07.737780+00:00,81b2bd4ea98c8db66554fbc8d7637a1a69a130f331feb732b75caab4c4868fd5
results/raw/runs/1d_burgers/aaf_pinn/seed_7/config.json,1162,2026-07-03T04:33:20.113140+00:00,c85b36e26ef4fa83891e8f1817e8a7efb469c2b39bce87d8b325ef1e6cb525f8
results/raw/runs/1d_burgers/aaf_pinn/seed_7/diagnostics/aaf_activation_history.csv,38263,2026-07-03T04:39:07.737780+00:00,86eb77bf684e30959bfd5d5ab6c8f931061bd46205d4181866cae1c8238e42bd
results/raw/runs/1d_burgers/aaf_pinn/seed_7/diagnostics/aaf_final_state.pt,1091,2026-07-03T04:39:07.737780+00:00,440d33a0ad7268c3f12f58324d11eb748625e288a5f34cd34489746d051755e2
results/raw/runs/1d_burgers/aaf_pinn/seed_7/diagnostics/aaf_settings.json,302,2026-07-03T04:39:07.737780+00:00,4bf8e43b857f76608f4f2061979e1a362b8d65be73fde8417f3c5d023be96c4b
results/raw/runs/1d_burgers/aaf_pinn/seed_7/env.json,244,2026-07-03T04:33:20.113140+00:00,3ea9611b4a501b9d8258401458ea7fbd12107e673f8ddeac71518e0ffecb3269
results/raw/runs/1d_burgers/aaf_pinn/seed_7/history.csv,38263,2026-07-03T04:39:07.517780+00:00,86eb77bf684e30959bfd5d5ab6c8f931061bd46205d4181866cae1c8238e42bd
results/raw/runs/1d_burgers/aaf_pinn/seed_7/method.json,526,2026-07-03T04:33:20.113140+00:00,e051228ae186d1f03a20d2f76d1ad319d4431b3341a940f1d2fb6c30c9d1cf17
results/raw/runs/1d_burgers/aaf_pinn/seed_7/metrics_adamw.json,2975,2026-07-21T04:37:38.574169+00:00,0f3fa71662ca5ea18559027bc58a42d01cd6530741d231355a699a62cd6e7283
results/raw/runs/1d_burgers/aaf_pinn/seed_7/metrics_final.json,2975,2026-07-21T04:37:38.574169+00:00,0f3fa71662ca5ea18559027bc58a42d01cd6530741d231355a699a62cd6e7283
results/raw/runs/1d_burgers/aaf_pinn/seed_7/model_adamw_final.pt,339426,2026-07-03T04:39:07.521780+00:00,a440b4b99be25c1de8226428533a9c73ad2cb7abb6ad2a5f65d6301a2fb2939f
results/raw/runs/1d_burgers/aaf_pinn/seed_7/model_final.pt,339324,2026-07-03T04:39:07.521780+00:00,845b89de0831b58d1c6964260fb68294bdda08e3ba390602e94ab047f374409f
results/raw/runs/1d_burgers/aaf_pinn/seed_7/predictions/predict_grid.npz,1329023,2026-07-03T04:39:07.733780+00:00,177f687e4d2482590f399b676832decd668ee3e3411fa238675cb95ef4019b8a
results/raw/runs/1d_burgers/aaf_pinn/seed_7/predictions/prediction_info.json,49,2026-07-03T04:39:07.733780+00:00,b42bd2b569d036f20241bf0507f2d54b75236a938104a9c60f75c35520ae8ca9
results/raw/runs/1d_burgers/aaf_pinn/seed_7/status.json,104,2026-07-03T04:39:07.737780+00:00,49dad2ffcf62da73694b6da53013910fcd74c8c55f7ceeb3b4bb90505237ca0b
results/raw/runs/1d_burgers/cpinn/seed_100/_SUCCESS,8,2026-07-04T05:58:34.188071+00:00,81b2bd4ea98c8db66554fbc8d7637a1a69a130f331feb732b75caab4c4868fd5
results/raw/runs/1d_burgers/cpinn/seed_100/config.json,1163,2026-07-04T05:45:58.582443+00:00,bcfe815b5980ff3f357f1dc4bad5dcadcff829f2a6d9f95fe3023f6be61a1c28
results/raw/runs/1d_burgers/cpinn/seed_100/diagnostics/cpinn_interface_history.csv,17872,2026-07-04T05:58:34.184071+00:00,3dcd3512eaf1af4cc6cfe37933501e64a017eb368934ad7a9e4ecc4477021c3f
results/raw/runs/1d_burgers/cpinn/seed_100/diagnostics/cpinn_interface_points.npz,4119,2026-07-04T05:58:34.184071+00:00,463ab50c81d627d69bd1ef93b54a5c9196c2e8a8dbf98dc0679874d34b86c2d7
results/raw/runs/1d_burgers/cpinn/seed_100/diagnostics/cpinn_interface_points_meta.json,146,2026-07-04T05:58:34.184071+00:00,91f7c5ee718b6966e657435e575ab8a42da13c33c7425632c8fc9497355dfaf1
results/raw/runs/1d_burgers/cpinn/seed_100/diagnostics/cpinn_loss_history.csv,56895,2026-07-04T05:58:34.184071+00:00,ac0f6028597259ef7235dc2c54883b1f5789c8dd2023073f9f0a5f0667a89ddb
results/raw/runs/1d_burgers/cpinn/seed_100/diagnostics/cpinn_subdomain_config.json,851,2026-07-04T05:58:34.184071+00:00,f4a56e1b4792e368f8d0f3d121e513051621fe5c1298610046aae6379a9f23fb
results/raw/runs/1d_burgers/cpinn/seed_100/diagnostics/cpinn_submodel_state_dicts.pt,675563,2026-07-04T05:58:34.188071+00:00,893495200f64adc6ad5fd02cb3f2a8c47ef311f7afcb4c75df779273c836f868
results/raw/runs/1d_burgers/cpinn/seed_100/env.json,244,2026-07-04T05:45:58.582443+00:00,3ea9611b4a501b9d8258401458ea7fbd12107e673f8ddeac71518e0ffecb3269
results/raw/runs/1d_burgers/cpinn/seed_100/history.csv,56895,2026-07-04T05:58:33.956072+00:00,ac0f6028597259ef7235dc2c54883b1f5789c8dd2023073f9f0a5f0667a89ddb
results/raw/runs/1d_burgers/cpinn/seed_100/method.json,924,2026-07-04T05:45:58.582443+00:00,15cc9bbbaaad3f59c69c95296affa728b79d1fc707aac7f16b71e90b1cd20bdc
results/raw/runs/1d_burgers/cpinn/seed_100/metrics_adamw.json,3166,2026-07-21T04:37:38.574169+00:00,7f10b66ef64eb8904374940dc06cd85ddf992538d4084bce84e220422089454d
results/raw/runs/1d_burgers/cpinn/seed_100/metrics_final.json,3166,2026-07-21T04:37:38.574169+00:00,7f10b66ef64eb8904374940dc06cd85ddf992538d4084bce84e220422089454d
results/raw/runs/1d_burgers/cpinn/seed_100/model_adamw_final.pt,677771,2026-07-04T05:58:33.960072+00:00,27a596cf99d5f3454429c3020f8be1ecc3100b637a535f39d8937bd732d5788d
results/raw/runs/1d_burgers/cpinn/seed_100/model_final.pt,677579,2026-07-04T05:58:33.964072+00:00,06b83f9eb3d4db57627e001f2461b7f358803cf4b146bc7daca767a0ecd775b0
results/raw/runs/1d_burgers/cpinn/seed_100/predictions/predict_grid.npz,1345424,2026-07-04T05:58:34.176071+00:00,5cfa1bd4787d907fdb489e14f90f8b8c006017bccfc3630c7249502197ec7129
results/raw/runs/1d_burgers/cpinn/seed_100/predictions/prediction_info.json,49,2026-07-04T05:58:34.176071+00:00,b42bd2b569d036f20241bf0507f2d54b75236a938104a9c60f75c35520ae8ca9
results/raw/runs/1d_burgers/cpinn/seed_100/status.json,103,2026-07-04T05:58:34.188071+00:00,74eb674a8f6147d6f208a315ac9500f41b621a60cabfe0ab2f6317eeb8aa5338
results/raw/runs/1d_burgers/cpinn/seed_2026/_SUCCESS,8,2026-07-04T05:09:35.088392+00:00,81b2bd4ea98c8db66554fbc8d7637a1a69a130f331feb732b75caab4c4868fd5
results/raw/runs/1d_burgers/cpinn/seed_2026/config.json,1165,2026-07-04T04:56:57.041693+00:00,d0f6ff741eee6fe2764733bed49f5fedc9f7888b7a5712a954f10a0f6a8ad05e
results/raw/runs/1d_burgers/cpinn/seed_2026/diagnostics/cpinn_interface_history.csv,17899,2026-07-04T05:09:35.084392+00:00,17e1616cceb99c101e524c100d84fb64a05213f7f30b9367f4a085ca588880a3
results/raw/runs/1d_burgers/cpinn/seed_2026/diagnostics/cpinn_interface_points.npz,4116,2026-07-04T05:09:35.088392+00:00,e87ceed2cc8caefb63ab1a0292a9f406badcd8e056e99b7525c6512247f67541
results/raw/runs/1d_burgers/cpinn/seed_2026/diagnostics/cpinn_interface_points_meta.json,146,2026-07-04T05:09:35.088392+00:00,91f7c5ee718b6966e657435e575ab8a42da13c33c7425632c8fc9497355dfaf1
results/raw/runs/1d_burgers/cpinn/seed_2026/diagnostics/cpinn_loss_history.csv,56936,2026-07-04T05:09:35.084392+00:00,b02c099c705d46fbbaa819e0e472b2a3a012652f60ad985dcf8d3ce98bcced06
results/raw/runs/1d_burgers/cpinn/seed_2026/diagnostics/cpinn_subdomain_config.json,848,2026-07-04T05:09:35.084392+00:00,7470098f1975caaeab39a9c59e9bda2a27de525cd22711ddf197791203ce008d
results/raw/runs/1d_burgers/cpinn/seed_2026/diagnostics/cpinn_submodel_state_dicts.pt,675563,2026-07-04T05:09:35.088392+00:00,b192210f28d5ea234a263903071ae2b7bd9ec9e9170038e64a75fc3221ac22c5
results/raw/runs/1d_burgers/cpinn/seed_2026/env.json,244,2026-07-04T04:56:57.041693+00:00,3ea9611b4a501b9d8258401458ea7fbd12107e673f8ddeac71518e0ffecb3269
results/raw/runs/1d_burgers/cpinn/seed_2026/history.csv,56936,2026-07-04T05:09:34.856392+00:00,b02c099c705d46fbbaa819e0e472b2a3a012652f60ad985dcf8d3ce98bcced06
results/raw/runs/1d_burgers/cpinn/seed_2026/method.json,924,2026-07-04T04:56:57.041693+00:00,15cc9bbbaaad3f59c69c95296affa728b79d1fc707aac7f16b71e90b1cd20bdc
results/raw/runs/1d_burgers/cpinn/seed_2026/metrics_adamw.json,3189,2026-07-21T04:37:38.578169+00:00,22544d92e9ce0dc1123e5f8ccb427f9da26db661f66912e1d3ba6481b9161b4e
results/raw/runs/1d_burgers/cpinn/seed_2026/metrics_final.json,3189,2026-07-21T04:37:38.574169+00:00,22544d92e9ce0dc1123e5f8ccb427f9da26db661f66912e1d3ba6481b9161b4e
results/raw/runs/1d_burgers/cpinn/seed_2026/model_adamw_final.pt,677771,2026-07-04T05:09:34.860392+00:00,eb64fdb89d3c01c80e1392dd0933c1910ee1a5f0da9923339b81aaf4795984a1
results/raw/runs/1d_burgers/cpinn/seed_2026/model_final.pt,677579,2026-07-04T05:09:34.864392+00:00,9ecb382480ba89291cd355d96273b62a576efc93846d50c555356e42b8979753
results/raw/runs/1d_burgers/cpinn/seed_2026/predictions/predict_grid.npz,1339312,2026-07-04T05:09:35.080392+00:00,c6ce73c48076739a4d6c90fe054e6637a4eeae804f81527d139ddc46bcda33b5
results/raw/runs/1d_burgers/cpinn/seed_2026/predictions/prediction_info.json,49,2026-07-04T05:09:35.080392+00:00,b42bd2b569d036f20241bf0507f2d54b75236a938104a9c60f75c35520ae8ca9
results/raw/runs/1d_burgers/cpinn/seed_2026/status.json,103,2026-07-04T05:09:35.088392+00:00,7818e25b7368ea83bd8b2ce6fabd48dae4397f777facb1f7380cd5cdec115e2e
results/raw/runs/1d_burgers/cpinn/seed_31415/_SUCCESS,8,2026-07-04T06:09:32.413462+00:00,81b2bd4ea98c8db66554fbc8d7637a1a69a130f331feb732b75caab4c4868fd5
results/raw/runs/1d_burgers/cpinn/seed_31415/config.json,1167,2026-07-04T05:58:34.360071+00:00,0a4a0a86ca0d7b08d4922fc2bed7a8041f5efcbb19543e3760b15cf34792e2c3
results/raw/runs/1d_burgers/cpinn/seed_31415/diagnostics/cpinn_interface_history.csv,17891,2026-07-04T06:09:32.405462+00:00,1600152fb561e2816a119a890ca5e0161c54910fa9f86fd1d450c035f7002baa
results/raw/runs/1d_burgers/cpinn/seed_31415/diagnostics/cpinn_interface_points.npz,4107,2026-07-04T06:09:32.409461+00:00,9660aeb5cfd70e1bc8b74ec80d06c67c86543c0d220a88e6ced143a6bd54ed5d
results/raw/runs/1d_burgers/cpinn/seed_31415/diagnostics/cpinn_interface_points_meta.json,146,2026-07-04T06:09:32.409461+00:00,91f7c5ee718b6966e657435e575ab8a42da13c33c7425632c8fc9497355dfaf1
results/raw/runs/1d_burgers/cpinn/seed_31415/diagnostics/cpinn_loss_history.csv,56957,2026-07-04T06:09:32.405462+00:00,348a91a8e30a981a762a842bfbea2bb68228b7ca2ea056ffa3bb06d4992a7aae
results/raw/runs/1d_burgers/cpinn/seed_31415/diagnostics/cpinn_subdomain_config.json,852,2026-07-04T06:09:32.409461+00:00,2e8cbc9507e4490a20b75dc20c040d6af1323072ec1e470e5bf09dcd15ffbaeb
results/raw/runs/1d_burgers/cpinn/seed_31415/diagnostics/cpinn_submodel_state_dicts.pt,675563,2026-07-04T06:09:32.413462+00:00,c884306a5ccc31de8fea1c5da02a19a00994f46aa4fd65089a263128635689ee
results/raw/runs/1d_burgers/cpinn/seed_31415/env.json,244,2026-07-04T05:58:34.360071+00:00,3ea9611b4a501b9d8258401458ea7fbd12107e673f8ddeac71518e0ffecb3269
results/raw/runs/1d_burgers/cpinn/seed_31415/history.csv,56957,2026-07-04T06:09:32.169463+00:00,348a91a8e30a981a762a842bfbea2bb68228b7ca2ea056ffa3bb06d4992a7aae
results/raw/runs/1d_burgers/cpinn/seed_31415/method.json,924,2026-07-04T05:58:34.360071+00:00,15cc9bbbaaad3f59c69c95296affa728b79d1fc707aac7f16b71e90b1cd20bdc
results/raw/runs/1d_burgers/cpinn/seed_31415/metrics_adamw.json,3176,2026-07-21T04:37:38.578169+00:00,272b92427d2e66bbb7483ff9e601d8e3d5823304bd05068f451bb61503a3de5b
results/raw/runs/1d_burgers/cpinn/seed_31415/metrics_final.json,3176,2026-07-21T04:37:38.578169+00:00,272b92427d2e66bbb7483ff9e601d8e3d5823304bd05068f451bb61503a3de5b
results/raw/runs/1d_burgers/cpinn/seed_31415/model_adamw_final.pt,677771,2026-07-04T06:09:32.177463+00:00,41d7eabf3e476efc4fd56859501557b4a46e04c3bef15fd58f0184bbc066f1c6
results/raw/runs/1d_burgers/cpinn/seed_31415/model_final.pt,677579,2026-07-04T06:09:32.181463+00:00,59b4de40454ad982121bc26640550e488e2d4a607b412f5de424dd3c69f87f17
results/raw/runs/1d_burgers/cpinn/seed_31415/predictions/predict_grid.npz,1342220,2026-07-04T06:09:32.401462+00:00,1f6269bb27b8c27d38297d89dbd5384c5d8c00bb2b0ccb68f0cc1d629cbc4080
results/raw/runs/1d_burgers/cpinn/seed_31415/predictions/prediction_info.json,49,2026-07-04T06:09:32.401462+00:00,b42bd2b569d036f20241bf0507f2d54b75236a938104a9c60f75c35520ae8ca9
results/raw/runs/1d_burgers/cpinn/seed_31415/status.json,103,2026-07-04T06:09:32.413462+00:00,171a4ee7fca21013fc6e0aa298114abbe973f565ac66e3c77a099ba76f41b9af
results/raw/runs/1d_burgers/cpinn/seed_42/_SUCCESS,8,2026-07-04T05:45:58.386443+00:00,81b2bd4ea98c8db66554fbc8d7637a1a69a130f331feb732b75caab4c4868fd5
results/raw/runs/1d_burgers/cpinn/seed_42/config.json,1161,2026-07-04T05:33:21.587730+00:00,93222ec05a8720fcd008bb309ce3b8d05832f367d1c7cad0911289c0b088c83d
results/raw/runs/1d_burgers/cpinn/seed_42/diagnostics/cpinn_interface_history.csv,17902,2026-07-04T05:45:58.382443+00:00,848ec783a25a6275322dbbe3e70659897e72b228b975a30ab77b8a3b583bd331
results/raw/runs/1d_burgers/cpinn/seed_42/diagnostics/cpinn_interface_points.npz,4116,2026-07-04T05:45:58.382443+00:00,c15d3162d7ff861eb1595b071837a0da0ed91eb59d16ebc3bdd808db341cd464
results/raw/runs/1d_burgers/cpinn/seed_42/diagnostics/cpinn_interface_points_meta.json,146,2026-07-04T05:45:58.382443+00:00,91f7c5ee718b6966e657435e575ab8a42da13c33c7425632c8fc9497355dfaf1
results/raw/runs/1d_burgers/cpinn/seed_42/diagnostics/cpinn_loss_history.csv,56951,2026-07-04T05:45:58.378443+00:00,3afaa964f0f3b5e8dce39df5ed3c02820dbe40c435c088115a60aacace849de9
results/raw/runs/1d_burgers/cpinn/seed_42/diagnostics/cpinn_subdomain_config.json,850,2026-07-04T05:45:58.382443+00:00,e041416daae2805d77d1f8b66c0112fa48f2c5797502deff86b4125089ec7a3a
results/raw/runs/1d_burgers/cpinn/seed_42/diagnostics/cpinn_submodel_state_dicts.pt,675563,2026-07-04T05:45:58.386443+00:00,4b45634252a369c759e52ee3d58d873b72f7c203849749075a05f0f0157f655f
results/raw/runs/1d_burgers/cpinn/seed_42/env.json,244,2026-07-04T05:33:21.587730+00:00,3ea9611b4a501b9d8258401458ea7fbd12107e673f8ddeac71518e0ffecb3269
results/raw/runs/1d_burgers/cpinn/seed_42/history.csv,56951,2026-07-04T05:45:58.154444+00:00,3afaa964f0f3b5e8dce39df5ed3c02820dbe40c435c088115a60aacace849de9
results/raw/runs/1d_burgers/cpinn/seed_42/method.json,924,2026-07-04T05:33:21.587730+00:00,15cc9bbbaaad3f59c69c95296affa728b79d1fc707aac7f16b71e90b1cd20bdc
results/raw/runs/1d_burgers/cpinn/seed_42/metrics_adamw.json,3184,2026-07-21T04:37:38.578169+00:00,0ce17a03b41c04e2cfc36e5238d156bb37c7578f75a0740f93f1de2778b12b4e
results/raw/runs/1d_burgers/cpinn/seed_42/metrics_final.json,3184,2026-07-21T04:37:38.578169+00:00,0ce17a03b41c04e2cfc36e5238d156bb37c7578f75a0740f93f1de2778b12b4e
results/raw/runs/1d_burgers/cpinn/seed_42/model_adamw_final.pt,677771,2026-07-04T05:45:58.162444+00:00,e66370ceb6c961a5dace8625c56daca3ac6f2725e29c49199242e804f3ae32f2
results/raw/runs/1d_burgers/cpinn/seed_42/model_final.pt,677579,2026-07-04T05:45:58.162444+00:00,ff5c1287c2a8f698ca909cdfcd405f2757f7886a35cf7340033ae32f757d1242
results/raw/runs/1d_burgers/cpinn/seed_42/predictions/predict_grid.npz,1359458,2026-07-04T05:45:58.374443+00:00,63044bf7c90c9fe9c14eb67d1fd7fb87a2bd0c88e2fd2f969149f43713b08840
results/raw/runs/1d_burgers/cpinn/seed_42/predictions/prediction_info.json,49,2026-07-04T05:45:58.374443+00:00,b42bd2b569d036f20241bf0507f2d54b75236a938104a9c60f75c35520ae8ca9
results/raw/runs/1d_burgers/cpinn/seed_42/status.json,103,2026-07-04T05:45:58.386443+00:00,ea51e8befb4785a64e61f6b4ebced622bfe6ed6c78e6ba832410cac59859e6b7
results/raw/runs/1d_burgers/cpinn/seed_7/_SUCCESS,8,2026-07-04T05:33:21.411731+00:00,81b2bd4ea98c8db66554fbc8d7637a1a69a130f331feb732b75caab4c4868fd5
results/raw/runs/1d_burgers/cpinn/seed_7/config.json,1159,2026-07-04T05:20:58.578911+00:00,bac0b8ede8e6a74ce1d63ab44c38e15b43b4044d0da34942aa1577e896f9f9e5
results/raw/runs/1d_burgers/cpinn/seed_7/diagnostics/cpinn_interface_history.csv,17907,2026-07-04T05:33:21.407731+00:00,e30eb576ee2378df4a036e83ac759cf6587dc96644eb753edd219b5d6ac06fdb
results/raw/runs/1d_burgers/cpinn/seed_7/diagnostics/cpinn_interface_points.npz,4112,2026-07-04T05:33:21.407731+00:00,ca331d167223e0f37fbbb8f9ce183ed469ad8234dbfc46086feb1a88c935af5d
results/raw/runs/1d_burgers/cpinn/seed_7/diagnostics/cpinn_interface_points_meta.json,146,2026-07-04T05:33:21.407731+00:00,91f7c5ee718b6966e657435e575ab8a42da13c33c7425632c8fc9497355dfaf1
results/raw/runs/1d_burgers/cpinn/seed_7/diagnostics/cpinn_loss_history.csv,56895,2026-07-04T05:33:21.407731+00:00,852633cdbe52a451b72ee91ad407432f77b8c7ea6e5914f7f3e79f9eee1d7a8d
results/raw/runs/1d_burgers/cpinn/seed_7/diagnostics/cpinn_subdomain_config.json,852,2026-07-04T05:33:21.407731+00:00,6b2395b367b9e596214942fe86f1844a85c2f1210b5473d4d0bff2253f73e59b
results/raw/runs/1d_burgers/cpinn/seed_7/diagnostics/cpinn_submodel_state_dicts.pt,675563,2026-07-04T05:33:21.411731+00:00,4ae518d28d9a75d70a263cf7d00f9f3b69742061c9d372028d7744b5609a2911
results/raw/runs/1d_burgers/cpinn/seed_7/env.json,244,2026-07-04T05:20:58.578911+00:00,3ea9611b4a501b9d8258401458ea7fbd12107e673f8ddeac71518e0ffecb3269
results/raw/runs/1d_burgers/cpinn/seed_7/history.csv,56895,2026-07-04T05:33:21.175732+00:00,852633cdbe52a451b72ee91ad407432f77b8c7ea6e5914f7f3e79f9eee1d7a8d
results/raw/runs/1d_burgers/cpinn/seed_7/method.json,924,2026-07-04T05:20:58.578911+00:00,15cc9bbbaaad3f59c69c95296affa728b79d1fc707aac7f16b71e90b1cd20bdc
results/raw/runs/1d_burgers/cpinn/seed_7/metrics_adamw.json,3162,2026-07-21T04:37:38.582169+00:00,795652aac64fc4eda294c3139ebd57969c5907e0640e4cb585be6e54e6beee93
results/raw/runs/1d_burgers/cpinn/seed_7/metrics_final.json,3162,2026-07-21T04:37:38.578169+00:00,795652aac64fc4eda294c3139ebd57969c5907e0640e4cb585be6e54e6beee93
results/raw/runs/1d_burgers/cpinn/seed_7/model_adamw_final.pt,677771,2026-07-04T05:33:21.179732+00:00,47eadc6fb7f605f60a2e9af545282c7621aa7a555130a095b5c878e19864a802
results/raw/runs/1d_burgers/cpinn/seed_7/model_final.pt,677579,2026-07-04T05:33:21.183732+00:00,e717418a931c2665bd76db03005271143bf6816f9ab2874d2eb6a92c9a05bfa8
results/raw/runs/1d_burgers/cpinn/seed_7/predictions/predict_grid.npz,1348728,2026-07-04T05:33:21.399731+00:00,943cc56dde1ab4b2c243545e0a45973dd45fed03cfbc9f67284e22207c83e2d5
results/raw/runs/1d_burgers/cpinn/seed_7/predictions/prediction_info.json,49,2026-07-04T05:33:21.399731+00:00,b42bd2b569d036f20241bf0507f2d54b75236a938104a9c60f75c35520ae8ca9
results/raw/runs/1d_burgers/cpinn/seed_7/status.json,102,2026-07-04T05:33:21.411731+00:00,c365e9739f1845d29e3099b567be3a85cbf54f74830387cb8e6b5ca83e2c3f7d
results/raw/runs/1d_burgers/gpinn_subsampled/seed_100/_SUCCESS,8,2026-07-02T12:50:40.797120+00:00,81b2bd4ea98c8db66554fbc8d7637a1a69a130f331feb732b75caab4c4868fd5
results/raw/runs/1d_burgers/gpinn_subsampled/seed_100/config.json,1174,2026-07-02T12:37:40.271211+00:00,75bb4d2f90d06942a7cc88edb8cb374674347f611f49911fa13ae409cf441be8
results/raw/runs/1d_burgers/gpinn_subsampled/seed_100/diagnostics/gpinn_gradient_history.csv,45441,2026-07-02T12:50:40.793120+00:00,4bea11c668452dea86a453ea8e38ad463e29168f99511163ee5b800682d37597
results/raw/runs/1d_burgers/gpinn_subsampled/seed_100/diagnostics/gpinn_gradient_stats.csv,17773,2026-07-02T12:50:40.797120+00:00,c920dfdcec253a823100461a8e639d79de23e5bf3d29cc3b8967989d102fecf0
results/raw/runs/1d_burgers/gpinn_subsampled/seed_100/diagnostics/gpinn_settings.json,409,2026-07-02T12:50:40.793120+00:00,50e0971f1b101d25d5c6ff6a19530e75b0a5d1239d39bc484a2e80ed3ca4eeb6
results/raw/runs/1d_burgers/gpinn_subsampled/seed_100/env.json,244,2026-07-02T12:37:40.271211+00:00,3ea9611b4a501b9d8258401458ea7fbd12107e673f8ddeac71518e0ffecb3269
results/raw/runs/1d_burgers/gpinn_subsampled/seed_100/history.csv,45441,2026-07-02T12:50:40.593120+00:00,4bea11c668452dea86a453ea8e38ad463e29168f99511163ee5b800682d37597
results/raw/runs/1d_burgers/gpinn_subsampled/seed_100/method.json,486,2026-07-02T12:37:40.271211+00:00,a913cd5f3d3cc820cbaa479732cc04f0fc0623b186323ed5abe44821a2cf0cdc
results/raw/runs/1d_burgers/gpinn_subsampled/seed_100/metrics_adamw.json,3011,2026-07-21T04:37:38.582169+00:00,3e296f43f0c98c6d3eebba50ccfb1fdce6f6d55f37c7e476a7eea175987ec0c7
results/raw/runs/1d_burgers/gpinn_subsampled/seed_100/metrics_final.json,3011,2026-07-21T04:37:38.582169+00:00,3e296f43f0c98c6d3eebba50ccfb1fdce6f6d55f37c7e476a7eea175987ec0c7
results/raw/runs/1d_burgers/gpinn_subsampled/seed_100/model_adamw_final.pt,339227,2026-07-02T12:50:40.597120+00:00,1a4cc7f8dcf66ec095b3086839bb9c9da75c234e0509c7fc232aa23f389346d3
results/raw/runs/1d_burgers/gpinn_subsampled/seed_100/model_final.pt,339131,2026-07-02T12:50:40.601120+00:00,f3b6f4bd16109f311e524e7ea74e6a164193bc8b7b713c19d944a9a55629548b
results/raw/runs/1d_burgers/gpinn_subsampled/seed_100/predictions/predict_grid.npz,1355557,2026-07-02T12:50:40.789120+00:00,45c6eeb7dbba7f9ca321c479e04183dbc98f6bd9c78d98619704397ca6bd28fd
results/raw/runs/1d_burgers/gpinn_subsampled/seed_100/predictions/prediction_info.json,49,2026-07-02T12:50:40.789120+00:00,b42bd2b569d036f20241bf0507f2d54b75236a938104a9c60f75c35520ae8ca9
results/raw/runs/1d_burgers/gpinn_subsampled/seed_100/status.json,103,2026-07-02T12:50:40.797120+00:00,54ec0582210e62c05744962430955fc478308ce0fd32eb414e0ccbaceba5e248
results/raw/runs/1d_burgers/gpinn_subsampled/seed_2026/_SUCCESS,8,2026-07-02T11:59:16.153806+00:00,81b2bd4ea98c8db66554fbc8d7637a1a69a130f331feb732b75caab4c4868fd5
results/raw/runs/1d_burgers/gpinn_subsampled/seed_2026/config.json,1176,2026-07-02T11:42:22.351050+00:00,8d754e92c7aee579b261a714ad3c785bc7eb83f817ec155594b6eba6737ba668
results/raw/runs/1d_burgers/gpinn_subsampled/seed_2026/diagnostics/gpinn_gradient_history.csv,45419,2026-07-02T11:59:16.149806+00:00,632b5b894fce710d6aa7db0ecf5a85ce5a1562c0c6b14398d199300e09b54212
results/raw/runs/1d_burgers/gpinn_subsampled/seed_2026/diagnostics/gpinn_gradient_stats.csv,17785,2026-07-02T11:59:16.153806+00:00,33b6b4c84d447d3f10e07180fecc631c38f6f03c7f52b43ee0571ea0a1f5bee3
results/raw/runs/1d_burgers/gpinn_subsampled/seed_2026/diagnostics/gpinn_settings.json,409,2026-07-02T11:59:16.149806+00:00,50e0971f1b101d25d5c6ff6a19530e75b0a5d1239d39bc484a2e80ed3ca4eeb6
results/raw/runs/1d_burgers/gpinn_subsampled/seed_2026/env.json,244,2026-07-02T11:42:22.355050+00:00,3ea9611b4a501b9d8258401458ea7fbd12107e673f8ddeac71518e0ffecb3269
results/raw/runs/1d_burgers/gpinn_subsampled/seed_2026/history.csv,45419,2026-07-02T11:59:15.889804+00:00,632b5b894fce710d6aa7db0ecf5a85ce5a1562c0c6b14398d199300e09b54212
results/raw/runs/1d_burgers/gpinn_subsampled/seed_2026/method.json,486,2026-07-02T11:42:22.351050+00:00,a913cd5f3d3cc820cbaa479732cc04f0fc0623b186323ed5abe44821a2cf0cdc
results/raw/runs/1d_burgers/gpinn_subsampled/seed_2026/metrics_adamw.json,3018,2026-07-21T04:37:38.582169+00:00,4b596b176dcdaa1ed0ec581f3b1d34237fbeed672bf8bffdc11b689c808a6784
results/raw/runs/1d_burgers/gpinn_subsampled/seed_2026/metrics_final.json,3018,2026-07-21T04:37:38.582169+00:00,4b596b176dcdaa1ed0ec581f3b1d34237fbeed672bf8bffdc11b689c808a6784
results/raw/runs/1d_burgers/gpinn_subsampled/seed_2026/model_adamw_final.pt,339227,2026-07-02T11:59:15.893805+00:00,0049bf6e80fbe4731b9a3c312c4902e39e03ca1559d8d28be2be5255ec6a616c
results/raw/runs/1d_burgers/gpinn_subsampled/seed_2026/model_final.pt,339131,2026-07-02T11:59:15.897804+00:00,923f55c8973fc091c0062a156873437850f04cb9af52a84be4f5b9f4cc1b517c
results/raw/runs/1d_burgers/gpinn_subsampled/seed_2026/predictions/predict_grid.npz,1358249,2026-07-02T11:59:16.141806+00:00,feb38380df59280ae2f363d2727972f7b0ec217a1f31c946ee47d6d5a40ef86d
results/raw/runs/1d_burgers/gpinn_subsampled/seed_2026/predictions/prediction_info.json,49,2026-07-02T11:59:16.141806+00:00,b42bd2b569d036f20241bf0507f2d54b75236a938104a9c60f75c35520ae8ca9
results/raw/runs/1d_burgers/gpinn_subsampled/seed_2026/status.json,104,2026-07-02T11:59:16.153806+00:00,de8610074ead8bdf16c7146627feb9a20ba9b6afc2c825eb5902bfc4d4c29817
results/raw/runs/1d_burgers/gpinn_subsampled/seed_31415/_SUCCESS,8,2026-07-02T13:04:21.858893+00:00,81b2bd4ea98c8db66554fbc8d7637a1a69a130f331feb732b75caab4c4868fd5
results/raw/runs/1d_burgers/gpinn_subsampled/seed_31415/config.json,1178,2026-07-02T12:50:40.953119+00:00,9918147701201b4a26f1099c4b5050ed4fe07903fba47adff4fffc45f1521fc7
results/raw/runs/1d_burgers/gpinn_subsampled/seed_31415/diagnostics/gpinn_gradient_history.csv,45468,2026-07-02T13:04:21.854893+00:00,03297fa7ca627c3d8fdf33f5df9394d868e80fadfb788cee36078cc054457da4
results/raw/runs/1d_burgers/gpinn_subsampled/seed_31415/diagnostics/gpinn_gradient_stats.csv,17793,2026-07-02T13:04:21.858893+00:00,eb897d52e04c67852c70ac56f3e6b985255c6141de220d864e1df4cd9cd11d65
results/raw/runs/1d_burgers/gpinn_subsampled/seed_31415/diagnostics/gpinn_settings.json,409,2026-07-02T13:04:21.854893+00:00,50e0971f1b101d25d5c6ff6a19530e75b0a5d1239d39bc484a2e80ed3ca4eeb6
results/raw/runs/1d_burgers/gpinn_subsampled/seed_31415/env.json,244,2026-07-02T12:50:40.953119+00:00,3ea9611b4a501b9d8258401458ea7fbd12107e673f8ddeac71518e0ffecb3269
results/raw/runs/1d_burgers/gpinn_subsampled/seed_31415/history.csv,45468,2026-07-02T13:04:21.654894+00:00,03297fa7ca627c3d8fdf33f5df9394d868e80fadfb788cee36078cc054457da4
results/raw/runs/1d_burgers/gpinn_subsampled/seed_31415/method.json,486,2026-07-02T12:50:40.953119+00:00,a913cd5f3d3cc820cbaa479732cc04f0fc0623b186323ed5abe44821a2cf0cdc
results/raw/runs/1d_burgers/gpinn_subsampled/seed_31415/metrics_adamw.json,3027,2026-07-21T04:37:38.582169+00:00,dcf3d263db8771642dc0b158885f778a616c751ac728bcafe019b0344b71d522
results/raw/runs/1d_burgers/gpinn_subsampled/seed_31415/metrics_final.json,3027,2026-07-21T04:37:38.582169+00:00,dcf3d263db8771642dc0b158885f778a616c751ac728bcafe019b0344b71d522
results/raw/runs/1d_burgers/gpinn_subsampled/seed_31415/model_adamw_final.pt,339227,2026-07-02T13:04:21.654894+00:00,b33f04e733dc3a8567d86a6f84ec74e5ed1cfd63f7b94e5d24d8e538dcfc2a1e
results/raw/runs/1d_burgers/gpinn_subsampled/seed_31415/model_final.pt,339131,2026-07-02T13:04:21.658894+00:00,da410419f70c99daede19f04ab8a6ee2f70a356636952d9ee2294a3cb19188c9
results/raw/runs/1d_burgers/gpinn_subsampled/seed_31415/predictions/predict_grid.npz,1353820,2026-07-02T13:04:21.850893+00:00,45b1caa34d8730518e1c276233f2c8235808e04c57aaafef7a0784840de68506
results/raw/runs/1d_burgers/gpinn_subsampled/seed_31415/predictions/prediction_info.json,49,2026-07-02T13:04:21.850893+00:00,b42bd2b569d036f20241bf0507f2d54b75236a938104a9c60f75c35520ae8ca9
results/raw/runs/1d_burgers/gpinn_subsampled/seed_31415/status.json,103,2026-07-02T13:04:21.858893+00:00,62227e1ab0e8c69ae91d13747843696a28eb1b72ccfbd5cbfae91ffe5bcdc2ae
results/raw/runs/1d_burgers/gpinn_subsampled/seed_42/_SUCCESS,8,2026-07-02T12:37:40.107211+00:00,81b2bd4ea98c8db66554fbc8d7637a1a69a130f331feb732b75caab4c4868fd5
results/raw/runs/1d_burgers/gpinn_subsampled/seed_42/config.json,1172,2026-07-02T12:24:12.225251+00:00,ec33849f1b69361e8fc9c3b463a56675ab3786a126ff5433015dc8ac9475c5f7
results/raw/runs/1d_burgers/gpinn_subsampled/seed_42/diagnostics/gpinn_gradient_history.csv,45442,2026-07-02T12:37:40.107211+00:00,a1fbe7da62551e2c867379138cdecc4ccdec54f2c1daefff8a677bcf70b0723f
results/raw/runs/1d_burgers/gpinn_subsampled/seed_42/diagnostics/gpinn_gradient_stats.csv,17780,2026-07-02T12:37:40.107211+00:00,125d6481f2ac0820b87288b67babd97567ab992dddc5df1682afbfc0703a5a5e
results/raw/runs/1d_burgers/gpinn_subsampled/seed_42/diagnostics/gpinn_settings.json,409,2026-07-02T12:37:40.107211+00:00,50e0971f1b101d25d5c6ff6a19530e75b0a5d1239d39bc484a2e80ed3ca4eeb6
results/raw/runs/1d_burgers/gpinn_subsampled/seed_42/env.json,244,2026-07-02T12:24:12.225251+00:00,3ea9611b4a501b9d8258401458ea7fbd12107e673f8ddeac71518e0ffecb3269
results/raw/runs/1d_burgers/gpinn_subsampled/seed_42/history.csv,45442,2026-07-02T12:37:39.903212+00:00,a1fbe7da62551e2c867379138cdecc4ccdec54f2c1daefff8a677bcf70b0723f
results/raw/runs/1d_burgers/gpinn_subsampled/seed_42/method.json,486,2026-07-02T12:24:12.225251+00:00,a913cd5f3d3cc820cbaa479732cc04f0fc0623b186323ed5abe44821a2cf0cdc
results/raw/runs/1d_burgers/gpinn_subsampled/seed_42/metrics_adamw.json,3007,2026-07-21T04:37:38.586169+00:00,2e7656ea2db65fe524f1cc66a389d68354dc7909ce33975b4bf1d956541752f6
results/raw/runs/1d_burgers/gpinn_subsampled/seed_42/metrics_final.json,3007,2026-07-21T04:37:38.586169+00:00,2e7656ea2db65fe524f1cc66a389d68354dc7909ce33975b4bf1d956541752f6
results/raw/runs/1d_burgers/gpinn_subsampled/seed_42/model_adamw_final.pt,339227,2026-07-02T12:37:39.907212+00:00,28ab139da5a1051fe2b675507a751bf497fa41e2c9c933483379f949c14e9c17
results/raw/runs/1d_burgers/gpinn_subsampled/seed_42/model_final.pt,339131,2026-07-02T12:37:39.907212+00:00,5462ea9804535fa1e123937abebecba0d5d202cf37591a8ebef57dfd5df510b0
results/raw/runs/1d_burgers/gpinn_subsampled/seed_42/predictions/predict_grid.npz,1351320,2026-07-02T12:37:40.099211+00:00,3078bf2b9eba6c225111f6bbf8239e7be3f5c748fc676906bf9aede5d5a40bfd
results/raw/runs/1d_burgers/gpinn_subsampled/seed_42/predictions/prediction_info.json,49,2026-07-02T12:37:40.103211+00:00,b42bd2b569d036f20241bf0507f2d54b75236a938104a9c60f75c35520ae8ca9
results/raw/runs/1d_burgers/gpinn_subsampled/seed_42/status.json,103,2026-07-02T12:37:40.107211+00:00,ea1eef67318ad28658bc05448faf9679c9cfa3867397ffcc37bb1f5156ddf0fd
results/raw/runs/1d_burgers/gpinn_subsampled/seed_7/_SUCCESS,8,2026-07-02T12:24:12.045251+00:00,81b2bd4ea98c8db66554fbc8d7637a1a69a130f331feb732b75caab4c4868fd5
results/raw/runs/1d_burgers/gpinn_subsampled/seed_7/config.json,1170,2026-07-02T12:07:44.338762+00:00,9535d585522785ecd9961540944e05c86fccefb611ae12ef8b7659b9f2b8a108
results/raw/runs/1d_burgers/gpinn_subsampled/seed_7/diagnostics/gpinn_gradient_history.csv,45422,2026-07-02T12:24:12.041251+00:00,32fa09f9c5f9b9938c91e4a956f51fa5f1118857f008c46af1a2449bf3454dd4
results/raw/runs/1d_burgers/gpinn_subsampled/seed_7/diagnostics/gpinn_gradient_stats.csv,17777,2026-07-02T12:24:12.045251+00:00,b6cbb76c03d6db92737094a0b6202db6e0e7c2ee0057ca3b0c3c3a8c66ac7267
results/raw/runs/1d_burgers/gpinn_subsampled/seed_7/diagnostics/gpinn_settings.json,409,2026-07-02T12:24:12.041251+00:00,50e0971f1b101d25d5c6ff6a19530e75b0a5d1239d39bc484a2e80ed3ca4eeb6
results/raw/runs/1d_burgers/gpinn_subsampled/seed_7/env.json,244,2026-07-02T12:07:44.342762+00:00,3ea9611b4a501b9d8258401458ea7fbd12107e673f8ddeac71518e0ffecb3269
results/raw/runs/1d_burgers/gpinn_subsampled/seed_7/history.csv,45422,2026-07-02T12:24:11.845252+00:00,32fa09f9c5f9b9938c91e4a956f51fa5f1118857f008c46af1a2449bf3454dd4
results/raw/runs/1d_burgers/gpinn_subsampled/seed_7/method.json,486,2026-07-02T12:07:44.342762+00:00,a913cd5f3d3cc820cbaa479732cc04f0fc0623b186323ed5abe44821a2cf0cdc
results/raw/runs/1d_burgers/gpinn_subsampled/seed_7/metrics_adamw.json,3016,2026-07-21T04:37:38.586169+00:00,fb80535fad2f31f9386e011096bd2e885e7ee85cbfd702731724d11eba41137e
results/raw/runs/1d_burgers/gpinn_subsampled/seed_7/metrics_final.json,3016,2026-07-21T04:37:38.586169+00:00,fb80535fad2f31f9386e011096bd2e885e7ee85cbfd702731724d11eba41137e
results/raw/runs/1d_burgers/gpinn_subsampled/seed_7/model_adamw_final.pt,339227,2026-07-02T12:24:11.845252+00:00,420d352fdf1c8b41ee338d5e9c036bfc8f616637592a2ac89b202f6942f86f68
results/raw/runs/1d_burgers/gpinn_subsampled/seed_7/model_final.pt,339131,2026-07-02T12:24:11.849252+00:00,a57306dd0f098d074313f0b3d7b26eeea6c90825955e234cd6199bcf2c0a7397
results/raw/runs/1d_burgers/gpinn_subsampled/seed_7/predictions/predict_grid.npz,1366596,2026-07-02T12:24:12.037251+00:00,3f08895d496a78758f5a407ee5421ed11e6fefdb3fadb29eb8d20fa37b851571
results/raw/runs/1d_burgers/gpinn_subsampled/seed_7/predictions/prediction_info.json,49,2026-07-02T12:24:12.037251+00:00,b42bd2b569d036f20241bf0507f2d54b75236a938104a9c60f75c35520ae8ca9
results/raw/runs/1d_burgers/gpinn_subsampled/seed_7/status.json,103,2026-07-02T12:24:12.045251+00:00,6a4d532cfa0373ce5bfd53d9c7f7241844e3b42b06165012e05209d6517cc7dd
results/raw/runs/1d_burgers/lra_pinn/seed_100/_SUCCESS,8,2026-07-02T01:54:09.982496+00:00,81b2bd4ea98c8db66554fbc8d7637a1a69a130f331feb732b75caab4c4868fd5
results/raw/runs/1d_burgers/lra_pinn/seed_100/config.json,1166,2026-07-02T01:49:03.778615+00:00,89e05965ac5a98a54b67dc9a86b6820c3e570968785f7bd770bb2a14bca6a3bc
results/raw/runs/1d_burgers/lra_pinn/seed_100/diagnostics/lra_final_lambdas.json,322,2026-07-02T01:54:09.982496+00:00,ec9c1c21915b0739047febec7c384a52fb2cdafc957b34db1408ad80ed69dec8
results/raw/runs/1d_burgers/lra_pinn/seed_100/diagnostics/lra_gradient_stats.csv,5386,2026-07-02T01:54:09.978496+00:00,1179c6204313dde51341ff12b17874e50b1dc7050f8c6427d767679d92840aaf
results/raw/runs/1d_burgers/lra_pinn/seed_100/diagnostics/lra_lambda_history.csv,5386,2026-07-02T01:54:09.978496+00:00,1179c6204313dde51341ff12b17874e50b1dc7050f8c6427d767679d92840aaf
results/raw/runs/1d_burgers/lra_pinn/seed_100/env.json,244,2026-07-02T01:49:03.778615+00:00,3ea9611b4a501b9d8258401458ea7fbd12107e673f8ddeac71518e0ffecb3269
results/raw/runs/1d_burgers/lra_pinn/seed_100/history.csv,46155,2026-07-02T01:54:09.762496+00:00,3d61cb9735167b31226783fe7c1daae229269e630f274e2b86670ec66fbf47f1
results/raw/runs/1d_burgers/lra_pinn/seed_100/method.json,458,2026-07-02T01:49:03.778615+00:00,b0f30434975da8eddc853e7889ede5109a3600fe6012bc0e26e818e699f782ad
results/raw/runs/1d_burgers/lra_pinn/seed_100/metrics_adamw.json,2982,2026-07-21T04:37:38.586169+00:00,8b3b5805ca8dc3ed4d517a1e0f9c0112a696ca6ac2969772cd35f5a3201439ad
results/raw/runs/1d_burgers/lra_pinn/seed_100/metrics_final.json,2982,2026-07-21T04:37:38.586169+00:00,8b3b5805ca8dc3ed4d517a1e0f9c0112a696ca6ac2969772cd35f5a3201439ad
results/raw/runs/1d_burgers/lra_pinn/seed_100/model_adamw_final.pt,339227,2026-07-02T01:54:09.766496+00:00,5b1789fd5d24b732921c8a818fd9e0d80d45265d5f810542c7969ed9183ed9fc
results/raw/runs/1d_burgers/lra_pinn/seed_100/model_final.pt,339131,2026-07-02T01:54:09.766496+00:00,8013d1c982ee2f98164a27cf32ad4df02d2e8557d0656985084fd137edeced73
results/raw/runs/1d_burgers/lra_pinn/seed_100/predictions/predict_grid.npz,1216727,2026-07-02T01:54:09.978496+00:00,a410d1d0a3549d24fb1a6aafe802130333ca3a210ed5e8427e23b66eddfd2b67
results/raw/runs/1d_burgers/lra_pinn/seed_100/predictions/prediction_info.json,49,2026-07-02T01:54:09.978496+00:00,b42bd2b569d036f20241bf0507f2d54b75236a938104a9c60f75c35520ae8ca9
results/raw/runs/1d_burgers/lra_pinn/seed_100/status.json,103,2026-07-02T01:54:09.982496+00:00,fb4aa09c205e3405c278a62b76d7609305129f0194bf9de8e075887742900fb6
results/raw/runs/1d_burgers/lra_pinn/seed_2026/_SUCCESS,8,2026-07-02T01:37:43.971986+00:00,81b2bd4ea98c8db66554fbc8d7637a1a69a130f331feb732b75caab4c4868fd5
results/raw/runs/1d_burgers/lra_pinn/seed_2026/config.json,1168,2026-07-02T01:32:39.672725+00:00,62cf66bbd9aca7ba85ef84c2036e4cfb3a1abcc9673b98520416ef52cf177951
results/raw/runs/1d_burgers/lra_pinn/seed_2026/diagnostics/lra_final_lambdas.json,322,2026-07-02T01:37:43.971986+00:00,c6355a419cccbcdebfb0c20de887d342172c2604440017a9fe6183bf53bd6e22
results/raw/runs/1d_burgers/lra_pinn/seed_2026/diagnostics/lra_gradient_stats.csv,5427,2026-07-02T01:37:43.971986+00:00,71b34cbd5a8731105a56983cac7779cd811a54ef87434132e3a5976d6815f8b7
results/raw/runs/1d_burgers/lra_pinn/seed_2026/diagnostics/lra_lambda_history.csv,5427,2026-07-02T01:37:43.971986+00:00,71b34cbd5a8731105a56983cac7779cd811a54ef87434132e3a5976d6815f8b7
results/raw/runs/1d_burgers/lra_pinn/seed_2026/env.json,244,2026-07-02T01:32:39.672725+00:00,3ea9611b4a501b9d8258401458ea7fbd12107e673f8ddeac71518e0ffecb3269
results/raw/runs/1d_burgers/lra_pinn/seed_2026/history.csv,46004,2026-07-02T01:37:43.755984+00:00,d7bec7a30a055a37b72536e909078e6a23f54be27814a8336c44b0a207ac9467
results/raw/runs/1d_burgers/lra_pinn/seed_2026/method.json,458,2026-07-02T01:32:39.672725+00:00,b0f30434975da8eddc853e7889ede5109a3600fe6012bc0e26e818e699f782ad
results/raw/runs/1d_burgers/lra_pinn/seed_2026/metrics_adamw.json,2990,2026-07-21T04:37:38.590169+00:00,d1cc420fc0189054b26dcbc57615f0e6b173035c76a378931aad36b23bc4c512
results/raw/runs/1d_burgers/lra_pinn/seed_2026/metrics_final.json,2990,2026-07-21T04:37:38.590169+00:00,d1cc420fc0189054b26dcbc57615f0e6b173035c76a378931aad36b23bc4c512
results/raw/runs/1d_burgers/lra_pinn/seed_2026/model_adamw_final.pt,339227,2026-07-02T01:37:43.759984+00:00,8169f8026f4ee0520d63617554c32e1a65c44b12989d4ac07b2d7a192125a5a7
results/raw/runs/1d_burgers/lra_pinn/seed_2026/model_final.pt,339131,2026-07-02T01:37:43.759984+00:00,f0e1c04d3a736da2084794d7bc22d3701669dfb450627ca019947a176320765b
results/raw/runs/1d_burgers/lra_pinn/seed_2026/predictions/predict_grid.npz,1122077,2026-07-02T01:37:43.971986+00:00,ded08e8775a361f1aa47eb64796e75bb5df82ba9dfda2e71d991313b49bc7555
results/raw/runs/1d_burgers/lra_pinn/seed_2026/predictions/prediction_info.json,49,2026-07-02T01:37:43.971986+00:00,b42bd2b569d036f20241bf0507f2d54b75236a938104a9c60f75c35520ae8ca9
results/raw/runs/1d_burgers/lra_pinn/seed_2026/status.json,104,2026-07-02T01:37:43.971986+00:00,d108ed5207f120580271476d47108528758a1fdf13dde9f64d6eab3b4d71bba2
results/raw/runs/1d_burgers/lra_pinn/seed_31415/_SUCCESS,8,2026-07-02T01:59:15.250048+00:00,81b2bd4ea98c8db66554fbc8d7637a1a69a130f331feb732b75caab4c4868fd5
results/raw/runs/1d_burgers/lra_pinn/seed_31415/config.json,1170,2026-07-02T01:54:10.126496+00:00,348d413c8d2456a1ee2329a52106d88190edc42505a7f685ab31c7a0a8ebfee3
results/raw/runs/1d_burgers/lra_pinn/seed_31415/diagnostics/lra_final_lambdas.json,321,2026-07-02T01:59:15.250048+00:00,8a1d8aac5dcf9db5b3ec927d1270201369d2417189a933163f2e74d672844945
results/raw/runs/1d_burgers/lra_pinn/seed_31415/diagnostics/lra_gradient_stats.csv,5444,2026-07-02T01:59:15.250048+00:00,970247e3a107d8e3a3ac0d86f2f81e2e19a75a7ba2d73cee687844f44d736962
results/raw/runs/1d_burgers/lra_pinn/seed_31415/diagnostics/lra_lambda_history.csv,5444,2026-07-02T01:59:15.250048+00:00,970247e3a107d8e3a3ac0d86f2f81e2e19a75a7ba2d73cee687844f44d736962
results/raw/runs/1d_burgers/lra_pinn/seed_31415/env.json,244,2026-07-02T01:54:10.126496+00:00,3ea9611b4a501b9d8258401458ea7fbd12107e673f8ddeac71518e0ffecb3269
results/raw/runs/1d_burgers/lra_pinn/seed_31415/history.csv,46281,2026-07-02T01:59:15.030049+00:00,72b17e0ab9a143b821c5d0f07c02a06ef4f69c9dbcef477a31a0e69ca109dcd1
results/raw/runs/1d_burgers/lra_pinn/seed_31415/method.json,458,2026-07-02T01:54:10.126496+00:00,b0f30434975da8eddc853e7889ede5109a3600fe6012bc0e26e818e699f782ad
results/raw/runs/1d_burgers/lra_pinn/seed_31415/metrics_adamw.json,2988,2026-07-21T04:37:38.590169+00:00,c80a847c8ba0f12532f0caf15cea54a1a10a291601802df3a812d0bbaabeb2b6
results/raw/runs/1d_burgers/lra_pinn/seed_31415/metrics_final.json,2988,2026-07-21T04:37:38.590169+00:00,c80a847c8ba0f12532f0caf15cea54a1a10a291601802df3a812d0bbaabeb2b6
results/raw/runs/1d_burgers/lra_pinn/seed_31415/model_adamw_final.pt,339227,2026-07-02T01:59:15.034049+00:00,569096b999bea0a3e6ba57db0a7af42bf9d13cd5a6d7a8e537fab088712d9738
results/raw/runs/1d_burgers/lra_pinn/seed_31415/model_final.pt,339131,2026-07-02T01:59:15.034049+00:00,f0d5a8c83b832b54abb7aff5bf1928cf44c5871376f85089e786f12196ea374f
results/raw/runs/1d_burgers/lra_pinn/seed_31415/predictions/predict_grid.npz,1206767,2026-07-02T01:59:15.246048+00:00,b1ff5ff1e492f72a2843a9427cb403bd5266563e0aaaed0113b178f516bdf75b
results/raw/runs/1d_burgers/lra_pinn/seed_31415/predictions/prediction_info.json,49,2026-07-02T01:59:15.246048+00:00,b42bd2b569d036f20241bf0507f2d54b75236a938104a9c60f75c35520ae8ca9
results/raw/runs/1d_burgers/lra_pinn/seed_31415/status.json,104,2026-07-02T01:59:15.250048+00:00,c504911bfe1af623425bad8366ad22a2f8beea66d6efed4d4ebbb6a53fa5e16d
results/raw/runs/1d_burgers/lra_pinn/seed_42/_SUCCESS,8,2026-07-02T01:49:03.630615+00:00,81b2bd4ea98c8db66554fbc8d7637a1a69a130f331feb732b75caab4c4868fd5
results/raw/runs/1d_burgers/lra_pinn/seed_42/config.json,1164,2026-07-02T01:43:57.786133+00:00,ef61cd88c0ca02785c5d294173cf74f9d4f133c9c9c1e33a82a624cda3f0be78
results/raw/runs/1d_burgers/lra_pinn/seed_42/diagnostics/lra_final_lambdas.json,322,2026-07-02T01:49:03.630615+00:00,ec9c1c21915b0739047febec7c384a52fb2cdafc957b34db1408ad80ed69dec8
results/raw/runs/1d_burgers/lra_pinn/seed_42/diagnostics/lra_gradient_stats.csv,5367,2026-07-02T01:49:03.630615+00:00,eef44f266c2742dd9ae6ae8cf84c8e3af19af5c1a0cd47328ca312bd72c32bae
results/raw/runs/1d_burgers/lra_pinn/seed_42/diagnostics/lra_lambda_history.csv,5367,2026-07-02T01:49:03.630615+00:00,eef44f266c2742dd9ae6ae8cf84c8e3af19af5c1a0cd47328ca312bd72c32bae
results/raw/runs/1d_burgers/lra_pinn/seed_42/env.json,244,2026-07-02T01:43:57.786133+00:00,3ea9611b4a501b9d8258401458ea7fbd12107e673f8ddeac71518e0ffecb3269
results/raw/runs/1d_burgers/lra_pinn/seed_42/history.csv,46082,2026-07-02T01:49:03.414614+00:00,bb62f05158393741ac8025d2fc5346d4e7102ae35904cb174e7aff5da6dced6d
results/raw/runs/1d_burgers/lra_pinn/seed_42/method.json,458,2026-07-02T01:43:57.786133+00:00,b0f30434975da8eddc853e7889ede5109a3600fe6012bc0e26e818e699f782ad
results/raw/runs/1d_burgers/lra_pinn/seed_42/metrics_adamw.json,2976,2026-07-21T04:37:38.590169+00:00,8ef4650495d70f2d7e141f03eb2c22fb6cbba455673d91259ae9b2e25ee9a5b8
results/raw/runs/1d_burgers/lra_pinn/seed_42/metrics_final.json,2976,2026-07-21T04:37:38.590169+00:00,8ef4650495d70f2d7e141f03eb2c22fb6cbba455673d91259ae9b2e25ee9a5b8
results/raw/runs/1d_burgers/lra_pinn/seed_42/model_adamw_final.pt,339227,2026-07-02T01:49:03.414614+00:00,2cb2facf6ad933ddb96bdd17155021791b75fdd1b2260911e2257bdb990fac6b
results/raw/runs/1d_burgers/lra_pinn/seed_42/model_final.pt,339131,2026-07-02T01:49:03.418614+00:00,651e11139ec3a76440d0e95a22830d489058f7d564a62ae72701bc2a5af98bca
results/raw/runs/1d_burgers/lra_pinn/seed_42/predictions/predict_grid.npz,1199163,2026-07-02T01:49:03.626615+00:00,d59b810610d8227c21c3dbcd8ad3ccf641ec6e5ae5f81ca621f11a1d1fcc128c
results/raw/runs/1d_burgers/lra_pinn/seed_42/predictions/prediction_info.json,49,2026-07-02T01:49:03.626615+00:00,b42bd2b569d036f20241bf0507f2d54b75236a938104a9c60f75c35520ae8ca9
results/raw/runs/1d_burgers/lra_pinn/seed_42/status.json,103,2026-07-02T01:49:03.630615+00:00,a352960f97419fec0907be80defd78788734a8ef1370636c70ebda741cbd9c2e
results/raw/runs/1d_burgers/lra_pinn/seed_7/_SUCCESS,8,2026-07-02T01:43:57.638133+00:00,81b2bd4ea98c8db66554fbc8d7637a1a69a130f331feb732b75caab4c4868fd5
results/raw/runs/1d_burgers/lra_pinn/seed_7/config.json,1162,2026-07-02T01:38:49.072540+00:00,a15583a417728ff4c2af6f4f348830e82a60a135f8ac576d0dc292145be39a9d
results/raw/runs/1d_burgers/lra_pinn/seed_7/diagnostics/lra_final_lambdas.json,322,2026-07-02T01:43:57.638133+00:00,6b5c64f3bcb0a1438034e570fd335ebbf8b4e436f548a1dc3a61562297f3cf0c
results/raw/runs/1d_burgers/lra_pinn/seed_7/diagnostics/lra_gradient_stats.csv,5404,2026-07-02T01:43:57.638133+00:00,30f40ac6eb584e7a868d4d6db1712302a07b16f852a06d64f48d32bc801eb930
results/raw/runs/1d_burgers/lra_pinn/seed_7/diagnostics/lra_lambda_history.csv,5404,2026-07-02T01:43:57.638133+00:00,30f40ac6eb584e7a868d4d6db1712302a07b16f852a06d64f48d32bc801eb930
results/raw/runs/1d_burgers/lra_pinn/seed_7/env.json,244,2026-07-02T01:38:49.072540+00:00,3ea9611b4a501b9d8258401458ea7fbd12107e673f8ddeac71518e0ffecb3269
results/raw/runs/1d_burgers/lra_pinn/seed_7/history.csv,46138,2026-07-02T01:43:57.406132+00:00,2e38fab052be2385f1dbf352998fc823d93258cc7cd7a42cca966b8005c74622
results/raw/runs/1d_burgers/lra_pinn/seed_7/method.json,458,2026-07-02T01:38:49.072540+00:00,b0f30434975da8eddc853e7889ede5109a3600fe6012bc0e26e818e699f782ad
results/raw/runs/1d_burgers/lra_pinn/seed_7/metrics_adamw.json,2984,2026-07-21T04:37:38.594169+00:00,fc7a87b28f7ec7706c86775adc578a1a689c19bfc226467c2916ae716b1d3120
results/raw/runs/1d_burgers/lra_pinn/seed_7/metrics_final.json,2984,2026-07-21T04:37:38.594169+00:00,fc7a87b28f7ec7706c86775adc578a1a689c19bfc226467c2916ae716b1d3120
results/raw/runs/1d_burgers/lra_pinn/seed_7/model_adamw_final.pt,339227,2026-07-02T01:43:57.410132+00:00,71e976d2096195b258e319791661bc7a101030b5835f0c0c7a8c8ff6c65cafe7
results/raw/runs/1d_burgers/lra_pinn/seed_7/model_final.pt,339131,2026-07-02T01:43:57.414132+00:00,b2537351bc6dcdd32161ed1ab86d890784a09dcf72859f0106e2f76141370ad6
results/raw/runs/1d_burgers/lra_pinn/seed_7/predictions/predict_grid.npz,1140584,2026-07-02T01:43:57.634133+00:00,ade3c0d329516c006217dd13e9cb2d035368b234e777f81f8a280beb00c205e3
results/raw/runs/1d_burgers/lra_pinn/seed_7/predictions/prediction_info.json,49,2026-07-02T01:43:57.634133+00:00,b42bd2b569d036f20241bf0507f2d54b75236a938104a9c60f75c35520ae8ca9
results/raw/runs/1d_burgers/lra_pinn/seed_7/status.json,104,2026-07-02T01:43:57.638133+00:00,d8aa4cf6f177fb162de38c05afbe5cacd454b710a3240ee75be84bf1181ba4e4
results/raw/runs/1d_burgers/ours/seed_100/_SUCCESS,8,2026-07-01T05:51:50.335616+00:00,81b2bd4ea98c8db66554fbc8d7637a1a69a130f331feb732b75caab4c4868fd5
results/raw/runs/1d_burgers/ours/seed_100/config.json,1162,2026-07-01T05:46:13.014959+00:00,5a2c3979d8b6124cfb47ad4c1b70d4b029fcad540475a5710fcafbbf34e1a64a
results/raw/runs/1d_burgers/ours/seed_100/diagnostics/gate_diagnostics_error.json,114,2026-07-01T05:51:50.335616+00:00,e3081c06012198b99e83212b6db86ee468a8ecb196d44d8e9b254d5f98c9521c
results/raw/runs/1d_burgers/ours/seed_100/env.json,244,2026-07-01T05:46:13.014959+00:00,3ea9611b4a501b9d8258401458ea7fbd12107e673f8ddeac71518e0ffecb3269
results/raw/runs/1d_burgers/ours/seed_100/history.csv,76143,2026-07-01T05:51:50.111618+00:00,21bd33dfb42bc5e9f9f7a72bc92b0ad2e446c0899d7475342591943919170130
results/raw/runs/1d_burgers/ours/seed_100/method.json,323,2026-07-01T05:46:13.014959+00:00,87e186c78d6d24daf3f12620ab04ccd6552eae731cfa27b155cfb16af3e9c990
results/raw/runs/1d_burgers/ours/seed_100/metrics_adamw.json,2892,2026-07-21T04:37:38.594169+00:00,0a52d2dcca4a0a09d824539b10b722b121614a7ef7ad4dcfef6a2a6b662deb52
results/raw/runs/1d_burgers/ours/seed_100/metrics_final.json,2892,2026-07-21T04:37:38.594169+00:00,0a52d2dcca4a0a09d824539b10b722b121614a7ef7ad4dcfef6a2a6b662deb52
results/raw/runs/1d_burgers/ours/seed_100/model_adamw_final.pt,339099,2026-07-01T05:51:50.115618+00:00,ceb27fa01b50a997dd7f2653660ed7ece8fa007bb3ba1ce0283b1703a28f3ec2
results/raw/runs/1d_burgers/ours/seed_100/model_final.pt,339003,2026-07-01T05:51:50.115618+00:00,aff7577ab17a60bced4e10acdbf9e40f4b3ec3fb869ed65a093b096480e085ac
results/raw/runs/1d_burgers/ours/seed_100/predictions/predict_grid.npz,1164778,2026-07-01T05:51:50.335616+00:00,150099d317c10cf209801d8fbed548153589ecc8d32caf022bef389de798db0a
results/raw/runs/1d_burgers/ours/seed_100/predictions/prediction_info.json,49,2026-07-01T05:51:50.335616+00:00,b42bd2b569d036f20241bf0507f2d54b75236a938104a9c60f75c35520ae8ca9
results/raw/runs/1d_burgers/ours/seed_100/status.json,103,2026-07-01T05:51:50.335616+00:00,671960d24b7014186c07be5d5b8b33ee7404ce3a2cfb20b78ca99ac816b7c4c0
results/raw/runs/1d_burgers/ours/seed_2026/_SUCCESS,8,2026-07-01T04:50:31.119774+00:00,81b2bd4ea98c8db66554fbc8d7637a1a69a130f331feb732b75caab4c4868fd5
results/raw/runs/1d_burgers/ours/seed_2026/config.json,1164,2026-07-01T04:44:27.333196+00:00,9cf64edc7f6e41c2acd9adf23885179770ce01dfa126931717e17ff096395ace
results/raw/runs/1d_burgers/ours/seed_2026/diagnostics/gate_diagnostics_error.json,114,2026-07-01T04:50:31.119774+00:00,e3081c06012198b99e83212b6db86ee468a8ecb196d44d8e9b254d5f98c9521c
results/raw/runs/1d_burgers/ours/seed_2026/env.json,244,2026-07-01T04:44:27.333196+00:00,3ea9611b4a501b9d8258401458ea7fbd12107e673f8ddeac71518e0ffecb3269
results/raw/runs/1d_burgers/ours/seed_2026/history.csv,75907,2026-07-01T04:50:30.911775+00:00,de713db8373b918b88906e86b6e61f3e3a8d99d14b42084c485d2b2d0477d42a
results/raw/runs/1d_burgers/ours/seed_2026/method.json,323,2026-07-01T04:44:27.333196+00:00,87e186c78d6d24daf3f12620ab04ccd6552eae731cfa27b155cfb16af3e9c990
results/raw/runs/1d_burgers/ours/seed_2026/metrics_adamw.json,2888,2026-07-21T04:37:38.594169+00:00,e639245b7b29f8fe0df55378e5a6c71dac33a90e9cff2f404f3952f46268a1da
results/raw/runs/1d_burgers/ours/seed_2026/metrics_final.json,2888,2026-07-21T04:37:38.594169+00:00,e639245b7b29f8fe0df55378e5a6c71dac33a90e9cff2f404f3952f46268a1da
results/raw/runs/1d_burgers/ours/seed_2026/model_adamw_final.pt,339099,2026-07-01T04:50:30.915775+00:00,ca362c68761f4bb687263df77047074da3908a0c8afa711a46908389fc1466dc
results/raw/runs/1d_burgers/ours/seed_2026/model_final.pt,339003,2026-07-01T04:50:30.915775+00:00,dfb77bcef17dca5db0fb8ede2f3e383a8336f4851f263f7d71f09192c58e21b2
results/raw/runs/1d_burgers/ours/seed_2026/predictions/predict_grid.npz,1173127,2026-07-01T04:50:31.119774+00:00,5f80a13efec3cdd14b4ac5c0a4fef71939011a0e708a9bbb3d15a007d3b33c5e
results/raw/runs/1d_burgers/ours/seed_2026/predictions/prediction_info.json,49,2026-07-01T04:50:31.119774+00:00,b42bd2b569d036f20241bf0507f2d54b75236a938104a9c60f75c35520ae8ca9
results/raw/runs/1d_burgers/ours/seed_2026/status.json,103,2026-07-01T04:50:31.119774+00:00,005f25215addc93f930cb4621f7f711f3a7d7220d8b7b69e8c972630a9320b84
results/raw/runs/1d_burgers/ours/seed_31415/_SUCCESS,8,2026-07-01T06:02:59.414570+00:00,81b2bd4ea98c8db66554fbc8d7637a1a69a130f331feb732b75caab4c4868fd5
results/raw/runs/1d_burgers/ours/seed_31415/config.json,1166,2026-07-01T05:56:53.337166+00:00,86cc9bbe5f3f4edd48750bf691dff2de223f3c4acd0cda3787c1b466c0cfd1f1
results/raw/runs/1d_burgers/ours/seed_31415/diagnostics/gate_diagnostics_error.json,114,2026-07-01T06:02:59.414570+00:00,e3081c06012198b99e83212b6db86ee468a8ecb196d44d8e9b254d5f98c9521c
results/raw/runs/1d_burgers/ours/seed_31415/env.json,244,2026-07-01T05:56:53.337166+00:00,3ea9611b4a501b9d8258401458ea7fbd12107e673f8ddeac71518e0ffecb3269
results/raw/runs/1d_burgers/ours/seed_31415/history.csv,76066,2026-07-01T06:02:59.194571+00:00,5695807252ee32d27dfbd1ef034978a3d686c96951a71dc398cbcc57294beaf7
results/raw/runs/1d_burgers/ours/seed_31415/method.json,323,2026-07-01T05:56:53.337166+00:00,87e186c78d6d24daf3f12620ab04ccd6552eae731cfa27b155cfb16af3e9c990
results/raw/runs/1d_burgers/ours/seed_31415/metrics_adamw.json,2892,2026-07-21T04:37:38.598169+00:00,0d7bd156ee93a4f3a6eb70a41a2326a9f29becfe3aa7cf6c1caeaf4e33c1759a
results/raw/runs/1d_burgers/ours/seed_31415/metrics_final.json,2892,2026-07-21T04:37:38.594169+00:00,0d7bd156ee93a4f3a6eb70a41a2326a9f29becfe3aa7cf6c1caeaf4e33c1759a
results/raw/runs/1d_burgers/ours/seed_31415/model_adamw_final.pt,339099,2026-07-01T06:02:59.194571+00:00,f91d696bd53e6b49a0ec6a64bb61e759f4e2c44777fa93229f0c23c7701635ee
results/raw/runs/1d_burgers/ours/seed_31415/model_final.pt,339003,2026-07-01T06:02:59.198571+00:00,2dd4fd79ed158c1018e663847b87106122623c3165b608f03cf04a1c7b29aabc
results/raw/runs/1d_burgers/ours/seed_31415/predictions/predict_grid.npz,1199429,2026-07-01T06:02:59.414570+00:00,279dcafa43c1d20ebef70f5ad520504ac0ed7aab776c01fe5a3b472b85c542bb
results/raw/runs/1d_burgers/ours/seed_31415/predictions/prediction_info.json,49,2026-07-01T06:02:59.414570+00:00,b42bd2b569d036f20241bf0507f2d54b75236a938104a9c60f75c35520ae8ca9
results/raw/runs/1d_burgers/ours/seed_31415/status.json,103,2026-07-01T06:02:59.414570+00:00,89c34bb5580bbc585ea37e499d1114fe52df1b8efb145c46413524c24c5e200f
results/raw/runs/1d_burgers/ours/seed_42/_SUCCESS,8,2026-07-01T05:41:38.562545+00:00,81b2bd4ea98c8db66554fbc8d7637a1a69a130f331feb732b75caab4c4868fd5
results/raw/runs/1d_burgers/ours/seed_42/config.json,1160,2026-07-01T05:36:19.678301+00:00,0baf21c5ae43d5c984af33c2dfcbd5eb3e32acedbceeb40dd2c9de2f3c1ba27f
results/raw/runs/1d_burgers/ours/seed_42/diagnostics/gate_diagnostics_error.json,114,2026-07-01T05:41:38.558545+00:00,e3081c06012198b99e83212b6db86ee468a8ecb196d44d8e9b254d5f98c9521c
results/raw/runs/1d_burgers/ours/seed_42/env.json,244,2026-07-01T05:36:19.678301+00:00,3ea9611b4a501b9d8258401458ea7fbd12107e673f8ddeac71518e0ffecb3269
results/raw/runs/1d_burgers/ours/seed_42/history.csv,76061,2026-07-01T05:41:38.330549+00:00,30a94cee3fd81bd2b29526c571daedaa2f4f3cbd4498b5c1268d0819276825bd
results/raw/runs/1d_burgers/ours/seed_42/method.json,323,2026-07-01T05:36:19.678301+00:00,87e186c78d6d24daf3f12620ab04ccd6552eae731cfa27b155cfb16af3e9c990
results/raw/runs/1d_burgers/ours/seed_42/metrics_adamw.json,2896,2026-07-21T04:37:38.598169+00:00,f0c34a80284535d61620165107daf76f62384e677789b99047bb488a4ee56a70
results/raw/runs/1d_burgers/ours/seed_42/metrics_final.json,2896,2026-07-21T04:37:38.598169+00:00,f0c34a80284535d61620165107daf76f62384e677789b99047bb488a4ee56a70
results/raw/runs/1d_burgers/ours/seed_42/model_adamw_final.pt,339099,2026-07-01T05:41:38.334548+00:00,8e0ee26d224cbc44c3953838249cf55eb366223678d2a15f9089e97eb39caaa7
results/raw/runs/1d_burgers/ours/seed_42/model_final.pt,339003,2026-07-01T05:41:38.334548+00:00,30ca37f23e621481bb4dcaa675d23de6bcfc47ef6792438d23b57db2829f30fb
results/raw/runs/1d_burgers/ours/seed_42/predictions/predict_grid.npz,1199692,2026-07-01T05:41:38.558545+00:00,520910fdde0b39d641f6bded699ca98cf278294bc5478152b1ebf40270fb7193
results/raw/runs/1d_burgers/ours/seed_42/predictions/prediction_info.json,49,2026-07-01T05:41:38.558545+00:00,b42bd2b569d036f20241bf0507f2d54b75236a938104a9c60f75c35520ae8ca9
results/raw/runs/1d_burgers/ours/seed_42/status.json,103,2026-07-01T05:41:38.562545+00:00,23a9997669aeb6e1cc465cc0acf4b162dc5721abe53263a0c07cf27028965d11
results/raw/runs/1d_burgers/ours/seed_7/_SUCCESS,8,2026-07-01T05:31:18.723260+00:00,81b2bd4ea98c8db66554fbc8d7637a1a69a130f331feb732b75caab4c4868fd5
results/raw/runs/1d_burgers/ours/seed_7/config.json,1158,2026-07-01T05:25:38.092252+00:00,236cdcb5de510e57345cab59fd2b008932e4e362a8d5f94ce3fcbb7794cb1b76
results/raw/runs/1d_burgers/ours/seed_7/diagnostics/gate_diagnostics_error.json,114,2026-07-01T05:31:18.723260+00:00,e3081c06012198b99e83212b6db86ee468a8ecb196d44d8e9b254d5f98c9521c
results/raw/runs/1d_burgers/ours/seed_7/env.json,244,2026-07-01T05:25:38.092252+00:00,3ea9611b4a501b9d8258401458ea7fbd12107e673f8ddeac71518e0ffecb3269
results/raw/runs/1d_burgers/ours/seed_7/history.csv,75916,2026-07-01T05:31:18.487260+00:00,0adb074ef91742c491ae03b0fe60731da8d4da9608fa928e5e2fd4f4568e489d
results/raw/runs/1d_burgers/ours/seed_7/method.json,323,2026-07-01T05:25:38.092252+00:00,87e186c78d6d24daf3f12620ab04ccd6552eae731cfa27b155cfb16af3e9c990
results/raw/runs/1d_burgers/ours/seed_7/metrics_adamw.json,2877,2026-07-21T04:37:38.598169+00:00,037f6c11dd33f36bff7f99128da98f501d09ea6bccddbe106665b5d1a7510c6c
results/raw/runs/1d_burgers/ours/seed_7/metrics_final.json,2877,2026-07-21T04:37:38.598169+00:00,037f6c11dd33f36bff7f99128da98f501d09ea6bccddbe106665b5d1a7510c6c
results/raw/runs/1d_burgers/ours/seed_7/model_adamw_final.pt,339099,2026-07-01T05:31:18.491261+00:00,e7080807ebf34c75e5713009754d0501b88afffba602d698f114f6498b58da92
results/raw/runs/1d_burgers/ours/seed_7/model_final.pt,339003,2026-07-01T05:31:18.491261+00:00,bc0752bd98d247f2487e3605d1d5ae724c5774b13d1482f2f4a5ad0a54a201d9
results/raw/runs/1d_burgers/ours/seed_7/predictions/predict_grid.npz,1194727,2026-07-01T05:31:18.719260+00:00,555267c1e3a43c9c942aa229f22ae259bab018bb35d081a52d2ae7b4ed0a173b
results/raw/runs/1d_burgers/ours/seed_7/predictions/prediction_info.json,49,2026-07-01T05:31:18.723260+00:00,b42bd2b569d036f20241bf0507f2d54b75236a938104a9c60f75c35520ae8ca9
results/raw/runs/1d_burgers/ours/seed_7/status.json,103,2026-07-01T05:31:18.723260+00:00,477d132f90d811240a4e9d5599e6073c6c3d09dc2268db2e60698760d7975846
results/raw/runs/1d_burgers/pinn/seed_100/_SUCCESS,8,2026-07-01T05:46:12.866961+00:00,81b2bd4ea98c8db66554fbc8d7637a1a69a130f331feb732b75caab4c4868fd5
results/raw/runs/1d_burgers/pinn/seed_100/config.json,1162,2026-07-01T05:42:08.026107+00:00,79a1aec4764d38b5aec644f867e6437b72e19c6d2a9ee4a8a3810b79971d46f2
results/raw/runs/1d_burgers/pinn/seed_100/env.json,244,2026-07-01T05:42:08.026107+00:00,3ea9611b4a501b9d8258401458ea7fbd12107e673f8ddeac71518e0ffecb3269
results/raw/runs/1d_burgers/pinn/seed_100/history.csv,28404,2026-07-01T05:46:12.666963+00:00,b145f57600bac340db297bf6bc0c2c737f94f4b74202d646d2effd100f309d1d
results/raw/runs/1d_burgers/pinn/seed_100/method.json,181,2026-07-01T05:42:08.026107+00:00,de010c025bcdb3a880b9116e67fd3ff7d8aabf3ba4129e968ac7fd6f2d972020
results/raw/runs/1d_burgers/pinn/seed_100/metrics_adamw.json,2884,2026-07-21T04:37:38.598169+00:00,a8ed2d6e8ff53944b7f013fbfe199f43639bfb109eb40ae14107f320cfcb1dbe
results/raw/runs/1d_burgers/pinn/seed_100/metrics_final.json,2884,2026-07-21T04:37:38.598169+00:00,a8ed2d6e8ff53944b7f013fbfe199f43639bfb109eb40ae14107f320cfcb1dbe
results/raw/runs/1d_burgers/pinn/seed_100/model_adamw_final.pt,339099,2026-07-01T05:46:12.666963+00:00,0ae44eadeb61a47b981a26670516ea3f9835d3eecbb150ad27ba8fefab3450fd
results/raw/runs/1d_burgers/pinn/seed_100/model_final.pt,339003,2026-07-01T05:46:12.670963+00:00,afe37adce3db45aafc301ee0e3dafdd7902ae648fc43405e4a2dc09ce6b28ef0
results/raw/runs/1d_burgers/pinn/seed_100/predictions/predict_grid.npz,1340667,2026-07-01T05:46:12.866961+00:00,343081973515befbae826dce8f80a565e50b28d91e7a9deb632846c9009207f2
results/raw/runs/1d_burgers/pinn/seed_100/predictions/prediction_info.json,49,2026-07-01T05:46:12.866961+00:00,b42bd2b569d036f20241bf0507f2d54b75236a938104a9c60f75c35520ae8ca9
results/raw/runs/1d_burgers/pinn/seed_100/status.json,104,2026-07-01T05:46:12.866961+00:00,e081a95f9a1f698b502064be162b5f5196916436251f90a0587adb1680406e6a
results/raw/runs/1d_burgers/pinn/seed_2026/_SUCCESS,8,2026-07-01T04:44:27.189196+00:00,81b2bd4ea98c8db66554fbc8d7637a1a69a130f331feb732b75caab4c4868fd5
results/raw/runs/1d_burgers/pinn/seed_2026/config.json,1164,2026-07-01T04:40:55.345896+00:00,c23d0b9acda1275e443415d145afa7c708ecb9a71134be2636114ada4d2627f2
results/raw/runs/1d_burgers/pinn/seed_2026/env.json,244,2026-07-01T04:40:55.345896+00:00,3ea9611b4a501b9d8258401458ea7fbd12107e673f8ddeac71518e0ffecb3269
results/raw/runs/1d_burgers/pinn/seed_2026/history.csv,28405,2026-07-01T04:44:26.997197+00:00,909c306ce07acb4e999c9712c0cce9283c18bb247b8b037255e11bbaeebe4aec
results/raw/runs/1d_burgers/pinn/seed_2026/method.json,181,2026-07-01T04:40:55.345896+00:00,de010c025bcdb3a880b9116e67fd3ff7d8aabf3ba4129e968ac7fd6f2d972020
results/raw/runs/1d_burgers/pinn/seed_2026/metrics_adamw.json,2876,2026-07-21T04:37:38.602169+00:00,1844a1cc41f76ceb25dd023c0ca5246bac6e84164a47729d3f90b20a1103c903
results/raw/runs/1d_burgers/pinn/seed_2026/metrics_final.json,2876,2026-07-21T04:37:38.602169+00:00,1844a1cc41f76ceb25dd023c0ca5246bac6e84164a47729d3f90b20a1103c903
results/raw/runs/1d_burgers/pinn/seed_2026/model_adamw_final.pt,339099,2026-07-01T04:44:27.001197+00:00,217ec16ebf8d9f90d7325002a8c259ac823766e802e9d1cce9668699889d52b3
results/raw/runs/1d_burgers/pinn/seed_2026/model_final.pt,339003,2026-07-01T04:44:27.001197+00:00,5c37ca7f4d284e1c2c3518d5012c6c6243cfa7392b626170b4468481f5a49b12
results/raw/runs/1d_burgers/pinn/seed_2026/predictions/predict_grid.npz,1356326,2026-07-01T04:44:27.189196+00:00,895e3c28dd24357e56b4f12031447aada38d9dc29e946c164a164853d062fa73
results/raw/runs/1d_burgers/pinn/seed_2026/predictions/prediction_info.json,49,2026-07-01T04:44:27.189196+00:00,b42bd2b569d036f20241bf0507f2d54b75236a938104a9c60f75c35520ae8ca9
results/raw/runs/1d_burgers/pinn/seed_2026/status.json,104,2026-07-01T04:44:27.189196+00:00,487e7d4d59f04e6baff8032fa5c868a2e8228b1e042a17dd35f22d78cc16dc62
results/raw/runs/1d_burgers/pinn/seed_31415/_SUCCESS,8,2026-07-01T05:56:53.189167+00:00,81b2bd4ea98c8db66554fbc8d7637a1a69a130f331feb732b75caab4c4868fd5
results/raw/runs/1d_burgers/pinn/seed_31415/config.json,1166,2026-07-01T05:52:20.663353+00:00,7695960c388a25b6230cef511226db768ca33700dcb369538240a6e3d0adfb68
results/raw/runs/1d_burgers/pinn/seed_31415/env.json,244,2026-07-01T05:52:20.663353+00:00,3ea9611b4a501b9d8258401458ea7fbd12107e673f8ddeac71518e0ffecb3269
results/raw/runs/1d_burgers/pinn/seed_31415/history.csv,28436,2026-07-01T05:56:52.985169+00:00,9357f94bacc257b6bd2ae9978806d1070c48235a992248e01f68b5dd3f825e10
results/raw/runs/1d_burgers/pinn/seed_31415/method.json,181,2026-07-01T05:52:20.663353+00:00,de010c025bcdb3a880b9116e67fd3ff7d8aabf3ba4129e968ac7fd6f2d972020
results/raw/runs/1d_burgers/pinn/seed_31415/metrics_adamw.json,2881,2026-07-21T04:37:38.602169+00:00,4ff1f403194cc18e5ae42baa67573db070c231551ffac76a81ab2869b9085ce9
results/raw/runs/1d_burgers/pinn/seed_31415/metrics_final.json,2881,2026-07-21T04:37:38.602169+00:00,4ff1f403194cc18e5ae42baa67573db070c231551ffac76a81ab2869b9085ce9
results/raw/runs/1d_burgers/pinn/seed_31415/model_adamw_final.pt,339099,2026-07-01T05:56:52.989169+00:00,10d9f675288f4cde8df73b5bee94552e80dfd6369217aac05e0fa7def995eeec
results/raw/runs/1d_burgers/pinn/seed_31415/model_final.pt,339003,2026-07-01T05:56:52.993169+00:00,1dbd5fc19d52479c618885e183e3445d4d21bf71e63f23940cf78d26f514237c
results/raw/runs/1d_burgers/pinn/seed_31415/predictions/predict_grid.npz,1359209,2026-07-01T05:56:53.189167+00:00,6804a6e7ac430ff29d72951f6b9bdfaaa4104a891735732aecdd245b04f8077c
results/raw/runs/1d_burgers/pinn/seed_31415/predictions/prediction_info.json,49,2026-07-01T05:56:53.189167+00:00,b42bd2b569d036f20241bf0507f2d54b75236a938104a9c60f75c35520ae8ca9
results/raw/runs/1d_burgers/pinn/seed_31415/status.json,103,2026-07-01T05:56:53.189167+00:00,e8c0629484121a0c569cddd273c84ac92deca44c2d0d4ffca5e68f74a95f3628
results/raw/runs/1d_burgers/pinn/seed_42/_SUCCESS,8,2026-07-01T05:36:19.534301+00:00,81b2bd4ea98c8db66554fbc8d7637a1a69a130f331feb732b75caab4c4868fd5
results/raw/runs/1d_burgers/pinn/seed_42/config.json,1160,2026-07-01T05:31:48.591167+00:00,864a7095b24e90fbcefe1b454dff543cffc64e5ad3b93e0fe8802da5a0e7a8d7
results/raw/runs/1d_burgers/pinn/seed_42/env.json,244,2026-07-01T05:31:48.595167+00:00,3ea9611b4a501b9d8258401458ea7fbd12107e673f8ddeac71518e0ffecb3269
results/raw/runs/1d_burgers/pinn/seed_42/history.csv,28442,2026-07-01T05:36:19.334302+00:00,55294607784833e7eb4952ea269a0d9b5e2000df50a26fb502dd801ed0d79042
results/raw/runs/1d_burgers/pinn/seed_42/method.json,181,2026-07-01T05:31:48.591167+00:00,de010c025bcdb3a880b9116e67fd3ff7d8aabf3ba4129e968ac7fd6f2d972020
results/raw/runs/1d_burgers/pinn/seed_42/metrics_adamw.json,2867,2026-07-21T04:37:38.602169+00:00,0b42acdb0fd761dcd22990db6e92ed40c297f31d4ecbc93dacf0ccb9d7ccd04b
results/raw/runs/1d_burgers/pinn/seed_42/metrics_final.json,2867,2026-07-21T04:37:38.602169+00:00,0b42acdb0fd761dcd22990db6e92ed40c297f31d4ecbc93dacf0ccb9d7ccd04b
results/raw/runs/1d_burgers/pinn/seed_42/model_adamw_final.pt,339099,2026-07-01T05:36:19.334302+00:00,4658936c3dbf9563136e7538c7a6556c3c634f463041bb7f7dc3022ba23240f8
results/raw/runs/1d_burgers/pinn/seed_42/model_final.pt,339003,2026-07-01T05:36:19.338302+00:00,cf88f32534eee4d36c9bdeff9f18c943e812e591c7b75b5371541c7b24710ad7
results/raw/runs/1d_burgers/pinn/seed_42/predictions/predict_grid.npz,1352951,2026-07-01T05:36:19.534301+00:00,80a7622e5fd3a2d329558e171c7d808948a0f1a64082ea12c8338ab02c81a057
results/raw/runs/1d_burgers/pinn/seed_42/predictions/prediction_info.json,49,2026-07-01T05:36:19.534301+00:00,b42bd2b569d036f20241bf0507f2d54b75236a938104a9c60f75c35520ae8ca9
results/raw/runs/1d_burgers/pinn/seed_42/status.json,104,2026-07-01T05:36:19.534301+00:00,6477ce041a142895e25fa0b04188b8535e8a86b63e71ca54efc31e99b848d064
results/raw/runs/1d_burgers/pinn/seed_7/_SUCCESS,8,2026-07-01T05:25:37.948252+00:00,81b2bd4ea98c8db66554fbc8d7637a1a69a130f331feb732b75caab4c4868fd5
results/raw/runs/1d_burgers/pinn/seed_7/config.json,1158,2026-07-01T05:21:05.860917+00:00,2c72c51b5df60ade74526347a87a80fafb08f2b056a65320fc3910c37f06579d
results/raw/runs/1d_burgers/pinn/seed_7/env.json,244,2026-07-01T05:21:05.860917+00:00,3ea9611b4a501b9d8258401458ea7fbd12107e673f8ddeac71518e0ffecb3269
results/raw/runs/1d_burgers/pinn/seed_7/history.csv,28420,2026-07-01T05:25:37.740253+00:00,ff44542d43592283e701fb0ede801aa8445fa56c0335322591fa6c8d9774be51
results/raw/runs/1d_burgers/pinn/seed_7/method.json,181,2026-07-01T05:21:05.860917+00:00,de010c025bcdb3a880b9116e67fd3ff7d8aabf3ba4129e968ac7fd6f2d972020
results/raw/runs/1d_burgers/pinn/seed_7/metrics_adamw.json,2867,2026-07-21T04:37:38.606169+00:00,c41fc818ad96831683239672bd89c33fe910ab629eac528c8960b1912b939421
results/raw/runs/1d_burgers/pinn/seed_7/metrics_final.json,2867,2026-07-21T04:37:38.606169+00:00,c41fc818ad96831683239672bd89c33fe910ab629eac528c8960b1912b939421
results/raw/runs/1d_burgers/pinn/seed_7/model_adamw_final.pt,339099,2026-07-01T05:25:37.744253+00:00,2c3836b7be5fd8581dd8d2f7cb5e08def4a119cae3e2a338d7d076c244e4567e
results/raw/runs/1d_burgers/pinn/seed_7/model_final.pt,339003,2026-07-01T05:25:37.748253+00:00,573b26a3ca133d39a14b71e080bf8546a150a71b1a76036986c17d218619ff28
results/raw/runs/1d_burgers/pinn/seed_7/predictions/predict_grid.npz,1338796,2026-07-01T05:25:37.948252+00:00,759c42ea125eda0afd6774bb13ce06e73c9688a46c6486596a169cc0a6166d9b
results/raw/runs/1d_burgers/pinn/seed_7/predictions/prediction_info.json,49,2026-07-01T05:25:37.948252+00:00,b42bd2b569d036f20241bf0507f2d54b75236a938104a9c60f75c35520ae8ca9
results/raw/runs/1d_burgers/pinn/seed_7/status.json,103,2026-07-01T05:25:37.948252+00:00,ed50d9ecef4cb6fb27827a2040cfe93023fef5ed1e1b773667158f5b93b149f7
results/raw/runs/1d_burgers/rad_pinn/seed_100/_SUCCESS,8,2026-07-01T10:18:29.281932+00:00,81b2bd4ea98c8db66554fbc8d7637a1a69a130f331feb732b75caab4c4868fd5
results/raw/runs/1d_burgers/rad_pinn/seed_100/config.json,1166,2026-07-01T10:13:26.175805+00:00,c6b4648a680a4d1bb2fb8226a2e94eab1bbcb53aa71f6dfe3c9ef154fbba4434
results/raw/runs/1d_burgers/rad_pinn/seed_100/diagnostics/rad_sampling_history.csv,4035,2026-07-01T10:18:29.277932+00:00,8f7fcc3c9efc9c591c2339af104745bcf86f79bd0ff8f8aab046e9ab63e2c738
results/raw/runs/1d_burgers/rad_pinn/seed_100/env.json,244,2026-07-01T10:13:26.175805+00:00,3ea9611b4a501b9d8258401458ea7fbd12107e673f8ddeac71518e0ffecb3269
results/raw/runs/1d_burgers/rad_pinn/seed_100/history.csv,36593,2026-07-01T10:18:29.085931+00:00,bf663352c8f96b11b7d5a6915c2061fb647e3e0dff29fc2e8d51fb35a6111647
results/raw/runs/1d_burgers/rad_pinn/seed_100/method.json,413,2026-07-01T10:13:26.175805+00:00,56e9712736872a83517312f90f326275c0900b5bc63bf278ef11cea592ffd11e
results/raw/runs/1d_burgers/rad_pinn/seed_100/metrics_adamw.json,2879,2026-07-21T04:37:38.606169+00:00,2ac030bdb3d917e6ef4bac45e75ae0408970d33d13296f4bc4f3ea92efa11117
results/raw/runs/1d_burgers/rad_pinn/seed_100/metrics_final.json,2879,2026-07-21T04:37:38.606169+00:00,2ac030bdb3d917e6ef4bac45e75ae0408970d33d13296f4bc4f3ea92efa11117
results/raw/runs/1d_burgers/rad_pinn/seed_100/model_adamw_final.pt,339163,2026-07-01T10:18:29.085931+00:00,a46b6d68c47a20ac6025ebf87214632491d308c5df66a1bc4f021c01c3fd41e1
results/raw/runs/1d_burgers/rad_pinn/seed_100/model_final.pt,339067,2026-07-01T10:18:29.089931+00:00,528fd1e8862bb4344b4d4127dcbf0beccdebf9a7ab321b74d3d41dc11dc3be47
results/raw/runs/1d_burgers/rad_pinn/seed_100/predictions/predict_grid.npz,1357995,2026-07-01T10:18:29.277932+00:00,ebc9b533252aeb54bb36dcd2730191cf60c1b947ca1c6149c81aafa4c0312d71
results/raw/runs/1d_burgers/rad_pinn/seed_100/predictions/prediction_info.json,49,2026-07-01T10:18:29.277932+00:00,b42bd2b569d036f20241bf0507f2d54b75236a938104a9c60f75c35520ae8ca9
results/raw/runs/1d_burgers/rad_pinn/seed_100/status.json,104,2026-07-01T10:18:29.277932+00:00,193506181722b2c6ef4dddc8bc04fb9c9cc24d8f23e5d689b09dc53184e019c1
results/raw/runs/1d_burgers/rad_pinn/seed_2026/_SUCCESS,8,2026-07-01T10:03:37.453174+00:00,81b2bd4ea98c8db66554fbc8d7637a1a69a130f331feb732b75caab4c4868fd5
results/raw/runs/1d_burgers/rad_pinn/seed_2026/config.json,1168,2026-07-01T09:59:14.678748+00:00,ec03a831e656d99d664d160a419ba8a566c14d43faa2800a1f35b71c08f864df
results/raw/runs/1d_burgers/rad_pinn/seed_2026/diagnostics/rad_sampling_history.csv,4061,2026-07-01T10:03:37.453174+00:00,ca7dcfd4c97f43abbead909b37133d73f029dc0de46126fe925d12d3cc9c5540
results/raw/runs/1d_burgers/rad_pinn/seed_2026/env.json,244,2026-07-01T09:59:14.678748+00:00,3ea9611b4a501b9d8258401458ea7fbd12107e673f8ddeac71518e0ffecb3269
results/raw/runs/1d_burgers/rad_pinn/seed_2026/history.csv,36536,2026-07-01T10:03:37.261175+00:00,916b31a197baf4ca99d96990eacf55c9fa511873557ab9d01d661374cbc5c5f2
results/raw/runs/1d_burgers/rad_pinn/seed_2026/method.json,413,2026-07-01T09:59:14.678748+00:00,56e9712736872a83517312f90f326275c0900b5bc63bf278ef11cea592ffd11e
results/raw/runs/1d_burgers/rad_pinn/seed_2026/metrics_adamw.json,2885,2026-07-21T04:37:38.606169+00:00,b7fcba8876fb0c18d3dae67266f4050cd97168ffdae5958949f0aa923390b4a3
results/raw/runs/1d_burgers/rad_pinn/seed_2026/metrics_final.json,2885,2026-07-21T04:37:38.606169+00:00,b7fcba8876fb0c18d3dae67266f4050cd97168ffdae5958949f0aa923390b4a3
results/raw/runs/1d_burgers/rad_pinn/seed_2026/model_adamw_final.pt,339163,2026-07-01T10:03:37.265175+00:00,9bf3f7e5faeced3631ffe5602d4de2b8ab863a122ff0f73c8339a8d3103f1eab
results/raw/runs/1d_burgers/rad_pinn/seed_2026/model_final.pt,339067,2026-07-01T10:03:37.265175+00:00,cb6debd7481613d3ca6beca68439cdbe312f8e86962a58dd14a62e3699a2dc49
results/raw/runs/1d_burgers/rad_pinn/seed_2026/predictions/predict_grid.npz,1376572,2026-07-01T10:03:37.453174+00:00,de79d7b09875a09e36d78c86606fc72d85ab8bb7db00b0d9106e52ba053f1393
results/raw/runs/1d_burgers/rad_pinn/seed_2026/predictions/prediction_info.json,49,2026-07-01T10:03:37.453174+00:00,b42bd2b569d036f20241bf0507f2d54b75236a938104a9c60f75c35520ae8ca9
results/raw/runs/1d_burgers/rad_pinn/seed_2026/status.json,104,2026-07-01T10:03:37.453174+00:00,a219ee901d66e794ff7578363660857ebe6bbf205c3cc373f2945462a70579d0
results/raw/runs/1d_burgers/rad_pinn/seed_31415/_SUCCESS,8,2026-07-01T10:23:00.942585+00:00,81b2bd4ea98c8db66554fbc8d7637a1a69a130f331feb732b75caab4c4868fd5
results/raw/runs/1d_burgers/rad_pinn/seed_31415/config.json,1170,2026-07-01T10:18:29.429933+00:00,e4a4d1b6b6715ede2ebc079a9a060f5b113f4dd310a4326717d576989db71405
results/raw/runs/1d_burgers/rad_pinn/seed_31415/diagnostics/rad_sampling_history.csv,4051,2026-07-01T10:23:00.942585+00:00,ae9bf04d71d74868ad3d26727dfb98480ab2ea5a7a270bdda12f6e398773b7eb
results/raw/runs/1d_burgers/rad_pinn/seed_31415/env.json,244,2026-07-01T10:18:29.429933+00:00,3ea9611b4a501b9d8258401458ea7fbd12107e673f8ddeac71518e0ffecb3269
results/raw/runs/1d_burgers/rad_pinn/seed_31415/history.csv,36623,2026-07-01T10:23:00.762585+00:00,f6344d088d4300ef38022bf2d4789928e8ba4b2ea7abf5eaee68a6d253feea89
results/raw/runs/1d_burgers/rad_pinn/seed_31415/method.json,413,2026-07-01T10:18:29.429933+00:00,56e9712736872a83517312f90f326275c0900b5bc63bf278ef11cea592ffd11e
results/raw/runs/1d_burgers/rad_pinn/seed_31415/metrics_adamw.json,2874,2026-07-21T04:37:38.610169+00:00,d2db55f85c106f5b0642d6adadcdaf4bbcd7c70cf31c728dce56c873e6d6329d
results/raw/runs/1d_burgers/rad_pinn/seed_31415/metrics_final.json,2874,2026-07-21T04:37:38.606169+00:00,d2db55f85c106f5b0642d6adadcdaf4bbcd7c70cf31c728dce56c873e6d6329d
results/raw/runs/1d_burgers/rad_pinn/seed_31415/model_adamw_final.pt,339163,2026-07-01T10:23:00.766585+00:00,256be952349859b2e624ebce22662da784ca6d2bedf92e2b71edf3f27fa78cc4
results/raw/runs/1d_burgers/rad_pinn/seed_31415/model_final.pt,339067,2026-07-01T10:23:00.770585+00:00,19d734009fad275a87aea475f6c311aaa1f3d5bb377d2ce79c492c0c8bd0ac9e
results/raw/runs/1d_burgers/rad_pinn/seed_31415/predictions/predict_grid.npz,1403585,2026-07-01T10:23:00.942585+00:00,c08e0abdbde8d79741621cef319dda18b55d0e15f6e6da806c5dd50cf2c47160
results/raw/runs/1d_burgers/rad_pinn/seed_31415/predictions/prediction_info.json,49,2026-07-01T10:23:00.942585+00:00,b42bd2b569d036f20241bf0507f2d54b75236a938104a9c60f75c35520ae8ca9
results/raw/runs/1d_burgers/rad_pinn/seed_31415/status.json,104,2026-07-01T10:23:00.942585+00:00,85bfc6af2649ad5a97e2ba9547ed886c6f20b81e2ee93bed418841508304ddcd
results/raw/runs/1d_burgers/rad_pinn/seed_42/_SUCCESS,8,2026-07-01T10:13:26.011803+00:00,81b2bd4ea98c8db66554fbc8d7637a1a69a130f331feb732b75caab4c4868fd5
results/raw/runs/1d_burgers/rad_pinn/seed_42/config.json,1164,2026-07-01T10:08:29.291435+00:00,85cf3175849cdd1683a1c42967f3448eef598667cb62e0dc3727939157134dba
results/raw/runs/1d_burgers/rad_pinn/seed_42/diagnostics/rad_sampling_history.csv,4010,2026-07-01T10:13:26.011803+00:00,69bda5814c89fc75d0702258cbbb50b3fbbf7e497227d766c96975e687919611
results/raw/runs/1d_burgers/rad_pinn/seed_42/env.json,244,2026-07-01T10:08:29.295435+00:00,3ea9611b4a501b9d8258401458ea7fbd12107e673f8ddeac71518e0ffecb3269
results/raw/runs/1d_burgers/rad_pinn/seed_42/history.csv,36609,2026-07-01T10:13:25.819801+00:00,8406859fe77fa88bb3c2cdb6cf1a81efb53e87b68a14857b6c7bac7f372527c1
results/raw/runs/1d_burgers/rad_pinn/seed_42/method.json,413,2026-07-01T10:08:29.295435+00:00,56e9712736872a83517312f90f326275c0900b5bc63bf278ef11cea592ffd11e
results/raw/runs/1d_burgers/rad_pinn/seed_42/metrics_adamw.json,2913,2026-07-21T04:37:38.610169+00:00,df37a543d3a63504f6cc72fa91a0f826bfe21b1ed0cbee8a69569c6aab308a80
results/raw/runs/1d_burgers/rad_pinn/seed_42/metrics_final.json,2913,2026-07-21T04:37:38.610169+00:00,df37a543d3a63504f6cc72fa91a0f826bfe21b1ed0cbee8a69569c6aab308a80
results/raw/runs/1d_burgers/rad_pinn/seed_42/model_adamw_final.pt,339163,2026-07-01T10:13:25.823801+00:00,261673d0d2ea8d454f5576522873f9e0a16c814ea9e436e4fa7570bc99533e55
results/raw/runs/1d_burgers/rad_pinn/seed_42/model_final.pt,339067,2026-07-01T10:13:25.827801+00:00,99c9d40785cb049350d42a9158ab6461f9fbbfc3222fe112b1df6e8f82146a03
results/raw/runs/1d_burgers/rad_pinn/seed_42/predictions/predict_grid.npz,1383616,2026-07-01T10:13:26.011803+00:00,127f7c49fb54a37a7f6b6da85c875a6d1e140c7281c1217b315f3de64967f405
results/raw/runs/1d_burgers/rad_pinn/seed_42/predictions/prediction_info.json,49,2026-07-01T10:13:26.011803+00:00,b42bd2b569d036f20241bf0507f2d54b75236a938104a9c60f75c35520ae8ca9
results/raw/runs/1d_burgers/rad_pinn/seed_42/status.json,104,2026-07-01T10:13:26.011803+00:00,a140092e0a4ba67905d8b96ebb6dbdd584d51078579236aaa104ce0aa976b261
results/raw/runs/1d_burgers/rad_pinn/seed_7/_SUCCESS,8,2026-07-01T10:08:29.135436+00:00,81b2bd4ea98c8db66554fbc8d7637a1a69a130f331feb732b75caab4c4868fd5
results/raw/runs/1d_burgers/rad_pinn/seed_7/config.json,1162,2026-07-01T10:03:37.609173+00:00,3f9eb8e37589957d1511faa8998ecb5a0b27f39f12c1ce5c7ad4e13831f5e68c
results/raw/runs/1d_burgers/rad_pinn/seed_7/diagnostics/rad_sampling_history.csv,4052,2026-07-01T10:08:29.135436+00:00,96061464acf09075655f3759317017a8702a8f33fd0424cd0bc8453e5236f6a7
results/raw/runs/1d_burgers/rad_pinn/seed_7/env.json,244,2026-07-01T10:03:37.609173+00:00,3ea9611b4a501b9d8258401458ea7fbd12107e673f8ddeac71518e0ffecb3269
results/raw/runs/1d_burgers/rad_pinn/seed_7/history.csv,36612,2026-07-01T10:08:28.915438+00:00,135b01272b7d5a4315ba99650097667a3046a302c0188df85f0b02aa8bd578ad
results/raw/runs/1d_burgers/rad_pinn/seed_7/method.json,413,2026-07-01T10:03:37.609173+00:00,56e9712736872a83517312f90f326275c0900b5bc63bf278ef11cea592ffd11e
results/raw/runs/1d_burgers/rad_pinn/seed_7/metrics_adamw.json,2864,2026-07-21T04:37:38.610169+00:00,404b77f357554b35e5bae17d78752bb4c7ac650e9f7b5235a9ca73b116f9a65e
results/raw/runs/1d_burgers/rad_pinn/seed_7/metrics_final.json,2864,2026-07-21T04:37:38.610169+00:00,404b77f357554b35e5bae17d78752bb4c7ac650e9f7b5235a9ca73b116f9a65e
results/raw/runs/1d_burgers/rad_pinn/seed_7/model_adamw_final.pt,339163,2026-07-01T10:08:28.919438+00:00,1d52bc25ade56e8a2ffa8591affb24364945a9d0f798b0211739b7534abe2c19
results/raw/runs/1d_burgers/rad_pinn/seed_7/model_final.pt,339067,2026-07-01T10:08:28.923438+00:00,ab059864f6504e6f51effe08836ac53253f85c209bd5fa963344acc19974bc2c
results/raw/runs/1d_burgers/rad_pinn/seed_7/predictions/predict_grid.npz,1355526,2026-07-01T10:08:29.135436+00:00,06fbe00a3b75d9ad78b38cbcabc50b1ef883b6d719cefe6335f8ccd5dc4d9974
results/raw/runs/1d_burgers/rad_pinn/seed_7/predictions/prediction_info.json,49,2026-07-01T10:08:29.135436+00:00,b42bd2b569d036f20241bf0507f2d54b75236a938104a9c60f75c35520ae8ca9
results/raw/runs/1d_burgers/rad_pinn/seed_7/status.json,103,2026-07-01T10:08:29.135436+00:00,c688ae28db821f1d56bc934ef565880ddd5fb918c8e31b7d87cdc68d89a07f97
results/raw/runs/1d_burgers/rar_d_pinn/seed_100/_SUCCESS,8,2026-07-01T11:54:02.627178+00:00,81b2bd4ea98c8db66554fbc8d7637a1a69a130f331feb732b75caab4c4868fd5
results/raw/runs/1d_burgers/rar_d_pinn/seed_100/config.json,1168,2026-07-01T11:49:09.764979+00:00,d6154eca1c1a78e7d4329f0eaed80cb2c40acaaa0f5f3c4e4319b0c9f01c73da
results/raw/runs/1d_burgers/rar_d_pinn/seed_100/diagnostics/rard_active_points_final.npz,72951,2026-07-01T11:54:02.627178+00:00,6fc3a9919cfb9bc7b50e754467d0d923cfa247331b6cec8acd871b7965ae026e
results/raw/runs/1d_burgers/rar_d_pinn/seed_100/diagnostics/rard_refinement_history.csv,3535,2026-07-01T11:54:02.623178+00:00,22f80325e4f93225c7640253ce19228dd2425e89faf52556a4aab1db1176294a
results/raw/runs/1d_burgers/rar_d_pinn/seed_100/env.json,244,2026-07-01T11:49:09.768979+00:00,3ea9611b4a501b9d8258401458ea7fbd12107e673f8ddeac71518e0ffecb3269
results/raw/runs/1d_burgers/rar_d_pinn/seed_100/history.csv,30497,2026-07-01T11:54:02.419175+00:00,fb538473d4b2c4fdee82583d0d30356033630852e48bf5161590261e979ab1d2
results/raw/runs/1d_burgers/rar_d_pinn/seed_100/method.json,380,2026-07-01T11:49:09.764979+00:00,5f5fc075e21d3a6f782927d5643c61064a20c219aaf03d727cfba59a1049bc89
results/raw/runs/1d_burgers/rar_d_pinn/seed_100/metrics_adamw.json,2990,2026-07-21T04:37:38.610169+00:00,07046ce5ff4da3757607aa8136bcea9b083e1ff172ed40b069c056921c107e48
results/raw/runs/1d_burgers/rar_d_pinn/seed_100/metrics_final.json,2990,2026-07-21T04:37:38.610169+00:00,07046ce5ff4da3757607aa8136bcea9b083e1ff172ed40b069c056921c107e48
results/raw/runs/1d_burgers/rar_d_pinn/seed_100/model_adamw_final.pt,339227,2026-07-01T11:54:02.423175+00:00,39b904bfa104c81f96df7e346a63db1b2297f749419d2765b1d0a2d05c1176c9
results/raw/runs/1d_burgers/rar_d_pinn/seed_100/model_final.pt,339131,2026-07-01T11:54:02.427175+00:00,9f82f826d192efbc28bce1453746c8747bf4392105648a933a090f30b1e3999f
results/raw/runs/1d_burgers/rar_d_pinn/seed_100/predictions/predict_grid.npz,1346498,2026-07-01T11:54:02.623178+00:00,301b0146719682d420e98095ed8e2bfbfe48c88b2101fed4546092e5257b23e6
results/raw/runs/1d_burgers/rar_d_pinn/seed_100/predictions/prediction_info.json,49,2026-07-01T11:54:02.623178+00:00,b42bd2b569d036f20241bf0507f2d54b75236a938104a9c60f75c35520ae8ca9
results/raw/runs/1d_burgers/rar_d_pinn/seed_100/status.json,104,2026-07-01T11:54:02.627178+00:00,65c0b3552425f2fe4e181bcce52c640f9bbb4abc90cbdbf9a3e09a879c969137
results/raw/runs/1d_burgers/rar_d_pinn/seed_2026/_SUCCESS,8,2026-07-01T11:31:05.768137+00:00,81b2bd4ea98c8db66554fbc8d7637a1a69a130f331feb732b75caab4c4868fd5
results/raw/runs/1d_burgers/rar_d_pinn/seed_2026/config.json,1170,2026-07-01T11:26:25.029840+00:00,00a7c32287bb6b650dd2b580f0e34b6d2c7c441885a8d50c191ba7a403e4e489
results/raw/runs/1d_burgers/rar_d_pinn/seed_2026/diagnostics/rard_active_points_final.npz,72919,2026-07-01T11:31:05.764137+00:00,f09b1e36ebab1266c335593e822d75a0fc18ed6560053969bfa60e258e3d8656
results/raw/runs/1d_burgers/rar_d_pinn/seed_2026/diagnostics/rard_refinement_history.csv,3543,2026-07-01T11:31:05.760137+00:00,92a954904ef3e2f0ecd5347fb307bd1f04079ffe0f153d54ef504ea75eb88fe2
results/raw/runs/1d_burgers/rar_d_pinn/seed_2026/env.json,244,2026-07-01T11:26:25.029840+00:00,3ea9611b4a501b9d8258401458ea7fbd12107e673f8ddeac71518e0ffecb3269
results/raw/runs/1d_burgers/rar_d_pinn/seed_2026/history.csv,30475,2026-07-01T11:31:05.568138+00:00,b84824f72e31dadba81103087c63e363355f7eb2c9b09faba4eb30e8633ea39b
results/raw/runs/1d_burgers/rar_d_pinn/seed_2026/method.json,380,2026-07-01T11:26:25.029840+00:00,5f5fc075e21d3a6f782927d5643c61064a20c219aaf03d727cfba59a1049bc89
results/raw/runs/1d_burgers/rar_d_pinn/seed_2026/metrics_adamw.json,3017,2026-07-21T04:37:38.614169+00:00,c46f781ab5be547c22a602fb6d0d7a22ba72f0433f2342b144606a7284184fd6
results/raw/runs/1d_burgers/rar_d_pinn/seed_2026/metrics_final.json,3017,2026-07-21T04:37:38.614169+00:00,c46f781ab5be547c22a602fb6d0d7a22ba72f0433f2342b144606a7284184fd6
results/raw/runs/1d_burgers/rar_d_pinn/seed_2026/model_adamw_final.pt,339227,2026-07-01T11:31:05.568138+00:00,1127bacfafbfe4f6ed02777d760fd22914935ce9ee60846d872d8c9aa23b9e76
results/raw/runs/1d_burgers/rar_d_pinn/seed_2026/model_final.pt,339131,2026-07-01T11:31:05.572138+00:00,834693837e4c72d2d30b2b631af44386040c3307f806647143e48f358fad4b4b
results/raw/runs/1d_burgers/rar_d_pinn/seed_2026/predictions/predict_grid.npz,1373502,2026-07-01T11:31:05.760137+00:00,b725434279423ff3f20be9b909e197d9f1c97c10c630f66355d582a1d63b9291
results/raw/runs/1d_burgers/rar_d_pinn/seed_2026/predictions/prediction_info.json,49,2026-07-01T11:31:05.760137+00:00,b42bd2b569d036f20241bf0507f2d54b75236a938104a9c60f75c35520ae8ca9
results/raw/runs/1d_burgers/rar_d_pinn/seed_2026/status.json,103,2026-07-01T11:31:05.764137+00:00,3f493e035be0622f85d6e2b8e5b04212ce80040794ef7e7125181125d1eee6e1
results/raw/runs/1d_burgers/rar_d_pinn/seed_31415/_SUCCESS,8,2026-07-01T11:58:45.838104+00:00,81b2bd4ea98c8db66554fbc8d7637a1a69a130f331feb732b75caab4c4868fd5
results/raw/runs/1d_burgers/rar_d_pinn/seed_31415/config.json,1172,2026-07-01T11:54:02.775180+00:00,445dd7832444c4b15a8cd25b6138d37c4876570d4ef4a1e85e7610a0d1c5299a
results/raw/runs/1d_burgers/rar_d_pinn/seed_31415/diagnostics/rard_active_points_final.npz,72969,2026-07-01T11:58:45.838104+00:00,21d0c803aff33297ef88aa3b772fb06cc8256887b72bd83318de6a2040e74b08
results/raw/runs/1d_burgers/rar_d_pinn/seed_31415/diagnostics/rard_refinement_history.csv,3548,2026-07-01T11:58:45.834104+00:00,0ae4ef77bbc4d30326efd5d2eeb3adc4e389cb3b25a9c8e3efa1ed2ed54994a7
results/raw/runs/1d_burgers/rar_d_pinn/seed_31415/env.json,244,2026-07-01T11:54:02.775180+00:00,3ea9611b4a501b9d8258401458ea7fbd12107e673f8ddeac71518e0ffecb3269
results/raw/runs/1d_burgers/rar_d_pinn/seed_31415/history.csv,30490,2026-07-01T11:58:45.634103+00:00,03314bcbfac3e3806c8ac0dfb1efb770db5da961e5c2e9c6f68d5a92815c02c1
results/raw/runs/1d_burgers/rar_d_pinn/seed_31415/method.json,380,2026-07-01T11:54:02.775180+00:00,5f5fc075e21d3a6f782927d5643c61064a20c219aaf03d727cfba59a1049bc89
results/raw/runs/1d_burgers/rar_d_pinn/seed_31415/metrics_adamw.json,3011,2026-07-21T04:37:38.614169+00:00,42c2811a8b1e9870704770c8dc4c85da4170c6e2605f927e06db9b9277f9f5ff
results/raw/runs/1d_burgers/rar_d_pinn/seed_31415/metrics_final.json,3011,2026-07-21T04:37:38.614169+00:00,42c2811a8b1e9870704770c8dc4c85da4170c6e2605f927e06db9b9277f9f5ff
results/raw/runs/1d_burgers/rar_d_pinn/seed_31415/model_adamw_final.pt,339227,2026-07-01T11:58:45.634103+00:00,591dba03c2fd09f2cf120a91b0b6807bf6f3d376b3b9480340702263285bcd9e
results/raw/runs/1d_burgers/rar_d_pinn/seed_31415/model_final.pt,339131,2026-07-01T11:58:45.638103+00:00,9a2e74aa9541c74e5f591374aa5023c01b7dc60f601aaeab8718f5e5599b0176
results/raw/runs/1d_burgers/rar_d_pinn/seed_31415/predictions/predict_grid.npz,1372472,2026-07-01T11:58:45.830104+00:00,28ab4b4027d4bb007ff5c95c599b378c1265ace36b2ecd5cf8cdd64c92bd3489
results/raw/runs/1d_burgers/rar_d_pinn/seed_31415/predictions/prediction_info.json,49,2026-07-01T11:58:45.830104+00:00,b42bd2b569d036f20241bf0507f2d54b75236a938104a9c60f75c35520ae8ca9
results/raw/runs/1d_burgers/rar_d_pinn/seed_31415/status.json,103,2026-07-01T11:58:45.838104+00:00,645a576462240e483f4694c53fcb4c96cf964bd7f1539529f3570d6434b2c71c
results/raw/runs/1d_burgers/rar_d_pinn/seed_42/_SUCCESS,8,2026-07-01T11:49:09.624980+00:00,81b2bd4ea98c8db66554fbc8d7637a1a69a130f331feb732b75caab4c4868fd5
results/raw/runs/1d_burgers/rar_d_pinn/seed_42/config.json,1166,2026-07-01T11:44:10.858997+00:00,24669a2f0f7f4f16f23d3a793190ee09c0dc435dd31c842934c9774043215373
results/raw/runs/1d_burgers/rar_d_pinn/seed_42/diagnostics/rard_active_points_final.npz,72911,2026-07-01T11:49:09.624980+00:00,f8636277f079fd270ab392e1e07f9065578c7fa87e4b4e51ae711735ebe43eeb
results/raw/runs/1d_burgers/rar_d_pinn/seed_42/diagnostics/rard_refinement_history.csv,3539,2026-07-01T11:49:09.620980+00:00,6d2b7908c7969cc00bcbaef9a913e8cd47c334f11e416a0fb06e4e3ff55993cb
results/raw/runs/1d_burgers/rar_d_pinn/seed_42/env.json,244,2026-07-01T11:44:10.858997+00:00,3ea9611b4a501b9d8258401458ea7fbd12107e673f8ddeac71518e0ffecb3269
results/raw/runs/1d_burgers/rar_d_pinn/seed_42/history.csv,30513,2026-07-01T11:49:09.428981+00:00,3460a3fe24791d8e669afe43682cae13cab6db8a16d366017088780488c2f886
results/raw/runs/1d_burgers/rar_d_pinn/seed_42/method.json,380,2026-07-01T11:44:10.858997+00:00,5f5fc075e21d3a6f782927d5643c61064a20c219aaf03d727cfba59a1049bc89
results/raw/runs/1d_burgers/rar_d_pinn/seed_42/metrics_adamw.json,3010,2026-07-21T04:37:38.614169+00:00,5b5e5607571a3c56573d0d25bd9557770277ba250547fa737ea523a8e652d82d
results/raw/runs/1d_burgers/rar_d_pinn/seed_42/metrics_final.json,3010,2026-07-21T04:37:38.614169+00:00,5b5e5607571a3c56573d0d25bd9557770277ba250547fa737ea523a8e652d82d
results/raw/runs/1d_burgers/rar_d_pinn/seed_42/model_adamw_final.pt,339227,2026-07-01T11:49:09.432981+00:00,4fbee7ff1eb0727f2177bdabbdc9ab9004a65be67a329b20f2db5d86ca617d38
results/raw/runs/1d_burgers/rar_d_pinn/seed_42/model_final.pt,339131,2026-07-01T11:49:09.432981+00:00,91ac39ca1ad2ada1426371e9a9fd16498847728c3a1a355b4eb61b2f0a32a5a0
results/raw/runs/1d_burgers/rar_d_pinn/seed_42/predictions/predict_grid.npz,1370399,2026-07-01T11:49:09.620980+00:00,d89c07dff6cc20c7c5b2411225fac9a5aa2094aa466535d2543ef5bf9db1f852
results/raw/runs/1d_burgers/rar_d_pinn/seed_42/predictions/prediction_info.json,49,2026-07-01T11:49:09.620980+00:00,b42bd2b569d036f20241bf0507f2d54b75236a938104a9c60f75c35520ae8ca9
results/raw/runs/1d_burgers/rar_d_pinn/seed_42/status.json,103,2026-07-01T11:49:09.624980+00:00,26be2618900d1af7a9960e168bdc5987a0022d0a5d51b61ad07e4f391a92d355
results/raw/runs/1d_burgers/rar_d_pinn/seed_7/_SUCCESS,8,2026-07-01T11:44:10.710998+00:00,81b2bd4ea98c8db66554fbc8d7637a1a69a130f331feb732b75caab4c4868fd5
results/raw/runs/1d_burgers/rar_d_pinn/seed_7/config.json,1164,2026-07-01T11:39:27.844887+00:00,fdcb8e582868143bb482b571ab4e181f0542b8328897c5737b6c90a1a481e219
results/raw/runs/1d_burgers/rar_d_pinn/seed_7/diagnostics/rard_active_points_final.npz,72928,2026-07-01T11:44:10.710998+00:00,8df71368ff9126cb3be1e5cbecd73f9621dcdabc1c026461a4acf2d11ebc8b8c
results/raw/runs/1d_burgers/rar_d_pinn/seed_7/diagnostics/rard_refinement_history.csv,3545,2026-07-01T11:44:10.706998+00:00,987eca30e83a45178ded051880637a3a5f78732d7b24a5ac3032f791294fe217
results/raw/runs/1d_burgers/rar_d_pinn/seed_7/env.json,244,2026-07-01T11:39:27.844887+00:00,3ea9611b4a501b9d8258401458ea7fbd12107e673f8ddeac71518e0ffecb3269
results/raw/runs/1d_burgers/rar_d_pinn/seed_7/history.csv,30470,2026-07-01T11:44:10.510999+00:00,04bcc203add3b9d6a3033cf452c9b086d46f1a24a09f42e05169dc3ea9dcd785
results/raw/runs/1d_burgers/rar_d_pinn/seed_7/method.json,380,2026-07-01T11:39:27.844887+00:00,5f5fc075e21d3a6f782927d5643c61064a20c219aaf03d727cfba59a1049bc89
results/raw/runs/1d_burgers/rar_d_pinn/seed_7/metrics_adamw.json,3008,2026-07-21T04:37:38.618169+00:00,acd6c8ab558796605ca7356463c0c76f3485b98b202c76b0d4c2f03c1b5ee61c
results/raw/runs/1d_burgers/rar_d_pinn/seed_7/metrics_final.json,3008,2026-07-21T04:37:38.618169+00:00,acd6c8ab558796605ca7356463c0c76f3485b98b202c76b0d4c2f03c1b5ee61c
results/raw/runs/1d_burgers/rar_d_pinn/seed_7/model_adamw_final.pt,339227,2026-07-01T11:44:10.514999+00:00,d67c6fd236c3e24baa976154a29ab73e5fbafb6bcd69c2528c213f426a7840aa
results/raw/runs/1d_burgers/rar_d_pinn/seed_7/model_final.pt,339131,2026-07-01T11:44:10.514999+00:00,e2d2a767ee033f1aabe7d970ff59c25d60887f8fd62abcb87eb2444e271fab12
results/raw/runs/1d_burgers/rar_d_pinn/seed_7/predictions/predict_grid.npz,1367315,2026-07-01T11:44:10.702998+00:00,de9ba88a52bf8ce603feb4997dc3858b8cbabffc41c29d93d0bf2605bf7d28e3
results/raw/runs/1d_burgers/rar_d_pinn/seed_7/predictions/prediction_info.json,49,2026-07-01T11:44:10.702998+00:00,b42bd2b569d036f20241bf0507f2d54b75236a938104a9c60f75c35520ae8ca9
results/raw/runs/1d_burgers/rar_d_pinn/seed_7/status.json,103,2026-07-01T11:44:10.710998+00:00,e704f397f42e748e24c03f96e4b85dd2047fd0ea781f7dfa7a968348f4fb1d6f
results/raw/runs/1d_burgers/sa_pinn/seed_100/_SUCCESS,8,2026-07-01T13:20:44.917483+00:00,81b2bd4ea98c8db66554fbc8d7637a1a69a130f331feb732b75caab4c4868fd5
results/raw/runs/1d_burgers/sa_pinn/seed_100/config.json,1165,2026-07-01T13:16:21.582150+00:00,45282a3739e534ba5fe8242a9dc40cc7e9cb368ce396b8dba90b07ff06de29db
results/raw/runs/1d_burgers/sa_pinn/seed_100/diagnostics/sa_training_points_fixed.npz,78536,2026-07-01T13:20:44.917483+00:00,350220b5b8efd752622513b106bcc703b4bc34fe13c8cb94f5ad77542f3d0644
results/raw/runs/1d_burgers/sa_pinn/seed_100/diagnostics/sa_weight_history.csv,58160,2026-07-01T13:20:44.909483+00:00,e43d8ecc76327b65c7b53aa4c1ce64c38b3f0531d8cedad9c3a81132e6b9ef0d
results/raw/runs/1d_burgers/sa_pinn/seed_100/diagnostics/sa_weight_state_final.pt,45609,2026-07-01T13:20:44.917483+00:00,0f96f73f675e06725285d03f035915f2a445de349bd539fcd7daf67b13bfcc5b
results/raw/runs/1d_burgers/sa_pinn/seed_100/diagnostics/sa_weight_summary.json,264,2026-07-01T13:20:44.909483+00:00,625b82d554fcb974d76fe0705057ec6cc08df5321b5b3f634b21f8130a103e25
results/raw/runs/1d_burgers/sa_pinn/seed_100/diagnostics/sa_weights_final.npz,10960,2026-07-01T13:20:44.913483+00:00,1d04d8f3ae4d5d7664fc60a53e215a49c99ab5bade8cde85d40ef7abcff83e61
results/raw/runs/1d_burgers/sa_pinn/seed_100/env.json,244,2026-07-01T13:16:21.586150+00:00,3ea9611b4a501b9d8258401458ea7fbd12107e673f8ddeac71518e0ffecb3269
results/raw/runs/1d_burgers/sa_pinn/seed_100/history.csv,58160,2026-07-01T13:20:44.569484+00:00,e43d8ecc76327b65c7b53aa4c1ce64c38b3f0531d8cedad9c3a81132e6b9ef0d
results/raw/runs/1d_burgers/sa_pinn/seed_100/method.json,415,2026-07-01T13:16:21.586150+00:00,2b12fb0470b69847a56d905c7e89fadd29c0a7f46be213e1fd066edc1c1c8c5e
results/raw/runs/1d_burgers/sa_pinn/seed_100/metrics_adamw.json,3044,2026-07-21T04:37:38.618169+00:00,fbb966150d5ad51ca742ebe8b5af8879406510c51b74307443a0763ce8f6d457
results/raw/runs/1d_burgers/sa_pinn/seed_100/metrics_final.json,3044,2026-07-21T04:37:38.618169+00:00,fbb966150d5ad51ca742ebe8b5af8879406510c51b74307443a0763ce8f6d457
results/raw/runs/1d_burgers/sa_pinn/seed_100/model_adamw_final.pt,339291,2026-07-01T13:20:44.573484+00:00,c5a43f99ed7e8d5a51d2b8bad1a4a8c2a00031fe210711e4c8190c809677a092
results/raw/runs/1d_burgers/sa_pinn/seed_100/model_final.pt,339195,2026-07-01T13:20:44.577485+00:00,d4b9996a352ff19305f36ceb950bb202e07787a6e269feb4ebb302dd875ef4a7
results/raw/runs/1d_burgers/sa_pinn/seed_100/predictions/predict_grid.npz,1285428,2026-07-01T13:20:44.905483+00:00,b6801406b34707b2013240906137ed71f1e5321a06cd497732a2e59203bb86f7
results/raw/runs/1d_burgers/sa_pinn/seed_100/predictions/prediction_info.json,49,2026-07-01T13:20:44.905483+00:00,b42bd2b569d036f20241bf0507f2d54b75236a938104a9c60f75c35520ae8ca9
results/raw/runs/1d_burgers/sa_pinn/seed_100/status.json,103,2026-07-01T13:20:44.917483+00:00,fe31eacf2cd66c5290fc9f1ab42aa8fe43ac61282bc9835dea605a067e467e31
results/raw/runs/1d_burgers/sa_pinn/seed_2026/_SUCCESS,8,2026-07-01T13:06:45.009351+00:00,81b2bd4ea98c8db66554fbc8d7637a1a69a130f331feb732b75caab4c4868fd5
results/raw/runs/1d_burgers/sa_pinn/seed_2026/config.json,1167,2026-07-01T13:03:11.711511+00:00,5059ecc8cc98fad08f703f6fb4e80023e07a45d87cb0e105bdf9e44ede477574
results/raw/runs/1d_burgers/sa_pinn/seed_2026/diagnostics/sa_training_points_fixed.npz,78506,2026-07-01T13:06:45.009351+00:00,94e279a21696002f953b185801721e46bab59d73b6098cd44fc0c9ee1b6f5a59
results/raw/runs/1d_burgers/sa_pinn/seed_2026/diagnostics/sa_weight_history.csv,58111,2026-07-01T13:06:45.001351+00:00,af07680e5e27d752a1c92ae03127a664b71dc55655fe0ce284c0dd5a524b961e
results/raw/runs/1d_burgers/sa_pinn/seed_2026/diagnostics/sa_weight_state_final.pt,45609,2026-07-01T13:06:45.009351+00:00,2b6682391d58fc0bc02eee3ee11cdb3885ecff0b68c779cad7fad3facccfdb9f
results/raw/runs/1d_burgers/sa_pinn/seed_2026/diagnostics/sa_weight_summary.json,261,2026-07-01T13:06:45.001351+00:00,c5560b16bc5aa69b35225a4b65fb490de82e44606002e1fff502bf2a0ca76d8a
results/raw/runs/1d_burgers/sa_pinn/seed_2026/diagnostics/sa_weights_final.npz,15252,2026-07-01T13:06:45.005351+00:00,0233df056940f18c45bec2b31933db64bf4e04eea84e1c427c46b5a192b87924
results/raw/runs/1d_burgers/sa_pinn/seed_2026/env.json,244,2026-07-01T13:03:11.715511+00:00,3ea9611b4a501b9d8258401458ea7fbd12107e673f8ddeac71518e0ffecb3269
results/raw/runs/1d_burgers/sa_pinn/seed_2026/history.csv,58111,2026-07-01T13:06:44.745350+00:00,af07680e5e27d752a1c92ae03127a664b71dc55655fe0ce284c0dd5a524b961e
results/raw/runs/1d_burgers/sa_pinn/seed_2026/method.json,415,2026-07-01T13:03:11.715511+00:00,2b12fb0470b69847a56d905c7e89fadd29c0a7f46be213e1fd066edc1c1c8c5e
results/raw/runs/1d_burgers/sa_pinn/seed_2026/metrics_adamw.json,3064,2026-07-21T04:37:38.618169+00:00,3436d0b927aa082b77064fa56e7e7098903249948687edbc225716abb0e3af65
results/raw/runs/1d_burgers/sa_pinn/seed_2026/metrics_final.json,3064,2026-07-21T04:37:38.618169+00:00,3436d0b927aa082b77064fa56e7e7098903249948687edbc225716abb0e3af65
results/raw/runs/1d_burgers/sa_pinn/seed_2026/model_adamw_final.pt,339291,2026-07-01T13:06:44.749350+00:00,6c35afec359d6e5ebda3122905632cce37c50fbac37437ce0851326f36128c0d
results/raw/runs/1d_burgers/sa_pinn/seed_2026/model_final.pt,339195,2026-07-01T13:06:44.753350+00:00,6435ec62e9dee74a654992810de36a6449b257231525b5c248b04b7f83034985
results/raw/runs/1d_burgers/sa_pinn/seed_2026/predictions/predict_grid.npz,1319147,2026-07-01T13:06:44.997351+00:00,3fa3e9d17fdccef80b2291cb07287ff5fe15aa49c17e0aac9940eb324c4a193c
results/raw/runs/1d_burgers/sa_pinn/seed_2026/predictions/prediction_info.json,49,2026-07-01T13:06:44.997351+00:00,b42bd2b569d036f20241bf0507f2d54b75236a938104a9c60f75c35520ae8ca9
results/raw/runs/1d_burgers/sa_pinn/seed_2026/status.json,104,2026-07-01T13:06:45.009351+00:00,0f0547d63fe64ab5ca3aa17dce652fb925d1cca794c0084e0eb3463462c51ce7
results/raw/runs/1d_burgers/sa_pinn/seed_31415/_SUCCESS,8,2026-07-01T13:25:15.096486+00:00,81b2bd4ea98c8db66554fbc8d7637a1a69a130f331feb732b75caab4c4868fd5
results/raw/runs/1d_burgers/sa_pinn/seed_31415/config.json,1169,2026-07-01T13:20:45.097483+00:00,f2cd875301e45029c8667a8b05f9be59b3aa6a131587e2aec4967c9dd52dc168
results/raw/runs/1d_burgers/sa_pinn/seed_31415/diagnostics/sa_training_points_fixed.npz,78549,2026-07-01T13:25:15.096486+00:00,95173c6c232a9bc1af6c759330abe033273171c25f7a38863082beb10ab5ad8f
results/raw/runs/1d_burgers/sa_pinn/seed_31415/diagnostics/sa_weight_history.csv,57705,2026-07-01T13:25:15.088486+00:00,a316ea5037f92551072ac55abe8b7e0d5943f61a05019c17380ddb566b2dc009
results/raw/runs/1d_burgers/sa_pinn/seed_31415/diagnostics/sa_weight_state_final.pt,45609,2026-07-01T13:25:15.096486+00:00,761a757e76beb25a61652f2bcf65ae469a81e94196f4f4ac4bd4c134711a9a26
results/raw/runs/1d_burgers/sa_pinn/seed_31415/diagnostics/sa_weight_summary.json,259,2026-07-01T13:25:15.088486+00:00,740a51e11043438e3c7d5976aba65516a3ce313c0fa8ea309651043b0002cbbd
results/raw/runs/1d_burgers/sa_pinn/seed_31415/diagnostics/sa_weights_final.npz,8182,2026-07-01T13:25:15.092486+00:00,b1cc1848d3194626064accf3963027a276cef1a8204c93dc734ec5756eabf12b
results/raw/runs/1d_burgers/sa_pinn/seed_31415/env.json,244,2026-07-01T13:20:45.097483+00:00,3ea9611b4a501b9d8258401458ea7fbd12107e673f8ddeac71518e0ffecb3269
results/raw/runs/1d_burgers/sa_pinn/seed_31415/history.csv,57705,2026-07-01T13:25:14.752487+00:00,a316ea5037f92551072ac55abe8b7e0d5943f61a05019c17380ddb566b2dc009
results/raw/runs/1d_burgers/sa_pinn/seed_31415/method.json,415,2026-07-01T13:20:45.097483+00:00,2b12fb0470b69847a56d905c7e89fadd29c0a7f46be213e1fd066edc1c1c8c5e
results/raw/runs/1d_burgers/sa_pinn/seed_31415/metrics_adamw.json,3051,2026-07-21T04:37:38.622169+00:00,c5ce8acc1602430e7a746f4bdec8bd3fdfc96522bb129b4351313c186ed612c3
results/raw/runs/1d_burgers/sa_pinn/seed_31415/metrics_final.json,3051,2026-07-21T04:37:38.618169+00:00,c5ce8acc1602430e7a746f4bdec8bd3fdfc96522bb129b4351313c186ed612c3
results/raw/runs/1d_burgers/sa_pinn/seed_31415/model_adamw_final.pt,339291,2026-07-01T13:25:14.756487+00:00,ba1a15e8044daffc1fa00cd6511f6daaf7df0848dd212dd82521e1f3db41a67f
results/raw/runs/1d_burgers/sa_pinn/seed_31415/model_final.pt,339195,2026-07-01T13:25:14.760487+00:00,5631a06d8354a0293bd5e636e2ae3797d919abddef0e77937499360e90640052
results/raw/runs/1d_burgers/sa_pinn/seed_31415/predictions/predict_grid.npz,1298741,2026-07-01T13:25:15.076486+00:00,ae8ce8e844702292e98a91ace62aa2ddba214fef48f8f993b45313ac0a30929c
results/raw/runs/1d_burgers/sa_pinn/seed_31415/predictions/prediction_info.json,49,2026-07-01T13:25:15.076486+00:00,b42bd2b569d036f20241bf0507f2d54b75236a938104a9c60f75c35520ae8ca9
results/raw/runs/1d_burgers/sa_pinn/seed_31415/status.json,103,2026-07-01T13:25:15.096486+00:00,0ebcbe41d18448a489391d28ec7199a2229d6979389197f49f9ce8b63424472a
results/raw/runs/1d_burgers/sa_pinn/seed_42/_SUCCESS,8,2026-07-01T13:16:21.414150+00:00,81b2bd4ea98c8db66554fbc8d7637a1a69a130f331feb732b75caab4c4868fd5
results/raw/runs/1d_burgers/sa_pinn/seed_42/config.json,1163,2026-07-01T13:11:58.442309+00:00,53135692906e1631987100e29c0a07be3bc7e0883b7602364e79c6c6c7fb78e0
results/raw/runs/1d_burgers/sa_pinn/seed_42/diagnostics/sa_training_points_fixed.npz,78502,2026-07-01T13:16:21.414150+00:00,47be633c623992ef673dd694b61c9dcfb9a723aec26c812c71690b94a1fc65ab
results/raw/runs/1d_burgers/sa_pinn/seed_42/diagnostics/sa_weight_history.csv,58191,2026-07-01T13:16:21.406150+00:00,e01bff89e1dd2f8c2031e5a021b1da0f8d47c616cd3d3bfe15d250310099b33d
results/raw/runs/1d_burgers/sa_pinn/seed_42/diagnostics/sa_weight_state_final.pt,45609,2026-07-01T13:16:21.414150+00:00,c4334f958a96b8b055f3f542c9cc48e46aa8887599da8ca2c812fcfdbc628dd0
results/raw/runs/1d_burgers/sa_pinn/seed_42/diagnostics/sa_weight_summary.json,263,2026-07-01T13:16:21.406150+00:00,31f1b74226d37cea41058dfbc5c928d764ae2369c8aa2d243586f11125c33a4e
results/raw/runs/1d_burgers/sa_pinn/seed_42/diagnostics/sa_weights_final.npz,9510,2026-07-01T13:16:21.410150+00:00,212eed0bf42141da6929d28e25f6f7b6455a8c10bc222dbe907cc42dea3f097b
results/raw/runs/1d_burgers/sa_pinn/seed_42/env.json,244,2026-07-01T13:11:58.442309+00:00,3ea9611b4a501b9d8258401458ea7fbd12107e673f8ddeac71518e0ffecb3269
results/raw/runs/1d_burgers/sa_pinn/seed_42/history.csv,58191,2026-07-01T13:16:21.062151+00:00,e01bff89e1dd2f8c2031e5a021b1da0f8d47c616cd3d3bfe15d250310099b33d
results/raw/runs/1d_burgers/sa_pinn/seed_42/method.json,415,2026-07-01T13:11:58.442309+00:00,2b12fb0470b69847a56d905c7e89fadd29c0a7f46be213e1fd066edc1c1c8c5e
results/raw/runs/1d_burgers/sa_pinn/seed_42/metrics_adamw.json,3042,2026-07-21T04:37:38.622169+00:00,405b20dc845e0c5cce0a3ebd7b1506e368ab7f7c16fb3c2bbbe8ad73db6f8896
results/raw/runs/1d_burgers/sa_pinn/seed_42/metrics_final.json,3042,2026-07-21T04:37:38.622169+00:00,405b20dc845e0c5cce0a3ebd7b1506e368ab7f7c16fb3c2bbbe8ad73db6f8896
results/raw/runs/1d_burgers/sa_pinn/seed_42/model_adamw_final.pt,339291,2026-07-01T13:16:21.066151+00:00,6526aee96d84667b577a0960181a8d2de1d0c4e3e1a35abccef1e9d49254abbf
results/raw/runs/1d_burgers/sa_pinn/seed_42/model_final.pt,339195,2026-07-01T13:16:21.066151+00:00,2a0ee90b4a5da4fe404e7ab5cfb594956f03dba0f4fd428202410cab6af32c87
results/raw/runs/1d_burgers/sa_pinn/seed_42/predictions/predict_grid.npz,1248504,2026-07-01T13:16:21.398150+00:00,1d1d22791aa1429d476feecba8726aaac5f2c8f26ef09c10a505b80a1538e088
results/raw/runs/1d_burgers/sa_pinn/seed_42/predictions/prediction_info.json,49,2026-07-01T13:16:21.398150+00:00,b42bd2b569d036f20241bf0507f2d54b75236a938104a9c60f75c35520ae8ca9
results/raw/runs/1d_burgers/sa_pinn/seed_42/status.json,104,2026-07-01T13:16:21.414150+00:00,ccf5c2b76e6288e64940d8b329c8ae60dad3d1bdf0100cacfa4fc94de2315786
results/raw/runs/1d_burgers/sa_pinn/seed_7/_SUCCESS,8,2026-07-01T13:11:58.274309+00:00,81b2bd4ea98c8db66554fbc8d7637a1a69a130f331feb732b75caab4c4868fd5
results/raw/runs/1d_burgers/sa_pinn/seed_7/config.json,1161,2026-07-01T13:07:43.121659+00:00,da5c053dd76ab11211a4c7947189bd175a2f0b7f9b0443f9963908e3ae4d3662
results/raw/runs/1d_burgers/sa_pinn/seed_7/diagnostics/sa_training_points_fixed.npz,78547,2026-07-01T13:11:58.274309+00:00,a7ce5f1d8dfb83b5223c69e067c6190b0263cf0fed8e3f2836a14cac26a32f7e
results/raw/runs/1d_burgers/sa_pinn/seed_7/diagnostics/sa_weight_history.csv,56643,2026-07-01T13:11:58.266309+00:00,2e4fd7230f58505111c55d4fcdb0b1ec9e4ab80a3184f818f63952f03fde4a88
results/raw/runs/1d_burgers/sa_pinn/seed_7/diagnostics/sa_weight_state_final.pt,45609,2026-07-01T13:11:58.274309+00:00,70b591afe5a0daa0ac314f9d2170159b3851407ff0750896896402d2ce433d97
results/raw/runs/1d_burgers/sa_pinn/seed_7/diagnostics/sa_weight_summary.json,252,2026-07-01T13:11:58.266309+00:00,05d17153167b2ae7e5d693fc3eedc7a05f7dc58ddd8bb7e8b647ef459bad48d2
results/raw/runs/1d_burgers/sa_pinn/seed_7/diagnostics/sa_weights_final.npz,1353,2026-07-01T13:11:58.266309+00:00,8a6465178e3824aa1a899e31356f431bb66aa7e987f0fa24629c808f6dfa655a
results/raw/runs/1d_burgers/sa_pinn/seed_7/env.json,244,2026-07-01T13:07:43.121659+00:00,3ea9611b4a501b9d8258401458ea7fbd12107e673f8ddeac71518e0ffecb3269
results/raw/runs/1d_burgers/sa_pinn/seed_7/history.csv,56643,2026-07-01T13:11:57.998309+00:00,2e4fd7230f58505111c55d4fcdb0b1ec9e4ab80a3184f818f63952f03fde4a88
results/raw/runs/1d_burgers/sa_pinn/seed_7/method.json,415,2026-07-01T13:07:43.121659+00:00,2b12fb0470b69847a56d905c7e89fadd29c0a7f46be213e1fd066edc1c1c8c5e
results/raw/runs/1d_burgers/sa_pinn/seed_7/metrics_adamw.json,3036,2026-07-21T04:37:38.622169+00:00,b371c7490a86b19cfe9e9069a40e88276bfa8ccc4757b0fdd0420ecf12a56aef
results/raw/runs/1d_burgers/sa_pinn/seed_7/metrics_final.json,3036,2026-07-21T04:37:38.622169+00:00,b371c7490a86b19cfe9e9069a40e88276bfa8ccc4757b0fdd0420ecf12a56aef
results/raw/runs/1d_burgers/sa_pinn/seed_7/model_adamw_final.pt,339291,2026-07-01T13:11:58.002309+00:00,198face7649417e8839e29d09dc361a912c8ef4798021dfc5f9a752bcdf86f7f
results/raw/runs/1d_burgers/sa_pinn/seed_7/model_final.pt,339195,2026-07-01T13:11:58.002309+00:00,69229fbbe3434d04b1aa38471057c0e35717f4f300021ccccf11fa1159767691
results/raw/runs/1d_burgers/sa_pinn/seed_7/predictions/predict_grid.npz,1328258,2026-07-01T13:11:58.254309+00:00,ccc75516c90eaf51e1d8073b20c9b67668c9de1c7b0a0bbd3004c93d4de1a082
results/raw/runs/1d_burgers/sa_pinn/seed_7/predictions/prediction_info.json,49,2026-07-01T13:11:58.254309+00:00,b42bd2b569d036f20241bf0507f2d54b75236a938104a9c60f75c35520ae8ca9
results/raw/runs/1d_burgers/sa_pinn/seed_7/status.json,104,2026-07-01T13:11:58.274309+00:00,0a4c14df14f7e96112561f1a5810b83385ee278e814bbe6d1a682c12bfba0dac
results/raw/runs/1d_burgers/xpinn/seed_100/_SUCCESS,8,2026-07-05T07:23:50.115648+00:00,81b2bd4ea98c8db66554fbc8d7637a1a69a130f331feb732b75caab4c4868fd5
results/raw/runs/1d_burgers/xpinn/seed_100/config.json,1163,2026-07-05T06:40:53.577210+00:00,0a46e997dd8c2ba002e739f614ccc78b64ffc257d5fdc86bef38f374097d2641
results/raw/runs/1d_burgers/xpinn/seed_100/diagnostics/xpinn_interface_history.csv,75677,2026-07-05T07:23:50.107648+00:00,056965bfae7bc3f3abac62d246eb5f3ff11f12d799f2ab4c375c8281c63696c3
results/raw/runs/1d_burgers/xpinn/seed_100/diagnostics/xpinn_interface_points.npz,9236,2026-07-05T07:23:50.111648+00:00,993215018568272649f67d3a852a1297124c75bc0cb6e98e53b763ba02dc1d70
results/raw/runs/1d_burgers/xpinn/seed_100/diagnostics/xpinn_interface_points_meta.json,514,2026-07-05T07:23:50.111648+00:00,951c679fd39f78c73617ea3b756eb34a0320ef143a95baa932cd8a7464ad1266
results/raw/runs/1d_burgers/xpinn/seed_100/diagnostics/xpinn_loss_history.csv,56730,2026-07-05T07:23:50.103648+00:00,a55c3612145787c91e5107de12ef2ecded586234e120741e80de054927cda96e
results/raw/runs/1d_burgers/xpinn/seed_100/diagnostics/xpinn_subdomain_config.json,1314,2026-07-05T07:23:50.107648+00:00,71030cb1277dc9f9bf30b15adf196f69cf292df9b0f2bb9f8181a9dc9a38abcf
results/raw/runs/1d_burgers/xpinn/seed_100/diagnostics/xpinn_submodel_state_dicts.pt,1350603,2026-07-05T07:23:50.115648+00:00,a5fea801410ac6a373d625f1a3801b062e66993d1266110e4a21b552f0be8751
results/raw/runs/1d_burgers/xpinn/seed_100/env.json,244,2026-07-05T06:40:53.577210+00:00,3ea9611b4a501b9d8258401458ea7fbd12107e673f8ddeac71518e0ffecb3269
results/raw/runs/1d_burgers/xpinn/seed_100/history.csv,56730,2026-07-05T07:23:49.843649+00:00,a55c3612145787c91e5107de12ef2ecded586234e120741e80de054927cda96e
results/raw/runs/1d_burgers/xpinn/seed_100/method.json,1013,2026-07-05T06:40:53.577210+00:00,4796485ab0010a83a42d8b46d37677ddb2c5d6ad6cbabbb2ecf2d7193e757023
results/raw/runs/1d_burgers/xpinn/seed_100/metrics_adamw.json,3197,2026-07-21T04:37:38.626169+00:00,f5ec246016d37d3c1babd612f389e9c3a3649f080f7e6088c334477ed4020f84
results/raw/runs/1d_burgers/xpinn/seed_100/metrics_final.json,3197,2026-07-21T04:37:38.622169+00:00,f5ec246016d37d3c1babd612f389e9c3a3649f080f7e6088c334477ed4020f84
results/raw/runs/1d_burgers/xpinn/seed_100/model_adamw_final.pt,1353181,2026-07-05T07:23:49.847649+00:00,2131faa4ecf49d5840192631d5435e93ba049791824e5f9f16bb0afae579c2f0
results/raw/runs/1d_burgers/xpinn/seed_100/model_final.pt,1352809,2026-07-05T07:23:49.855649+00:00,0c6d3114b71b588d20937d0e597ca5b7a1412f89d0af7180efa6723b25611c05
results/raw/runs/1d_burgers/xpinn/seed_100/predictions/predict_grid.npz,1311634,2026-07-05T07:23:50.099648+00:00,138430c130a1df3a054705e424280f7b0b6f7f3e3763219deb6a62854b515720
results/raw/runs/1d_burgers/xpinn/seed_100/predictions/prediction_info.json,49,2026-07-05T07:23:50.099648+00:00,b42bd2b569d036f20241bf0507f2d54b75236a938104a9c60f75c35520ae8ca9
results/raw/runs/1d_burgers/xpinn/seed_100/status.json,104,2026-07-05T07:23:50.115648+00:00,49bb2c243bb6a4557f89a96c3f19b0ca8b07c2f0a4d0b39d38ded77eb7a09acd
results/raw/runs/1d_burgers/xpinn/seed_2026/_SUCCESS,8,2026-07-05T05:16:19.753276+00:00,81b2bd4ea98c8db66554fbc8d7637a1a69a130f331feb732b75caab4c4868fd5
results/raw/runs/1d_burgers/xpinn/seed_2026/config.json,1165,2026-07-05T04:36:02.367047+00:00,0a0562a1e5f9664777893d7a0953ed7b7899fe930dd302ecb8544e8364efec33
results/raw/runs/1d_burgers/xpinn/seed_2026/diagnostics/xpinn_interface_history.csv,75569,2026-07-05T05:16:19.745277+00:00,7d755be0c03ccf87106bb665beb001a47ee3dacb2a13e9fd763d7f3eca31c090
results/raw/runs/1d_burgers/xpinn/seed_2026/diagnostics/xpinn_interface_points.npz,9230,2026-07-05T05:16:19.749276+00:00,52c9b98780f066b274100a079e4d4d808e6af7f44cb018aac50d24ef7d195096
results/raw/runs/1d_burgers/xpinn/seed_2026/diagnostics/xpinn_interface_points_meta.json,514,2026-07-05T05:16:19.749276+00:00,951c679fd39f78c73617ea3b756eb34a0320ef143a95baa932cd8a7464ad1266
results/raw/runs/1d_burgers/xpinn/seed_2026/diagnostics/xpinn_loss_history.csv,56650,2026-07-05T05:16:19.741277+00:00,5d58a96c79322e3af4f497665cff66ecb032309242811fd30db15471d7e289fa
results/raw/runs/1d_burgers/xpinn/seed_2026/diagnostics/xpinn_subdomain_config.json,1314,2026-07-05T05:16:19.745277+00:00,d80a96fc1c38970c88e2eb5d11b495b7fd81a48297984c65c42785ddcce2e949
results/raw/runs/1d_burgers/xpinn/seed_2026/diagnostics/xpinn_submodel_state_dicts.pt,1350603,2026-07-05T05:16:19.753276+00:00,e58a2ea91fb4543ca34664841f4b5a25cf7e46846dbf605235fa3452a28c040a
results/raw/runs/1d_burgers/xpinn/seed_2026/env.json,244,2026-07-05T04:36:02.367047+00:00,3ea9611b4a501b9d8258401458ea7fbd12107e673f8ddeac71518e0ffecb3269
results/raw/runs/1d_burgers/xpinn/seed_2026/history.csv,56650,2026-07-05T05:16:19.469286+00:00,5d58a96c79322e3af4f497665cff66ecb032309242811fd30db15471d7e289fa
results/raw/runs/1d_burgers/xpinn/seed_2026/method.json,1013,2026-07-05T04:36:02.367047+00:00,4796485ab0010a83a42d8b46d37677ddb2c5d6ad6cbabbb2ecf2d7193e757023
results/raw/runs/1d_burgers/xpinn/seed_2026/metrics_adamw.json,3206,2026-07-21T04:37:38.626169+00:00,782fe7eeb5c4ce9b8694eac5fa42c1e6da500fda59a874c9bac2072536f5dda6
results/raw/runs/1d_burgers/xpinn/seed_2026/metrics_final.json,3206,2026-07-21T04:37:38.626169+00:00,782fe7eeb5c4ce9b8694eac5fa42c1e6da500fda59a874c9bac2072536f5dda6
results/raw/runs/1d_burgers/xpinn/seed_2026/model_adamw_final.pt,1353181,2026-07-05T05:16:19.477286+00:00,74b4465e641dfabc4019bf95b8a9ad3c5ee0703c43454ea0885313e9d8ebc156
results/raw/runs/1d_burgers/xpinn/seed_2026/model_final.pt,1352809,2026-07-05T05:16:19.485285+00:00,85fb999d40b0c4224ce00a766b5dc8012797d77b5b198fb1d2b8814d58656f9e
results/raw/runs/1d_burgers/xpinn/seed_2026/predictions/predict_grid.npz,1286598,2026-07-05T05:16:19.737277+00:00,fe3271410962d4b0813ae24690829bbe8be2dc74c8dd0ae37eb2eb6b78b7cb5a
results/raw/runs/1d_burgers/xpinn/seed_2026/predictions/prediction_info.json,49,2026-07-05T05:16:19.737277+00:00,b42bd2b569d036f20241bf0507f2d54b75236a938104a9c60f75c35520ae8ca9
results/raw/runs/1d_burgers/xpinn/seed_2026/status.json,104,2026-07-05T05:16:19.753276+00:00,f4008bb3e24383b9735ae29f877f2c6a570c01811a1a85f8bb1966732e9eb676
results/raw/runs/1d_burgers/xpinn/seed_31415/_SUCCESS,8,2026-07-05T08:02:43.253605+00:00,81b2bd4ea98c8db66554fbc8d7637a1a69a130f331feb732b75caab4c4868fd5
results/raw/runs/1d_burgers/xpinn/seed_31415/config.json,1167,2026-07-05T07:23:50.295647+00:00,88f33f9a3036d97db1c5c7ec269963902d3808b6d6fb2b3a2cc639e4875a9d9b
results/raw/runs/1d_burgers/xpinn/seed_31415/diagnostics/xpinn_interface_history.csv,75605,2026-07-05T08:02:43.245605+00:00,952e44ccd1c4753061e4034e39b772cb3fcc199c10b66abee3e28ec0c122f904
results/raw/runs/1d_burgers/xpinn/seed_31415/diagnostics/xpinn_interface_points.npz,9248,2026-07-05T08:02:43.245605+00:00,33850aa8ed016ee84c94a39a0d000403edf4b48a0dc20f9541a9fb7b97b4111c
results/raw/runs/1d_burgers/xpinn/seed_31415/diagnostics/xpinn_interface_points_meta.json,514,2026-07-05T08:02:43.249605+00:00,951c679fd39f78c73617ea3b756eb34a0320ef143a95baa932cd8a7464ad1266
results/raw/runs/1d_burgers/xpinn/seed_31415/diagnostics/xpinn_loss_history.csv,56634,2026-07-05T08:02:43.241605+00:00,14c3ce505057d0eb0ff38bad57ffb8139fa55dc5faf9682d751345658debde40
results/raw/runs/1d_burgers/xpinn/seed_31415/diagnostics/xpinn_subdomain_config.json,1313,2026-07-05T08:02:43.245605+00:00,68d3288855cfbd6d7020ea85897b1b4f7ac97b5fd01a51848233c75a781ba25e
results/raw/runs/1d_burgers/xpinn/seed_31415/diagnostics/xpinn_submodel_state_dicts.pt,1350603,2026-07-05T08:02:43.253605+00:00,818b280a8e79430f029f24c5c19d7cb3fce81e3ae9ade51a2452a3fd3c5091bf
results/raw/runs/1d_burgers/xpinn/seed_31415/env.json,244,2026-07-05T07:23:50.295647+00:00,3ea9611b4a501b9d8258401458ea7fbd12107e673f8ddeac71518e0ffecb3269
results/raw/runs/1d_burgers/xpinn/seed_31415/history.csv,56634,2026-07-05T08:02:42.985606+00:00,14c3ce505057d0eb0ff38bad57ffb8139fa55dc5faf9682d751345658debde40
results/raw/runs/1d_burgers/xpinn/seed_31415/method.json,1013,2026-07-05T07:23:50.295647+00:00,4796485ab0010a83a42d8b46d37677ddb2c5d6ad6cbabbb2ecf2d7193e757023
results/raw/runs/1d_burgers/xpinn/seed_31415/metrics_adamw.json,3202,2026-07-21T04:37:38.626169+00:00,b7ef23e6702d7e3bf55e85e349d9b79ebb71f03f44a3f2044c68fc50cbbb4d09
results/raw/runs/1d_burgers/xpinn/seed_31415/metrics_final.json,3202,2026-07-21T04:37:38.626169+00:00,b7ef23e6702d7e3bf55e85e349d9b79ebb71f03f44a3f2044c68fc50cbbb4d09
results/raw/runs/1d_burgers/xpinn/seed_31415/model_adamw_final.pt,1353181,2026-07-05T08:02:42.993606+00:00,5310a414f5de362a688d976298fcca4fb958f1c02409df79c8418e2bf4aef93e
results/raw/runs/1d_burgers/xpinn/seed_31415/model_final.pt,1352809,2026-07-05T08:02:42.997606+00:00,3d56d38c7d1161bc599007a2be238e499483bba55c5edca06a9942dcd4662349
results/raw/runs/1d_burgers/xpinn/seed_31415/predictions/predict_grid.npz,1300401,2026-07-05T08:02:43.237605+00:00,aadc3917a2c386b7dbd806691c113cee689d9256373654393c1f46a524e22da1
results/raw/runs/1d_burgers/xpinn/seed_31415/predictions/prediction_info.json,49,2026-07-05T08:02:43.237605+00:00,b42bd2b569d036f20241bf0507f2d54b75236a938104a9c60f75c35520ae8ca9
results/raw/runs/1d_burgers/xpinn/seed_31415/status.json,103,2026-07-05T08:02:43.253605+00:00,b065c0f8ca4577d87acb4de572810f04ae5618391437e36abbad1f8f550da5fb
results/raw/runs/1d_burgers/xpinn/seed_42/_SUCCESS,8,2026-07-05T06:40:53.357212+00:00,81b2bd4ea98c8db66554fbc8d7637a1a69a130f331feb732b75caab4c4868fd5
results/raw/runs/1d_burgers/xpinn/seed_42/config.json,1161,2026-07-05T05:58:54.749908+00:00,82ea1e4dbc18c62b8df8d7be9e1e1f5444b10b84ace7871879343c82d40ce121
results/raw/runs/1d_burgers/xpinn/seed_42/diagnostics/xpinn_interface_history.csv,75664,2026-07-05T06:40:53.349212+00:00,a6ca43145d527ac907b714929997d53b557dd9075ce741431c3c71372aa84781
results/raw/runs/1d_burgers/xpinn/seed_42/diagnostics/xpinn_interface_points.npz,9243,2026-07-05T06:40:53.349212+00:00,dd971b9c4c45aa55aaf6491f581499c60f8cd2946a1aa48947e3ac8d3ee796a1
results/raw/runs/1d_burgers/xpinn/seed_42/diagnostics/xpinn_interface_points_meta.json,514,2026-07-05T06:40:53.349212+00:00,951c679fd39f78c73617ea3b756eb34a0320ef143a95baa932cd8a7464ad1266
results/raw/runs/1d_burgers/xpinn/seed_42/diagnostics/xpinn_loss_history.csv,56723,2026-07-05T06:40:53.341212+00:00,b0eca6c40b85d15ab33d39c029399ead90dca5a5af843a3d4f9932b9d51b7194
results/raw/runs/1d_burgers/xpinn/seed_42/diagnostics/xpinn_subdomain_config.json,1313,2026-07-05T06:40:53.349212+00:00,7770511b3db0869c89e0dd94a6eb156768fc6e25269c4e2fe6cb0b237c139567
results/raw/runs/1d_burgers/xpinn/seed_42/diagnostics/xpinn_submodel_state_dicts.pt,1350603,2026-07-05T06:40:53.357212+00:00,f3aca53dcac91a683ba4618581d941c1070a88ab34abcc608e2025a0a74bd71b
results/raw/runs/1d_burgers/xpinn/seed_42/env.json,244,2026-07-05T05:58:54.749908+00:00,3ea9611b4a501b9d8258401458ea7fbd12107e673f8ddeac71518e0ffecb3269
results/raw/runs/1d_burgers/xpinn/seed_42/history.csv,56723,2026-07-05T06:40:53.041215+00:00,b0eca6c40b85d15ab33d39c029399ead90dca5a5af843a3d4f9932b9d51b7194
results/raw/runs/1d_burgers/xpinn/seed_42/method.json,1013,2026-07-05T05:58:54.749908+00:00,4796485ab0010a83a42d8b46d37677ddb2c5d6ad6cbabbb2ecf2d7193e757023
results/raw/runs/1d_burgers/xpinn/seed_42/metrics_adamw.json,3178,2026-07-21T04:37:38.626169+00:00,4dbe58a92f433987df1fa672ce3a5c076503ecacb764016b8da352bd2712db53
results/raw/runs/1d_burgers/xpinn/seed_42/metrics_final.json,3178,2026-07-21T04:37:38.626169+00:00,4dbe58a92f433987df1fa672ce3a5c076503ecacb764016b8da352bd2712db53
results/raw/runs/1d_burgers/xpinn/seed_42/model_adamw_final.pt,1353181,2026-07-05T06:40:53.049215+00:00,865c135aa73894d99d938a8fcbb78306198b601e4e0658ccce53814ecadb0440
results/raw/runs/1d_burgers/xpinn/seed_42/model_final.pt,1352809,2026-07-05T06:40:53.057215+00:00,23aa7ae39e8a19e8a5913ba02ad55d554aca5e827bdd34c4c4732a4830a10096
results/raw/runs/1d_burgers/xpinn/seed_42/predictions/predict_grid.npz,1277543,2026-07-05T06:40:53.337212+00:00,f99fc699d704e02705559ea3f9a1ad97a206931198df23e3e3368d321146ab49
results/raw/runs/1d_burgers/xpinn/seed_42/predictions/prediction_info.json,49,2026-07-05T06:40:53.337212+00:00,b42bd2b569d036f20241bf0507f2d54b75236a938104a9c60f75c35520ae8ca9
results/raw/runs/1d_burgers/xpinn/seed_42/status.json,104,2026-07-05T06:40:53.357212+00:00,17e5792b863acf35816180116c78baf63c48e685acefffcfe09a17f7da340a92
results/raw/runs/1d_burgers/xpinn/seed_7/_SUCCESS,8,2026-07-05T05:58:54.553906+00:00,81b2bd4ea98c8db66554fbc8d7637a1a69a130f331feb732b75caab4c4868fd5
results/raw/runs/1d_burgers/xpinn/seed_7/config.json,1159,2026-07-05T05:17:48.746503+00:00,6a2ea0a5a6d78435c5417cb6f4a2fb5458c24857198ac0ae53d4e5e7d3519711
results/raw/runs/1d_burgers/xpinn/seed_7/diagnostics/xpinn_interface_history.csv,75530,2026-07-05T05:58:54.541906+00:00,3efd63720317df3a4c92f641707a9837eb9d25e2f9c7b435b9840eb4c6f4b94e
results/raw/runs/1d_burgers/xpinn/seed_7/diagnostics/xpinn_interface_points.npz,9237,2026-07-05T05:58:54.545906+00:00,ec8c6f28ff0544a4a06ae004d3c71d6a9a0f1fef2bd6c7032fd3df4e566d163e
results/raw/runs/1d_burgers/xpinn/seed_7/diagnostics/xpinn_interface_points_meta.json,514,2026-07-05T05:58:54.545906+00:00,951c679fd39f78c73617ea3b756eb34a0320ef143a95baa932cd8a7464ad1266
results/raw/runs/1d_burgers/xpinn/seed_7/diagnostics/xpinn_loss_history.csv,56624,2026-07-05T05:58:54.537906+00:00,03c20520617c08459d86f8f1922cefd3f6063885bdf5cf61e8643846049269ee
results/raw/runs/1d_burgers/xpinn/seed_7/diagnostics/xpinn_subdomain_config.json,1313,2026-07-05T05:58:54.541906+00:00,72868688288847441ddf047570dbe965eae43e404d375c2b1d2fb282e6c2b296
results/raw/runs/1d_burgers/xpinn/seed_7/diagnostics/xpinn_submodel_state_dicts.pt,1350603,2026-07-05T05:58:54.549906+00:00,5fefe564bc09b5e16edc1452ac8522251533bdd5b0185f2731848f761b05ba19
results/raw/runs/1d_burgers/xpinn/seed_7/env.json,244,2026-07-05T05:17:48.746503+00:00,3ea9611b4a501b9d8258401458ea7fbd12107e673f8ddeac71518e0ffecb3269
results/raw/runs/1d_burgers/xpinn/seed_7/history.csv,56624,2026-07-05T05:58:54.281904+00:00,03c20520617c08459d86f8f1922cefd3f6063885bdf5cf61e8643846049269ee
results/raw/runs/1d_burgers/xpinn/seed_7/method.json,1013,2026-07-05T05:17:48.746503+00:00,4796485ab0010a83a42d8b46d37677ddb2c5d6ad6cbabbb2ecf2d7193e757023
results/raw/runs/1d_burgers/xpinn/seed_7/metrics_adamw.json,3178,2026-07-21T04:37:38.630169+00:00,635fc65d430cf0f7935b39d9b5d79ed07dfc71c1f9c128504a59f24b2761110f
results/raw/runs/1d_burgers/xpinn/seed_7/metrics_final.json,3178,2026-07-21T04:37:38.630169+00:00,635fc65d430cf0f7935b39d9b5d79ed07dfc71c1f9c128504a59f24b2761110f
results/raw/runs/1d_burgers/xpinn/seed_7/model_adamw_final.pt,1353181,2026-07-05T05:58:54.285904+00:00,c10eb5b22303b4d49893bb777ceae03ef73ebc7ed8cc682ca1d23f3c262b9520
results/raw/runs/1d_burgers/xpinn/seed_7/model_final.pt,1352809,2026-07-05T05:58:54.293904+00:00,caa79b212464042a672669eb0fb401dda159e145229ccafc3cddd6c1471977db
results/raw/runs/1d_burgers/xpinn/seed_7/predictions/predict_grid.npz,1286932,2026-07-05T05:58:54.533906+00:00,4a5d86f8c99d1f32c2a3232446a9e58dbaf4b049bf05c49a338fde7f671e66ee
results/raw/runs/1d_burgers/xpinn/seed_7/predictions/prediction_info.json,49,2026-07-05T05:58:54.533906+00:00,b42bd2b569d036f20241bf0507f2d54b75236a938104a9c60f75c35520ae8ca9
results/raw/runs/1d_burgers/xpinn/seed_7/status.json,103,2026-07-05T05:58:54.553906+00:00,779b316c92865855e8313b662673fa6dc91a4b9d126fb261b3d42580c5d45c67
results/raw/runs/1d_euler/_shared_warmup/seed_100/_SUCCESS,8,2026-07-01T05:54:21.146350+00:00,81b2bd4ea98c8db66554fbc8d7637a1a69a130f331feb732b75caab4c4868fd5
results/raw/runs/1d_euler/_shared_warmup/seed_100/history_warmup.csv,11502,2026-07-01T05:54:21.142350+00:00,b2fbcbc635efb6ac67984c220405a25e76fccef5a5403dc58b4fa2a5d5078b21
results/raw/runs/1d_euler/_shared_warmup/seed_100/metrics_warmup.json,162,2026-07-01T05:54:21.142350+00:00,1ed116e749d1d14cea56c835e44d4b0591544806601f5718e0a44a5e88d8f12f
results/raw/runs/1d_euler/_shared_warmup/seed_100/model_warmup.pt,337675,2026-07-01T05:54:21.142350+00:00,7b69b96d8d242dcb3057ce029e5cb69b254e0a8a11e91929a42937f9643a97b5
results/raw/runs/1d_euler/_shared_warmup/seed_100/status.json,97,2026-07-01T05:54:21.146350+00:00,530f8435460e4f53bc7f3b6052301915330dfb6fe3d7fcb43af04bccc3d1445a
results/raw/runs/1d_euler/_shared_warmup/seed_2026/_SUCCESS,8,2026-07-01T04:54:37.834718+00:00,81b2bd4ea98c8db66554fbc8d7637a1a69a130f331feb732b75caab4c4868fd5
results/raw/runs/1d_euler/_shared_warmup/seed_2026/history_warmup.csv,11510,2026-07-01T04:54:37.830719+00:00,641693ddd66cd6765852c7180ec1d19e61da56a92d079aed0d4844b85957f216
results/raw/runs/1d_euler/_shared_warmup/seed_2026/metrics_warmup.json,164,2026-07-01T04:54:37.834718+00:00,36c976e2bc1d74ec4613a5ffa852cae7038c91e4b4c73bd344b0386ac55a01c4
results/raw/runs/1d_euler/_shared_warmup/seed_2026/model_warmup.pt,337675,2026-07-01T04:54:37.834718+00:00,ec5acf2e2becf7d03b08f7253a6733c3ba14a96f143c96a34c37781dabbb10b8
results/raw/runs/1d_euler/_shared_warmup/seed_2026/status.json,98,2026-07-01T04:54:37.834718+00:00,76af8e2c3fc02c80799219920f264280df85fe27123563f091c07d29c5397566
results/raw/runs/1d_euler/_shared_warmup/seed_31415/_SUCCESS,8,2026-07-01T06:09:12.168135+00:00,81b2bd4ea98c8db66554fbc8d7637a1a69a130f331feb732b75caab4c4868fd5
results/raw/runs/1d_euler/_shared_warmup/seed_31415/history_warmup.csv,11490,2026-07-01T06:09:12.164135+00:00,8303c79a685bed25d9c0b3ebe0bc1224899456f890abf20b3a5a716b26d900f3
results/raw/runs/1d_euler/_shared_warmup/seed_31415/metrics_warmup.json,164,2026-07-01T06:09:12.168135+00:00,2f1ca6a944acb3ec8e0b355604633ea3b40870073d7a1c5bdfa57c24acba9768
results/raw/runs/1d_euler/_shared_warmup/seed_31415/model_warmup.pt,337675,2026-07-01T06:09:12.168135+00:00,530d1b4753a642ae1ef3369893b11363266d619272b797344144293020b260a0
results/raw/runs/1d_euler/_shared_warmup/seed_31415/status.json,97,2026-07-01T06:09:12.168135+00:00,ae719d4f1aea5ec2335340c3eb44dda9d867a8ca4a7e39f3e53b0f4f0996f253
results/raw/runs/1d_euler/_shared_warmup/seed_42/_SUCCESS,8,2026-07-01T05:39:12.460966+00:00,81b2bd4ea98c8db66554fbc8d7637a1a69a130f331feb732b75caab4c4868fd5
results/raw/runs/1d_euler/_shared_warmup/seed_42/history_warmup.csv,11491,2026-07-01T05:39:12.456966+00:00,0524f19a5c22aff9979d0c7494dd8c74150559988a5430e1b74788ad16d9d0c3
results/raw/runs/1d_euler/_shared_warmup/seed_42/metrics_warmup.json,162,2026-07-01T05:39:12.460966+00:00,a9f5074f51945fafdef10c4d7c4999a17dda4e6169cba07671492ae05ca4e0ae
results/raw/runs/1d_euler/_shared_warmup/seed_42/model_warmup.pt,337675,2026-07-01T05:39:12.460966+00:00,6302332dcee7221248d7000232581920c03ea548d1c5dcf440ccdb932ec8c876
results/raw/runs/1d_euler/_shared_warmup/seed_42/status.json,98,2026-07-01T05:39:12.460966+00:00,6e50085407c4b44d1914dca56e967bbf492491d2214ca3f46def338809ae40ee
results/raw/runs/1d_euler/_shared_warmup/seed_7/_SUCCESS,8,2026-07-01T05:24:05.984493+00:00,81b2bd4ea98c8db66554fbc8d7637a1a69a130f331feb732b75caab4c4868fd5
results/raw/runs/1d_euler/_shared_warmup/seed_7/history_warmup.csv,11498,2026-07-01T05:24:05.980493+00:00,50b7a79baa26ea1a4d118afdf6971fd880dee363020c6474aec6f9a8f1b88578
results/raw/runs/1d_euler/_shared_warmup/seed_7/metrics_warmup.json,161,2026-07-01T05:24:05.984493+00:00,5a5b6bdcbcba40f6dfbd0a3a947244295a55c4ce6362efc92b97f365cdac944a
results/raw/runs/1d_euler/_shared_warmup/seed_7/model_warmup.pt,337675,2026-07-01T05:24:05.980493+00:00,91fb0cab271645153bc782f1e246192dc032f59e8b3e8c2a71ff3b9babe8f015
results/raw/runs/1d_euler/_shared_warmup/seed_7/status.json,98,2026-07-01T05:24:05.984493+00:00,c62a31152a020bd7fac5bef89b14823b6b0b6d7f2cb3c5a5c76e6e6622dffab3
results/raw/runs/1d_euler/_summary/_archive/pinn_ours_metrics.before_repair_20260721_003700.csv,17377,2026-07-21T04:34:48.222926+00:00,ffb18ad8065484408e5eb2774dcb726a840551437cc7801c98803636af31ec19
results/raw/runs/1d_euler/_summary/aaf_pinn_metrics.csv,9240,2026-07-21T04:37:38.978167+00:00,39c7ceb5091b8218e3252a7040070059c33ae5dfcf132bd85d4418f9f808bfa4
results/raw/runs/1d_euler/_summary/cpinn_metrics.csv,9436,2026-07-21T04:37:38.986167+00:00,8deee9a28704d4f5f89286381a475b9671bae9505db6476d34e4c2465e79e65e
results/raw/runs/1d_euler/_summary/gpinn_subsampled_metrics.csv,9352,2026-07-21T04:37:38.974167+00:00,680a2731d88bd65af4fe123e178c7908e2672a31b8c26605baf2af811ce425e1
results/raw/runs/1d_euler/_summary/lra_pinn_metrics.csv,9189,2026-07-21T04:37:38.966167+00:00,a0b3d22e4f2fe14d7835a09a0d0083bfcc1ec3a4f54b98db9b939b7c15703ca0
results/raw/runs/1d_euler/_summary/pinn_ours_metrics.csv,16352,2026-07-21T04:37:38.942167+00:00,dc3cf8714216378d868567acbad33afde2d9b643ab80444a05c25eacec5b9b6f
results/raw/runs/1d_euler/_summary/rad_pinn_metrics.csv,8997,2026-07-21T04:37:38.946167+00:00,386d232ebccb7e049707014748acbf75274d002a9373a266b313c5dbcb28dd24
results/raw/runs/1d_euler/_summary/rar_d_pinn_metrics.csv,9167,2026-07-21T04:37:38.954167+00:00,6fb10ca145fcee875c057153e4dc4f1ff5843435126dcaebc25085fcd470b68f
results/raw/runs/1d_euler/_summary/sa_pinn_metrics.csv,9259,2026-07-21T04:37:38.958167+00:00,341aec8c2ad90c6966b22150cd85fe90502b98743185e76acb700b51e9527a69
results/raw/runs/1d_euler/_summary/xpinn_metrics.csv,9456,2026-07-21T04:37:38.990167+00:00,5c04638e843fee50846144a3887fa7b07bcc33761200d54cc44f37a5d516ef85
results/raw/runs/1d_euler/aaf_pinn/seed_100/_SUCCESS,8,2026-07-03T05:07:34.690742+00:00,81b2bd4ea98c8db66554fbc8d7637a1a69a130f331feb732b75caab4c4868fd5
results/raw/runs/1d_euler/aaf_pinn/seed_100/config.json,1236,2026-07-03T04:57:06.316702+00:00,4aff45120e5a4168d4f31555996c66446f550c71d9749c710207d61782a6fcea
results/raw/runs/1d_euler/aaf_pinn/seed_100/diagnostics/aaf_activation_history.csv,38413,2026-07-03T05:07:34.690742+00:00,847fa40d7dae8384cc065332ce327e335c3fb6a920682c14e1615f9c017669bc
results/raw/runs/1d_euler/aaf_pinn/seed_100/diagnostics/aaf_final_state.pt,1091,2026-07-03T05:07:34.690742+00:00,ead90d8c3c9d80d9bfc17e27f2fa84ba7ff479fc3f4d5c761c90d283547207b7
results/raw/runs/1d_euler/aaf_pinn/seed_100/diagnostics/aaf_settings.json,301,2026-07-03T05:07:34.690742+00:00,fc7c238183f3f197b1c8a472cf9c40850a549ddb2f851242b34e0f53610bc50e
results/raw/runs/1d_euler/aaf_pinn/seed_100/env.json,244,2026-07-03T04:57:06.316702+00:00,3ea9611b4a501b9d8258401458ea7fbd12107e673f8ddeac71518e0ffecb3269
results/raw/runs/1d_euler/aaf_pinn/seed_100/history.csv,38413,2026-07-03T05:07:34.402743+00:00,847fa40d7dae8384cc065332ce327e335c3fb6a920682c14e1615f9c017669bc
results/raw/runs/1d_euler/aaf_pinn/seed_100/method.json,528,2026-07-03T04:57:06.316702+00:00,bbc1fade3e79c7bd5357e9a0399a893ccd525e3f7fa125a1f6a9b95007c5983c
results/raw/runs/1d_euler/aaf_pinn/seed_100/metrics_adamw.json,3853,2026-07-21T04:37:38.630169+00:00,a16bd8530d82e162c5c6801d4f4d6c4b513e0ae198c7274961caa916e82b7282
results/raw/runs/1d_euler/aaf_pinn/seed_100/metrics_final.json,3853,2026-07-21T04:37:38.630169+00:00,a16bd8530d82e162c5c6801d4f4d6c4b513e0ae198c7274961caa916e82b7282
results/raw/runs/1d_euler/aaf_pinn/seed_100/model_adamw_final.pt,341218,2026-07-03T05:07:34.406743+00:00,b6318c66ac877e46bf345423a9009b924409e7073fb2ffefcfefe6d4ac8086f8
results/raw/runs/1d_euler/aaf_pinn/seed_100/model_final.pt,341116,2026-07-03T05:07:34.406743+00:00,df1ceb6214c74862aa383308ab567fbcf169b9330e8ba510cf5635a993adc962
results/raw/runs/1d_euler/aaf_pinn/seed_100/predictions/predict_grid.npz,2569089,2026-07-03T05:07:34.686742+00:00,ac64df5b366d8655be7c83df85a0221d9eeaeff207ba8cd007ef492005377fb3
results/raw/runs/1d_euler/aaf_pinn/seed_100/predictions/prediction_info.json,49,2026-07-03T05:07:34.686742+00:00,b42bd2b569d036f20241bf0507f2d54b75236a938104a9c60f75c35520ae8ca9
results/raw/runs/1d_euler/aaf_pinn/seed_100/status.json,103,2026-07-03T05:07:34.690742+00:00,8ef4292180958d12a2451d15fc49f03f3eb8d8166c61d21131ee1310b904d85f
results/raw/runs/1d_euler/aaf_pinn/seed_2026/_SUCCESS,8,2026-07-03T04:36:41.069262+00:00,81b2bd4ea98c8db66554fbc8d7637a1a69a130f331feb732b75caab4c4868fd5
results/raw/runs/1d_euler/aaf_pinn/seed_2026/config.json,1238,2026-07-03T04:26:25.383351+00:00,a09c81622737cf65c5b4cf20fbb4619253c0dd320f75a90f3910ace465dd99d6
results/raw/runs/1d_euler/aaf_pinn/seed_2026/diagnostics/aaf_activation_history.csv,38416,2026-07-03T04:36:41.069262+00:00,cd9b1e9ec682cacb660b530e6207dec9820af49c895d8a64cf38135e215a3729
results/raw/runs/1d_euler/aaf_pinn/seed_2026/diagnostics/aaf_final_state.pt,1091,2026-07-03T04:36:41.069262+00:00,74658ab800afebf6e7fcda4c0bae14a7f4e1282590e2d703cce56272082f6aa5
results/raw/runs/1d_euler/aaf_pinn/seed_2026/diagnostics/aaf_settings.json,302,2026-07-03T04:36:41.069262+00:00,13398be6fc277c5d97f4eddd81ccd9aa398139f57153d9db6149e391be227079
results/raw/runs/1d_euler/aaf_pinn/seed_2026/env.json,244,2026-07-03T04:26:25.383351+00:00,3ea9611b4a501b9d8258401458ea7fbd12107e673f8ddeac71518e0ffecb3269
results/raw/runs/1d_euler/aaf_pinn/seed_2026/history.csv,38416,2026-07-03T04:36:40.789261+00:00,cd9b1e9ec682cacb660b530e6207dec9820af49c895d8a64cf38135e215a3729
results/raw/runs/1d_euler/aaf_pinn/seed_2026/method.json,528,2026-07-03T04:26:25.383351+00:00,bbc1fade3e79c7bd5357e9a0399a893ccd525e3f7fa125a1f6a9b95007c5983c
results/raw/runs/1d_euler/aaf_pinn/seed_2026/metrics_adamw.json,3863,2026-07-21T04:37:38.630169+00:00,f0065eb21fa9e63386e5c981e6877dbbf038607b6a9ef9a679e88355905c3938
results/raw/runs/1d_euler/aaf_pinn/seed_2026/metrics_final.json,3863,2026-07-21T04:37:38.630169+00:00,f0065eb21fa9e63386e5c981e6877dbbf038607b6a9ef9a679e88355905c3938
results/raw/runs/1d_euler/aaf_pinn/seed_2026/model_adamw_final.pt,341218,2026-07-03T04:36:40.793261+00:00,1ce0674c654b05ee85c73e9faf4e354d4bd64ccac80a4ad0c82b7d9dab8888d4
results/raw/runs/1d_euler/aaf_pinn/seed_2026/model_final.pt,341116,2026-07-03T04:36:40.793261+00:00,f827c1663f2b19ebaa79a887152c7552ca0e72734794fac54f72fc89eb967c58
results/raw/runs/1d_euler/aaf_pinn/seed_2026/predictions/predict_grid.npz,2580371,2026-07-03T04:36:41.065262+00:00,78e55a4c4f3ca45b4a50dee86d1e1f2f2fcea07341c7e02c25c3df604eefc800
results/raw/runs/1d_euler/aaf_pinn/seed_2026/predictions/prediction_info.json,49,2026-07-03T04:36:41.065262+00:00,b42bd2b569d036f20241bf0507f2d54b75236a938104a9c60f75c35520ae8ca9
results/raw/runs/1d_euler/aaf_pinn/seed_2026/status.json,103,2026-07-03T04:36:41.069262+00:00,30306aec584bb914de2617f831e78d3dc37a2d7651b0a4320617c803f10ff870
results/raw/runs/1d_euler/aaf_pinn/seed_31415/_SUCCESS,8,2026-07-03T05:18:43.658792+00:00,81b2bd4ea98c8db66554fbc8d7637a1a69a130f331feb732b75caab4c4868fd5
results/raw/runs/1d_euler/aaf_pinn/seed_31415/config.json,1240,2026-07-03T05:07:35.002741+00:00,b364195cd2c48a49ec273caedb9974d38e8d8cfaed3b9b52813fb68f6bbd3ee9
results/raw/runs/1d_euler/aaf_pinn/seed_31415/diagnostics/aaf_activation_history.csv,38472,2026-07-03T05:18:43.654792+00:00,c0dce99a5840976f4731d31168311f7066b9407bb928b5a277efcae2380c0278
results/raw/runs/1d_euler/aaf_pinn/seed_31415/diagnostics/aaf_final_state.pt,1091,2026-07-03T05:18:43.654792+00:00,35631b7d0a4f93b452f8e832f5010de75b2dcb91003b63d0c464cf2e8d2dec31
results/raw/runs/1d_euler/aaf_pinn/seed_31415/diagnostics/aaf_settings.json,303,2026-07-03T05:18:43.654792+00:00,c80de2bf1f9c8e82d9df008d0f7c1f23e78dc012c1cae784524569bcd3f88363
results/raw/runs/1d_euler/aaf_pinn/seed_31415/env.json,244,2026-07-03T05:07:35.002741+00:00,3ea9611b4a501b9d8258401458ea7fbd12107e673f8ddeac71518e0ffecb3269
results/raw/runs/1d_euler/aaf_pinn/seed_31415/history.csv,38472,2026-07-03T05:18:43.294795+00:00,c0dce99a5840976f4731d31168311f7066b9407bb928b5a277efcae2380c0278
results/raw/runs/1d_euler/aaf_pinn/seed_31415/method.json,528,2026-07-03T05:07:35.002741+00:00,bbc1fade3e79c7bd5357e9a0399a893ccd525e3f7fa125a1f6a9b95007c5983c
results/raw/runs/1d_euler/aaf_pinn/seed_31415/metrics_adamw.json,3862,2026-07-21T04:37:38.634169+00:00,272934a2f404924ee7bc5fc05de85ac7f84e5d7a2fafe7c218beb8bfe77e680d
results/raw/runs/1d_euler/aaf_pinn/seed_31415/metrics_final.json,3862,2026-07-21T04:37:38.634169+00:00,272934a2f404924ee7bc5fc05de85ac7f84e5d7a2fafe7c218beb8bfe77e680d
results/raw/runs/1d_euler/aaf_pinn/seed_31415/model_adamw_final.pt,341218,2026-07-03T05:18:43.294795+00:00,c35af3aca12ca5234f1c6a05c224ffecf72db3b98e970fab9fd423873bd93ccb
results/raw/runs/1d_euler/aaf_pinn/seed_31415/model_final.pt,341116,2026-07-03T05:18:43.298795+00:00,54fabbf0059700a719fae0720d508ca980af466d5edfd5e242e2074cf415314b
results/raw/runs/1d_euler/aaf_pinn/seed_31415/predictions/predict_grid.npz,2552199,2026-07-03T05:18:43.650792+00:00,c89c9e20936885a039c2d7e93bb6024d13826f89ef240726c485cf7105fcd3a4
results/raw/runs/1d_euler/aaf_pinn/seed_31415/predictions/prediction_info.json,49,2026-07-03T05:18:43.650792+00:00,b42bd2b569d036f20241bf0507f2d54b75236a938104a9c60f75c35520ae8ca9
results/raw/runs/1d_euler/aaf_pinn/seed_31415/status.json,103,2026-07-03T05:18:43.658792+00:00,629ca3c781bb49a83cc18c7647ba5781472650b97e5f87ca66dfc3c5cee598df
results/raw/runs/1d_euler/aaf_pinn/seed_42/_SUCCESS,8,2026-07-03T04:57:06.156702+00:00,81b2bd4ea98c8db66554fbc8d7637a1a69a130f331feb732b75caab4c4868fd5
results/raw/runs/1d_euler/aaf_pinn/seed_42/config.json,1234,2026-07-03T04:46:49.306001+00:00,f12f45bcc01e4910dd2829d4c689c5c7708505cb6d7c12b551135af37baa14ec
results/raw/runs/1d_euler/aaf_pinn/seed_42/diagnostics/aaf_activation_history.csv,38443,2026-07-03T04:57:06.156702+00:00,8504b2120c0ad5401d076eeb8ede0e2f1c1b0115184f9a8ea57cde837727d972
results/raw/runs/1d_euler/aaf_pinn/seed_42/diagnostics/aaf_final_state.pt,1091,2026-07-03T04:57:06.156702+00:00,4b4ce6c8fb842cf5f00005430fdded644e398f694874c010c56767ce7a8abe38
results/raw/runs/1d_euler/aaf_pinn/seed_42/diagnostics/aaf_settings.json,302,2026-07-03T04:57:06.156702+00:00,1f48ff41ee3f6fbf8f3b1619c601989d39caedcf9b6f2b9b6ab5ed2121a3232b
results/raw/runs/1d_euler/aaf_pinn/seed_42/env.json,244,2026-07-03T04:46:49.306001+00:00,3ea9611b4a501b9d8258401458ea7fbd12107e673f8ddeac71518e0ffecb3269
results/raw/runs/1d_euler/aaf_pinn/seed_42/history.csv,38443,2026-07-03T04:57:05.852703+00:00,8504b2120c0ad5401d076eeb8ede0e2f1c1b0115184f9a8ea57cde837727d972
results/raw/runs/1d_euler/aaf_pinn/seed_42/method.json,528,2026-07-03T04:46:49.306001+00:00,bbc1fade3e79c7bd5357e9a0399a893ccd525e3f7fa125a1f6a9b95007c5983c
results/raw/runs/1d_euler/aaf_pinn/seed_42/metrics_adamw.json,3861,2026-07-21T04:37:38.634169+00:00,ecd36316db5ed6b2727b343cc0a579d3473489c545d0eae8b4556b85cfe9b6f3
results/raw/runs/1d_euler/aaf_pinn/seed_42/metrics_final.json,3861,2026-07-21T04:37:38.634169+00:00,ecd36316db5ed6b2727b343cc0a579d3473489c545d0eae8b4556b85cfe9b6f3
results/raw/runs/1d_euler/aaf_pinn/seed_42/model_adamw_final.pt,341218,2026-07-03T04:57:05.856703+00:00,610af6617844c55e64a8a19670dea434efc6b9db52ba1e370b3cd1a8dcbe4782
results/raw/runs/1d_euler/aaf_pinn/seed_42/model_final.pt,341116,2026-07-03T04:57:05.860703+00:00,157d99512ae7483a90e8674559486684d1c5fca36234510bd66e1a5bfa3c3517
results/raw/runs/1d_euler/aaf_pinn/seed_42/predictions/predict_grid.npz,2551974,2026-07-03T04:57:06.152702+00:00,583d5591e5b59482884ad2c7b423b8b4ef966afdba0f4f42cae89ec52c8403bc
results/raw/runs/1d_euler/aaf_pinn/seed_42/predictions/prediction_info.json,49,2026-07-03T04:57:06.152702+00:00,b42bd2b569d036f20241bf0507f2d54b75236a938104a9c60f75c35520ae8ca9
results/raw/runs/1d_euler/aaf_pinn/seed_42/status.json,103,2026-07-03T04:57:06.156702+00:00,dd94852764ffda62e17282181b38be6859937d85e6b9c36fe61fe75f243154fc
results/raw/runs/1d_euler/aaf_pinn/seed_7/_SUCCESS,8,2026-07-03T04:46:49.150002+00:00,81b2bd4ea98c8db66554fbc8d7637a1a69a130f331feb732b75caab4c4868fd5
results/raw/runs/1d_euler/aaf_pinn/seed_7/config.json,1232,2026-07-03T04:36:41.225263+00:00,3942146543b4898e6e8391257d81f963f7788f18a9ce580ea70d77c076fd9fbd
results/raw/runs/1d_euler/aaf_pinn/seed_7/diagnostics/aaf_activation_history.csv,38467,2026-07-03T04:46:49.150002+00:00,918318a8e520312c7913d0bf41df3ad8ecafabaadb7d9f232c4bf82e0694f1f6
results/raw/runs/1d_euler/aaf_pinn/seed_7/diagnostics/aaf_final_state.pt,1091,2026-07-03T04:46:49.150002+00:00,f8cd4c52ee2c4be060b269895496baefed094f506be5bf484a014f511c3205f0
results/raw/runs/1d_euler/aaf_pinn/seed_7/diagnostics/aaf_settings.json,302,2026-07-03T04:46:49.150002+00:00,bd302bf30abc5b093f21817be9f0d62cfcebc1a1ac13e761e27d6676358564c3
results/raw/runs/1d_euler/aaf_pinn/seed_7/env.json,244,2026-07-03T04:36:41.225263+00:00,3ea9611b4a501b9d8258401458ea7fbd12107e673f8ddeac71518e0ffecb3269
results/raw/runs/1d_euler/aaf_pinn/seed_7/history.csv,38467,2026-07-03T04:46:48.858002+00:00,918318a8e520312c7913d0bf41df3ad8ecafabaadb7d9f232c4bf82e0694f1f6
results/raw/runs/1d_euler/aaf_pinn/seed_7/method.json,528,2026-07-03T04:36:41.225263+00:00,bbc1fade3e79c7bd5357e9a0399a893ccd525e3f7fa125a1f6a9b95007c5983c
results/raw/runs/1d_euler/aaf_pinn/seed_7/metrics_adamw.json,3844,2026-07-21T04:37:38.634169+00:00,691b9b05778c305d86cf8c37668c0684ce4dbfc7350de8a46c2618206f52c028
results/raw/runs/1d_euler/aaf_pinn/seed_7/metrics_final.json,3844,2026-07-21T04:37:38.634169+00:00,691b9b05778c305d86cf8c37668c0684ce4dbfc7350de8a46c2618206f52c028
results/raw/runs/1d_euler/aaf_pinn/seed_7/model_adamw_final.pt,341218,2026-07-03T04:46:48.862002+00:00,d5df939f9c8cd91a5b5b440e9e5d897968d215eaae6a3bbcb3ae353fafb4b38f
results/raw/runs/1d_euler/aaf_pinn/seed_7/model_final.pt,341116,2026-07-03T04:46:48.866002+00:00,1c6cd1d6a29b08537f2a80a0ae6e2b0b8c0a7ef0c897e75476093fd2d1271f65
results/raw/runs/1d_euler/aaf_pinn/seed_7/predictions/predict_grid.npz,2560408,2026-07-03T04:46:49.146002+00:00,5630215fdfeaf14dd36997ebbd3abb5fe9d0af4989f22499d4d5aff17a13110f
results/raw/runs/1d_euler/aaf_pinn/seed_7/predictions/prediction_info.json,49,2026-07-03T04:46:49.146002+00:00,b42bd2b569d036f20241bf0507f2d54b75236a938104a9c60f75c35520ae8ca9
results/raw/runs/1d_euler/aaf_pinn/seed_7/status.json,103,2026-07-03T04:46:49.150002+00:00,0fc2b9e46042741e3bc1cb32ada2843a4d54ab9b1a971f79b1fcaa21ec8776d5
results/raw/runs/1d_euler/cpinn/seed_100/_SUCCESS,8,2026-07-04T06:28:34.128616+00:00,81b2bd4ea98c8db66554fbc8d7637a1a69a130f331feb732b75caab4c4868fd5
results/raw/runs/1d_euler/cpinn/seed_100/config.json,1233,2026-07-04T06:07:00.750080+00:00,f3f43862f390b9331e6ca09edd844c8e0671d7975df219eb8e17bc0d654d4de6
results/raw/runs/1d_euler/cpinn/seed_100/diagnostics/cpinn_interface_history.csv,18028,2026-07-04T06:28:34.120616+00:00,37b062c645a6b2dfe94d9d6b8b492660566732cc9effda423aa45f4a2a3128c2
results/raw/runs/1d_euler/cpinn/seed_100/diagnostics/cpinn_interface_points.npz,4116,2026-07-04T06:28:34.124616+00:00,16501a61d11a5252f2b24a48a391a5fbd0421c48e4879610a42bd95a58262ad7
results/raw/runs/1d_euler/cpinn/seed_100/diagnostics/cpinn_interface_points_meta.json,146,2026-07-04T06:28:34.124616+00:00,91f7c5ee718b6966e657435e575ab8a42da13c33c7425632c8fc9497355dfaf1
results/raw/runs/1d_euler/cpinn/seed_100/diagnostics/cpinn_loss_history.csv,57231,2026-07-04T06:28:34.120616+00:00,4e3fac7127875d643e9e9a794ee74a28dfd91a742d1a1313a804e099b7681464
results/raw/runs/1d_euler/cpinn/seed_100/diagnostics/cpinn_subdomain_config.json,850,2026-07-04T06:28:34.124616+00:00,312e156e9a91e502ea07f880d71638aad8af292e2511bb5610e262b5357b1c71
results/raw/runs/1d_euler/cpinn/seed_100/diagnostics/cpinn_submodel_state_dicts.pt,677675,2026-07-04T06:28:34.128616+00:00,95b3afe34463cee87aa2487f14168ed0accc4d7401a05e0eb7cecd696906e003
results/raw/runs/1d_euler/cpinn/seed_100/env.json,244,2026-07-04T06:07:00.750080+00:00,3ea9611b4a501b9d8258401458ea7fbd12107e673f8ddeac71518e0ffecb3269
results/raw/runs/1d_euler/cpinn/seed_100/history.csv,57231,2026-07-04T06:28:33.824618+00:00,4e3fac7127875d643e9e9a794ee74a28dfd91a742d1a1313a804e099b7681464
results/raw/runs/1d_euler/cpinn/seed_100/method.json,926,2026-07-04T06:07:00.750080+00:00,c376b9fde47cc7ba4cd53708875c424b52a3297685812eb1edfaf0cb86cb013c
results/raw/runs/1d_euler/cpinn/seed_100/metrics_adamw.json,4072,2026-07-21T04:37:38.638169+00:00,daaefcd9abd021b7ca8da62d59dd0ee1eeff6dc248cf045353251c4d8277248b
results/raw/runs/1d_euler/cpinn/seed_100/metrics_final.json,4072,2026-07-21T04:37:38.638169+00:00,daaefcd9abd021b7ca8da62d59dd0ee1eeff6dc248cf045353251c4d8277248b
results/raw/runs/1d_euler/cpinn/seed_100/model_adamw_final.pt,680651,2026-07-04T06:28:33.828618+00:00,0045872cab99e3418c995bfa91fa39fbf1e0d7cf429dabd72871e322c1603863
results/raw/runs/1d_euler/cpinn/seed_100/model_final.pt,680459,2026-07-04T06:28:33.832618+00:00,bacebc68f81847f1fb547e0c8e5e91205e424244c26d94b0aba03a6810cc7545
results/raw/runs/1d_euler/cpinn/seed_100/predictions/predict_grid.npz,2533408,2026-07-04T06:28:34.116616+00:00,88e5e82f45777504a30837eddbe8199b2960bb4433a61ad28ae550db32c15a20
results/raw/runs/1d_euler/cpinn/seed_100/predictions/prediction_info.json,49,2026-07-04T06:28:34.116616+00:00,b42bd2b569d036f20241bf0507f2d54b75236a938104a9c60f75c35520ae8ca9
results/raw/runs/1d_euler/cpinn/seed_100/status.json,104,2026-07-04T06:28:34.128616+00:00,e23fdc6b8b28e0ef6fd2dd3a6e9a2e6c47df27cec6e65a55620405f926544928
results/raw/runs/1d_euler/cpinn/seed_2026/_SUCCESS,8,2026-07-04T05:20:16.211062+00:00,81b2bd4ea98c8db66554fbc8d7637a1a69a130f331feb732b75caab4c4868fd5
results/raw/runs/1d_euler/cpinn/seed_2026/config.json,1235,2026-07-04T04:57:52.757293+00:00,5b955e58912943fe2ee55869997bd561f067a7c6d043041e92b20f9d466fccc9
results/raw/runs/1d_euler/cpinn/seed_2026/diagnostics/cpinn_interface_history.csv,18024,2026-07-04T05:20:16.203063+00:00,9cddacc137485e7835ba57dfdb19adbfafcea28f928299e4a8eef79e37e3c980
results/raw/runs/1d_euler/cpinn/seed_2026/diagnostics/cpinn_interface_points.npz,4112,2026-07-04T05:20:16.207062+00:00,c9630a6946f52f35b6d7c541b0050360d31a1df47971da3882e722c5be1c654a
results/raw/runs/1d_euler/cpinn/seed_2026/diagnostics/cpinn_interface_points_meta.json,146,2026-07-04T05:20:16.207062+00:00,91f7c5ee718b6966e657435e575ab8a42da13c33c7425632c8fc9497355dfaf1
results/raw/runs/1d_euler/cpinn/seed_2026/diagnostics/cpinn_loss_history.csv,57302,2026-07-04T05:20:16.203063+00:00,d6c044bd71ebbb00fced2ff0833e42e03de1a40fb338b660cbda1316fba81437
results/raw/runs/1d_euler/cpinn/seed_2026/diagnostics/cpinn_subdomain_config.json,851,2026-07-04T05:20:16.207062+00:00,8f9fd3a4124d25116d5506f7a4983f83bf148ac5d09f9a2cd943d6459ccb2de1
results/raw/runs/1d_euler/cpinn/seed_2026/diagnostics/cpinn_submodel_state_dicts.pt,677675,2026-07-04T05:20:16.211062+00:00,6bd0f741c5c487c6a553b04dd7db503011e752bad8392ca897a76c27a3c32b1b
results/raw/runs/1d_euler/cpinn/seed_2026/env.json,244,2026-07-04T04:57:52.757293+00:00,3ea9611b4a501b9d8258401458ea7fbd12107e673f8ddeac71518e0ffecb3269
results/raw/runs/1d_euler/cpinn/seed_2026/history.csv,57302,2026-07-04T05:20:15.903064+00:00,d6c044bd71ebbb00fced2ff0833e42e03de1a40fb338b660cbda1316fba81437
results/raw/runs/1d_euler/cpinn/seed_2026/method.json,926,2026-07-04T04:57:52.757293+00:00,c376b9fde47cc7ba4cd53708875c424b52a3297685812eb1edfaf0cb86cb013c
results/raw/runs/1d_euler/cpinn/seed_2026/metrics_adamw.json,4078,2026-07-21T04:37:38.638169+00:00,fc02135516035fba22f2bf3c3d36f8236872bef1c1db0387d83b61a4fe46d555
results/raw/runs/1d_euler/cpinn/seed_2026/metrics_final.json,4078,2026-07-21T04:37:38.638169+00:00,fc02135516035fba22f2bf3c3d36f8236872bef1c1db0387d83b61a4fe46d555
results/raw/runs/1d_euler/cpinn/seed_2026/model_adamw_final.pt,680651,2026-07-04T05:20:15.907063+00:00,d8376ce0c54c7cf2f3677c4db1d74eac0fa5ed58b1cabadeac0ef08eae46a157
results/raw/runs/1d_euler/cpinn/seed_2026/model_final.pt,680459,2026-07-04T05:20:15.911064+00:00,4f5f404a21723e07770d9c172545e0b9026ae8a50d99a3592cbf35fa6c05c816
results/raw/runs/1d_euler/cpinn/seed_2026/predictions/predict_grid.npz,2558851,2026-07-04T05:20:16.199063+00:00,1742598ed47c8fa3e40b9fb06c6dccbc786c2841cd5b51016e43c6b446d2dba2
results/raw/runs/1d_euler/cpinn/seed_2026/predictions/prediction_info.json,49,2026-07-04T05:20:16.199063+00:00,b42bd2b569d036f20241bf0507f2d54b75236a938104a9c60f75c35520ae8ca9
results/raw/runs/1d_euler/cpinn/seed_2026/status.json,104,2026-07-04T05:20:16.211062+00:00,b10d87be1a4ec0c91cae2048f05cdc6781df9e8ca5ff0193671ca2a5e4932c47
results/raw/runs/1d_euler/cpinn/seed_31415/_SUCCESS,8,2026-07-04T06:49:09.425562+00:00,81b2bd4ea98c8db66554fbc8d7637a1a69a130f331feb732b75caab4c4868fd5
results/raw/runs/1d_euler/cpinn/seed_31415/config.json,1237,2026-07-04T06:28:34.284615+00:00,fe27128fc09dcb2e5ded9b8512ef16d31e972651dfc7b516fe832578b5b5ab02
results/raw/runs/1d_euler/cpinn/seed_31415/diagnostics/cpinn_interface_history.csv,18066,2026-07-04T06:49:09.421562+00:00,d6aa829d7d7389b335047debff8319ace993a837b20cb342900f4ba6b718fe6b
results/raw/runs/1d_euler/cpinn/seed_31415/diagnostics/cpinn_interface_points.npz,4110,2026-07-04T06:49:09.421562+00:00,664e03a8869223cb3a8c7baef1f0484496bd937480eb659c1aaaa43a4a6461bd
results/raw/runs/1d_euler/cpinn/seed_31415/diagnostics/cpinn_interface_points_meta.json,146,2026-07-04T06:49:09.421562+00:00,91f7c5ee718b6966e657435e575ab8a42da13c33c7425632c8fc9497355dfaf1
results/raw/runs/1d_euler/cpinn/seed_31415/diagnostics/cpinn_loss_history.csv,57387,2026-07-04T06:49:09.417562+00:00,e09a2c4ec1983960606d1db23af53195f00fcc463963934de622cb1403f414f9
results/raw/runs/1d_euler/cpinn/seed_31415/diagnostics/cpinn_subdomain_config.json,848,2026-07-04T06:49:09.421562+00:00,0f73dec55e4f6b9e645c52aa2ae2d38052f5e266e33b573f9c1ae42ea819d3dc
results/raw/runs/1d_euler/cpinn/seed_31415/diagnostics/cpinn_submodel_state_dicts.pt,677675,2026-07-04T06:49:09.425562+00:00,a84eefd80200a7fb737db06d7720a2dcbd9f8dd83a91b649b7eb541d62cd266a
results/raw/runs/1d_euler/cpinn/seed_31415/env.json,244,2026-07-04T06:28:34.284615+00:00,3ea9611b4a501b9d8258401458ea7fbd12107e673f8ddeac71518e0ffecb3269
results/raw/runs/1d_euler/cpinn/seed_31415/history.csv,57387,2026-07-04T06:49:09.137563+00:00,e09a2c4ec1983960606d1db23af53195f00fcc463963934de622cb1403f414f9
results/raw/runs/1d_euler/cpinn/seed_31415/method.json,926,2026-07-04T06:28:34.284615+00:00,c376b9fde47cc7ba4cd53708875c424b52a3297685812eb1edfaf0cb86cb013c
results/raw/runs/1d_euler/cpinn/seed_31415/metrics_adamw.json,4086,2026-07-21T04:37:38.638169+00:00,8492f72ce667497baa202daa9ba758b7902760c3ea43a8e222afe9c3ab163646
results/raw/runs/1d_euler/cpinn/seed_31415/metrics_final.json,4086,2026-07-21T04:37:38.638169+00:00,8492f72ce667497baa202daa9ba758b7902760c3ea43a8e222afe9c3ab163646
results/raw/runs/1d_euler/cpinn/seed_31415/model_adamw_final.pt,680651,2026-07-04T06:49:09.141563+00:00,77c8cdfae9d0637416498930f56d20838ab3f1624b97b7e12dfa77a8d03df081
results/raw/runs/1d_euler/cpinn/seed_31415/model_final.pt,680459,2026-07-04T06:49:09.145563+00:00,7435388c11b0240e399947221b426f316ca3c81a68b3eef830f844de388eba0f
results/raw/runs/1d_euler/cpinn/seed_31415/predictions/predict_grid.npz,2607884,2026-07-04T06:49:09.413562+00:00,4c28a6ca824eb0fed573f9761814e39f40888ea40802ee131cde7d5e04542cf4
results/raw/runs/1d_euler/cpinn/seed_31415/predictions/prediction_info.json,49,2026-07-04T06:49:09.413562+00:00,b42bd2b569d036f20241bf0507f2d54b75236a938104a9c60f75c35520ae8ca9
results/raw/runs/1d_euler/cpinn/seed_31415/status.json,104,2026-07-04T06:49:09.425562+00:00,d6954d9c61a138dd9a04c3c4e3d70d9d4ac2dc7fd0cb7da0b7e254fa0ece9dfb
results/raw/runs/1d_euler/cpinn/seed_42/_SUCCESS,8,2026-07-04T06:07:00.590081+00:00,81b2bd4ea98c8db66554fbc8d7637a1a69a130f331feb732b75caab4c4868fd5
results/raw/runs/1d_euler/cpinn/seed_42/config.json,1231,2026-07-04T05:43:48.926682+00:00,59f38bf630824b64ff31af484d87619471ef3e19fc7ada656f401c6489966d2d
results/raw/runs/1d_euler/cpinn/seed_42/diagnostics/cpinn_interface_history.csv,18029,2026-07-04T06:07:00.586081+00:00,8916a553b655d52b7636ec36f8a7219e20b693c630d4181940ca0d676a4035d5
results/raw/runs/1d_euler/cpinn/seed_42/diagnostics/cpinn_interface_points.npz,4115,2026-07-04T06:07:00.590081+00:00,6dc038edda5bcfffd9ea31c50c9dd23029fe271611daf6f12f049df5b71a86c7
results/raw/runs/1d_euler/cpinn/seed_42/diagnostics/cpinn_interface_points_meta.json,146,2026-07-04T06:07:00.590081+00:00,91f7c5ee718b6966e657435e575ab8a42da13c33c7425632c8fc9497355dfaf1
results/raw/runs/1d_euler/cpinn/seed_42/diagnostics/cpinn_loss_history.csv,57262,2026-07-04T06:07:00.586081+00:00,5864018b17f160e29d6517f230c3ba2dd2cb9de34e64173186c6f0c39fe69ae1
results/raw/runs/1d_euler/cpinn/seed_42/diagnostics/cpinn_subdomain_config.json,852,2026-07-04T06:07:00.586081+00:00,4ce456faab7e848f96c24f95bb1cb6ad5cc0117eb5ac0a4044308eff15c504db
results/raw/runs/1d_euler/cpinn/seed_42/diagnostics/cpinn_submodel_state_dicts.pt,677675,2026-07-04T06:07:00.590081+00:00,93482a267bb6afbc16b8e879fba0a58c7351ae32e120948cc58a540b68752fe7
results/raw/runs/1d_euler/cpinn/seed_42/env.json,244,2026-07-04T05:43:48.926682+00:00,3ea9611b4a501b9d8258401458ea7fbd12107e673f8ddeac71518e0ffecb3269
results/raw/runs/1d_euler/cpinn/seed_42/history.csv,57262,2026-07-04T06:07:00.282082+00:00,5864018b17f160e29d6517f230c3ba2dd2cb9de34e64173186c6f0c39fe69ae1
results/raw/runs/1d_euler/cpinn/seed_42/method.json,926,2026-07-04T05:43:48.926682+00:00,c376b9fde47cc7ba4cd53708875c424b52a3297685812eb1edfaf0cb86cb013c
results/raw/runs/1d_euler/cpinn/seed_42/metrics_adamw.json,4091,2026-07-21T04:37:38.642169+00:00,f47587555222006041989581b4891aed7ef6ddce0f23a5264b8c6a701abe6c25
results/raw/runs/1d_euler/cpinn/seed_42/metrics_final.json,4091,2026-07-21T04:37:38.642169+00:00,f47587555222006041989581b4891aed7ef6ddce0f23a5264b8c6a701abe6c25
results/raw/runs/1d_euler/cpinn/seed_42/model_adamw_final.pt,680651,2026-07-04T06:07:00.286082+00:00,bc62f5207a6630e55fd5f9ecdb4a10fbf47b6492c4725754726846716d0286ad
results/raw/runs/1d_euler/cpinn/seed_42/model_final.pt,680459,2026-07-04T06:07:00.290082+00:00,907d579ba0d938c895e537684bedca18dc732f735d3e76d7828d93192e702d9b
results/raw/runs/1d_euler/cpinn/seed_42/predictions/predict_grid.npz,2542505,2026-07-04T06:07:00.582081+00:00,b3ca3b56224cef9003acdda3c0bcd904a030c52efcfaee30a9f10921af607dba
results/raw/runs/1d_euler/cpinn/seed_42/predictions/prediction_info.json,49,2026-07-04T06:07:00.582081+00:00,b42bd2b569d036f20241bf0507f2d54b75236a938104a9c60f75c35520ae8ca9
results/raw/runs/1d_euler/cpinn/seed_42/status.json,104,2026-07-04T06:07:00.590081+00:00,230e76f9f498d538a1e8f5660c13063acd6c52b38eeb92a42d159217b80f54e5
results/raw/runs/1d_euler/cpinn/seed_7/_SUCCESS,8,2026-07-04T05:43:48.750683+00:00,81b2bd4ea98c8db66554fbc8d7637a1a69a130f331feb732b75caab4c4868fd5
results/raw/runs/1d_euler/cpinn/seed_7/config.json,1229,2026-07-04T05:20:16.363062+00:00,09475acd84e8a08784551bc81fa2068410363aaa878c955690e2963c2337c1b3
results/raw/runs/1d_euler/cpinn/seed_7/diagnostics/cpinn_interface_history.csv,18010,2026-07-04T05:43:48.746683+00:00,cd4a834b9e97600473e18a84a8fc7c2aeea6b7a67a4a35fca705c944fc776e49
results/raw/runs/1d_euler/cpinn/seed_7/diagnostics/cpinn_interface_points.npz,4123,2026-07-04T05:43:48.746683+00:00,686cf9aa58eabbcccbd8ec6bfb4106f2e5ef09d27b65fdb13bd1070dd4a749b0
results/raw/runs/1d_euler/cpinn/seed_7/diagnostics/cpinn_interface_points_meta.json,146,2026-07-04T05:43:48.746683+00:00,91f7c5ee718b6966e657435e575ab8a42da13c33c7425632c8fc9497355dfaf1
results/raw/runs/1d_euler/cpinn/seed_7/diagnostics/cpinn_loss_history.csv,57218,2026-07-04T05:43:48.746683+00:00,2d2bea79c380ef4e362364ce652cc345af2bffb6e50acc64cbd0508a94e74d4e
results/raw/runs/1d_euler/cpinn/seed_7/diagnostics/cpinn_subdomain_config.json,848,2026-07-04T05:43:48.746683+00:00,bbc4a45b342f209e73c525a71eddd91fc6b34d921cce7470ef3396d72af919ce
results/raw/runs/1d_euler/cpinn/seed_7/diagnostics/cpinn_submodel_state_dicts.pt,677675,2026-07-04T05:43:48.750683+00:00,70567ac87310cb0e9c3719d5268ba27df1855df9c210ae99001b611947e52bb3
results/raw/runs/1d_euler/cpinn/seed_7/env.json,244,2026-07-04T05:20:16.363062+00:00,3ea9611b4a501b9d8258401458ea7fbd12107e673f8ddeac71518e0ffecb3269
results/raw/runs/1d_euler/cpinn/seed_7/history.csv,57218,2026-07-04T05:43:48.426683+00:00,2d2bea79c380ef4e362364ce652cc345af2bffb6e50acc64cbd0508a94e74d4e
results/raw/runs/1d_euler/cpinn/seed_7/method.json,926,2026-07-04T05:20:16.363062+00:00,c376b9fde47cc7ba4cd53708875c424b52a3297685812eb1edfaf0cb86cb013c
results/raw/runs/1d_euler/cpinn/seed_7/metrics_adamw.json,4066,2026-07-21T04:37:38.642169+00:00,25fb3897804f822dfc4aaa13843c635388b7ea40a4a91e46b1201db149ebd185
results/raw/runs/1d_euler/cpinn/seed_7/metrics_final.json,4066,2026-07-21T04:37:38.642169+00:00,25fb3897804f822dfc4aaa13843c635388b7ea40a4a91e46b1201db149ebd185
results/raw/runs/1d_euler/cpinn/seed_7/model_adamw_final.pt,680651,2026-07-04T05:43:48.434683+00:00,b17eb09e7072bcb8e04eb9d3872b5dda1f250345f22dad338bf5ad1d15ccc4b0
results/raw/runs/1d_euler/cpinn/seed_7/model_final.pt,680459,2026-07-04T05:43:48.434683+00:00,1c383857889b191a13e9891cfa14861f8e39ff7a5a2f93a158adfea9567d7319
results/raw/runs/1d_euler/cpinn/seed_7/predictions/predict_grid.npz,2530237,2026-07-04T05:43:48.738683+00:00,f067153314c35bbf4d61e698692d2d2ae555703392022b6055d53cca0047efec
results/raw/runs/1d_euler/cpinn/seed_7/predictions/prediction_info.json,49,2026-07-04T05:43:48.738683+00:00,b42bd2b569d036f20241bf0507f2d54b75236a938104a9c60f75c35520ae8ca9
results/raw/runs/1d_euler/cpinn/seed_7/status.json,104,2026-07-04T05:43:48.750683+00:00,5b9c4a637bc4fe6dd7b69b03fd1c49db66446020ebc69664b73f0c2812b604ea
results/raw/runs/1d_euler/gpinn_subsampled/seed_100/_SUCCESS,8,2026-07-02T14:57:26.432738+00:00,81b2bd4ea98c8db66554fbc8d7637a1a69a130f331feb732b75caab4c4868fd5
results/raw/runs/1d_euler/gpinn_subsampled/seed_100/config.json,1244,2026-07-02T14:10:18.115926+00:00,551174175271485a21b58afe8f88d3f6fddd2cc9fd663879ba9566728b9d0418
results/raw/runs/1d_euler/gpinn_subsampled/seed_100/diagnostics/gpinn_gradient_history.csv,45570,2026-07-02T14:57:26.428738+00:00,bb799eb2c9eaf8dff6a5db46bc26f88e2451ef8b5f301391ed082393c6e38e5f
results/raw/runs/1d_euler/gpinn_subsampled/seed_100/diagnostics/gpinn_gradient_stats.csv,17729,2026-07-02T14:57:26.432738+00:00,a0ee1cdc82d5685a660c116e4c852f6d29e198e55986286907b11ca2a69d8c6b
results/raw/runs/1d_euler/gpinn_subsampled/seed_100/diagnostics/gpinn_settings.json,409,2026-07-02T14:57:26.428738+00:00,50e0971f1b101d25d5c6ff6a19530e75b0a5d1239d39bc484a2e80ed3ca4eeb6
results/raw/runs/1d_euler/gpinn_subsampled/seed_100/env.json,244,2026-07-02T14:10:18.115926+00:00,3ea9611b4a501b9d8258401458ea7fbd12107e673f8ddeac71518e0ffecb3269
results/raw/runs/1d_euler/gpinn_subsampled/seed_100/history.csv,45570,2026-07-02T14:57:26.160740+00:00,bb799eb2c9eaf8dff6a5db46bc26f88e2451ef8b5f301391ed082393c6e38e5f
results/raw/runs/1d_euler/gpinn_subsampled/seed_100/method.json,488,2026-07-02T14:10:18.115926+00:00,a9943874dda444ac49a2fe0f214193fc761a7076b054e3b2fb803e61738b1ff3
results/raw/runs/1d_euler/gpinn_subsampled/seed_100/metrics_adamw.json,3904,2026-07-21T04:37:38.642169+00:00,8dfa29972a78fabb2f05524f4047040a8b41b44b0f4c75cb039af2405e960d66
results/raw/runs/1d_euler/gpinn_subsampled/seed_100/metrics_final.json,3904,2026-07-21T04:37:38.642169+00:00,8dfa29972a78fabb2f05524f4047040a8b41b44b0f4c75cb039af2405e960d66
results/raw/runs/1d_euler/gpinn_subsampled/seed_100/model_adamw_final.pt,340955,2026-07-02T14:57:26.160740+00:00,e174f2a5744c520129ffdaae407a4d849504986598a1bc335c5f0e7326f8431c
results/raw/runs/1d_euler/gpinn_subsampled/seed_100/model_final.pt,340859,2026-07-02T14:57:26.164740+00:00,7fa0b39dc35e283a9e897457f75debb705b032c06b4c57eb03626626e3caa27a
results/raw/runs/1d_euler/gpinn_subsampled/seed_100/predictions/predict_grid.npz,2610962,2026-07-02T14:57:26.424738+00:00,4527fa2abbbba0dc21050191b267f7622fd5c017f40a58d0c13dee7f5e1866a2
results/raw/runs/1d_euler/gpinn_subsampled/seed_100/predictions/prediction_info.json,49,2026-07-02T14:57:26.424738+00:00,b42bd2b569d036f20241bf0507f2d54b75236a938104a9c60f75c35520ae8ca9
results/raw/runs/1d_euler/gpinn_subsampled/seed_100/status.json,103,2026-07-02T14:57:26.432738+00:00,79671c4357bce52153cdcd7bf91b2daba6f53b76ce22370f12d31f42b628a38a
results/raw/runs/1d_euler/gpinn_subsampled/seed_2026/_SUCCESS,8,2026-07-02T12:37:30.751236+00:00,81b2bd4ea98c8db66554fbc8d7637a1a69a130f331feb732b75caab4c4868fd5
results/raw/runs/1d_euler/gpinn_subsampled/seed_2026/config.json,1246,2026-07-02T11:43:11.594746+00:00,dd2dd6c3d866fc5b0ce6789aa47b5cda46a13ec3d044955eb08660a142802566
results/raw/runs/1d_euler/gpinn_subsampled/seed_2026/diagnostics/gpinn_gradient_history.csv,45542,2026-07-02T12:37:30.747236+00:00,2e2304a16348632d3407f29cf2aea2d6b000c596710ca45d8108429dd129ca2b
results/raw/runs/1d_euler/gpinn_subsampled/seed_2026/diagnostics/gpinn_gradient_stats.csv,17715,2026-07-02T12:37:30.751236+00:00,2c3f51ee0b26fa81771de52e88f1de0a60a7ca12bce4b9dbb93623451cd4786f
results/raw/runs/1d_euler/gpinn_subsampled/seed_2026/diagnostics/gpinn_settings.json,409,2026-07-02T12:37:30.747236+00:00,50e0971f1b101d25d5c6ff6a19530e75b0a5d1239d39bc484a2e80ed3ca4eeb6
results/raw/runs/1d_euler/gpinn_subsampled/seed_2026/env.json,244,2026-07-02T11:43:11.594746+00:00,3ea9611b4a501b9d8258401458ea7fbd12107e673f8ddeac71518e0ffecb3269
results/raw/runs/1d_euler/gpinn_subsampled/seed_2026/history.csv,45542,2026-07-02T12:37:30.491237+00:00,2e2304a16348632d3407f29cf2aea2d6b000c596710ca45d8108429dd129ca2b
results/raw/runs/1d_euler/gpinn_subsampled/seed_2026/method.json,488,2026-07-02T11:43:11.594746+00:00,a9943874dda444ac49a2fe0f214193fc761a7076b054e3b2fb803e61738b1ff3
results/raw/runs/1d_euler/gpinn_subsampled/seed_2026/metrics_adamw.json,3911,2026-07-21T04:37:38.646169+00:00,4cb0148abcd01a1f3bbdf88bca409421965d540b4c96ddf865584749af593625
results/raw/runs/1d_euler/gpinn_subsampled/seed_2026/metrics_final.json,3911,2026-07-21T04:37:38.642169+00:00,4cb0148abcd01a1f3bbdf88bca409421965d540b4c96ddf865584749af593625
results/raw/runs/1d_euler/gpinn_subsampled/seed_2026/model_adamw_final.pt,340955,2026-07-02T12:37:30.491237+00:00,852f5ec7f4f8a9c896f485692c1074b456cbfd0630cd9a8c3d421870742afc40
results/raw/runs/1d_euler/gpinn_subsampled/seed_2026/model_final.pt,340859,2026-07-02T12:37:30.495237+00:00,f81b5aa50b759f231674891032ebb3eead56296c4fb28357cbd1b0458344dfaf
results/raw/runs/1d_euler/gpinn_subsampled/seed_2026/predictions/predict_grid.npz,2668018,2026-07-02T12:37:30.743236+00:00,9dc17315d0fc1be05bc4691f83b72746167a79e87a77870267351940f9c5a96f
results/raw/runs/1d_euler/gpinn_subsampled/seed_2026/predictions/prediction_info.json,49,2026-07-02T12:37:30.743236+00:00,b42bd2b569d036f20241bf0507f2d54b75236a938104a9c60f75c35520ae8ca9
results/raw/runs/1d_euler/gpinn_subsampled/seed_2026/status.json,104,2026-07-02T12:37:30.751236+00:00,ad07e7af91bbb59264f889cc7b84f23621ac452ac10c974ca484f237c10e6fde
results/raw/runs/1d_euler/gpinn_subsampled/seed_31415/_SUCCESS,8,2026-07-02T15:44:36.831445+00:00,81b2bd4ea98c8db66554fbc8d7637a1a69a130f331feb732b75caab4c4868fd5
results/raw/runs/1d_euler/gpinn_subsampled/seed_31415/config.json,1248,2026-07-02T14:57:26.584736+00:00,3f22defb346ebcba8b6afac24b952025376d5580631284fcb70e28fde7fbbf43
results/raw/runs/1d_euler/gpinn_subsampled/seed_31415/diagnostics/gpinn_gradient_history.csv,45539,2026-07-02T15:44:36.823444+00:00,09cd1ef0b5cf665a63ccb93725bc445dfd5ba6ad46250e2f71c4fdd4d71575dd
results/raw/runs/1d_euler/gpinn_subsampled/seed_31415/diagnostics/gpinn_gradient_stats.csv,17739,2026-07-02T15:44:36.831445+00:00,f67672582fe335b21711a34c37c7d488f489a06823d3d8723789eadc668da4d2
results/raw/runs/1d_euler/gpinn_subsampled/seed_31415/diagnostics/gpinn_settings.json,409,2026-07-02T15:44:36.823444+00:00,50e0971f1b101d25d5c6ff6a19530e75b0a5d1239d39bc484a2e80ed3ca4eeb6
results/raw/runs/1d_euler/gpinn_subsampled/seed_31415/env.json,244,2026-07-02T14:57:26.584736+00:00,3ea9611b4a501b9d8258401458ea7fbd12107e673f8ddeac71518e0ffecb3269
results/raw/runs/1d_euler/gpinn_subsampled/seed_31415/history.csv,45539,2026-07-02T15:44:36.527445+00:00,09cd1ef0b5cf665a63ccb93725bc445dfd5ba6ad46250e2f71c4fdd4d71575dd
results/raw/runs/1d_euler/gpinn_subsampled/seed_31415/method.json,488,2026-07-02T14:57:26.584736+00:00,a9943874dda444ac49a2fe0f214193fc761a7076b054e3b2fb803e61738b1ff3
results/raw/runs/1d_euler/gpinn_subsampled/seed_31415/metrics_adamw.json,3904,2026-07-21T04:37:38.646169+00:00,729d56e60a5bc0b3b9bc76d06aca24d9d8a7e297ee7a053b1f916f9cd936319d
results/raw/runs/1d_euler/gpinn_subsampled/seed_31415/metrics_final.json,3904,2026-07-21T04:37:38.646169+00:00,729d56e60a5bc0b3b9bc76d06aca24d9d8a7e297ee7a053b1f916f9cd936319d
results/raw/runs/1d_euler/gpinn_subsampled/seed_31415/model_adamw_final.pt,340955,2026-07-02T15:44:36.531445+00:00,661a4169d7daa10c61bdd06f670d6f0ac13cd5c70fbda197835503fc5e15b338
results/raw/runs/1d_euler/gpinn_subsampled/seed_31415/model_final.pt,340859,2026-07-02T15:44:36.531445+00:00,7374a1d02822c59f5fd981b045734e3657c8b15e0656524a883782792652d0ef
results/raw/runs/1d_euler/gpinn_subsampled/seed_31415/predictions/predict_grid.npz,2629062,2026-07-02T15:44:36.811445+00:00,8a0892cf2dcfc390deeeee797d478da9e688acd387bae26c0cf50b993883dac8
results/raw/runs/1d_euler/gpinn_subsampled/seed_31415/predictions/prediction_info.json,49,2026-07-02T15:44:36.811445+00:00,b42bd2b569d036f20241bf0507f2d54b75236a938104a9c60f75c35520ae8ca9
results/raw/runs/1d_euler/gpinn_subsampled/seed_31415/status.json,104,2026-07-02T15:44:36.831445+00:00,a01afd05fd54b52daeb96df2485934665fa9bea4db60b8ff5c8110dc18aaef33
results/raw/runs/1d_euler/gpinn_subsampled/seed_42/_SUCCESS,8,2026-07-02T14:10:17.971926+00:00,81b2bd4ea98c8db66554fbc8d7637a1a69a130f331feb732b75caab4c4868fd5
results/raw/runs/1d_euler/gpinn_subsampled/seed_42/config.json,1242,2026-07-02T13:22:35.458015+00:00,35c9e03c8749d169cb17ad9714716810c3b0008ebdf52b3a041e3754103f263b
results/raw/runs/1d_euler/gpinn_subsampled/seed_42/diagnostics/gpinn_gradient_history.csv,45480,2026-07-02T14:10:17.967926+00:00,ced53846418220fea1d2d39cd9d8aa5e9692720b4e3d45105fd08b059b3fafc0
results/raw/runs/1d_euler/gpinn_subsampled/seed_42/diagnostics/gpinn_gradient_stats.csv,17671,2026-07-02T14:10:17.971926+00:00,d8ecbf3ff83bede4695173f21c08036df9a74bb670370711896c45f487aaefcf
results/raw/runs/1d_euler/gpinn_subsampled/seed_42/diagnostics/gpinn_settings.json,409,2026-07-02T14:10:17.967926+00:00,50e0971f1b101d25d5c6ff6a19530e75b0a5d1239d39bc484a2e80ed3ca4eeb6
results/raw/runs/1d_euler/gpinn_subsampled/seed_42/env.json,244,2026-07-02T13:22:35.458015+00:00,3ea9611b4a501b9d8258401458ea7fbd12107e673f8ddeac71518e0ffecb3269
results/raw/runs/1d_euler/gpinn_subsampled/seed_42/history.csv,45480,2026-07-02T14:10:17.691927+00:00,ced53846418220fea1d2d39cd9d8aa5e9692720b4e3d45105fd08b059b3fafc0
results/raw/runs/1d_euler/gpinn_subsampled/seed_42/method.json,488,2026-07-02T13:22:35.458015+00:00,a9943874dda444ac49a2fe0f214193fc761a7076b054e3b2fb803e61738b1ff3
results/raw/runs/1d_euler/gpinn_subsampled/seed_42/metrics_adamw.json,3915,2026-07-21T04:37:38.646169+00:00,6af43f0bd6b2bec7f813aaebde4eb46ec23c98ddc3af5ed9d7d5bed122464a39
results/raw/runs/1d_euler/gpinn_subsampled/seed_42/metrics_final.json,3915,2026-07-21T04:37:38.646169+00:00,6af43f0bd6b2bec7f813aaebde4eb46ec23c98ddc3af5ed9d7d5bed122464a39
results/raw/runs/1d_euler/gpinn_subsampled/seed_42/model_adamw_final.pt,340955,2026-07-02T14:10:17.695927+00:00,979d9bdc823b08077c4dcb8449e2f5609347b93e3f185277e626db061e7dbdb8
results/raw/runs/1d_euler/gpinn_subsampled/seed_42/model_final.pt,340859,2026-07-02T14:10:17.699927+00:00,2fed3119232369bf499d46cef7473bf287180313eac2904ce256f4e82eb499b4
results/raw/runs/1d_euler/gpinn_subsampled/seed_42/predictions/predict_grid.npz,2594758,2026-07-02T14:10:17.963926+00:00,82d4723b31f13ee7d9959aafca2d52f1a369e8aed110d177992e9ea9858dd6ad
results/raw/runs/1d_euler/gpinn_subsampled/seed_42/predictions/prediction_info.json,49,2026-07-02T14:10:17.963926+00:00,b42bd2b569d036f20241bf0507f2d54b75236a938104a9c60f75c35520ae8ca9
results/raw/runs/1d_euler/gpinn_subsampled/seed_42/status.json,103,2026-07-02T14:10:17.971926+00:00,fc482749ac1456295210506e49d10f99f200f20994fe5bd52bb487be801b288d
results/raw/runs/1d_euler/gpinn_subsampled/seed_7/_SUCCESS,8,2026-07-02T13:22:35.314019+00:00,81b2bd4ea98c8db66554fbc8d7637a1a69a130f331feb732b75caab4c4868fd5
results/raw/runs/1d_euler/gpinn_subsampled/seed_7/config.json,1240,2026-07-02T12:37:30.899236+00:00,56b7983894c38352722c47bb1b6f10e7e522b226507780704c63a358cbed7828
results/raw/runs/1d_euler/gpinn_subsampled/seed_7/diagnostics/gpinn_gradient_history.csv,45468,2026-07-02T13:22:35.310019+00:00,1576049c20f5601447fed96244d6b60678a6b064656379edc2cdca586ad34734
results/raw/runs/1d_euler/gpinn_subsampled/seed_7/diagnostics/gpinn_gradient_stats.csv,17711,2026-07-02T13:22:35.314019+00:00,90b5fd2b5e9ae065a9dbd45f1956493da8a5ebb30c03da012106b30f75763e07
results/raw/runs/1d_euler/gpinn_subsampled/seed_7/diagnostics/gpinn_settings.json,409,2026-07-02T13:22:35.310019+00:00,50e0971f1b101d25d5c6ff6a19530e75b0a5d1239d39bc484a2e80ed3ca4eeb6
results/raw/runs/1d_euler/gpinn_subsampled/seed_7/env.json,244,2026-07-02T12:37:30.899236+00:00,3ea9611b4a501b9d8258401458ea7fbd12107e673f8ddeac71518e0ffecb3269
results/raw/runs/1d_euler/gpinn_subsampled/seed_7/history.csv,45468,2026-07-02T13:22:35.034027+00:00,1576049c20f5601447fed96244d6b60678a6b064656379edc2cdca586ad34734
results/raw/runs/1d_euler/gpinn_subsampled/seed_7/method.json,488,2026-07-02T12:37:30.899236+00:00,a9943874dda444ac49a2fe0f214193fc761a7076b054e3b2fb803e61738b1ff3
results/raw/runs/1d_euler/gpinn_subsampled/seed_7/metrics_adamw.json,3908,2026-07-21T04:37:38.650169+00:00,d1450cfd9118dea928f99d0c28e99c3fb50b9e5f5053c0859e4400c5eca9d79f
results/raw/runs/1d_euler/gpinn_subsampled/seed_7/metrics_final.json,3908,2026-07-21T04:37:38.646169+00:00,d1450cfd9118dea928f99d0c28e99c3fb50b9e5f5053c0859e4400c5eca9d79f
results/raw/runs/1d_euler/gpinn_subsampled/seed_7/model_adamw_final.pt,340955,2026-07-02T13:22:35.038027+00:00,e05b86841e1669ee500d1e9ae2b6e087ecc9d8b2ab5063f0d04ba6eeb3b0ecfb
results/raw/runs/1d_euler/gpinn_subsampled/seed_7/model_final.pt,340859,2026-07-02T13:22:35.038027+00:00,d9687cc07f974218d6827e95217fd029d1f034f5eb7631a708376d2223be7e28
results/raw/runs/1d_euler/gpinn_subsampled/seed_7/predictions/predict_grid.npz,2617272,2026-07-02T13:22:35.306020+00:00,51730c0aefc3dde5130102eede9584d638d62315f3d1d74e84881439efe40742
results/raw/runs/1d_euler/gpinn_subsampled/seed_7/predictions/prediction_info.json,49,2026-07-02T13:22:35.306020+00:00,b42bd2b569d036f20241bf0507f2d54b75236a938104a9c60f75c35520ae8ca9
results/raw/runs/1d_euler/gpinn_subsampled/seed_7/status.json,103,2026-07-02T13:22:35.314019+00:00,5beb7d41d414a970a5de15d9635e9077f82771fff591e6002727f1284ba5d829
results/raw/runs/1d_euler/lra_pinn/seed_100/_SUCCESS,8,2026-07-02T02:13:17.321692+00:00,81b2bd4ea98c8db66554fbc8d7637a1a69a130f331feb732b75caab4c4868fd5
results/raw/runs/1d_euler/lra_pinn/seed_100/config.json,1236,2026-07-02T02:05:11.229305+00:00,2d1dcdffdd415f895a542a7e014fb4a3a36da91e22f9f93adb88b1e2ae4d6769
results/raw/runs/1d_euler/lra_pinn/seed_100/diagnostics/lra_final_lambdas.json,324,2026-07-02T02:13:17.321692+00:00,04fc86145c9f4e6da25e17f2ccb4d4e647cd7f7798f57fb71edf545d6e8cc701
results/raw/runs/1d_euler/lra_pinn/seed_100/diagnostics/lra_gradient_stats.csv,5474,2026-07-02T02:13:17.321692+00:00,d4881787bac5e774016f6c366a8bc5b6cf4d2af2f24bbea7b08bfd1821dcc3c7
results/raw/runs/1d_euler/lra_pinn/seed_100/diagnostics/lra_lambda_history.csv,5474,2026-07-02T02:13:17.317692+00:00,d4881787bac5e774016f6c366a8bc5b6cf4d2af2f24bbea7b08bfd1821dcc3c7
results/raw/runs/1d_euler/lra_pinn/seed_100/env.json,244,2026-07-02T02:05:11.229305+00:00,3ea9611b4a501b9d8258401458ea7fbd12107e673f8ddeac71518e0ffecb3269
results/raw/runs/1d_euler/lra_pinn/seed_100/history.csv,46814,2026-07-02T02:13:17.029696+00:00,56ec2108aa6ff004ac5d964147d33d45531408ba2a358cd2fba5829c89f7840c
results/raw/runs/1d_euler/lra_pinn/seed_100/method.json,459,2026-07-02T02:05:11.229305+00:00,ef607cf9703e5f4461366e1c6842e839179b9a8c117b4e2b56f24ce0f650e527
results/raw/runs/1d_euler/lra_pinn/seed_100/metrics_adamw.json,3835,2026-07-21T04:37:38.650169+00:00,a32402d87c85ccc8cd7bc51526c6ca747f509138ef057e473d7562e2e015f42f
results/raw/runs/1d_euler/lra_pinn/seed_100/metrics_final.json,3835,2026-07-21T04:37:38.650169+00:00,a32402d87c85ccc8cd7bc51526c6ca747f509138ef057e473d7562e2e015f42f
results/raw/runs/1d_euler/lra_pinn/seed_100/model_adamw_final.pt,340955,2026-07-02T02:13:17.033696+00:00,db0ef4bdb3bb17a7bbd54d9d738e087a16488a7441bf56f42ac84e574f2dd636
results/raw/runs/1d_euler/lra_pinn/seed_100/model_final.pt,340859,2026-07-02T02:13:17.033696+00:00,05d789e1b3dea6b4ae0eaaf2be2f24c55fe54a8f3304a13ef5ecf395fa6d44ae
results/raw/runs/1d_euler/lra_pinn/seed_100/predictions/predict_grid.npz,2526660,2026-07-02T02:13:17.317692+00:00,0a08602e65b15ffed4e7038ea340565c9d5174459d682854bf10111d11ab6741
results/raw/runs/1d_euler/lra_pinn/seed_100/predictions/prediction_info.json,49,2026-07-02T02:13:17.317692+00:00,b42bd2b569d036f20241bf0507f2d54b75236a938104a9c60f75c35520ae8ca9
results/raw/runs/1d_euler/lra_pinn/seed_100/status.json,103,2026-07-02T02:13:17.321692+00:00,092ac8bedc558d5d8cc203de6066428c7d2bdd8b72c90d017a1cacae11cf4d02
results/raw/runs/1d_euler/lra_pinn/seed_2026/_SUCCESS,8,2026-07-02T01:47:30.510549+00:00,81b2bd4ea98c8db66554fbc8d7637a1a69a130f331feb732b75caab4c4868fd5
results/raw/runs/1d_euler/lra_pinn/seed_2026/config.json,1238,2026-07-02T01:39:02.200640+00:00,3ab9142021e979fee1c733656c2f8f4edf23676b594cf7cfc6d7c03c670b5061
results/raw/runs/1d_euler/lra_pinn/seed_2026/diagnostics/lra_final_lambdas.json,342,2026-07-02T01:47:30.510549+00:00,ac74d7b6785ee122cafc0fc177a3198408396e21d68689b8c05471841ba592c5
results/raw/runs/1d_euler/lra_pinn/seed_2026/diagnostics/lra_gradient_stats.csv,5515,2026-07-02T01:47:30.510549+00:00,62693435c0344e3c2064c18360d00e632d48995cfceeafbd37af57a30625f59e
results/raw/runs/1d_euler/lra_pinn/seed_2026/diagnostics/lra_lambda_history.csv,5515,2026-07-02T01:47:30.510549+00:00,62693435c0344e3c2064c18360d00e632d48995cfceeafbd37af57a30625f59e
results/raw/runs/1d_euler/lra_pinn/seed_2026/env.json,244,2026-07-02T01:39:02.204640+00:00,3ea9611b4a501b9d8258401458ea7fbd12107e673f8ddeac71518e0ffecb3269
results/raw/runs/1d_euler/lra_pinn/seed_2026/history.csv,47070,2026-07-02T01:47:30.226548+00:00,a5832c74ee09575b09fcdbb4a42f5b724d768974be554c89ee964a38022b3ab3
results/raw/runs/1d_euler/lra_pinn/seed_2026/method.json,459,2026-07-02T01:39:02.204640+00:00,ef607cf9703e5f4461366e1c6842e839179b9a8c117b4e2b56f24ce0f650e527
results/raw/runs/1d_euler/lra_pinn/seed_2026/metrics_adamw.json,3849,2026-07-21T04:37:38.650169+00:00,908eef1f807e117c4011d8afb4d9a5fb89ce40fc2a0575d51ee9bd6e11cc42df
results/raw/runs/1d_euler/lra_pinn/seed_2026/metrics_final.json,3849,2026-07-21T04:37:38.650169+00:00,908eef1f807e117c4011d8afb4d9a5fb89ce40fc2a0575d51ee9bd6e11cc42df
results/raw/runs/1d_euler/lra_pinn/seed_2026/model_adamw_final.pt,340955,2026-07-02T01:47:30.230548+00:00,4048cc44443103ed8bd257c1ac11ad84b5b8f349a9034d2582ca6dc116b99449
results/raw/runs/1d_euler/lra_pinn/seed_2026/model_final.pt,340859,2026-07-02T01:47:30.234548+00:00,6cffbe1ba723e18ffbb8c8c6b1d9f54db6142b734fedb2c534b4a3cf3477ba6f
results/raw/runs/1d_euler/lra_pinn/seed_2026/predictions/predict_grid.npz,2611703,2026-07-02T01:47:30.506549+00:00,8b1c81dd3068d3e813a015df419743cc5178af5675f6aea2a357fd20a6af7aa2
results/raw/runs/1d_euler/lra_pinn/seed_2026/predictions/prediction_info.json,49,2026-07-02T01:47:30.506549+00:00,b42bd2b569d036f20241bf0507f2d54b75236a938104a9c60f75c35520ae8ca9
results/raw/runs/1d_euler/lra_pinn/seed_2026/status.json,103,2026-07-02T01:47:30.510549+00:00,01eb4f3914a642826a6c79e65c24f255ff8d719022359daef4ae11bd190b4c0a
results/raw/runs/1d_euler/lra_pinn/seed_31415/_SUCCESS,8,2026-07-02T02:21:40.983590+00:00,81b2bd4ea98c8db66554fbc8d7637a1a69a130f331feb732b75caab4c4868fd5
results/raw/runs/1d_euler/lra_pinn/seed_31415/config.json,1240,2026-07-02T02:13:17.457689+00:00,2a3fcaf3fbf4d8af686cfb4922d18e0e78e629f8eba52afd2b235b0bd229ef2d
results/raw/runs/1d_euler/lra_pinn/seed_31415/diagnostics/lra_final_lambdas.json,322,2026-07-02T02:21:40.979590+00:00,3d7d970df89cbe275dabf6fd4a336c3aa8c7a39e3b624fa468c3ad9e2762292d
results/raw/runs/1d_euler/lra_pinn/seed_31415/diagnostics/lra_gradient_stats.csv,5442,2026-07-02T02:21:40.979590+00:00,05f25ae459ea991e89727e4618724762f844dfe15d3db6676f9d54cf3ddf3b44
results/raw/runs/1d_euler/lra_pinn/seed_31415/diagnostics/lra_lambda_history.csv,5442,2026-07-02T02:21:40.979590+00:00,05f25ae459ea991e89727e4618724762f844dfe15d3db6676f9d54cf3ddf3b44
results/raw/runs/1d_euler/lra_pinn/seed_31415/env.json,244,2026-07-02T02:13:17.457689+00:00,3ea9611b4a501b9d8258401458ea7fbd12107e673f8ddeac71518e0ffecb3269
results/raw/runs/1d_euler/lra_pinn/seed_31415/history.csv,46864,2026-07-02T02:21:40.695592+00:00,969e4725cd60eb5d6c7e0890edf79b636103ae95591e39dc1a3a3d84c0fd29cc
results/raw/runs/1d_euler/lra_pinn/seed_31415/method.json,459,2026-07-02T02:13:17.457689+00:00,ef607cf9703e5f4461366e1c6842e839179b9a8c117b4e2b56f24ce0f650e527
results/raw/runs/1d_euler/lra_pinn/seed_31415/metrics_adamw.json,3827,2026-07-21T04:37:38.654169+00:00,69c263a83c51d1f5e8f40802363895f34ffd7d59a0aa9488d638b63125dfd66c
results/raw/runs/1d_euler/lra_pinn/seed_31415/metrics_final.json,3827,2026-07-21T04:37:38.650169+00:00,69c263a83c51d1f5e8f40802363895f34ffd7d59a0aa9488d638b63125dfd66c
results/raw/runs/1d_euler/lra_pinn/seed_31415/model_adamw_final.pt,340955,2026-07-02T02:21:40.699592+00:00,2cde8577b0f7c004bf5dc8f5b4f5a09ef5ccb4baa4246a120c0217017be8aa86
results/raw/runs/1d_euler/lra_pinn/seed_31415/model_final.pt,340859,2026-07-02T02:21:40.699592+00:00,2d463e394c67bfd828fb940e0e403a4030dbfb864b1bee7d04d020ee93f348e0
results/raw/runs/1d_euler/lra_pinn/seed_31415/predictions/predict_grid.npz,2588769,2026-07-02T02:21:40.979590+00:00,8913393a95329a2f1d85caf3006eb18a033027597f5f8d7626470636b9e55b11
results/raw/runs/1d_euler/lra_pinn/seed_31415/predictions/prediction_info.json,49,2026-07-02T02:21:40.979590+00:00,b42bd2b569d036f20241bf0507f2d54b75236a938104a9c60f75c35520ae8ca9
results/raw/runs/1d_euler/lra_pinn/seed_31415/status.json,104,2026-07-02T02:21:40.983590+00:00,cc2c948f1aa07682761b8464e6bbe2b1f1397e6e127722abcdcf05f1e0cb5ef2
results/raw/runs/1d_euler/lra_pinn/seed_42/_SUCCESS,8,2026-07-02T02:05:11.093305+00:00,81b2bd4ea98c8db66554fbc8d7637a1a69a130f331feb732b75caab4c4868fd5
results/raw/runs/1d_euler/lra_pinn/seed_42/config.json,1234,2026-07-02T01:56:31.610318+00:00,ea5133f35fe11e4a608c3255fa924fd05887261ddec11a3ca7157237d196a101
results/raw/runs/1d_euler/lra_pinn/seed_42/diagnostics/lra_final_lambdas.json,342,2026-07-02T02:05:11.093305+00:00,16f875b002bbb7dd56a2e1c40c164623a62370eddd28e230e49ef425605b4b25
results/raw/runs/1d_euler/lra_pinn/seed_42/diagnostics/lra_gradient_stats.csv,5549,2026-07-02T02:05:11.089305+00:00,1e10356c1a082b2074fb2a69eaba1202640105d37cf3e802b419198b734d014f
results/raw/runs/1d_euler/lra_pinn/seed_42/diagnostics/lra_lambda_history.csv,5549,2026-07-02T02:05:11.089305+00:00,1e10356c1a082b2074fb2a69eaba1202640105d37cf3e802b419198b734d014f
results/raw/runs/1d_euler/lra_pinn/seed_42/env.json,244,2026-07-02T01:56:31.614318+00:00,3ea9611b4a501b9d8258401458ea7fbd12107e673f8ddeac71518e0ffecb3269
results/raw/runs/1d_euler/lra_pinn/seed_42/history.csv,47109,2026-07-02T02:05:10.773306+00:00,8785f49b41ce710deaae8a9bd84fde4f8a9640961ba26c31c67f42da82b6d0b0
results/raw/runs/1d_euler/lra_pinn/seed_42/method.json,459,2026-07-02T01:56:31.610318+00:00,ef607cf9703e5f4461366e1c6842e839179b9a8c117b4e2b56f24ce0f650e527
results/raw/runs/1d_euler/lra_pinn/seed_42/metrics_adamw.json,3851,2026-07-21T04:37:38.654169+00:00,cf94df1ab423665c973030b4608f056bb5d5387b1a854f890f23d758eb9ffd6f
results/raw/runs/1d_euler/lra_pinn/seed_42/metrics_final.json,3851,2026-07-21T04:37:38.654169+00:00,cf94df1ab423665c973030b4608f056bb5d5387b1a854f890f23d758eb9ffd6f
results/raw/runs/1d_euler/lra_pinn/seed_42/model_adamw_final.pt,340955,2026-07-02T02:05:10.777306+00:00,9cbb37fd83e4c1745ddf3482fd9bf273d19c765307cac8672b734cc57dd16f2d
results/raw/runs/1d_euler/lra_pinn/seed_42/model_final.pt,340859,2026-07-02T02:05:10.777306+00:00,2a707f9e383806c2adf5b57b2fff298d4f90c4d01e3e7af63973e8a4cf778e5c
results/raw/runs/1d_euler/lra_pinn/seed_42/predictions/predict_grid.npz,2571682,2026-07-02T02:05:11.089305+00:00,aa3e93daeb42965752be1345234b9b08f1f43dcc8c79ef3e9d8201d58c8449c3
results/raw/runs/1d_euler/lra_pinn/seed_42/predictions/prediction_info.json,49,2026-07-02T02:05:11.089305+00:00,b42bd2b569d036f20241bf0507f2d54b75236a938104a9c60f75c35520ae8ca9
results/raw/runs/1d_euler/lra_pinn/seed_42/status.json,103,2026-07-02T02:05:11.093305+00:00,ae8fabb9e8d3e2a16b20bbafc0fd0f1ef15f9cc61418b45e4a3e61063ff59c78
results/raw/runs/1d_euler/lra_pinn/seed_7/_SUCCESS,8,2026-07-02T01:56:31.474318+00:00,81b2bd4ea98c8db66554fbc8d7637a1a69a130f331feb732b75caab4c4868fd5
results/raw/runs/1d_euler/lra_pinn/seed_7/config.json,1232,2026-07-02T01:47:30.646549+00:00,cf43c81da2169a03c0639402bb9893ca098af8d88042f2ec05d34a0d442a5efc
results/raw/runs/1d_euler/lra_pinn/seed_7/diagnostics/lra_final_lambdas.json,344,2026-07-02T01:56:31.474318+00:00,b4c88071bcd39ac3d33f33f93c4c4c87ca0ccb5e41fc7773a5558ca8db81dd3a
results/raw/runs/1d_euler/lra_pinn/seed_7/diagnostics/lra_gradient_stats.csv,5507,2026-07-02T01:56:31.474318+00:00,3d102aef13c5c24629ea33aca2ae6bc7e76b7b5b1fc8806b97da28cd30c0b591
results/raw/runs/1d_euler/lra_pinn/seed_7/diagnostics/lra_lambda_history.csv,5507,2026-07-02T01:56:31.474318+00:00,3d102aef13c5c24629ea33aca2ae6bc7e76b7b5b1fc8806b97da28cd30c0b591
results/raw/runs/1d_euler/lra_pinn/seed_7/env.json,244,2026-07-02T01:47:30.646549+00:00,3ea9611b4a501b9d8258401458ea7fbd12107e673f8ddeac71518e0ffecb3269
results/raw/runs/1d_euler/lra_pinn/seed_7/history.csv,47071,2026-07-02T01:56:31.162319+00:00,a0ec60c2519554ac6ae3392b86d04a6a16d3d5f9a0c60eb68eabea14703f3930
results/raw/runs/1d_euler/lra_pinn/seed_7/method.json,459,2026-07-02T01:47:30.646549+00:00,ef607cf9703e5f4461366e1c6842e839179b9a8c117b4e2b56f24ce0f650e527
results/raw/runs/1d_euler/lra_pinn/seed_7/metrics_adamw.json,3839,2026-07-21T04:37:38.654169+00:00,5eed15aad569f722db4455eff41d7358e9b1f7fbd736bf7e24029ba8d66e364c
results/raw/runs/1d_euler/lra_pinn/seed_7/metrics_final.json,3839,2026-07-21T04:37:38.654169+00:00,5eed15aad569f722db4455eff41d7358e9b1f7fbd736bf7e24029ba8d66e364c
results/raw/runs/1d_euler/lra_pinn/seed_7/model_adamw_final.pt,340955,2026-07-02T01:56:31.166319+00:00,b414c032d7d9ce84415152f8c332b3143699cb026f7fd80a959594b8cbe2732a
results/raw/runs/1d_euler/lra_pinn/seed_7/model_final.pt,340859,2026-07-02T01:56:31.170319+00:00,daa99ad64f7dbafda196498e73c0bb6526f329494dfe8f800d827dc84f661b70
results/raw/runs/1d_euler/lra_pinn/seed_7/predictions/predict_grid.npz,2534027,2026-07-02T01:56:31.470318+00:00,b04a57a02b9b8b110129a326ca54893ca1d9c61051cd721788a655893afc0151
results/raw/runs/1d_euler/lra_pinn/seed_7/predictions/prediction_info.json,49,2026-07-02T01:56:31.470318+00:00,b42bd2b569d036f20241bf0507f2d54b75236a938104a9c60f75c35520ae8ca9
results/raw/runs/1d_euler/lra_pinn/seed_7/status.json,103,2026-07-02T01:56:31.474318+00:00,e67bca317db54469113c7bd469339e38f390b91a76f466dd5da75168f108697c
results/raw/runs/1d_euler/ours/seed_100/_SUCCESS,8,2026-07-01T06:06:07.881321+00:00,81b2bd4ea98c8db66554fbc8d7637a1a69a130f331feb732b75caab4c4868fd5
results/raw/runs/1d_euler/ours/seed_100/config.json,1232,2026-07-01T05:59:03.280211+00:00,1388238a9ea8c5001184edd5a5e8759858aed2aa7e3cdf9394cb29e797dc3b0f
results/raw/runs/1d_euler/ours/seed_100/diagnostics/gate_diagnostics.json,422,2026-07-01T06:06:07.881321+00:00,6084253554e3681e5c2cf3b893a3f9c9c0748b97eefc094b1dd5c4ecda76dd29
results/raw/runs/1d_euler/ours/seed_100/env.json,244,2026-07-01T05:59:03.280211+00:00,3ea9611b4a501b9d8258401458ea7fbd12107e673f8ddeac71518e0ffecb3269
results/raw/runs/1d_euler/ours/seed_100/history.csv,52337,2026-07-01T06:06:07.545323+00:00,c5b752fa848a97337b51a5ec6238736347ad9a380447fd0a39aeedf55330484f
results/raw/runs/1d_euler/ours/seed_100/method.json,321,2026-07-01T05:59:03.280211+00:00,2b3b261834055fadd01a38c2f33aa13a3cc8c685ccd94fbfbf7cc9bdd555622d
results/raw/runs/1d_euler/ours/seed_100/metrics_adamw.json,3787,2026-07-21T04:37:38.658169+00:00,892b8ee83c673c147eca5dd6ab407d5c7e2bd1f8f7f0309fc139dd17088c6bc9
results/raw/runs/1d_euler/ours/seed_100/metrics_final.json,3787,2026-07-21T04:37:38.654169+00:00,892b8ee83c673c147eca5dd6ab407d5c7e2bd1f8f7f0309fc139dd17088c6bc9
results/raw/runs/1d_euler/ours/seed_100/model_adamw_final.pt,340827,2026-07-01T06:06:07.549323+00:00,68123a85069c946cacee64388768478fad8caec270de55d418f74a10b45a02dd
results/raw/runs/1d_euler/ours/seed_100/model_final.pt,340731,2026-07-01T06:06:07.549323+00:00,c038b2796ef477287de4d8780d035b44c6bfa3f6b26c8d2340f56195e336889b
results/raw/runs/1d_euler/ours/seed_100/predictions/predict_grid.npz,2467357,2026-07-01T06:06:07.853321+00:00,1a0c575bf4ddfc490a54b188f7c002dbc37951e6f6386e89867d79bc401b2ec9
results/raw/runs/1d_euler/ours/seed_100/predictions/prediction_info.json,49,2026-07-01T06:06:07.853321+00:00,b42bd2b569d036f20241bf0507f2d54b75236a938104a9c60f75c35520ae8ca9
results/raw/runs/1d_euler/ours/seed_100/status.json,103,2026-07-01T06:06:07.881321+00:00,74e1bcb5b6b9baca5f67343089796de01d6f62a5f67d744301c0fdc989356053
results/raw/runs/1d_euler/ours/seed_2026/_SUCCESS,8,2026-07-01T05:06:49.072890+00:00,81b2bd4ea98c8db66554fbc8d7637a1a69a130f331feb732b75caab4c4868fd5
results/raw/runs/1d_euler/ours/seed_2026/config.json,1234,2026-07-01T04:59:51.757316+00:00,18482f53a1a0c1f996068c9ab01582f941166dc35f030a1248b8b679dc2fa98f
results/raw/runs/1d_euler/ours/seed_2026/diagnostics/gate_diagnostics.json,424,2026-07-01T05:06:49.072890+00:00,dc1018d256ea354cae2b5c95e92c3132ac94b7338da20883e078695ba526d0d5
results/raw/runs/1d_euler/ours/seed_2026/env.json,244,2026-07-01T04:59:51.757316+00:00,3ea9611b4a501b9d8258401458ea7fbd12107e673f8ddeac71518e0ffecb3269
results/raw/runs/1d_euler/ours/seed_2026/history.csv,52352,2026-07-01T05:06:48.744889+00:00,7dc86b901ba12c87a8a5af5539eea39f7291a3ae4265c909e666b2ed5aaa477e
results/raw/runs/1d_euler/ours/seed_2026/method.json,321,2026-07-01T04:59:51.757316+00:00,2b3b261834055fadd01a38c2f33aa13a3cc8c685ccd94fbfbf7cc9bdd555622d
results/raw/runs/1d_euler/ours/seed_2026/metrics_adamw.json,3788,2026-07-21T04:37:38.658169+00:00,caba5f87718b6e393e718c7a9cf02922f0b75cc8ad2cb1dd6a25aea999e977a7
results/raw/runs/1d_euler/ours/seed_2026/metrics_final.json,3788,2026-07-21T04:37:38.658169+00:00,caba5f87718b6e393e718c7a9cf02922f0b75cc8ad2cb1dd6a25aea999e977a7
results/raw/runs/1d_euler/ours/seed_2026/model_adamw_final.pt,340827,2026-07-01T05:06:48.748889+00:00,042cdf270566831b2262fe24c10e199447b17b27fed8e012ced2299860bfaac0
results/raw/runs/1d_euler/ours/seed_2026/model_final.pt,340731,2026-07-01T05:06:48.748889+00:00,b0dbf1c28321523e3e7a1af74b687589df975128be34237694f1389f34958ef0
results/raw/runs/1d_euler/ours/seed_2026/predictions/predict_grid.npz,2508368,2026-07-01T05:06:49.048890+00:00,962150e07305cd1799b225c16c89f43bdabf6946f0bff28c3041b5cca32aa8c1
results/raw/runs/1d_euler/ours/seed_2026/predictions/prediction_info.json,49,2026-07-01T05:06:49.048890+00:00,b42bd2b569d036f20241bf0507f2d54b75236a938104a9c60f75c35520ae8ca9
results/raw/runs/1d_euler/ours/seed_2026/status.json,102,2026-07-01T05:06:49.072890+00:00,12317f18be9b6df4462ccaa33567b0a7a2d4ce0a45642f0a99feac673a533a5a
results/raw/runs/1d_euler/ours/seed_31415/_SUCCESS,8,2026-07-01T06:21:14.219787+00:00,81b2bd4ea98c8db66554fbc8d7637a1a69a130f331feb732b75caab4c4868fd5
results/raw/runs/1d_euler/ours/seed_31415/config.json,1236,2026-07-01T06:14:15.413173+00:00,b2f6343a79a44c0e14ea33f76894f89acc62060528fb9cc9703cd07c49c6a656
results/raw/runs/1d_euler/ours/seed_31415/diagnostics/gate_diagnostics.json,423,2026-07-01T06:21:14.215787+00:00,66197c4bd41eb71cd32eac9130287cb99277ffc6c7b3b80de0bda88230c44822
results/raw/runs/1d_euler/ours/seed_31415/env.json,244,2026-07-01T06:14:15.413173+00:00,3ea9611b4a501b9d8258401458ea7fbd12107e673f8ddeac71518e0ffecb3269
results/raw/runs/1d_euler/ours/seed_31415/history.csv,52289,2026-07-01T06:21:13.867791+00:00,2ecfd9393724eb5ea9b49458ce68bd01a5417ea3e0eecf6f234591b6211f0553
results/raw/runs/1d_euler/ours/seed_31415/method.json,321,2026-07-01T06:14:15.413173+00:00,2b3b261834055fadd01a38c2f33aa13a3cc8c685ccd94fbfbf7cc9bdd555622d
results/raw/runs/1d_euler/ours/seed_31415/metrics_adamw.json,3783,2026-07-21T04:37:38.658169+00:00,8f4362e30b6a2c209a27e12fa5d70a0613d5f87238d91f4d54c5e95512bfb651
results/raw/runs/1d_euler/ours/seed_31415/metrics_final.json,3783,2026-07-21T04:37:38.658169+00:00,8f4362e30b6a2c209a27e12fa5d70a0613d5f87238d91f4d54c5e95512bfb651
results/raw/runs/1d_euler/ours/seed_31415/model_adamw_final.pt,340827,2026-07-01T06:21:13.871791+00:00,54110bce52eae4df7401d789dd44df237941bc3bb8801a5751b0a040d0344c69
results/raw/runs/1d_euler/ours/seed_31415/model_final.pt,340731,2026-07-01T06:21:13.875791+00:00,a564a828e5acb822ee8a0870841662412faafed043cba372c9b19da81b564bea
results/raw/runs/1d_euler/ours/seed_31415/predictions/predict_grid.npz,2485023,2026-07-01T06:21:14.191787+00:00,032d86345ec0acf25c439608df9f51ab0a78d681eb76032e97ace120b75bdd75
results/raw/runs/1d_euler/ours/seed_31415/predictions/prediction_info.json,49,2026-07-01T06:21:14.191787+00:00,b42bd2b569d036f20241bf0507f2d54b75236a938104a9c60f75c35520ae8ca9
results/raw/runs/1d_euler/ours/seed_31415/status.json,103,2026-07-01T06:21:14.219787+00:00,454380e21e9020a2918948b431554f6a891329313d41187e3d5f767028cdccf6
results/raw/runs/1d_euler/ours/seed_42/_SUCCESS,8,2026-07-01T05:50:59.240071+00:00,81b2bd4ea98c8db66554fbc8d7637a1a69a130f331feb732b75caab4c4868fd5
results/raw/runs/1d_euler/ours/seed_42/config.json,1230,2026-07-01T05:43:56.536613+00:00,22ec529416932ec25b55b8102651d90ca19a673429f33fd2108af380b1c2440b
results/raw/runs/1d_euler/ours/seed_42/diagnostics/gate_diagnostics.json,422,2026-07-01T05:50:59.240071+00:00,d2092de8deafaa4d2e530c9e0f52ac4df8cbcdb418cdc9a187ec6437278b87e1
results/raw/runs/1d_euler/ours/seed_42/env.json,244,2026-07-01T05:43:56.536613+00:00,3ea9611b4a501b9d8258401458ea7fbd12107e673f8ddeac71518e0ffecb3269
results/raw/runs/1d_euler/ours/seed_42/history.csv,52274,2026-07-01T05:50:58.888074+00:00,bf9e7f6356bb3a4e054f866e1dfed18e52b5d051900cccf48d27c1e31d725d9b
results/raw/runs/1d_euler/ours/seed_42/method.json,321,2026-07-01T05:43:56.536613+00:00,2b3b261834055fadd01a38c2f33aa13a3cc8c685ccd94fbfbf7cc9bdd555622d
results/raw/runs/1d_euler/ours/seed_42/metrics_adamw.json,3786,2026-07-21T04:37:38.658169+00:00,acecaa6f05b515fcce75deddf4179a25762f78d3c599cfd12f9e87d1970b62fa
results/raw/runs/1d_euler/ours/seed_42/metrics_final.json,3786,2026-07-21T04:37:38.658169+00:00,acecaa6f05b515fcce75deddf4179a25762f78d3c599cfd12f9e87d1970b62fa
results/raw/runs/1d_euler/ours/seed_42/model_adamw_final.pt,340827,2026-07-01T05:50:58.892074+00:00,097964252a38ae9c7f4660e9722666ad79f48da9a0af1508a27ba051a6dbf5e8
results/raw/runs/1d_euler/ours/seed_42/model_final.pt,340731,2026-07-01T05:50:58.892074+00:00,ffa0d5bfbb73683b4b3ce51a03858f9060425df7e1602459fa2f2e7d9079c1d0
results/raw/runs/1d_euler/ours/seed_42/predictions/predict_grid.npz,2480470,2026-07-01T05:50:59.200071+00:00,66c73d902474f4479d03b4c1a5d71fb921fc8ea7d08750e543a65542e09454e1
results/raw/runs/1d_euler/ours/seed_42/predictions/prediction_info.json,49,2026-07-01T05:50:59.200071+00:00,b42bd2b569d036f20241bf0507f2d54b75236a938104a9c60f75c35520ae8ca9
results/raw/runs/1d_euler/ours/seed_42/status.json,103,2026-07-01T05:50:59.240071+00:00,c010864df61be83268bb8402c4c24f4a73df12ec8b2d365c0549b17e574dad70
results/raw/runs/1d_euler/ours/seed_7/_SUCCESS,8,2026-07-01T05:35:49.446399+00:00,81b2bd4ea98c8db66554fbc8d7637a1a69a130f331feb732b75caab4c4868fd5
results/raw/runs/1d_euler/ours/seed_7/config.json,1228,2026-07-01T05:29:13.447639+00:00,8c5f196b5851658b6d1617d6b69b16bb462ca8f27af58d410b00edec4b8efda9
results/raw/runs/1d_euler/ours/seed_7/diagnostics/gate_diagnostics.json,420,2026-07-01T05:35:49.446399+00:00,c96a0711ff0302d0a97569f079e7ab08a2fbf8b958b62b6bc3572a1b2c6453b2
results/raw/runs/1d_euler/ours/seed_7/env.json,244,2026-07-01T05:29:13.447639+00:00,3ea9611b4a501b9d8258401458ea7fbd12107e673f8ddeac71518e0ffecb3269
results/raw/runs/1d_euler/ours/seed_7/history.csv,52247,2026-07-01T05:35:49.090400+00:00,1db5e07bc7164f508da74ad611d7eebe590463d5407184c9610de2f852467e61
results/raw/runs/1d_euler/ours/seed_7/method.json,321,2026-07-01T05:29:13.447639+00:00,2b3b261834055fadd01a38c2f33aa13a3cc8c685ccd94fbfbf7cc9bdd555622d
results/raw/runs/1d_euler/ours/seed_7/metrics_adamw.json,3777,2026-07-21T04:37:38.662169+00:00,bcdfdef69a2b433a65d6f456808b4c3d7014f2b39675223b19d0db226f42fab5
results/raw/runs/1d_euler/ours/seed_7/metrics_final.json,3777,2026-07-21T04:37:38.662169+00:00,bcdfdef69a2b433a65d6f456808b4c3d7014f2b39675223b19d0db226f42fab5
results/raw/runs/1d_euler/ours/seed_7/model_adamw_final.pt,340827,2026-07-01T05:35:49.090400+00:00,47a06936fb53c81c8f87989a459173935c1a3bde32719fbd079c6d7895a8df28
results/raw/runs/1d_euler/ours/seed_7/model_final.pt,340731,2026-07-01T05:35:49.094400+00:00,d82b94693d0608a8ecf7f8cf5d189963cfe9d6d7990fd33a9361e64d8162c21d
results/raw/runs/1d_euler/ours/seed_7/predictions/predict_grid.npz,2483686,2026-07-01T05:35:49.406399+00:00,db9a8bb5586e799e05a5cf438aebc7f356174189c20a0109fc4aa183090ad9a0
results/raw/runs/1d_euler/ours/seed_7/predictions/prediction_info.json,49,2026-07-01T05:35:49.406399+00:00,b42bd2b569d036f20241bf0507f2d54b75236a938104a9c60f75c35520ae8ca9
results/raw/runs/1d_euler/ours/seed_7/status.json,103,2026-07-01T05:35:49.446399+00:00,e6c79b5bad02a16f3c4862770aedbcaef5a067a4cfa329620511a696d1dfedb6
results/raw/runs/1d_euler/pinn/seed_100/_SUCCESS,8,2026-07-01T05:59:03.160212+00:00,81b2bd4ea98c8db66554fbc8d7637a1a69a130f331feb732b75caab4c4868fd5
results/raw/runs/1d_euler/pinn/seed_100/config.json,1232,2026-07-01T05:54:21.258349+00:00,56fbccea3030c0ce35e77602c10b4fdb56b6f43e7b3be151e77b1d0c004853b8
results/raw/runs/1d_euler/pinn/seed_100/env.json,244,2026-07-01T05:54:21.258349+00:00,3ea9611b4a501b9d8258401458ea7fbd12107e673f8ddeac71518e0ffecb3269
results/raw/runs/1d_euler/pinn/seed_100/history.csv,18783,2026-07-01T05:59:02.868214+00:00,d5385a2ee8988e1ef2b7c5226331f6187e3dc199b2a6e44be9a2867b5c6a8588
results/raw/runs/1d_euler/pinn/seed_100/method.json,181,2026-07-01T05:54:21.258349+00:00,de010c025bcdb3a880b9116e67fd3ff7d8aabf3ba4129e968ac7fd6f2d972020
results/raw/runs/1d_euler/pinn/seed_100/metrics_adamw.json,3754,2026-07-21T04:37:38.662169+00:00,c9442d1862c117717009d13b5ddb3fbdd3b3cb4f7ac8d8c8ad086e1f7b21e206
results/raw/runs/1d_euler/pinn/seed_100/metrics_final.json,3754,2026-07-21T04:37:38.662169+00:00,c9442d1862c117717009d13b5ddb3fbdd3b3cb4f7ac8d8c8ad086e1f7b21e206
results/raw/runs/1d_euler/pinn/seed_100/model_adamw_final.pt,340827,2026-07-01T05:59:02.872214+00:00,0913c05560ead4a6f3597e3f6670faef0f661159eebb357f4cd0f786b6e277d6
results/raw/runs/1d_euler/pinn/seed_100/model_final.pt,340731,2026-07-01T05:59:02.872214+00:00,9f075bb253cc0ada2a3d8026687074d4bdaa1542c4c7febbfeef2b4fb30f8d6d
results/raw/runs/1d_euler/pinn/seed_100/predictions/predict_grid.npz,2582837,2026-07-01T05:59:03.156212+00:00,45672488a54b41cd32a9b8b9ac09ecac2ed70a31700a1f30eacc458c000cc391
results/raw/runs/1d_euler/pinn/seed_100/predictions/prediction_info.json,49,2026-07-01T05:59:03.156212+00:00,b42bd2b569d036f20241bf0507f2d54b75236a938104a9c60f75c35520ae8ca9
results/raw/runs/1d_euler/pinn/seed_100/status.json,103,2026-07-01T05:59:03.160212+00:00,3adc6c6f94935227eaa91b690cdc8ebfa4a8c40d4d6c2d4bf6c7a0993b2413b7
results/raw/runs/1d_euler/pinn/seed_2026/_SUCCESS,8,2026-07-01T04:59:51.621317+00:00,81b2bd4ea98c8db66554fbc8d7637a1a69a130f331feb732b75caab4c4868fd5
results/raw/runs/1d_euler/pinn/seed_2026/config.json,1234,2026-07-01T04:54:38.854714+00:00,00612ef387090ccd3003a9314cb1e3a944a66daf90b0822bc2ede4fbe37d328b
results/raw/runs/1d_euler/pinn/seed_2026/env.json,244,2026-07-01T04:54:38.854714+00:00,3ea9611b4a501b9d8258401458ea7fbd12107e673f8ddeac71518e0ffecb3269
results/raw/runs/1d_euler/pinn/seed_2026/history.csv,18770,2026-07-01T04:59:51.305318+00:00,541f85053a0c17257762dbc945d55c31677c7df68f57972e61ef0311bdb04950
results/raw/runs/1d_euler/pinn/seed_2026/method.json,181,2026-07-01T04:54:38.854714+00:00,de010c025bcdb3a880b9116e67fd3ff7d8aabf3ba4129e968ac7fd6f2d972020
results/raw/runs/1d_euler/pinn/seed_2026/metrics_adamw.json,3758,2026-07-21T04:37:38.662169+00:00,c71239c924063337c23e339b6218257ffbd5b2bee3c28e26123b17ced812e00b
results/raw/runs/1d_euler/pinn/seed_2026/metrics_final.json,3758,2026-07-21T04:37:38.662169+00:00,c71239c924063337c23e339b6218257ffbd5b2bee3c28e26123b17ced812e00b
results/raw/runs/1d_euler/pinn/seed_2026/model_adamw_final.pt,340827,2026-07-01T04:59:51.305318+00:00,24e944bc4f9c24f651323c94e3ef962025498319cc3da09187bc472b0570410d
results/raw/runs/1d_euler/pinn/seed_2026/model_final.pt,340731,2026-07-01T04:59:51.309318+00:00,65c44a80a793683e63cd53d95cccb23efb8b12dc69432b3d9f1be6ce07cd173b
results/raw/runs/1d_euler/pinn/seed_2026/predictions/predict_grid.npz,2617904,2026-07-01T04:59:51.617317+00:00,0ac700ed40ca41b3f26a7780bd30ec9e6d657bd22be948f40c36f6880690216c
results/raw/runs/1d_euler/pinn/seed_2026/predictions/prediction_info.json,49,2026-07-01T04:59:51.621317+00:00,b42bd2b569d036f20241bf0507f2d54b75236a938104a9c60f75c35520ae8ca9
results/raw/runs/1d_euler/pinn/seed_2026/status.json,103,2026-07-01T04:59:51.621317+00:00,751222d1698325c5e7110aa4035dc7d4d834cb023d2fd494b3370caba311cb23
results/raw/runs/1d_euler/pinn/seed_31415/_SUCCESS,8,2026-07-01T06:14:15.293175+00:00,81b2bd4ea98c8db66554fbc8d7637a1a69a130f331feb732b75caab4c4868fd5
results/raw/runs/1d_euler/pinn/seed_31415/config.json,1236,2026-07-01T06:09:12.288134+00:00,30842852b742db53c3172a91b4e41bd73795dc69b7a71417432fa5128656fe59
results/raw/runs/1d_euler/pinn/seed_31415/env.json,244,2026-07-01T06:09:12.288134+00:00,3ea9611b4a501b9d8258401458ea7fbd12107e673f8ddeac71518e0ffecb3269
results/raw/runs/1d_euler/pinn/seed_31415/history.csv,18756,2026-07-01T06:14:15.033179+00:00,db67ec1ea177d661d4f4c12a42e755948a79be178fb31cc3117727346ce8d433
results/raw/runs/1d_euler/pinn/seed_31415/method.json,181,2026-07-01T06:09:12.288134+00:00,de010c025bcdb3a880b9116e67fd3ff7d8aabf3ba4129e968ac7fd6f2d972020
results/raw/runs/1d_euler/pinn/seed_31415/metrics_adamw.json,3778,2026-07-21T04:37:38.666168+00:00,b50fc73b84e5e1f27c2373de1fb5aeeffcc232af31c3babde6e26441db7debaa
results/raw/runs/1d_euler/pinn/seed_31415/metrics_final.json,3778,2026-07-21T04:37:38.666168+00:00,b50fc73b84e5e1f27c2373de1fb5aeeffcc232af31c3babde6e26441db7debaa
results/raw/runs/1d_euler/pinn/seed_31415/model_adamw_final.pt,340827,2026-07-01T06:14:15.033179+00:00,5a2d0bd1270ad1b79e103866aef1abdda4cdd94be8ee544cfa89557e5e09cf51
results/raw/runs/1d_euler/pinn/seed_31415/model_final.pt,340731,2026-07-01T06:14:15.037179+00:00,6cc2c7d9a4ffe04b44117f7b84781a81e8f74f955e8ae3489d51f2af600a5018
results/raw/runs/1d_euler/pinn/seed_31415/predictions/predict_grid.npz,2600739,2026-07-01T06:14:15.293175+00:00,26d1b3fe4b9f6de2ee5587bc7f14fd0b4941d45b353f25d87437c46963149a81
results/raw/runs/1d_euler/pinn/seed_31415/predictions/prediction_info.json,49,2026-07-01T06:14:15.293175+00:00,b42bd2b569d036f20241bf0507f2d54b75236a938104a9c60f75c35520ae8ca9
results/raw/runs/1d_euler/pinn/seed_31415/status.json,101,2026-07-01T06:14:15.293175+00:00,527d16564be89cb3bbad755db721771bf67771bca0e0a3f0f3b6d3adedf621e1
results/raw/runs/1d_euler/pinn/seed_42/_SUCCESS,8,2026-07-01T05:43:56.404615+00:00,81b2bd4ea98c8db66554fbc8d7637a1a69a130f331feb732b75caab4c4868fd5
results/raw/runs/1d_euler/pinn/seed_42/config.json,1230,2026-07-01T05:39:12.600963+00:00,75378417089537db67d586ae49ae973d04400f1977ba97f57192d52cbe510793
results/raw/runs/1d_euler/pinn/seed_42/env.json,244,2026-07-01T05:39:12.600963+00:00,3ea9611b4a501b9d8258401458ea7fbd12107e673f8ddeac71518e0ffecb3269
results/raw/runs/1d_euler/pinn/seed_42/history.csv,18733,2026-07-01T05:43:56.112619+00:00,ae1b1c4198b9040088e1ad124fd1c9592c88b73b2bbc66adc2f226e662e00105
results/raw/runs/1d_euler/pinn/seed_42/method.json,181,2026-07-01T05:39:12.600963+00:00,de010c025bcdb3a880b9116e67fd3ff7d8aabf3ba4129e968ac7fd6f2d972020
results/raw/runs/1d_euler/pinn/seed_42/metrics_adamw.json,3757,2026-07-21T04:37:38.666168+00:00,c119408c65905a6afd84fa364629452d8e735159ca6abf32c5d1c618c38229fe
results/raw/runs/1d_euler/pinn/seed_42/metrics_final.json,3757,2026-07-21T04:37:38.666168+00:00,c119408c65905a6afd84fa364629452d8e735159ca6abf32c5d1c618c38229fe
results/raw/runs/1d_euler/pinn/seed_42/model_adamw_final.pt,340827,2026-07-01T05:43:56.116619+00:00,162466431ef843946c70b286424671b9b49f6b99f5f36d568d9f9645507d9622
results/raw/runs/1d_euler/pinn/seed_42/model_final.pt,340731,2026-07-01T05:43:56.116619+00:00,9a4ab7b6d9a3c09607423f03d75cda8bd9eb39c2374dd83776223778a30e1814
results/raw/runs/1d_euler/pinn/seed_42/predictions/predict_grid.npz,2560223,2026-07-01T05:43:56.404615+00:00,7161c990f47e56dd30cd915c1c18f0a23818b3c97e271e8530311bfe95344011
results/raw/runs/1d_euler/pinn/seed_42/predictions/prediction_info.json,49,2026-07-01T05:43:56.404615+00:00,b42bd2b569d036f20241bf0507f2d54b75236a938104a9c60f75c35520ae8ca9
results/raw/runs/1d_euler/pinn/seed_42/status.json,103,2026-07-01T05:43:56.404615+00:00,a13ef35eaa9b74b4787e61b4109c62e84789261aa312078e852e6705613b25a5
results/raw/runs/1d_euler/pinn/seed_7/_SUCCESS,8,2026-07-01T05:29:13.327640+00:00,81b2bd4ea98c8db66554fbc8d7637a1a69a130f331feb732b75caab4c4868fd5
results/raw/runs/1d_euler/pinn/seed_7/config.json,1228,2026-07-01T05:24:06.100493+00:00,4439b1206e56d5c898b6071f68894f143a350ef1f1403539ce32c6258681f0d6
results/raw/runs/1d_euler/pinn/seed_7/env.json,244,2026-07-01T05:24:06.100493+00:00,3ea9611b4a501b9d8258401458ea7fbd12107e673f8ddeac71518e0ffecb3269
results/raw/runs/1d_euler/pinn/seed_7/history.csv,18780,2026-07-01T05:29:13.043641+00:00,557a3eb31dd04f39498d93b893986099a5501f527a4188fa1c552995031a47c6
results/raw/runs/1d_euler/pinn/seed_7/method.json,181,2026-07-01T05:24:06.100493+00:00,de010c025bcdb3a880b9116e67fd3ff7d8aabf3ba4129e968ac7fd6f2d972020
results/raw/runs/1d_euler/pinn/seed_7/metrics_adamw.json,3771,2026-07-21T04:37:38.666168+00:00,81debcf5aaab62735a4a65210a455140c05b43d3347fc5fc44455d89d889d0c4
results/raw/runs/1d_euler/pinn/seed_7/metrics_final.json,3771,2026-07-21T04:37:38.666168+00:00,81debcf5aaab62735a4a65210a455140c05b43d3347fc5fc44455d89d889d0c4
results/raw/runs/1d_euler/pinn/seed_7/model_adamw_final.pt,340827,2026-07-01T05:29:13.043641+00:00,3f9c5f18168f58605431b25105622f5749d9e7bff0d15f3cd9b431dca55767e9
results/raw/runs/1d_euler/pinn/seed_7/model_final.pt,340731,2026-07-01T05:29:13.047641+00:00,6ff3b489648e059a94f49fe83f001a6c053cbc4009f8232e57001c4d7f53eb80
results/raw/runs/1d_euler/pinn/seed_7/predictions/predict_grid.npz,2581932,2026-07-01T05:29:13.327640+00:00,2da1d47eb29fbe324964b9ba462497b8abc2c23f745e3487161702aa0779cc67
results/raw/runs/1d_euler/pinn/seed_7/predictions/prediction_info.json,49,2026-07-01T05:29:13.327640+00:00,b42bd2b569d036f20241bf0507f2d54b75236a938104a9c60f75c35520ae8ca9
results/raw/runs/1d_euler/pinn/seed_7/status.json,103,2026-07-01T05:29:13.327640+00:00,357fe0c7ac94543f6c2beefca3680d7d454602c39bf6644be31336889f3f7d5a
results/raw/runs/1d_euler/rad_pinn/seed_100/_SUCCESS,8,2026-07-01T10:33:33.121931+00:00,81b2bd4ea98c8db66554fbc8d7637a1a69a130f331feb732b75caab4c4868fd5
results/raw/runs/1d_euler/rad_pinn/seed_100/config.json,1236,2026-07-01T10:24:39.946635+00:00,1788487e52d35c16699d94ae6fcfbe5207cbcd9305835216fd934f4ab2f970e7
results/raw/runs/1d_euler/rad_pinn/seed_100/diagnostics/rad_sampling_history.csv,2727,2026-07-01T10:33:33.121931+00:00,a792d2a1c23ce207ab5266465e9b3e2811804bdebca1913756efea137a858315
results/raw/runs/1d_euler/rad_pinn/seed_100/env.json,244,2026-07-01T10:24:39.946635+00:00,3ea9611b4a501b9d8258401458ea7fbd12107e673f8ddeac71518e0ffecb3269
results/raw/runs/1d_euler/rad_pinn/seed_100/history.csv,35875,2026-07-01T10:33:32.861931+00:00,906863f750b944fdae89086ce0fbb797cedf8e8b25de677bda217670be5adc4d
results/raw/runs/1d_euler/rad_pinn/seed_100/method.json,413,2026-07-01T10:24:39.946635+00:00,b264fb1823286d73901db3e5369352d208a830abf489b3000a9eb99c7e4b4015
results/raw/runs/1d_euler/rad_pinn/seed_100/metrics_adamw.json,3792,2026-07-21T04:37:38.670169+00:00,b68fb49634b47ba53e8c81ae0597b064ecdec87746d0edf79c54669b0e6f24bf
results/raw/runs/1d_euler/rad_pinn/seed_100/metrics_final.json,3792,2026-07-21T04:37:38.670169+00:00,b68fb49634b47ba53e8c81ae0597b064ecdec87746d0edf79c54669b0e6f24bf
results/raw/runs/1d_euler/rad_pinn/seed_100/model_adamw_final.pt,340891,2026-07-01T10:33:32.865931+00:00,4e35d8c567ecae29bfd4d785d569e2739611f5e364e44849ab83c6a81529c906
results/raw/runs/1d_euler/rad_pinn/seed_100/model_final.pt,340795,2026-07-01T10:33:32.869931+00:00,77421c47e2ed4f7ff1ecaedae80b06742cad3495c77eed96f68c4105af1433e3
results/raw/runs/1d_euler/rad_pinn/seed_100/predictions/predict_grid.npz,2633592,2026-07-01T10:33:33.117931+00:00,1c6c62373794228d9d2b76f527a50b471f13876331564f9cae4c581f4388b804
results/raw/runs/1d_euler/rad_pinn/seed_100/predictions/prediction_info.json,49,2026-07-01T10:33:33.117931+00:00,b42bd2b569d036f20241bf0507f2d54b75236a938104a9c60f75c35520ae8ca9
results/raw/runs/1d_euler/rad_pinn/seed_100/status.json,103,2026-07-01T10:33:33.121931+00:00,5345c173abfe2675690a12b19ef92938e4b22db01821959cc1629b74c4bd728b
results/raw/runs/1d_euler/rad_pinn/seed_2026/_SUCCESS,8,2026-07-01T10:07:43.759706+00:00,81b2bd4ea98c8db66554fbc8d7637a1a69a130f331feb732b75caab4c4868fd5
results/raw/runs/1d_euler/rad_pinn/seed_2026/config.json,1238,2026-07-01T09:59:20.038715+00:00,a03680a380ccab3230fa2536f5314640c7bde0fcc9f6f23060b25764c2a654b3
results/raw/runs/1d_euler/rad_pinn/seed_2026/diagnostics/rad_sampling_history.csv,2764,2026-07-01T10:07:43.759706+00:00,10c7074807a3efd45c0e11a9ab4f5f25447dc80a501e75863bdb9c34724b9e1f
results/raw/runs/1d_euler/rad_pinn/seed_2026/env.json,244,2026-07-01T09:59:20.038715+00:00,3ea9611b4a501b9d8258401458ea7fbd12107e673f8ddeac71518e0ffecb3269
results/raw/runs/1d_euler/rad_pinn/seed_2026/history.csv,35833,2026-07-01T10:07:43.491708+00:00,7e7031af352b95327f24c94afb1a233e5dc2d1eb75a16887b2859f4973d50624
results/raw/runs/1d_euler/rad_pinn/seed_2026/method.json,413,2026-07-01T09:59:20.038715+00:00,b264fb1823286d73901db3e5369352d208a830abf489b3000a9eb99c7e4b4015
results/raw/runs/1d_euler/rad_pinn/seed_2026/metrics_adamw.json,3789,2026-07-21T04:37:38.670169+00:00,32c7581a819d7ad516fedf724ab78a281f9df40788547e5f134a470cd561ab8b
results/raw/runs/1d_euler/rad_pinn/seed_2026/metrics_final.json,3789,2026-07-21T04:37:38.670169+00:00,32c7581a819d7ad516fedf724ab78a281f9df40788547e5f134a470cd561ab8b
results/raw/runs/1d_euler/rad_pinn/seed_2026/model_adamw_final.pt,340891,2026-07-01T10:07:43.495708+00:00,d010d531c73beb04bb138b0ebab41327cd946f12645f73f823b149638f2127e1
results/raw/runs/1d_euler/rad_pinn/seed_2026/model_final.pt,340795,2026-07-01T10:07:43.495708+00:00,f514ee116a325048682621aaf753918a6c3d75bec11a8ca13947c6c735748e29
results/raw/runs/1d_euler/rad_pinn/seed_2026/predictions/predict_grid.npz,2661640,2026-07-01T10:07:43.759706+00:00,83d1da2376b0fb045d35b100565f324dd617f9babb08d2757cb32945f5f59139
results/raw/runs/1d_euler/rad_pinn/seed_2026/predictions/prediction_info.json,49,2026-07-01T10:07:43.759706+00:00,b42bd2b569d036f20241bf0507f2d54b75236a938104a9c60f75c35520ae8ca9
results/raw/runs/1d_euler/rad_pinn/seed_2026/status.json,104,2026-07-01T10:07:43.759706+00:00,178597261c2e1a7cf128e0db57a19a8e95d040feb3dd45cb93b6c3927fe0e623
results/raw/runs/1d_euler/rad_pinn/seed_31415/_SUCCESS,8,2026-07-01T10:41:54.600513+00:00,81b2bd4ea98c8db66554fbc8d7637a1a69a130f331feb732b75caab4c4868fd5
results/raw/runs/1d_euler/rad_pinn/seed_31415/config.json,1240,2026-07-01T10:33:33.253930+00:00,c457ae70b467fa2e7ef2c797f19656222c653ed5f309f91160b40cd1aae57e4f
results/raw/runs/1d_euler/rad_pinn/seed_31415/diagnostics/rad_sampling_history.csv,2742,2026-07-01T10:41:54.600513+00:00,7f657ba5c698cfdc16d59a0e7bbb77948a9c9d7f99ba95648680f176caf6ce22
results/raw/runs/1d_euler/rad_pinn/seed_31415/env.json,244,2026-07-01T10:33:33.257931+00:00,3ea9611b4a501b9d8258401458ea7fbd12107e673f8ddeac71518e0ffecb3269
results/raw/runs/1d_euler/rad_pinn/seed_31415/history.csv,35876,2026-07-01T10:41:54.336514+00:00,13531f81c2d93dba0a8fe6fd43217ef47526fa3decbb2047b5aeed5dca63e62f
results/raw/runs/1d_euler/rad_pinn/seed_31415/method.json,413,2026-07-01T10:33:33.253930+00:00,b264fb1823286d73901db3e5369352d208a830abf489b3000a9eb99c7e4b4015
results/raw/runs/1d_euler/rad_pinn/seed_31415/metrics_adamw.json,3788,2026-07-21T04:37:38.670169+00:00,0fd44692e1d95f94316b30d4a1193792c142a99f9b5d8d7179b6566b9b16fc2d
results/raw/runs/1d_euler/rad_pinn/seed_31415/metrics_final.json,3788,2026-07-21T04:37:38.670169+00:00,0fd44692e1d95f94316b30d4a1193792c142a99f9b5d8d7179b6566b9b16fc2d
results/raw/runs/1d_euler/rad_pinn/seed_31415/model_adamw_final.pt,340891,2026-07-01T10:41:54.340514+00:00,75a2abb4300425244081d3f9eb37ebdfe33fb56ace616a3fbd19370f95bcb96f
results/raw/runs/1d_euler/rad_pinn/seed_31415/model_final.pt,340795,2026-07-01T10:41:54.340514+00:00,0edde7d2bead55f164ca3b4a628bff036f0e05d50c0ccb3755c1af0191ab2e76
results/raw/runs/1d_euler/rad_pinn/seed_31415/predictions/predict_grid.npz,2641589,2026-07-01T10:41:54.600513+00:00,838e3ad456c1181cdd31606450859f847af0037e11061df50912740f09458aea
results/raw/runs/1d_euler/rad_pinn/seed_31415/predictions/prediction_info.json,49,2026-07-01T10:41:54.600513+00:00,b42bd2b569d036f20241bf0507f2d54b75236a938104a9c60f75c35520ae8ca9
results/raw/runs/1d_euler/rad_pinn/seed_31415/status.json,103,2026-07-01T10:41:54.600513+00:00,a2ba014bc420db9719ce40eea2a8dfe1fe2ebdf0b2132e556d384428df90f1b8
results/raw/runs/1d_euler/rad_pinn/seed_42/_SUCCESS,8,2026-07-01T10:24:39.810635+00:00,81b2bd4ea98c8db66554fbc8d7637a1a69a130f331feb732b75caab4c4868fd5
results/raw/runs/1d_euler/rad_pinn/seed_42/config.json,1234,2026-07-01T10:15:59.977122+00:00,cd11405f156b97abe7f75057b6f69c1e352badcb483a99ff4a18ead59c9ede35
results/raw/runs/1d_euler/rad_pinn/seed_42/diagnostics/rad_sampling_history.csv,2760,2026-07-01T10:24:39.810635+00:00,b9d24410f10cb9a684e2900f06e7ca26930f4a77bb23908f635f59a4df212a55
results/raw/runs/1d_euler/rad_pinn/seed_42/env.json,244,2026-07-01T10:15:59.977122+00:00,3ea9611b4a501b9d8258401458ea7fbd12107e673f8ddeac71518e0ffecb3269
results/raw/runs/1d_euler/rad_pinn/seed_42/history.csv,35884,2026-07-01T10:24:39.526635+00:00,49ef2d6012dda12ac9dd98eb3f4d8ac1cb4f106770ca91417d14b89cf0dbb88b
results/raw/runs/1d_euler/rad_pinn/seed_42/method.json,413,2026-07-01T10:15:59.977122+00:00,b264fb1823286d73901db3e5369352d208a830abf489b3000a9eb99c7e4b4015
results/raw/runs/1d_euler/rad_pinn/seed_42/metrics_adamw.json,3796,2026-07-21T04:37:38.674169+00:00,8acdfa532990caf8bf72d9cec55fa72b576738e12fc0b10f245d768999220691
results/raw/runs/1d_euler/rad_pinn/seed_42/metrics_final.json,3796,2026-07-21T04:37:38.674169+00:00,8acdfa532990caf8bf72d9cec55fa72b576738e12fc0b10f245d768999220691
results/raw/runs/1d_euler/rad_pinn/seed_42/model_adamw_final.pt,340891,2026-07-01T10:24:39.530635+00:00,c875ad4d22ffa6343ee04db46eeb2f9bace68aa4c2896aedccce4dc10e03137a
results/raw/runs/1d_euler/rad_pinn/seed_42/model_final.pt,340795,2026-07-01T10:24:39.530635+00:00,5955bfe2c708638505d11bc5113746f4c80270a5927a245185327d3df778ee87
results/raw/runs/1d_euler/rad_pinn/seed_42/predictions/predict_grid.npz,2597382,2026-07-01T10:24:39.810635+00:00,eca699ce75c53140a11c10cceb700226e5e2ffd20106c191f45f3b6d10301905
results/raw/runs/1d_euler/rad_pinn/seed_42/predictions/prediction_info.json,49,2026-07-01T10:24:39.810635+00:00,b42bd2b569d036f20241bf0507f2d54b75236a938104a9c60f75c35520ae8ca9
results/raw/runs/1d_euler/rad_pinn/seed_42/status.json,103,2026-07-01T10:24:39.810635+00:00,8f1b296fd136bbf4bd31dd94c67a3ab4b9a009371d2a41f6a520c4fd2a23af27
results/raw/runs/1d_euler/rad_pinn/seed_7/_SUCCESS,8,2026-07-01T10:15:59.825121+00:00,81b2bd4ea98c8db66554fbc8d7637a1a69a130f331feb732b75caab4c4868fd5
results/raw/runs/1d_euler/rad_pinn/seed_7/config.json,1232,2026-07-01T10:07:43.999705+00:00,545497286bf5599ba77f75f9e130360dec20c017268b1cc06efc44e1384759f9
results/raw/runs/1d_euler/rad_pinn/seed_7/diagnostics/rad_sampling_history.csv,2734,2026-07-01T10:15:59.825121+00:00,4eb32bc3adb644081bb601c28df52f0411512706d8e7534660f42450515179f3
results/raw/runs/1d_euler/rad_pinn/seed_7/env.json,244,2026-07-01T10:07:43.999705+00:00,3ea9611b4a501b9d8258401458ea7fbd12107e673f8ddeac71518e0ffecb3269
results/raw/runs/1d_euler/rad_pinn/seed_7/history.csv,35885,2026-07-01T10:15:59.537119+00:00,f025668ec547eca0adb0b524a4ed0e8b8d5bab1ebc0060c70bba81c35fcaf389
results/raw/runs/1d_euler/rad_pinn/seed_7/method.json,413,2026-07-01T10:07:43.999705+00:00,b264fb1823286d73901db3e5369352d208a830abf489b3000a9eb99c7e4b4015
results/raw/runs/1d_euler/rad_pinn/seed_7/metrics_adamw.json,3773,2026-07-21T04:37:38.674169+00:00,c3d99932def2c81e8b59bd81094d42f11eba2803162d65e7c819992cec699797
results/raw/runs/1d_euler/rad_pinn/seed_7/metrics_final.json,3773,2026-07-21T04:37:38.674169+00:00,c3d99932def2c81e8b59bd81094d42f11eba2803162d65e7c819992cec699797
results/raw/runs/1d_euler/rad_pinn/seed_7/model_adamw_final.pt,340891,2026-07-01T10:15:59.541119+00:00,fbaec2266bb088761d8a6181b511dd66cb0f322b6eb14c15fdf25bb8e28d865e
results/raw/runs/1d_euler/rad_pinn/seed_7/model_final.pt,340795,2026-07-01T10:15:59.541119+00:00,cea07a75a7c81126856beaf03d60d7c0912d725c54e28d2d841e9cfa4f2d01a7
results/raw/runs/1d_euler/rad_pinn/seed_7/predictions/predict_grid.npz,2618237,2026-07-01T10:15:59.821121+00:00,192f9752a7f2839d295ed8274404f95de8bf0d8c17fe57bbac5f9f3f82f3e168
results/raw/runs/1d_euler/rad_pinn/seed_7/predictions/prediction_info.json,49,2026-07-01T10:15:59.821121+00:00,b42bd2b569d036f20241bf0507f2d54b75236a938104a9c60f75c35520ae8ca9
results/raw/runs/1d_euler/rad_pinn/seed_7/status.json,103,2026-07-01T10:15:59.825121+00:00,e03232a1234ed4f908bece1ce8e2dc11c130190f64febe6b5dcb0422c237c4d5
results/raw/runs/1d_euler/rar_d_pinn/seed_100/_SUCCESS,8,2026-07-01T12:05:30.487406+00:00,81b2bd4ea98c8db66554fbc8d7637a1a69a130f331feb732b75caab4c4868fd5
results/raw/runs/1d_euler/rar_d_pinn/seed_100/config.json,1238,2026-07-01T11:57:01.037283+00:00,096a59fc37347e70efc58362fc501d9fc9f2f14e29180692556f1a193cfaf5ca
results/raw/runs/1d_euler/rar_d_pinn/seed_100/diagnostics/rard_active_points_final.npz,86961,2026-07-01T12:05:30.487406+00:00,64381254d676ca8f6bb7470dc029c18357784a42d53ea06a906dfeb1d30d7306
results/raw/runs/1d_euler/rar_d_pinn/seed_100/diagnostics/rard_refinement_history.csv,2398,2026-07-01T12:05:30.479406+00:00,ded2dcdcad3a74d3285884cbba8258c516b98c1e91d558ea86d7a81a2eef70b4
results/raw/runs/1d_euler/rar_d_pinn/seed_100/env.json,244,2026-07-01T11:57:01.037283+00:00,3ea9611b4a501b9d8258401458ea7fbd12107e673f8ddeac71518e0ffecb3269
results/raw/runs/1d_euler/rar_d_pinn/seed_100/history.csv,30956,2026-07-01T12:05:30.203406+00:00,4d3fb47ca4ec1119f9848032e79357430069a446784247c6a6b1479a9121fdf7
results/raw/runs/1d_euler/rar_d_pinn/seed_100/method.json,380,2026-07-01T11:57:01.037283+00:00,db66091208a25b9510160e0662a019ddec0309a996682920a760cc4ab15fd8c1
results/raw/runs/1d_euler/rar_d_pinn/seed_100/metrics_adamw.json,3897,2026-07-21T04:37:38.674169+00:00,2b604f8e42a7cd125570e86dd51741a43b03580a93fcee7d6ffa0afc9833cc00
results/raw/runs/1d_euler/rar_d_pinn/seed_100/metrics_final.json,3897,2026-07-21T04:37:38.674169+00:00,2b604f8e42a7cd125570e86dd51741a43b03580a93fcee7d6ffa0afc9833cc00
results/raw/runs/1d_euler/rar_d_pinn/seed_100/model_adamw_final.pt,341019,2026-07-01T12:05:30.207406+00:00,2c2ebb3c2d8ecdc73612be4b47e122a9eed13657aeb7aa482e3ddd931d3a89a6
results/raw/runs/1d_euler/rar_d_pinn/seed_100/model_final.pt,340923,2026-07-01T12:05:30.211406+00:00,9316c9c5d230843cab6ef7240684cc4420d7dd2562104542cc29fb6e749617e3
results/raw/runs/1d_euler/rar_d_pinn/seed_100/predictions/predict_grid.npz,2642594,2026-07-01T12:05:30.479406+00:00,d8bab75902762ba9c49db55e99cb4a9a17c65eeb69b411f1df86a57ca9fd3051
results/raw/runs/1d_euler/rar_d_pinn/seed_100/predictions/prediction_info.json,49,2026-07-01T12:05:30.479406+00:00,b42bd2b569d036f20241bf0507f2d54b75236a938104a9c60f75c35520ae8ca9
results/raw/runs/1d_euler/rar_d_pinn/seed_100/status.json,103,2026-07-01T12:05:30.487406+00:00,dc11344cc68df4f9cf18495a8369cd288eb5677422f3016ef96c4a432882fe40
results/raw/runs/1d_euler/rar_d_pinn/seed_2026/_SUCCESS,8,2026-07-01T11:34:59.454647+00:00,81b2bd4ea98c8db66554fbc8d7637a1a69a130f331feb732b75caab4c4868fd5
results/raw/runs/1d_euler/rar_d_pinn/seed_2026/config.json,1240,2026-07-01T11:26:33.185792+00:00,5d537a35b12a8e68489ef3995414f1ad7fcd3970ebe50126adafda54eacb4316
results/raw/runs/1d_euler/rar_d_pinn/seed_2026/diagnostics/rard_active_points_final.npz,86892,2026-07-01T11:34:59.454647+00:00,a7973854937ebd93e220c16577ed72d15b07efb015f5a6ce5072a45eee6ab7f4
results/raw/runs/1d_euler/rar_d_pinn/seed_2026/diagnostics/rard_refinement_history.csv,2409,2026-07-01T11:34:59.446647+00:00,e78df68a5385650044a6c0d1a7c0c55fbf6e5b2de0a929abf65e2531136411c5
results/raw/runs/1d_euler/rar_d_pinn/seed_2026/env.json,244,2026-07-01T11:26:33.185792+00:00,3ea9611b4a501b9d8258401458ea7fbd12107e673f8ddeac71518e0ffecb3269
results/raw/runs/1d_euler/rar_d_pinn/seed_2026/history.csv,30943,2026-07-01T11:34:59.190649+00:00,33367ed8b8ca629953b854a8775bd22129037261d44c19eb25d949e7e4a55409
results/raw/runs/1d_euler/rar_d_pinn/seed_2026/method.json,380,2026-07-01T11:26:33.185792+00:00,db66091208a25b9510160e0662a019ddec0309a996682920a760cc4ab15fd8c1
results/raw/runs/1d_euler/rar_d_pinn/seed_2026/metrics_adamw.json,3881,2026-07-21T04:37:38.678169+00:00,b2e3048a01702c1bd36ba76a8c60bfb88bddcc87a200fbec2dede43902bdff3c
results/raw/runs/1d_euler/rar_d_pinn/seed_2026/metrics_final.json,3881,2026-07-21T04:37:38.674169+00:00,b2e3048a01702c1bd36ba76a8c60bfb88bddcc87a200fbec2dede43902bdff3c
results/raw/runs/1d_euler/rar_d_pinn/seed_2026/model_adamw_final.pt,341019,2026-07-01T11:34:59.194649+00:00,998d2399736d41e25aebfca1e97e721891bc4acb4d6b74193015c0e04a0cd7ce
results/raw/runs/1d_euler/rar_d_pinn/seed_2026/model_final.pt,340923,2026-07-01T11:34:59.198649+00:00,7b0cfe94e02278cfa736348f36e808318160c6acd0557af9c9a95531c24f10bd
results/raw/runs/1d_euler/rar_d_pinn/seed_2026/predictions/predict_grid.npz,2666011,2026-07-01T11:34:59.446647+00:00,2a3c95646902a274f98ce3f09e84935d05291aea15a2a9b8321f28d92268f791
results/raw/runs/1d_euler/rar_d_pinn/seed_2026/predictions/prediction_info.json,49,2026-07-01T11:34:59.446647+00:00,b42bd2b569d036f20241bf0507f2d54b75236a938104a9c60f75c35520ae8ca9
results/raw/runs/1d_euler/rar_d_pinn/seed_2026/status.json,103,2026-07-01T11:34:59.454647+00:00,5471a2d68f3bf718aa3fae85014a5f798748faa30edf5db0b3ad5ca8b221df0b
results/raw/runs/1d_euler/rar_d_pinn/seed_31415/_SUCCESS,8,2026-07-01T12:14:01.114771+00:00,81b2bd4ea98c8db66554fbc8d7637a1a69a130f331feb732b75caab4c4868fd5
results/raw/runs/1d_euler/rar_d_pinn/seed_31415/config.json,1242,2026-07-01T12:05:30.623406+00:00,e7a2bac720d46a5d52eeb6b952b901b0bcda31100618bfe930b2b01eb5e1e91f
results/raw/runs/1d_euler/rar_d_pinn/seed_31415/diagnostics/rard_active_points_final.npz,86933,2026-07-01T12:14:01.114771+00:00,1733d12389afd8e5ade42f1165ea15fae429c4790c6711c6eddac5917552a068
results/raw/runs/1d_euler/rar_d_pinn/seed_31415/diagnostics/rard_refinement_history.csv,2393,2026-07-01T12:14:01.110771+00:00,9131059a3c06f4fb4b905fb3df57c1746cd60ab72dbc5a4b0ba05b26eb1f2eee
results/raw/runs/1d_euler/rar_d_pinn/seed_31415/env.json,244,2026-07-01T12:05:30.623406+00:00,3ea9611b4a501b9d8258401458ea7fbd12107e673f8ddeac71518e0ffecb3269
results/raw/runs/1d_euler/rar_d_pinn/seed_31415/history.csv,30875,2026-07-01T12:14:00.846771+00:00,feb43118fadff480d9a0e415a1693f72210f69432442e51bf1adccade12cbc54
results/raw/runs/1d_euler/rar_d_pinn/seed_31415/method.json,380,2026-07-01T12:05:30.623406+00:00,db66091208a25b9510160e0662a019ddec0309a996682920a760cc4ab15fd8c1
results/raw/runs/1d_euler/rar_d_pinn/seed_31415/metrics_adamw.json,3894,2026-07-21T04:37:38.678169+00:00,1885020d182be32728377eef6e78feebd3012e3906b8450271a83de98b14d197
results/raw/runs/1d_euler/rar_d_pinn/seed_31415/metrics_final.json,3894,2026-07-21T04:37:38.678169+00:00,1885020d182be32728377eef6e78feebd3012e3906b8450271a83de98b14d197
results/raw/runs/1d_euler/rar_d_pinn/seed_31415/model_adamw_final.pt,341019,2026-07-01T12:14:00.850771+00:00,af420c6e08cca46cb52eebd306adb611ee6e93eec3b3380ce23ffc564a044676
results/raw/runs/1d_euler/rar_d_pinn/seed_31415/model_final.pt,340923,2026-07-01T12:14:00.850771+00:00,2746573eb01366d37e5070fefdbb826d0f8bd4e241e1081b2e4ff87ddc2cc017
results/raw/runs/1d_euler/rar_d_pinn/seed_31415/predictions/predict_grid.npz,2663561,2026-07-01T12:14:01.110771+00:00,451b3ea94519ea4f31e280398a4715ef3b583fe64a03ba24ed567bcf2173db4e
results/raw/runs/1d_euler/rar_d_pinn/seed_31415/predictions/prediction_info.json,49,2026-07-01T12:14:01.110771+00:00,b42bd2b569d036f20241bf0507f2d54b75236a938104a9c60f75c35520ae8ca9
results/raw/runs/1d_euler/rar_d_pinn/seed_31415/status.json,101,2026-07-01T12:14:01.114771+00:00,b14354612de7c41d65b01db4de77d394cf7a0b5788dc9e451b6a5723ac699509
results/raw/runs/1d_euler/rar_d_pinn/seed_42/_SUCCESS,8,2026-07-01T11:57:00.881281+00:00,81b2bd4ea98c8db66554fbc8d7637a1a69a130f331feb732b75caab4c4868fd5
results/raw/runs/1d_euler/rar_d_pinn/seed_42/config.json,1236,2026-07-01T11:48:23.041296+00:00,92da59a0c95217ad2bfe194d077513e65f3a24fc9e85ef1f8a1349c8bedd5d83
results/raw/runs/1d_euler/rar_d_pinn/seed_42/diagnostics/rard_active_points_final.npz,86948,2026-07-01T11:57:00.881281+00:00,055fb6a45ce31faf5ce225422e076e0277f2829592f6e89589a579e9d193e03c
results/raw/runs/1d_euler/rar_d_pinn/seed_42/diagnostics/rard_refinement_history.csv,2398,2026-07-01T11:57:00.873281+00:00,afc03cebeda61b9a65f6a8991e272792e78a944a91ab39254e8b8454e948b60f
results/raw/runs/1d_euler/rar_d_pinn/seed_42/env.json,244,2026-07-01T11:48:23.041296+00:00,3ea9611b4a501b9d8258401458ea7fbd12107e673f8ddeac71518e0ffecb3269
results/raw/runs/1d_euler/rar_d_pinn/seed_42/history.csv,30959,2026-07-01T11:57:00.573279+00:00,1c66ecbf94bc7c113909157952ba83709a7329bb6f35067b5644b61921ee2a45
results/raw/runs/1d_euler/rar_d_pinn/seed_42/method.json,380,2026-07-01T11:48:23.041296+00:00,db66091208a25b9510160e0662a019ddec0309a996682920a760cc4ab15fd8c1
results/raw/runs/1d_euler/rar_d_pinn/seed_42/metrics_adamw.json,3880,2026-07-21T04:37:38.678169+00:00,5ad977da9e3b9f5f63e8c39497b93a9907920f13425be5ca89fcb3cf8ec75523
results/raw/runs/1d_euler/rar_d_pinn/seed_42/metrics_final.json,3880,2026-07-21T04:37:38.678169+00:00,5ad977da9e3b9f5f63e8c39497b93a9907920f13425be5ca89fcb3cf8ec75523
results/raw/runs/1d_euler/rar_d_pinn/seed_42/model_adamw_final.pt,341019,2026-07-01T11:57:00.577279+00:00,85bc51a687b93888e9acaddc7ca5babaf090c8cb97fd5f56b6f0e96c44daece3
results/raw/runs/1d_euler/rar_d_pinn/seed_42/model_final.pt,340923,2026-07-01T11:57:00.581279+00:00,dc87da34d46253818c3e30ba01ad8d31f64ee742c35909a45efbc86e0d467cd9
results/raw/runs/1d_euler/rar_d_pinn/seed_42/predictions/predict_grid.npz,2619072,2026-07-01T11:57:00.873281+00:00,c3b7af45b6991bb7345486944d2f86cc2a751d445f52597f3b8538efd197b0ff
results/raw/runs/1d_euler/rar_d_pinn/seed_42/predictions/prediction_info.json,49,2026-07-01T11:57:00.873281+00:00,b42bd2b569d036f20241bf0507f2d54b75236a938104a9c60f75c35520ae8ca9
results/raw/runs/1d_euler/rar_d_pinn/seed_42/status.json,103,2026-07-01T11:57:00.881281+00:00,08106b21fda4b5a3170acf5230dc5a75c44072800f982f45e52fd4d44aefe03f
results/raw/runs/1d_euler/rar_d_pinn/seed_7/_SUCCESS,8,2026-07-01T11:48:22.785297+00:00,81b2bd4ea98c8db66554fbc8d7637a1a69a130f331feb732b75caab4c4868fd5
results/raw/runs/1d_euler/rar_d_pinn/seed_7/config.json,1234,2026-07-01T11:39:31.896860+00:00,4ef6bf64522c55a91de16350d2f42470266df7e97015daf07f1a0d1a1cf28fab
results/raw/runs/1d_euler/rar_d_pinn/seed_7/diagnostics/rard_active_points_final.npz,86903,2026-07-01T11:48:22.785297+00:00,1dbe8b54e7397d7d43b9648cba1cf20b466553292852304fd9bb941b9bb7d0c8
results/raw/runs/1d_euler/rar_d_pinn/seed_7/diagnostics/rard_refinement_history.csv,2400,2026-07-01T11:48:22.781297+00:00,f7a4af67596120765dce2051138bdd292bba6e5ecdae97c4e585c7289901d8a0
results/raw/runs/1d_euler/rar_d_pinn/seed_7/env.json,244,2026-07-01T11:39:31.896860+00:00,3ea9611b4a501b9d8258401458ea7fbd12107e673f8ddeac71518e0ffecb3269
results/raw/runs/1d_euler/rar_d_pinn/seed_7/history.csv,30964,2026-07-01T11:48:22.501299+00:00,2bef70161dc62b20b655ea0ded1f6a30a2d13d2fb60b1b878edacebc77527fdb
results/raw/runs/1d_euler/rar_d_pinn/seed_7/method.json,380,2026-07-01T11:39:31.896860+00:00,db66091208a25b9510160e0662a019ddec0309a996682920a760cc4ab15fd8c1
results/raw/runs/1d_euler/rar_d_pinn/seed_7/metrics_adamw.json,3890,2026-07-21T04:37:38.682168+00:00,59ebf53fdf4b898a951209bd942a91862a0998a24be63087bb1c4aa3a6f45f37
results/raw/runs/1d_euler/rar_d_pinn/seed_7/metrics_final.json,3890,2026-07-21T04:37:38.678169+00:00,59ebf53fdf4b898a951209bd942a91862a0998a24be63087bb1c4aa3a6f45f37
results/raw/runs/1d_euler/rar_d_pinn/seed_7/model_adamw_final.pt,341019,2026-07-01T11:48:22.505299+00:00,0f31f075ede35ada2ab2df6e345a60a931c9739982553c9731897f5b3d96c4cf
results/raw/runs/1d_euler/rar_d_pinn/seed_7/model_final.pt,340923,2026-07-01T11:48:22.505299+00:00,50b3585c01a636e4f1aa78bd1b785ee532c560998fae53059c5e06638e13d7b9
results/raw/runs/1d_euler/rar_d_pinn/seed_7/predictions/predict_grid.npz,2641005,2026-07-01T11:48:22.781297+00:00,78e9cba7b4813f13de4d194bc6fd00b434032b413dd7a4fea785f04207c0dd8a
results/raw/runs/1d_euler/rar_d_pinn/seed_7/predictions/prediction_info.json,49,2026-07-01T11:48:22.781297+00:00,b42bd2b569d036f20241bf0507f2d54b75236a938104a9c60f75c35520ae8ca9
results/raw/runs/1d_euler/rar_d_pinn/seed_7/status.json,103,2026-07-01T11:48:22.785297+00:00,18b334fb1fc9af4bcc2dece37f72eb5d4d03d3c5eea1f8781bc71ca244b061dc
results/raw/runs/1d_euler/sa_pinn/seed_100/_SUCCESS,8,2026-07-01T13:48:07.798853+00:00,81b2bd4ea98c8db66554fbc8d7637a1a69a130f331feb732b75caab4c4868fd5
results/raw/runs/1d_euler/sa_pinn/seed_100/config.json,1235,2026-07-01T13:38:12.722074+00:00,f3eaffc182a7e378d08def5db191b827ef92276a02f953d005d5ee20c521d05c
results/raw/runs/1d_euler/sa_pinn/seed_100/diagnostics/sa_training_points_fixed.npz,100644,2026-07-01T13:48:07.798853+00:00,19474e0b538a6db986e08db39d4afeca5ee25cfb78e72450a84fc889500880e4
results/raw/runs/1d_euler/sa_pinn/seed_100/diagnostics/sa_weight_history.csv,55861,2026-07-01T13:48:07.790853+00:00,4922c3bfb0df3bf86deabf5b89bcff93d19e0c30b3abe2ad7ef43affc8186310
results/raw/runs/1d_euler/sa_pinn/seed_100/diagnostics/sa_weight_state_final.pt,61545,2026-07-01T13:48:07.798853+00:00,4d0f1b3263921bdca02fb7751a972a2f90dd85853ab73b4c910c867cb3c8160c
results/raw/runs/1d_euler/sa_pinn/seed_100/diagnostics/sa_weight_summary.json,240,2026-07-01T13:48:07.790853+00:00,c0c8cd8c3735754aab4f3d64dfa1326285e6e2f0219ff337adb4c6f85267e52e
results/raw/runs/1d_euler/sa_pinn/seed_100/diagnostics/sa_weights_final.npz,7075,2026-07-01T13:48:07.790853+00:00,d95349beaf07263777911bc867b6728fa6313d63b8aefd8c3e1158dc011087cd
results/raw/runs/1d_euler/sa_pinn/seed_100/env.json,244,2026-07-01T13:38:12.726074+00:00,3ea9611b4a501b9d8258401458ea7fbd12107e673f8ddeac71518e0ffecb3269
results/raw/runs/1d_euler/sa_pinn/seed_100/history.csv,55861,2026-07-01T13:48:07.430853+00:00,4922c3bfb0df3bf86deabf5b89bcff93d19e0c30b3abe2ad7ef43affc8186310
results/raw/runs/1d_euler/sa_pinn/seed_100/method.json,417,2026-07-01T13:38:12.722074+00:00,f4dea0c9bc1537c5e1fdd94cbadd541d4940b786bf854b8f522d58ea96b9d619
results/raw/runs/1d_euler/sa_pinn/seed_100/metrics_adamw.json,3899,2026-07-21T04:37:38.682168+00:00,3a1a611b4eb9566e5f75aacbded8f305f72597c27ed990c3dab841145f8121ac
results/raw/runs/1d_euler/sa_pinn/seed_100/metrics_final.json,3899,2026-07-21T04:37:38.682168+00:00,3a1a611b4eb9566e5f75aacbded8f305f72597c27ed990c3dab841145f8121ac
results/raw/runs/1d_euler/sa_pinn/seed_100/model_adamw_final.pt,341019,2026-07-01T13:48:07.434853+00:00,5c8ebb48d075c1d7f4712a226dee39068302830b6ae43a612200cb06d0655990
results/raw/runs/1d_euler/sa_pinn/seed_100/model_final.pt,340923,2026-07-01T13:48:07.434853+00:00,c210037e26929bf098fc96c20c416bce7e34c334a244e4ef67920838559b8fed
results/raw/runs/1d_euler/sa_pinn/seed_100/predictions/predict_grid.npz,2596159,2026-07-01T13:48:07.778853+00:00,a88b6880c6ce9a3ed868734286a437a7c3aeb0306c5c3e7b67e9ac9d42aa4575
results/raw/runs/1d_euler/sa_pinn/seed_100/predictions/prediction_info.json,49,2026-07-01T13:48:07.778853+00:00,b42bd2b569d036f20241bf0507f2d54b75236a938104a9c60f75c35520ae8ca9
results/raw/runs/1d_euler/sa_pinn/seed_100/status.json,103,2026-07-01T13:48:07.798853+00:00,9f60a3dc0778ab10b6703393b66c9180c53a9d41f61623edaee5c83409ba97b7
results/raw/runs/1d_euler/sa_pinn/seed_2026/_SUCCESS,8,2026-07-01T13:17:49.645971+00:00,81b2bd4ea98c8db66554fbc8d7637a1a69a130f331feb732b75caab4c4868fd5
results/raw/runs/1d_euler/sa_pinn/seed_2026/config.json,1237,2026-07-01T13:07:51.589698+00:00,ec82e2daeaae6364dc7bda3614f5058a3d0bcfd291fb7366f575f2f49dc20bb4
results/raw/runs/1d_euler/sa_pinn/seed_2026/diagnostics/sa_training_points_fixed.npz,100539,2026-07-01T13:17:49.645971+00:00,76055cf5a28b5374354606f2a855767632af4155a2a8f5b78bedb07591416506
results/raw/runs/1d_euler/sa_pinn/seed_2026/diagnostics/sa_weight_history.csv,55911,2026-07-01T13:17:49.629971+00:00,cc99cbb2738b7273e891e74864eae1448fde0f589168ab4b06128dbcb5cc5cda
results/raw/runs/1d_euler/sa_pinn/seed_2026/diagnostics/sa_weight_state_final.pt,61545,2026-07-01T13:17:49.645971+00:00,82efef3e16f420049b5934edb722efb80236143f45cdcf64ffca4aa8bf612f02
results/raw/runs/1d_euler/sa_pinn/seed_2026/diagnostics/sa_weight_summary.json,239,2026-07-01T13:17:49.633971+00:00,1ca6467156900fe12b19f2ba9f9ab6c70d408232b15d4afc43f107d4248bf7a7
results/raw/runs/1d_euler/sa_pinn/seed_2026/diagnostics/sa_weights_final.npz,4102,2026-07-01T13:17:49.633971+00:00,580da2f3fc1d0983a42168ae055802eafefc90666f3afd2a997597042990d55b
results/raw/runs/1d_euler/sa_pinn/seed_2026/env.json,244,2026-07-01T13:07:51.593698+00:00,3ea9611b4a501b9d8258401458ea7fbd12107e673f8ddeac71518e0ffecb3269
results/raw/runs/1d_euler/sa_pinn/seed_2026/history.csv,55911,2026-07-01T13:17:49.257972+00:00,cc99cbb2738b7273e891e74864eae1448fde0f589168ab4b06128dbcb5cc5cda
results/raw/runs/1d_euler/sa_pinn/seed_2026/method.json,417,2026-07-01T13:07:51.593698+00:00,f4dea0c9bc1537c5e1fdd94cbadd541d4940b786bf854b8f522d58ea96b9d619
results/raw/runs/1d_euler/sa_pinn/seed_2026/metrics_adamw.json,3907,2026-07-21T04:37:38.682168+00:00,fdcfcaa9db7ead93f1a7234b28a220f2cefb14371504691152ba63c083d885a5
results/raw/runs/1d_euler/sa_pinn/seed_2026/metrics_final.json,3907,2026-07-21T04:37:38.682168+00:00,fdcfcaa9db7ead93f1a7234b28a220f2cefb14371504691152ba63c083d885a5
results/raw/runs/1d_euler/sa_pinn/seed_2026/model_adamw_final.pt,341019,2026-07-01T13:17:49.261972+00:00,aa40c8677cafc988e7b6cf6b385b1ab276c78f7ada9db03f6f26a2e03e70b39c
results/raw/runs/1d_euler/sa_pinn/seed_2026/model_final.pt,340923,2026-07-01T13:17:49.265972+00:00,6f8fd78d1fd1784cc5038d43b46ccab55b7d5b99f612973882d52812332d45e5
results/raw/runs/1d_euler/sa_pinn/seed_2026/predictions/predict_grid.npz,2640875,2026-07-01T13:17:49.621971+00:00,53a8b11b7d277d56e6ca07bbabd280f9cf2aa880f6e94b2ef2b53adf7f569360
results/raw/runs/1d_euler/sa_pinn/seed_2026/predictions/prediction_info.json,49,2026-07-01T13:17:49.621971+00:00,b42bd2b569d036f20241bf0507f2d54b75236a938104a9c60f75c35520ae8ca9
results/raw/runs/1d_euler/sa_pinn/seed_2026/status.json,103,2026-07-01T13:17:49.645971+00:00,758852b44c8293b539cb6dcd87be701df3032254095029b127a907bbcc8feb16
results/raw/runs/1d_euler/sa_pinn/seed_31415/_SUCCESS,8,2026-07-01T13:57:28.137570+00:00,81b2bd4ea98c8db66554fbc8d7637a1a69a130f331feb732b75caab4c4868fd5
results/raw/runs/1d_euler/sa_pinn/seed_31415/config.json,1239,2026-07-01T13:48:08.046853+00:00,af3cb70de342eed53b07550daa4876b21e553bbc6cbad9e1d728b84a998f8025
results/raw/runs/1d_euler/sa_pinn/seed_31415/diagnostics/sa_training_points_fixed.npz,100547,2026-07-01T13:57:28.137570+00:00,1dc7dd787a30370ff9bdee257c0cba50f20a8bd5f4f0667a91a70ce707cc8fd3
results/raw/runs/1d_euler/sa_pinn/seed_31415/diagnostics/sa_weight_history.csv,55503,2026-07-01T13:57:28.129570+00:00,051e6c6336afe4e8420fd9784a2ee7d85a3f83a28d74038c5c46790f4b221446
results/raw/runs/1d_euler/sa_pinn/seed_31415/diagnostics/sa_weight_state_final.pt,61545,2026-07-01T13:57:28.137570+00:00,479fa8f931912be72b56a0068e4a983dc6c90c704fd50fcd8a042643c2f5caca
results/raw/runs/1d_euler/sa_pinn/seed_31415/diagnostics/sa_weight_summary.json,228,2026-07-01T13:57:28.129570+00:00,3a85b9e211be8572f40d8a0a3adbb63fd1f91e65e04f4c472ce699737aa2c80d
results/raw/runs/1d_euler/sa_pinn/seed_31415/diagnostics/sa_weights_final.npz,1468,2026-07-01T13:57:28.129570+00:00,c4f6915a329384c9c8fff0f90bc88681cdaf836481f90a98cc8542020940f922
results/raw/runs/1d_euler/sa_pinn/seed_31415/env.json,244,2026-07-01T13:48:08.046853+00:00,3ea9611b4a501b9d8258401458ea7fbd12107e673f8ddeac71518e0ffecb3269
results/raw/runs/1d_euler/sa_pinn/seed_31415/history.csv,55503,2026-07-01T13:57:27.857570+00:00,051e6c6336afe4e8420fd9784a2ee7d85a3f83a28d74038c5c46790f4b221446
results/raw/runs/1d_euler/sa_pinn/seed_31415/method.json,417,2026-07-01T13:48:08.046853+00:00,f4dea0c9bc1537c5e1fdd94cbadd541d4940b786bf854b8f522d58ea96b9d619
results/raw/runs/1d_euler/sa_pinn/seed_31415/metrics_adamw.json,3901,2026-07-21T04:37:38.686168+00:00,af8d740e28895982d18e59395043862b03b69ed36a428a246673f1924c472115
results/raw/runs/1d_euler/sa_pinn/seed_31415/metrics_final.json,3901,2026-07-21T04:37:38.682168+00:00,af8d740e28895982d18e59395043862b03b69ed36a428a246673f1924c472115
results/raw/runs/1d_euler/sa_pinn/seed_31415/model_adamw_final.pt,341019,2026-07-01T13:57:27.861570+00:00,48807e4c94c205280a6d217bbc1ec0fe71265b3f4521bafa7cf479f408a7618b
results/raw/runs/1d_euler/sa_pinn/seed_31415/model_final.pt,340923,2026-07-01T13:57:27.861570+00:00,91741e8c1e8f324551e98733b8b2469dc161b9fede775b5382b6d776c71a85d4
results/raw/runs/1d_euler/sa_pinn/seed_31415/predictions/predict_grid.npz,2626934,2026-07-01T13:57:28.121570+00:00,1fdacda53a84f25f368fd7983f17f5334b777e3a647fcd9ad2d9616f9ef4c40c
results/raw/runs/1d_euler/sa_pinn/seed_31415/predictions/prediction_info.json,49,2026-07-01T13:57:28.121570+00:00,b42bd2b569d036f20241bf0507f2d54b75236a938104a9c60f75c35520ae8ca9
results/raw/runs/1d_euler/sa_pinn/seed_31415/status.json,103,2026-07-01T13:57:28.137570+00:00,f916752c982559d3620768f7c79fe25a88ac1320323c6e825a3c80f6dae075db
results/raw/runs/1d_euler/sa_pinn/seed_42/_SUCCESS,8,2026-07-01T13:38:12.510073+00:00,81b2bd4ea98c8db66554fbc8d7637a1a69a130f331feb732b75caab4c4868fd5
results/raw/runs/1d_euler/sa_pinn/seed_42/config.json,1233,2026-07-01T13:28:07.907743+00:00,47f97a6c3376af8a616ab7c92dee37af100caf5baf42cafee6194d485e809498
results/raw/runs/1d_euler/sa_pinn/seed_42/diagnostics/sa_training_points_fixed.npz,100587,2026-07-01T13:38:12.510073+00:00,ab9bb26e9541758fd32e3476e890a20013b02447c79f842a1973e23eb4ad4c47
results/raw/runs/1d_euler/sa_pinn/seed_42/diagnostics/sa_weight_history.csv,55646,2026-07-01T13:38:12.494073+00:00,6cc0a17b8c80e23c607b211477ce82a393a991d4dcbafaf5e69f89e6d9c220bf
results/raw/runs/1d_euler/sa_pinn/seed_42/diagnostics/sa_weight_state_final.pt,61545,2026-07-01T13:38:12.510073+00:00,479fa8f931912be72b56a0068e4a983dc6c90c704fd50fcd8a042643c2f5caca
results/raw/runs/1d_euler/sa_pinn/seed_42/diagnostics/sa_weight_summary.json,228,2026-07-01T13:38:12.498073+00:00,3a85b9e211be8572f40d8a0a3adbb63fd1f91e65e04f4c472ce699737aa2c80d
results/raw/runs/1d_euler/sa_pinn/seed_42/diagnostics/sa_weights_final.npz,1468,2026-07-01T13:38:12.498073+00:00,c4f6915a329384c9c8fff0f90bc88681cdaf836481f90a98cc8542020940f922
results/raw/runs/1d_euler/sa_pinn/seed_42/env.json,244,2026-07-01T13:28:07.907743+00:00,3ea9611b4a501b9d8258401458ea7fbd12107e673f8ddeac71518e0ffecb3269
results/raw/runs/1d_euler/sa_pinn/seed_42/history.csv,55646,2026-07-01T13:38:12.106071+00:00,6cc0a17b8c80e23c607b211477ce82a393a991d4dcbafaf5e69f89e6d9c220bf
results/raw/runs/1d_euler/sa_pinn/seed_42/method.json,417,2026-07-01T13:28:07.907743+00:00,f4dea0c9bc1537c5e1fdd94cbadd541d4940b786bf854b8f522d58ea96b9d619
results/raw/runs/1d_euler/sa_pinn/seed_42/metrics_adamw.json,3908,2026-07-21T04:37:38.686168+00:00,a840008177ab33e3b4e490299bab9389c063e6626344cbcfa1e7c92aed11586d
results/raw/runs/1d_euler/sa_pinn/seed_42/metrics_final.json,3908,2026-07-21T04:37:38.686168+00:00,a840008177ab33e3b4e490299bab9389c063e6626344cbcfa1e7c92aed11586d
results/raw/runs/1d_euler/sa_pinn/seed_42/model_adamw_final.pt,341019,2026-07-01T13:38:12.110071+00:00,90c111fc67d15f7919638c7d23b8e5a880b3018ef88c79268c40cb81c76eea97
results/raw/runs/1d_euler/sa_pinn/seed_42/model_final.pt,340923,2026-07-01T13:38:12.110071+00:00,eac88b4caa34118637fcc4e8d0464c5cc5b68f97cf026465cdfe4d86ee85cb47
results/raw/runs/1d_euler/sa_pinn/seed_42/predictions/predict_grid.npz,2565806,2026-07-01T13:38:12.490073+00:00,ee4f8a393fa28d9109595935c8bcc0902321586b40131e451d4f349ec4d68d8a
results/raw/runs/1d_euler/sa_pinn/seed_42/predictions/prediction_info.json,49,2026-07-01T13:38:12.490073+00:00,b42bd2b569d036f20241bf0507f2d54b75236a938104a9c60f75c35520ae8ca9
results/raw/runs/1d_euler/sa_pinn/seed_42/status.json,102,2026-07-01T13:38:12.510073+00:00,9e5bd1c08aa6afefdfcf901b2ba0e80caa504afb54edb0e53708819ee8ecb273
results/raw/runs/1d_euler/sa_pinn/seed_7/_SUCCESS,8,2026-07-01T13:28:07.603744+00:00,81b2bd4ea98c8db66554fbc8d7637a1a69a130f331feb732b75caab4c4868fd5
results/raw/runs/1d_euler/sa_pinn/seed_7/config.json,1231,2026-07-01T13:17:49.809971+00:00,37ac17f0bc2def589fef6b7827333b8c6d24c160fcf41b36d04d1f27c6956a87
results/raw/runs/1d_euler/sa_pinn/seed_7/diagnostics/sa_training_points_fixed.npz,100654,2026-07-01T13:28:07.603744+00:00,474d0b6c002ff343c0ac6a88867fc723ba8cbc65143c908efbd878589faa22a5
results/raw/runs/1d_euler/sa_pinn/seed_7/diagnostics/sa_weight_history.csv,57292,2026-07-01T13:28:07.591744+00:00,0cd0a36fff67d5a7e918f26b382f8006981aac7a775b513a2ed413bc7e433a1a
results/raw/runs/1d_euler/sa_pinn/seed_7/diagnostics/sa_weight_state_final.pt,61545,2026-07-01T13:28:07.603744+00:00,4a04f0cb8b14e98bba428d44d5df3e58d765d354de7d04774d719b03a624319a
results/raw/runs/1d_euler/sa_pinn/seed_7/diagnostics/sa_weight_summary.json,264,2026-07-01T13:28:07.591744+00:00,9f00c209bea049be17a3d6cb0821f5a466dacda59337753bf39177b5a12b4dc6
results/raw/runs/1d_euler/sa_pinn/seed_7/diagnostics/sa_weights_final.npz,15298,2026-07-01T13:28:07.595744+00:00,dea119f91cb55ac2fc923656fe46ebfbc4609c70832ddb1bd4c6de901b3ed5b7
results/raw/runs/1d_euler/sa_pinn/seed_7/env.json,244,2026-07-01T13:17:49.809971+00:00,3ea9611b4a501b9d8258401458ea7fbd12107e673f8ddeac71518e0ffecb3269
results/raw/runs/1d_euler/sa_pinn/seed_7/history.csv,57292,2026-07-01T13:28:07.147746+00:00,0cd0a36fff67d5a7e918f26b382f8006981aac7a775b513a2ed413bc7e433a1a
results/raw/runs/1d_euler/sa_pinn/seed_7/method.json,417,2026-07-01T13:17:49.809971+00:00,f4dea0c9bc1537c5e1fdd94cbadd541d4940b786bf854b8f522d58ea96b9d619
results/raw/runs/1d_euler/sa_pinn/seed_7/metrics_adamw.json,3940,2026-07-21T04:37:38.686168+00:00,33d323acb4b5632368940828c8b9b40f2a1b6dc2486e0643564ea1da6af7b559
results/raw/runs/1d_euler/sa_pinn/seed_7/metrics_final.json,3940,2026-07-21T04:37:38.686168+00:00,33d323acb4b5632368940828c8b9b40f2a1b6dc2486e0643564ea1da6af7b559
results/raw/runs/1d_euler/sa_pinn/seed_7/model_adamw_final.pt,341019,2026-07-01T13:28:07.151746+00:00,5899e3b8de902211b8b7e110e290702d3fe09cbba9b48f62ba0c4139925279c0
results/raw/runs/1d_euler/sa_pinn/seed_7/model_final.pt,340923,2026-07-01T13:28:07.151746+00:00,da027982ddfebda5885579ab7ae99de20fe058be33954c86c980c6674a5ef3c9
results/raw/runs/1d_euler/sa_pinn/seed_7/predictions/predict_grid.npz,2601458,2026-07-01T13:28:07.583744+00:00,7e32a224fd1499d07d312dfea7a2242c7bf6e2ec7c10920f5970fe45ab69d996
results/raw/runs/1d_euler/sa_pinn/seed_7/predictions/prediction_info.json,49,2026-07-01T13:28:07.583744+00:00,b42bd2b569d036f20241bf0507f2d54b75236a938104a9c60f75c35520ae8ca9
results/raw/runs/1d_euler/sa_pinn/seed_7/status.json,102,2026-07-01T13:28:07.603744+00:00,ecd79b777757a683d78c6f2a2df01448130bec76d312b6d1d4e6603e13943b94
results/raw/runs/1d_euler/xpinn/seed_100/_SUCCESS,8,2026-07-05T10:51:48.939544+00:00,81b2bd4ea98c8db66554fbc8d7637a1a69a130f331feb732b75caab4c4868fd5
results/raw/runs/1d_euler/xpinn/seed_100/config.json,1233,2026-07-05T09:26:43.316298+00:00,62ba17734cb223df65fc09f1ac99698eba59bf8aaef63442be1ac538fe5fd9db
results/raw/runs/1d_euler/xpinn/seed_100/diagnostics/xpinn_interface_history.csv,75575,2026-07-05T10:51:48.927544+00:00,bc3665af8afd885ad0336cba1176d6f031442b971879ef86a0088f9ee3ea357c
results/raw/runs/1d_euler/xpinn/seed_100/diagnostics/xpinn_interface_points.npz,9243,2026-07-05T10:51:48.931544+00:00,37fdd9596eaee82b9eab36182eaa4fcd2bca80a5ebc1e13eb33bbf2aa1bf696d
results/raw/runs/1d_euler/xpinn/seed_100/diagnostics/xpinn_interface_points_meta.json,514,2026-07-05T10:51:48.931544+00:00,951c679fd39f78c73617ea3b756eb34a0320ef143a95baa932cd8a7464ad1266
results/raw/runs/1d_euler/xpinn/seed_100/diagnostics/xpinn_loss_history.csv,56708,2026-07-05T10:51:48.923544+00:00,4cfb5b20945c86025cb216a30a5ca3666ab2806c0dd3223a143392ad7071cea3
results/raw/runs/1d_euler/xpinn/seed_100/diagnostics/xpinn_subdomain_config.json,1310,2026-07-05T10:51:48.927544+00:00,112980d40f3fccae8d8bdb15453cb6ccba8c7b34b46f96f02b4c9b33435f39fb
results/raw/runs/1d_euler/xpinn/seed_100/diagnostics/xpinn_submodel_state_dicts.pt,1354827,2026-07-05T10:51:48.935544+00:00,bb130cfd075510c6211e287250abc62d40fa7c81c7ae2a9e7c30e9b08d8f5f7d
results/raw/runs/1d_euler/xpinn/seed_100/env.json,244,2026-07-05T09:26:43.316298+00:00,3ea9611b4a501b9d8258401458ea7fbd12107e673f8ddeac71518e0ffecb3269
results/raw/runs/1d_euler/xpinn/seed_100/history.csv,56708,2026-07-05T10:51:48.643545+00:00,4cfb5b20945c86025cb216a30a5ca3666ab2806c0dd3223a143392ad7071cea3
results/raw/runs/1d_euler/xpinn/seed_100/method.json,1015,2026-07-05T09:26:43.316298+00:00,45073211f4e0e9575a85347a550dfbeb4782973701e8fe86a092638c449866e9
results/raw/runs/1d_euler/xpinn/seed_100/metrics_adamw.json,4072,2026-07-21T04:37:38.690168+00:00,b18f1744e5a74f1743b60268d87b113d29496fe97c4b4f078b26b7c0fee3196c
results/raw/runs/1d_euler/xpinn/seed_100/metrics_final.json,4072,2026-07-21T04:37:38.686168+00:00,b18f1744e5a74f1743b60268d87b113d29496fe97c4b4f078b26b7c0fee3196c
results/raw/runs/1d_euler/xpinn/seed_100/model_adamw_final.pt,1358173,2026-07-05T10:51:48.651545+00:00,e6941c9f73892750a3389f39fabd4519ccc486e24891274fa406e11b251d9e9f
results/raw/runs/1d_euler/xpinn/seed_100/model_final.pt,1357801,2026-07-05T10:51:48.655545+00:00,994853862555d741b2d10f8ba787ad5438eb67f81797f109c524156b9233a59f
results/raw/runs/1d_euler/xpinn/seed_100/predictions/predict_grid.npz,2643641,2026-07-05T10:51:48.919544+00:00,8f7e5649515e78bb01696bc146601eb4be6e8b540bd04dc4f42f3fc8c889f2ec
results/raw/runs/1d_euler/xpinn/seed_100/predictions/prediction_info.json,49,2026-07-05T10:51:48.919544+00:00,b42bd2b569d036f20241bf0507f2d54b75236a938104a9c60f75c35520ae8ca9
results/raw/runs/1d_euler/xpinn/seed_100/status.json,104,2026-07-05T10:51:48.939544+00:00,6dca2fa0981cb7255d347f52cfb2c4f5caa6b1fb2f5082bfba120a9a2724d5ee
results/raw/runs/1d_euler/xpinn/seed_2026/_SUCCESS,8,2026-07-05T06:19:10.629040+00:00,81b2bd4ea98c8db66554fbc8d7637a1a69a130f331feb732b75caab4c4868fd5
results/raw/runs/1d_euler/xpinn/seed_2026/config.json,1235,2026-07-05T04:37:58.498811+00:00,771f927462a45bf7415ec2ef026d66dde6726fd5dfb65a8812da1c746100380b
results/raw/runs/1d_euler/xpinn/seed_2026/diagnostics/xpinn_interface_history.csv,75490,2026-07-05T06:19:10.617040+00:00,8f70be56f5e33a566f39e09ed132dc914a39add4f11da1cf63988a5aa124e401
results/raw/runs/1d_euler/xpinn/seed_2026/diagnostics/xpinn_interface_points.npz,9253,2026-07-05T06:19:10.621040+00:00,af8e2e270ae6ce81d78d8010f46743f95eb44b11c55f1dbdfc336a783762daba
results/raw/runs/1d_euler/xpinn/seed_2026/diagnostics/xpinn_interface_points_meta.json,514,2026-07-05T06:19:10.621040+00:00,951c679fd39f78c73617ea3b756eb34a0320ef143a95baa932cd8a7464ad1266
results/raw/runs/1d_euler/xpinn/seed_2026/diagnostics/xpinn_loss_history.csv,56627,2026-07-05T06:19:10.613040+00:00,4616abbc6e5d2014d6790626b703b671b5d94a367e9672af16ae8e614922b771
results/raw/runs/1d_euler/xpinn/seed_2026/diagnostics/xpinn_subdomain_config.json,1311,2026-07-05T06:19:10.617040+00:00,4ca2388a16514e3edf8df3e1cf654dd895a7e8ddcbbf2209f6b312a1586ef44a
results/raw/runs/1d_euler/xpinn/seed_2026/diagnostics/xpinn_submodel_state_dicts.pt,1354827,2026-07-05T06:19:10.629040+00:00,bef8959c8e8a2fbe0c9ac36612d2bde8e428813373c03143d6e5314761fd7a0b
results/raw/runs/1d_euler/xpinn/seed_2026/env.json,244,2026-07-05T04:37:58.498811+00:00,3ea9611b4a501b9d8258401458ea7fbd12107e673f8ddeac71518e0ffecb3269
results/raw/runs/1d_euler/xpinn/seed_2026/history.csv,56627,2026-07-05T06:19:10.177040+00:00,4616abbc6e5d2014d6790626b703b671b5d94a367e9672af16ae8e614922b771
results/raw/runs/1d_euler/xpinn/seed_2026/method.json,1015,2026-07-05T04:37:58.498811+00:00,45073211f4e0e9575a85347a550dfbeb4782973701e8fe86a092638c449866e9
results/raw/runs/1d_euler/xpinn/seed_2026/metrics_adamw.json,4078,2026-07-21T04:37:38.690168+00:00,60610a6dc95456ebb12c593b61bf08ca376baad6322d1f893c81ac2f95383417
results/raw/runs/1d_euler/xpinn/seed_2026/metrics_final.json,4078,2026-07-21T04:37:38.690168+00:00,60610a6dc95456ebb12c593b61bf08ca376baad6322d1f893c81ac2f95383417
results/raw/runs/1d_euler/xpinn/seed_2026/model_adamw_final.pt,1358173,2026-07-05T06:19:10.193040+00:00,be40610c6a2228c0331cdf7d1c36f4ee21aaa3ffbeb9f994bff8feb29587d3c9
results/raw/runs/1d_euler/xpinn/seed_2026/model_final.pt,1357801,2026-07-05T06:19:10.201040+00:00,96224347d630895e759dcfb3b821da71807098a79817331509e1d4c970d16028
results/raw/runs/1d_euler/xpinn/seed_2026/predictions/predict_grid.npz,2645760,2026-07-05T06:19:10.609040+00:00,88257d5c2219c391ac4439d43c38115a6d30df1f2c9baaec941588e18d633273
results/raw/runs/1d_euler/xpinn/seed_2026/predictions/prediction_info.json,49,2026-07-05T06:19:10.609040+00:00,b42bd2b569d036f20241bf0507f2d54b75236a938104a9c60f75c35520ae8ca9
results/raw/runs/1d_euler/xpinn/seed_2026/status.json,103,2026-07-05T06:19:10.629040+00:00,2dd83e5939eb7253961947ce4d6d79b25d6a58af7a6bf2dd0ac4b77d54c6e5d8
results/raw/runs/1d_euler/xpinn/seed_31415/_SUCCESS,8,2026-07-05T12:14:50.024163+00:00,81b2bd4ea98c8db66554fbc8d7637a1a69a130f331feb732b75caab4c4868fd5
results/raw/runs/1d_euler/xpinn/seed_31415/config.json,1237,2026-07-05T10:51:49.115543+00:00,5a8ffeeaa08f5483e963c5a8fd36c715b7ad2fe45be8b2a32a3f319763fa2e2b
results/raw/runs/1d_euler/xpinn/seed_31415/diagnostics/xpinn_interface_history.csv,75489,2026-07-05T12:14:50.016163+00:00,af1c6a67e601236f996dc47f7388906cc61048e9955fed50b03737845dbab47a
results/raw/runs/1d_euler/xpinn/seed_31415/diagnostics/xpinn_interface_points.npz,9235,2026-07-05T12:14:50.016163+00:00,9e4357c0486f69602bac3432bbbbb99753bc1f6afc02d6e8235913d8145eb425
results/raw/runs/1d_euler/xpinn/seed_31415/diagnostics/xpinn_interface_points_meta.json,514,2026-07-05T12:14:50.016163+00:00,951c679fd39f78c73617ea3b756eb34a0320ef143a95baa932cd8a7464ad1266
results/raw/runs/1d_euler/xpinn/seed_31415/diagnostics/xpinn_loss_history.csv,56722,2026-07-05T12:14:50.012163+00:00,ca9b16ee3c628e1455d9fb4cfc32b540a9b63cc4ab2d2f032c0af64c534c0e31
results/raw/runs/1d_euler/xpinn/seed_31415/diagnostics/xpinn_subdomain_config.json,1309,2026-07-05T12:14:50.016163+00:00,d7bc5ca91b8daab6e4f6172786d67cab4b732b77d7e123094acc04981df820f0
results/raw/runs/1d_euler/xpinn/seed_31415/diagnostics/xpinn_submodel_state_dicts.pt,1354827,2026-07-05T12:14:50.024163+00:00,b0c66e4dabc84e3b8023d38e0bd08e06ced2447e1b5c49a72a3146ae08bb75fc
results/raw/runs/1d_euler/xpinn/seed_31415/env.json,244,2026-07-05T10:51:49.115543+00:00,3ea9611b4a501b9d8258401458ea7fbd12107e673f8ddeac71518e0ffecb3269
results/raw/runs/1d_euler/xpinn/seed_31415/history.csv,56722,2026-07-05T12:14:49.736166+00:00,ca9b16ee3c628e1455d9fb4cfc32b540a9b63cc4ab2d2f032c0af64c534c0e31
results/raw/runs/1d_euler/xpinn/seed_31415/method.json,1015,2026-07-05T10:51:49.115543+00:00,45073211f4e0e9575a85347a550dfbeb4782973701e8fe86a092638c449866e9
results/raw/runs/1d_euler/xpinn/seed_31415/metrics_adamw.json,4068,2026-07-21T04:37:38.690168+00:00,d99ef14f8c4adc56ec3d701eb028fed6a1795f1184fac5a8c584f4a9fdb283e4
results/raw/runs/1d_euler/xpinn/seed_31415/metrics_final.json,4068,2026-07-21T04:37:38.690168+00:00,d99ef14f8c4adc56ec3d701eb028fed6a1795f1184fac5a8c584f4a9fdb283e4
results/raw/runs/1d_euler/xpinn/seed_31415/model_adamw_final.pt,1358173,2026-07-05T12:14:49.744166+00:00,07505ef8c1e1217d954237aa41560c34951c590e503eb314aed5326e38759495
results/raw/runs/1d_euler/xpinn/seed_31415/model_final.pt,1357801,2026-07-05T12:14:49.748166+00:00,d9f5a86dc4892868297e02a47704d4a4babc51e2fffb1aa3a6a916064863565c
results/raw/runs/1d_euler/xpinn/seed_31415/predictions/predict_grid.npz,2681806,2026-07-05T12:14:50.004163+00:00,c43192d905a31556b827316745e75fdc1c74ca608e5610dbecf43f9847455300
results/raw/runs/1d_euler/xpinn/seed_31415/predictions/prediction_info.json,49,2026-07-05T12:14:50.004163+00:00,b42bd2b569d036f20241bf0507f2d54b75236a938104a9c60f75c35520ae8ca9
results/raw/runs/1d_euler/xpinn/seed_31415/status.json,103,2026-07-05T12:14:50.024163+00:00,2e39a1a53e4c361a5aa980d93f0668ee33e63a5acf4c16cc2e19bc40ed32c7c0
results/raw/runs/1d_euler/xpinn/seed_42/_SUCCESS,8,2026-07-05T09:26:43.112300+00:00,81b2bd4ea98c8db66554fbc8d7637a1a69a130f331feb732b75caab4c4868fd5
results/raw/runs/1d_euler/xpinn/seed_42/config.json,1231,2026-07-05T07:57:12.714526+00:00,c4a31a93eeaaf297ad5a8ec5cfccb383ed419b1439b9532f2430fcb163ff0bd1
results/raw/runs/1d_euler/xpinn/seed_42/diagnostics/xpinn_interface_history.csv,75506,2026-07-05T09:26:43.100300+00:00,7d417f6fb9a0df6db585e9ecd51598c18dd37a7804ba6c284a176ed6d59cdfad
results/raw/runs/1d_euler/xpinn/seed_42/diagnostics/xpinn_interface_points.npz,9257,2026-07-05T09:26:43.104300+00:00,346d5ce49a9287c8b65ebb21621fdfcc794816a5b74eb6d9fb6784e639735a6d
results/raw/runs/1d_euler/xpinn/seed_42/diagnostics/xpinn_interface_points_meta.json,514,2026-07-05T09:26:43.104300+00:00,951c679fd39f78c73617ea3b756eb34a0320ef143a95baa932cd8a7464ad1266
results/raw/runs/1d_euler/xpinn/seed_42/diagnostics/xpinn_loss_history.csv,56671,2026-07-05T09:26:43.096300+00:00,bfcc2b6c266a9f2d041586fcc660a1bd57be81c24e740e35eb46cfec3dc5ede8
results/raw/runs/1d_euler/xpinn/seed_42/diagnostics/xpinn_subdomain_config.json,1314,2026-07-05T09:26:43.104300+00:00,683962cb927a0b4ff94c882d6bead4201c565e9b79b9f81a531b7107ae0923e3
results/raw/runs/1d_euler/xpinn/seed_42/diagnostics/xpinn_submodel_state_dicts.pt,1354827,2026-07-05T09:26:43.112300+00:00,673febfb2e0fbcf40cb8ce2d10b0c1da38170da1f508fa1a1c6d65d9460fb49f
results/raw/runs/1d_euler/xpinn/seed_42/env.json,244,2026-07-05T07:57:12.714526+00:00,3ea9611b4a501b9d8258401458ea7fbd12107e673f8ddeac71518e0ffecb3269
results/raw/runs/1d_euler/xpinn/seed_42/history.csv,56671,2026-07-05T09:26:42.800303+00:00,bfcc2b6c266a9f2d041586fcc660a1bd57be81c24e740e35eb46cfec3dc5ede8
results/raw/runs/1d_euler/xpinn/seed_42/method.json,1015,2026-07-05T07:57:12.714526+00:00,45073211f4e0e9575a85347a550dfbeb4782973701e8fe86a092638c449866e9
results/raw/runs/1d_euler/xpinn/seed_42/metrics_adamw.json,4084,2026-07-21T04:37:38.694168+00:00,f972a79bc3f81791946f57c32a0d09980d5c8c28766defaf872937c0b8f7c1eb
results/raw/runs/1d_euler/xpinn/seed_42/metrics_final.json,4084,2026-07-21T04:37:38.690168+00:00,f972a79bc3f81791946f57c32a0d09980d5c8c28766defaf872937c0b8f7c1eb
results/raw/runs/1d_euler/xpinn/seed_42/model_adamw_final.pt,1358173,2026-07-05T09:26:42.804303+00:00,3417d0820e54c116022617b996d37af4342e61f7713242280d9d21cc212351d4
results/raw/runs/1d_euler/xpinn/seed_42/model_final.pt,1357801,2026-07-05T09:26:42.812303+00:00,c3d40fc9ea9f8baba7fe0e572c0fec33757cba63928efee3181ae4edc1f7ddc1
results/raw/runs/1d_euler/xpinn/seed_42/predictions/predict_grid.npz,2625364,2026-07-05T09:26:43.092300+00:00,0f4180803aaa934a56db05f81d0427fb02ca20adbcb889247a8e9c123914ad5a
results/raw/runs/1d_euler/xpinn/seed_42/predictions/prediction_info.json,49,2026-07-05T09:26:43.092300+00:00,b42bd2b569d036f20241bf0507f2d54b75236a938104a9c60f75c35520ae8ca9
results/raw/runs/1d_euler/xpinn/seed_42/status.json,103,2026-07-05T09:26:43.112300+00:00,df3bb08eea9ce9d3b219c31c614c2d00bae097007b9048a23468f83473066629
results/raw/runs/1d_euler/xpinn/seed_7/_SUCCESS,8,2026-07-05T07:57:12.430526+00:00,81b2bd4ea98c8db66554fbc8d7637a1a69a130f331feb732b75caab4c4868fd5
results/raw/runs/1d_euler/xpinn/seed_7/config.json,1229,2026-07-05T06:19:12.997039+00:00,4c89dcd06233a5d386ed46a132ea11bdf15a38f4f135a236b933c028830803da
results/raw/runs/1d_euler/xpinn/seed_7/diagnostics/xpinn_interface_history.csv,75549,2026-07-05T07:57:12.422527+00:00,413bb106866bb0a7c8d90189589727eef407074d23b61f8f8284908f41db9399
results/raw/runs/1d_euler/xpinn/seed_7/diagnostics/xpinn_interface_points.npz,9243,2026-07-05T07:57:12.422527+00:00,34f06d0bf744c0ffb67b492650b8827e8d7b0255e90e56278afe6e86e9298379
results/raw/runs/1d_euler/xpinn/seed_7/diagnostics/xpinn_interface_points_meta.json,514,2026-07-05T07:57:12.422527+00:00,951c679fd39f78c73617ea3b756eb34a0320ef143a95baa932cd8a7464ad1266
results/raw/runs/1d_euler/xpinn/seed_7/diagnostics/xpinn_loss_history.csv,56606,2026-07-05T07:57:12.414527+00:00,b1c10872776c5cbc9c0988e1da759b73eef533fef58cf4f68520354d5a57fbb2
results/raw/runs/1d_euler/xpinn/seed_7/diagnostics/xpinn_subdomain_config.json,1311,2026-07-05T07:57:12.422527+00:00,79d5a193c06d75349fe02b3813e6ce675a5b8de29e4017ff56052954391d9639
results/raw/runs/1d_euler/xpinn/seed_7/diagnostics/xpinn_submodel_state_dicts.pt,1354827,2026-07-05T07:57:12.430526+00:00,1a52fb61762baf97e50ae517ae0006d53f68607e3d9d542a227bc55cdcdf5fa4
results/raw/runs/1d_euler/xpinn/seed_7/env.json,244,2026-07-05T06:19:13.001039+00:00,3ea9611b4a501b9d8258401458ea7fbd12107e673f8ddeac71518e0ffecb3269
results/raw/runs/1d_euler/xpinn/seed_7/history.csv,56606,2026-07-05T07:57:12.114527+00:00,b1c10872776c5cbc9c0988e1da759b73eef533fef58cf4f68520354d5a57fbb2
results/raw/runs/1d_euler/xpinn/seed_7/method.json,1015,2026-07-05T06:19:13.001039+00:00,45073211f4e0e9575a85347a550dfbeb4782973701e8fe86a092638c449866e9
results/raw/runs/1d_euler/xpinn/seed_7/metrics_adamw.json,4082,2026-07-21T04:37:38.694168+00:00,4f1c88bdd258e7a544077410907192952de4c944be5c558347072b72bbb875c0
results/raw/runs/1d_euler/xpinn/seed_7/metrics_final.json,4082,2026-07-21T04:37:38.694168+00:00,4f1c88bdd258e7a544077410907192952de4c944be5c558347072b72bbb875c0
results/raw/runs/1d_euler/xpinn/seed_7/model_adamw_final.pt,1358173,2026-07-05T07:57:12.126527+00:00,9ed2f662bfecf52f6440049a546e72fe7ae9484b6b4f50d2851b9d6f06214efe
results/raw/runs/1d_euler/xpinn/seed_7/model_final.pt,1357801,2026-07-05T07:57:12.138527+00:00,a3274161308638f6b28575c5c5d4ef3e4702c260920d612422b3c6cd58143f70
results/raw/runs/1d_euler/xpinn/seed_7/predictions/predict_grid.npz,2662027,2026-07-05T07:57:12.410527+00:00,d7be5523ec281775fe1072f9bb46c74301a86379b6d537deb05cba37930fc004
results/raw/runs/1d_euler/xpinn/seed_7/predictions/prediction_info.json,49,2026-07-05T07:57:12.410527+00:00,b42bd2b569d036f20241bf0507f2d54b75236a938104a9c60f75c35520ae8ca9
results/raw/runs/1d_euler/xpinn/seed_7/status.json,103,2026-07-05T07:57:12.430526+00:00,86c85acbc7c47b3aef3e670af596844508bb2701b18c301a2f1d6fff9c72c1c6
results/raw/runs/1d_shallowwater/_shared_warmup/seed_100/_SUCCESS,8,2026-07-01T05:48:53.121264+00:00,81b2bd4ea98c8db66554fbc8d7637a1a69a130f331feb732b75caab4c4868fd5
results/raw/runs/1d_shallowwater/_shared_warmup/seed_100/history_warmup.csv,8815,2026-07-01T05:48:53.117264+00:00,f76b0ea326947351fe91a2770736d23cd9920c55419a9bd1d37d10523b541d07
results/raw/runs/1d_shallowwater/_shared_warmup/seed_100/metrics_warmup.json,170,2026-07-01T05:48:53.121264+00:00,12df28e4c88200fc231173d5dbbed8609ddcacfe96095834d08e6e95cd02ab31
results/raw/runs/1d_shallowwater/_shared_warmup/seed_100/model_warmup.pt,337163,2026-07-01T05:48:53.121264+00:00,0196214076f6a9f86049fa705f50dd23c41376452d4adef7b3dd7d723cc08d70
results/raw/runs/1d_shallowwater/_shared_warmup/seed_100/status.json,98,2026-07-01T05:48:53.121264+00:00,23827f9e743e4f18a17504b7cc64fcd787910f9bf34ed72ceffaddf52ff56018
results/raw/runs/1d_shallowwater/_shared_warmup/seed_2026/_SUCCESS,8,2026-07-01T04:53:40.474968+00:00,81b2bd4ea98c8db66554fbc8d7637a1a69a130f331feb732b75caab4c4868fd5
results/raw/runs/1d_shallowwater/_shared_warmup/seed_2026/history_warmup.csv,8839,2026-07-01T04:53:40.470968+00:00,36272be633fff7def5fd0f696fbad5a280e4beafdf49b1d732d0aa71ec093c34
results/raw/runs/1d_shallowwater/_shared_warmup/seed_2026/metrics_warmup.json,171,2026-07-01T04:53:40.470968+00:00,bb50073ece227ba48fc173c048ba0086b73ff513ee17f87c41bf28a5f200e6eb
results/raw/runs/1d_shallowwater/_shared_warmup/seed_2026/model_warmup.pt,337163,2026-07-01T04:53:40.470968+00:00,41f3a569f8850672b42d8e0ef29fdd7846993e49eed42283f731b82d90d28907
results/raw/runs/1d_shallowwater/_shared_warmup/seed_2026/status.json,98,2026-07-01T04:53:40.470968+00:00,83098dc53262a24fb72e89ffe0e24c98d56ef5bda0cb501ac783be10cf36d760
results/raw/runs/1d_shallowwater/_shared_warmup/seed_31415/_SUCCESS,8,2026-07-01T05:59:52.447860+00:00,81b2bd4ea98c8db66554fbc8d7637a1a69a130f331feb732b75caab4c4868fd5
results/raw/runs/1d_shallowwater/_shared_warmup/seed_31415/history_warmup.csv,8841,2026-07-01T05:59:52.443861+00:00,2539feab6b608c2f8177ea1f308fdc9e8f192adf1a33ffa04cf4dfc6bfb66522
results/raw/runs/1d_shallowwater/_shared_warmup/seed_31415/metrics_warmup.json,172,2026-07-01T05:59:52.447860+00:00,2382e1d8666ea494f6923b27ade391dc7b6f197c18e79491189926fd35739af3
results/raw/runs/1d_shallowwater/_shared_warmup/seed_31415/model_warmup.pt,337163,2026-07-01T05:59:52.447860+00:00,e6cefcbdb410c460ac8f8c0bab2f81b9eded4cff8605261677939c5db1d5653c
results/raw/runs/1d_shallowwater/_shared_warmup/seed_31415/status.json,98,2026-07-01T05:59:52.447860+00:00,40f9cd7483feb578f247b7b2208412c89d5183191d9db738ad37bee35e151fb4
results/raw/runs/1d_shallowwater/_shared_warmup/seed_42/_SUCCESS,8,2026-07-01T05:35:47.186407+00:00,81b2bd4ea98c8db66554fbc8d7637a1a69a130f331feb732b75caab4c4868fd5
results/raw/runs/1d_shallowwater/_shared_warmup/seed_42/history_warmup.csv,8835,2026-07-01T05:35:47.182407+00:00,3b5cf2ac6c04189c196ac67338d29c5043fef8e2b4faedff0df5b14771c1ed3b
results/raw/runs/1d_shallowwater/_shared_warmup/seed_42/metrics_warmup.json,168,2026-07-01T05:35:47.186407+00:00,ad8ee6d8f1d3324d802641fc4fa90a6ca33e46d099dbb09a2614458e514bbd89
results/raw/runs/1d_shallowwater/_shared_warmup/seed_42/model_warmup.pt,337163,2026-07-01T05:35:47.186407+00:00,c8a094c93cb89ae7bc7331f393046e4e50b07ce3f97bbaa9ee441a64ee166eb3
results/raw/runs/1d_shallowwater/_shared_warmup/seed_42/status.json,97,2026-07-01T05:35:47.186407+00:00,ff6115c9ea298c02d64febb657aec473d57aa5b597b373bee95a81f2abaf57e6
results/raw/runs/1d_shallowwater/_shared_warmup/seed_7/_SUCCESS,8,2026-07-01T05:22:52.080676+00:00,81b2bd4ea98c8db66554fbc8d7637a1a69a130f331feb732b75caab4c4868fd5
results/raw/runs/1d_shallowwater/_shared_warmup/seed_7/history_warmup.csv,8846,2026-07-01T05:22:52.076676+00:00,d76ba538af5887f38a326ed2d428409a5e0d02562b5feac88f218afd7eda2620
results/raw/runs/1d_shallowwater/_shared_warmup/seed_7/metrics_warmup.json,168,2026-07-01T05:22:52.076676+00:00,b9a79643f39fab4c98a52f1807c7665e5b2d608cdb2385c48cd95691083451ab
results/raw/runs/1d_shallowwater/_shared_warmup/seed_7/model_warmup.pt,337163,2026-07-01T05:22:52.076676+00:00,c4917963b527fe920d70c801ca7017ea81d98867b1bbce5654e428dd8fdf078f
results/raw/runs/1d_shallowwater/_shared_warmup/seed_7/status.json,98,2026-07-01T05:22:52.076676+00:00,b24a313ac90c16d3eae6f427286c51e159b8bcda542ad7a40b3e2478291bdc61
results/raw/runs/1d_shallowwater/_summary/aaf_pinn_metrics.csv,9181,2026-07-20T10:45:48.045217+00:00,d2ad9a3a4616e9f319090213a7a78a7de858a093a83b355a52dd89b868b440a9
results/raw/runs/1d_shallowwater/_summary/cpinn_metrics.csv,9442,2026-07-20T10:45:48.053216+00:00,d4306d766c6a419e8c1b511ca3feeaaf8caf21eb552e466c525109145bc99a6d
results/raw/runs/1d_shallowwater/_summary/gpinn_subsampled_metrics.csv,9320,2026-07-20T10:45:48.061216+00:00,3670fd19b9c84cd6370fd2a1d2d544abae19335d4029f3b31c4fbdb276accd8d
results/raw/runs/1d_shallowwater/_summary/lra_pinn_metrics.csv,9224,2026-07-20T10:45:48.069216+00:00,c6da0d7bf48d998ae36285abcc62ef3dbaa26470b22aebd84911d5d6e3694269
results/raw/runs/1d_shallowwater/_summary/pinn_ours_metrics.csv,16500,2026-07-20T10:45:48.077216+00:00,67c8352724f10d079fa6611d8c2ca337e466fcb0c5f5db819427d02152f10708
results/raw/runs/1d_shallowwater/_summary/rad_pinn_metrics.csv,8945,2026-07-20T10:45:48.085216+00:00,884f9c60fca3077418b94a37de9ec7a9334e006c4c889fd34483fe995c378e6e
results/raw/runs/1d_shallowwater/_summary/rar_d_pinn_metrics.csv,9073,2026-07-20T10:45:48.093216+00:00,25cf42363733d01ecb16fd6efaf419be7b6135701a65824f7e3a9a3c4777da49
results/raw/runs/1d_shallowwater/_summary/sa_pinn_metrics.csv,9257,2026-07-20T10:45:48.101216+00:00,8c4eaaa2ab4b668997e3c374fca715e16f40636985c4e8277259e8cea891ff5a
results/raw/runs/1d_shallowwater/_summary/xpinn_metrics.csv,9425,2026-07-20T10:45:48.109216+00:00,f20fb7704a631b9b5cba1eba4ae09ae29ba5e3b74c3211ef96f118c650eee6bd
results/raw/runs/1d_shallowwater/aaf_pinn/seed_100/_SUCCESS,8,2026-07-03T04:56:25.176816+00:00,81b2bd4ea98c8db66554fbc8d7637a1a69a130f331feb732b75caab4c4868fd5
results/raw/runs/1d_shallowwater/aaf_pinn/seed_100/config.json,1225,2026-07-03T04:48:57.737828+00:00,abee584b7e7f4262aec68d89eaad43fce2982ac628e081894d29cbead51cc972
results/raw/runs/1d_shallowwater/aaf_pinn/seed_100/diagnostics/aaf_activation_history.csv,38976,2026-07-03T04:56:25.176816+00:00,f5c3bd98da4141167d85aeb92ef429152baea46a05654f14ab26b9b9433e91de
results/raw/runs/1d_shallowwater/aaf_pinn/seed_100/diagnostics/aaf_final_state.pt,1091,2026-07-03T04:56:25.176816+00:00,d2a33b97029e694726560f16ddd50d74d11690ea2eb273006420483832294afb
results/raw/runs/1d_shallowwater/aaf_pinn/seed_100/diagnostics/aaf_settings.json,303,2026-07-03T04:56:25.176816+00:00,ecb087d284c587dd9f587fc885eb9039f4b47157ad25fc8b3ab2a29ea053e1a1
results/raw/runs/1d_shallowwater/aaf_pinn/seed_100/env.json,244,2026-07-03T04:48:57.737828+00:00,3ea9611b4a501b9d8258401458ea7fbd12107e673f8ddeac71518e0ffecb3269
results/raw/runs/1d_shallowwater/aaf_pinn/seed_100/history.csv,38976,2026-07-03T04:56:25.032816+00:00,f5c3bd98da4141167d85aeb92ef429152baea46a05654f14ab26b9b9433e91de
results/raw/runs/1d_shallowwater/aaf_pinn/seed_100/method.json,528,2026-07-03T04:48:57.737828+00:00,bbc1fade3e79c7bd5357e9a0399a893ccd525e3f7fa125a1f6a9b95007c5983c
results/raw/runs/1d_shallowwater/aaf_pinn/seed_100/metrics_adamw.json,3729,2026-07-20T10:45:46.741223+00:00,f3303907427ae5d32a26e377b760853a11175ca983a8465b86bc1615bb3af5f5
results/raw/runs/1d_shallowwater/aaf_pinn/seed_100/metrics_final.json,3729,2026-07-20T10:45:46.733223+00:00,f3303907427ae5d32a26e377b760853a11175ca983a8465b86bc1615bb3af5f5
results/raw/runs/1d_shallowwater/aaf_pinn/seed_100/model_adamw_final.pt,340629,2026-07-20T10:45:46.745223+00:00,80f51bef855e9815b361758136ac35a26cac422b1bff3a75665fe4692a52bd72
results/raw/runs/1d_shallowwater/aaf_pinn/seed_100/model_final.pt,340463,2026-07-20T10:45:46.737223+00:00,ebd11ad9040dc360dd6bb0b78ae16da77edc6d383ba68c14a2693fab30f752d2
results/raw/runs/1d_shallowwater/aaf_pinn/seed_100/predictions/predict_grid.npz,712237,2026-07-03T04:56:25.172816+00:00,dcc88d5b46b0c1e74317064d57cc6fd54b449a9546f16b2486463fd4bd7c358d
results/raw/runs/1d_shallowwater/aaf_pinn/seed_100/predictions/prediction_info.json,49,2026-07-03T04:56:25.172816+00:00,b42bd2b569d036f20241bf0507f2d54b75236a938104a9c60f75c35520ae8ca9
results/raw/runs/1d_shallowwater/aaf_pinn/seed_100/status.json,104,2026-07-03T04:56:25.176816+00:00,76635f04ed3eef952b741384745e7dd4b5d617b51e925f9bf75ae71715bff885
results/raw/runs/1d_shallowwater/aaf_pinn/seed_2026/_SUCCESS,8,2026-07-03T04:34:03.452907+00:00,81b2bd4ea98c8db66554fbc8d7637a1a69a130f331feb732b75caab4c4868fd5
results/raw/runs/1d_shallowwater/aaf_pinn/seed_2026/config.json,1227,2026-07-03T04:26:33.347309+00:00,92c1eff5dbc5d7d656728f6247f9376e65361b660c589c54cc3c7db2e4f173d3
results/raw/runs/1d_shallowwater/aaf_pinn/seed_2026/diagnostics/aaf_activation_history.csv,38953,2026-07-03T04:34:03.452907+00:00,f83d120c833ca00caea9f4168fb13e86dd4087f1b8ab5045f2d18bf120ea8d1a
results/raw/runs/1d_shallowwater/aaf_pinn/seed_2026/diagnostics/aaf_final_state.pt,1091,2026-07-03T04:34:03.452907+00:00,8c7d88550d4ba7d62dedfd53f243e6faa72c9231ce838d82724c4bb869963f4f
results/raw/runs/1d_shallowwater/aaf_pinn/seed_2026/diagnostics/aaf_settings.json,303,2026-07-03T04:34:03.452907+00:00,1c575618e4149efd1c8520f754ac4f452646b8da694e2e1d9e3387f20a9a35bf
results/raw/runs/1d_shallowwater/aaf_pinn/seed_2026/env.json,244,2026-07-03T04:26:33.347309+00:00,3ea9611b4a501b9d8258401458ea7fbd12107e673f8ddeac71518e0ffecb3269
results/raw/runs/1d_shallowwater/aaf_pinn/seed_2026/history.csv,38953,2026-07-03T04:34:03.300908+00:00,f83d120c833ca00caea9f4168fb13e86dd4087f1b8ab5045f2d18bf120ea8d1a
results/raw/runs/1d_shallowwater/aaf_pinn/seed_2026/method.json,528,2026-07-03T04:26:33.347309+00:00,bbc1fade3e79c7bd5357e9a0399a893ccd525e3f7fa125a1f6a9b95007c5983c
results/raw/runs/1d_shallowwater/aaf_pinn/seed_2026/metrics_adamw.json,3723,2026-07-20T10:45:46.765223+00:00,1e6b836c7afda91150812d7ffba0a01bca65a4c045897e229b624dc3eb56fe40
results/raw/runs/1d_shallowwater/aaf_pinn/seed_2026/metrics_final.json,3723,2026-07-20T10:45:46.753223+00:00,1e6b836c7afda91150812d7ffba0a01bca65a4c045897e229b624dc3eb56fe40
results/raw/runs/1d_shallowwater/aaf_pinn/seed_2026/model_adamw_final.pt,340629,2026-07-20T10:45:46.769222+00:00,3b24794b8c114ba19b4460bac2926ab0da570e2a7961084633badb1a2dc6a5c9
results/raw/runs/1d_shallowwater/aaf_pinn/seed_2026/model_final.pt,340463,2026-07-20T10:45:46.757223+00:00,6fdcf7ffbeaa40f0b1d06e14ea0e487d6b47a8fe08af7f1f7fd95719c0e254ac
results/raw/runs/1d_shallowwater/aaf_pinn/seed_2026/predictions/predict_grid.npz,709011,2026-07-03T04:34:03.448907+00:00,2cd69b72a063e89573d52bb64780e9cf25286f095f472851207ae56fa523db12
results/raw/runs/1d_shallowwater/aaf_pinn/seed_2026/predictions/prediction_info.json,49,2026-07-03T04:34:03.448907+00:00,b42bd2b569d036f20241bf0507f2d54b75236a938104a9c60f75c35520ae8ca9
results/raw/runs/1d_shallowwater/aaf_pinn/seed_2026/status.json,103,2026-07-03T04:34:03.452907+00:00,bc8790024c9b9835ef8709345a6bd47d2c3d47faeb33fc07008658cc6950622a
results/raw/runs/1d_shallowwater/aaf_pinn/seed_31415/_SUCCESS,8,2026-07-03T05:03:54.863462+00:00,81b2bd4ea98c8db66554fbc8d7637a1a69a130f331feb732b75caab4c4868fd5
results/raw/runs/1d_shallowwater/aaf_pinn/seed_31415/config.json,1229,2026-07-03T04:56:25.356815+00:00,449cdc982cd316556779027d69840a90123de9c30e1e55eb2de086ec11d94576
results/raw/runs/1d_shallowwater/aaf_pinn/seed_31415/diagnostics/aaf_activation_history.csv,38952,2026-07-03T05:03:54.863462+00:00,7360f9194f3371d2aa8b8f5768128c6325b12daecb7537c10dda61d17fc4433e
results/raw/runs/1d_shallowwater/aaf_pinn/seed_31415/diagnostics/aaf_final_state.pt,1091,2026-07-03T05:03:54.863462+00:00,4abfa35bea2a44b3120be85d8913abc0f328a301cd217b885c026a16d3ad7bd8
results/raw/runs/1d_shallowwater/aaf_pinn/seed_31415/diagnostics/aaf_settings.json,301,2026-07-03T05:03:54.863462+00:00,b62a30712f27126d7203396daa6d4c52a8180ae3b67db3df52b228a75d949a28
results/raw/runs/1d_shallowwater/aaf_pinn/seed_31415/env.json,244,2026-07-03T04:56:25.356815+00:00,3ea9611b4a501b9d8258401458ea7fbd12107e673f8ddeac71518e0ffecb3269
results/raw/runs/1d_shallowwater/aaf_pinn/seed_31415/history.csv,38952,2026-07-03T05:03:54.667463+00:00,7360f9194f3371d2aa8b8f5768128c6325b12daecb7537c10dda61d17fc4433e
results/raw/runs/1d_shallowwater/aaf_pinn/seed_31415/method.json,528,2026-07-03T04:56:25.356815+00:00,bbc1fade3e79c7bd5357e9a0399a893ccd525e3f7fa125a1f6a9b95007c5983c
results/raw/runs/1d_shallowwater/aaf_pinn/seed_31415/metrics_adamw.json,3711,2026-07-20T10:45:46.785223+00:00,d1924cdee26d4e315ac6f09187dc0e58d62733bfea7c0c3e527481bb9a766139
results/raw/runs/1d_shallowwater/aaf_pinn/seed_31415/metrics_final.json,3711,2026-07-20T10:45:46.773223+00:00,d1924cdee26d4e315ac6f09187dc0e58d62733bfea7c0c3e527481bb9a766139
results/raw/runs/1d_shallowwater/aaf_pinn/seed_31415/model_adamw_final.pt,340629,2026-07-20T10:45:46.789222+00:00,71fb60d93b735562569550108f0d8a99e9c23e8aae76c3cb61eac7407e6c1adf
results/raw/runs/1d_shallowwater/aaf_pinn/seed_31415/model_final.pt,340463,2026-07-20T10:45:46.777223+00:00,2279ad13cc6e5958108bf4092ae44f9162773a02d51dc3890fbf3eea3a33b097
results/raw/runs/1d_shallowwater/aaf_pinn/seed_31415/predictions/predict_grid.npz,681848,2026-07-03T05:03:54.855462+00:00,4adfbc412fbc51a68fa831a6763bd54b17b58be4163cbbad9b32df1b9b4b82df
results/raw/runs/1d_shallowwater/aaf_pinn/seed_31415/predictions/prediction_info.json,49,2026-07-03T05:03:54.855462+00:00,b42bd2b569d036f20241bf0507f2d54b75236a938104a9c60f75c35520ae8ca9
results/raw/runs/1d_shallowwater/aaf_pinn/seed_31415/status.json,104,2026-07-03T05:03:54.863462+00:00,6dd1dc34f13b306961c61b24ce29180bd6bf3fe40d9d1dfa423b7aacef19992d
results/raw/runs/1d_shallowwater/aaf_pinn/seed_42/_SUCCESS,8,2026-07-03T04:48:57.557828+00:00,81b2bd4ea98c8db66554fbc8d7637a1a69a130f331feb732b75caab4c4868fd5
results/raw/runs/1d_shallowwater/aaf_pinn/seed_42/config.json,1223,2026-07-03T04:41:28.522033+00:00,f7f54e62e96cf7872492253343ba3a742a2e6249c18522d4858966beb50f828a
results/raw/runs/1d_shallowwater/aaf_pinn/seed_42/diagnostics/aaf_activation_history.csv,38972,2026-07-03T04:48:57.557828+00:00,00cec25e89773f057cbf3a2b9d1b28d7e5aa43454f25aa567a478bb8c47687f9
results/raw/runs/1d_shallowwater/aaf_pinn/seed_42/diagnostics/aaf_final_state.pt,1091,2026-07-03T04:48:57.557828+00:00,59b4669cdff2702e775a74b4c78ffb67e79aac8b28c7acdc039b3f95c0078020
results/raw/runs/1d_shallowwater/aaf_pinn/seed_42/diagnostics/aaf_settings.json,303,2026-07-03T04:48:57.557828+00:00,4c3f26b5c682c913579a514af2695bbc05c6ca85cdbfc271b7c666d547e34c61
results/raw/runs/1d_shallowwater/aaf_pinn/seed_42/env.json,244,2026-07-03T04:41:28.522033+00:00,3ea9611b4a501b9d8258401458ea7fbd12107e673f8ddeac71518e0ffecb3269
results/raw/runs/1d_shallowwater/aaf_pinn/seed_42/history.csv,38972,2026-07-03T04:48:57.405828+00:00,00cec25e89773f057cbf3a2b9d1b28d7e5aa43454f25aa567a478bb8c47687f9
results/raw/runs/1d_shallowwater/aaf_pinn/seed_42/method.json,528,2026-07-03T04:41:28.522033+00:00,bbc1fade3e79c7bd5357e9a0399a893ccd525e3f7fa125a1f6a9b95007c5983c
results/raw/runs/1d_shallowwater/aaf_pinn/seed_42/metrics_adamw.json,3731,2026-07-20T10:45:46.805223+00:00,45fae03867984725e7891d334eef6ded6f12eae32e946d2c85208d00b255d9d3
results/raw/runs/1d_shallowwater/aaf_pinn/seed_42/metrics_final.json,3731,2026-07-20T10:45:46.797222+00:00,45fae03867984725e7891d334eef6ded6f12eae32e946d2c85208d00b255d9d3
results/raw/runs/1d_shallowwater/aaf_pinn/seed_42/model_adamw_final.pt,340629,2026-07-20T10:45:46.809222+00:00,8879705de1e2c27d1afb0714436594a1d4ebcb4142a5eab581f2d481dd5a290c
results/raw/runs/1d_shallowwater/aaf_pinn/seed_42/model_final.pt,340463,2026-07-20T10:45:46.797222+00:00,ed95f5cd7f2ea3da503e4a8d24659f5edbfdfd3c239532bbf504f692d900e14b
results/raw/runs/1d_shallowwater/aaf_pinn/seed_42/predictions/predict_grid.npz,704423,2026-07-03T04:48:57.553828+00:00,c289036f65f4c647e03863321b10febe15353418111c2f45ec0cbb3f5d59dfae
results/raw/runs/1d_shallowwater/aaf_pinn/seed_42/predictions/prediction_info.json,49,2026-07-03T04:48:57.553828+00:00,b42bd2b569d036f20241bf0507f2d54b75236a938104a9c60f75c35520ae8ca9
results/raw/runs/1d_shallowwater/aaf_pinn/seed_42/status.json,102,2026-07-03T04:48:57.557828+00:00,84acc8d9b68716c16c379f81f69647c10280748f98231aea491e3ade44632cba
results/raw/runs/1d_shallowwater/aaf_pinn/seed_7/_SUCCESS,8,2026-07-03T04:41:28.238033+00:00,81b2bd4ea98c8db66554fbc8d7637a1a69a130f331feb732b75caab4c4868fd5
results/raw/runs/1d_shallowwater/aaf_pinn/seed_7/config.json,1221,2026-07-03T04:34:03.628906+00:00,b8c85c67dcf3f03692ebe6810b816748bf2592406db13f503b50b82734df8d41
results/raw/runs/1d_shallowwater/aaf_pinn/seed_7/diagnostics/aaf_activation_history.csv,38933,2026-07-03T04:41:28.238033+00:00,897a9694c41fe16c01ee040930e6edf7e5c954a69c0c7aa454f7e255b6792ae4
results/raw/runs/1d_shallowwater/aaf_pinn/seed_7/diagnostics/aaf_final_state.pt,1091,2026-07-03T04:41:28.238033+00:00,f74f48501abf4c44a6e6e31b69ec5911b2d2653f7cb8c2353cd6a1ed30be49a0
results/raw/runs/1d_shallowwater/aaf_pinn/seed_7/diagnostics/aaf_settings.json,303,2026-07-03T04:41:28.238033+00:00,124ee7bb9c8a7b7e961ef4d7121bb564425433cabb40d3b603b85fa30a05ab4b
results/raw/runs/1d_shallowwater/aaf_pinn/seed_7/env.json,244,2026-07-03T04:34:03.628906+00:00,3ea9611b4a501b9d8258401458ea7fbd12107e673f8ddeac71518e0ffecb3269
results/raw/runs/1d_shallowwater/aaf_pinn/seed_7/history.csv,38933,2026-07-03T04:41:28.082032+00:00,897a9694c41fe16c01ee040930e6edf7e5c954a69c0c7aa454f7e255b6792ae4
results/raw/runs/1d_shallowwater/aaf_pinn/seed_7/method.json,528,2026-07-03T04:34:03.628906+00:00,bbc1fade3e79c7bd5357e9a0399a893ccd525e3f7fa125a1f6a9b95007c5983c
results/raw/runs/1d_shallowwater/aaf_pinn/seed_7/metrics_adamw.json,3711,2026-07-20T10:45:46.825222+00:00,12f5fba10300633904a99f86abcdae8a91fd836cdbb47526e616588cd42d6270
results/raw/runs/1d_shallowwater/aaf_pinn/seed_7/metrics_final.json,3711,2026-07-20T10:45:46.817222+00:00,12f5fba10300633904a99f86abcdae8a91fd836cdbb47526e616588cd42d6270
results/raw/runs/1d_shallowwater/aaf_pinn/seed_7/model_adamw_final.pt,340629,2026-07-20T10:45:46.829222+00:00,135ffe5b46bac83e1a8c0d22acad2f668678858688a0778b398ab9a607240789
results/raw/runs/1d_shallowwater/aaf_pinn/seed_7/model_final.pt,340463,2026-07-20T10:45:46.817222+00:00,5db5342747b7e08aca8e59bbe4e0a3971891c45a79266d66c923585827258aaa
results/raw/runs/1d_shallowwater/aaf_pinn/seed_7/predictions/predict_grid.npz,684874,2026-07-03T04:41:28.234033+00:00,a2cd6282d88db552d605672b14e32b16f78d7790fa3043cfa8bc9dc11a385158
results/raw/runs/1d_shallowwater/aaf_pinn/seed_7/predictions/prediction_info.json,49,2026-07-03T04:41:28.234033+00:00,b42bd2b569d036f20241bf0507f2d54b75236a938104a9c60f75c35520ae8ca9
results/raw/runs/1d_shallowwater/aaf_pinn/seed_7/status.json,104,2026-07-03T04:41:28.238033+00:00,fd0568be8f7275823f080855015b155913a92ebc3a69e9caa222b58d8ff4551c
results/raw/runs/1d_shallowwater/cpinn/seed_100/_SUCCESS,8,2026-07-04T06:06:22.818234+00:00,81b2bd4ea98c8db66554fbc8d7637a1a69a130f331feb732b75caab4c4868fd5
results/raw/runs/1d_shallowwater/cpinn/seed_100/config.json,1222,2026-07-04T05:49:15.021953+00:00,ebb6d7a6e8e072807260a163491ffa49ab89ef5e2c5324e5b7e492598e82ea16
results/raw/runs/1d_shallowwater/cpinn/seed_100/diagnostics/cpinn_interface_history.csv,18073,2026-07-04T06:06:22.810234+00:00,ee583258872f63d9dad6d39c990fdf75e763a3a82296ab7d7c886f0f20445095
results/raw/runs/1d_shallowwater/cpinn/seed_100/diagnostics/cpinn_interface_points.npz,4117,2026-07-04T06:06:22.814234+00:00,9a26dea76f3950fcc94cebd1292e15773f47526ae4fa4e1a2adec5b9c862bfe3
results/raw/runs/1d_shallowwater/cpinn/seed_100/diagnostics/cpinn_interface_points_meta.json,146,2026-07-04T06:06:22.814234+00:00,91f7c5ee718b6966e657435e575ab8a42da13c33c7425632c8fc9497355dfaf1
results/raw/runs/1d_shallowwater/cpinn/seed_100/diagnostics/cpinn_loss_history.csv,58233,2026-07-04T06:06:22.810234+00:00,2fc6c521614b84cdb0d6f5f1677a9abd523ac406dd624085843511d164bfc6e5
results/raw/runs/1d_shallowwater/cpinn/seed_100/diagnostics/cpinn_subdomain_config.json,851,2026-07-04T06:06:22.810234+00:00,0d39b93d34661cefd3da29388cd63951f68fe7c14206ef60d2385b79dbbabeea
results/raw/runs/1d_shallowwater/cpinn/seed_100/diagnostics/cpinn_submodel_state_dicts.pt,676651,2026-07-04T06:06:22.814234+00:00,dfaf3e9f94c037892596d662ac4f51f5b0d12ab07885bffc9448c83202a00512
results/raw/runs/1d_shallowwater/cpinn/seed_100/env.json,244,2026-07-04T05:49:15.021953+00:00,3ea9611b4a501b9d8258401458ea7fbd12107e673f8ddeac71518e0ffecb3269
results/raw/runs/1d_shallowwater/cpinn/seed_100/history.csv,58233,2026-07-04T06:06:22.666234+00:00,2fc6c521614b84cdb0d6f5f1677a9abd523ac406dd624085843511d164bfc6e5
results/raw/runs/1d_shallowwater/cpinn/seed_100/method.json,927,2026-07-04T05:49:15.021953+00:00,74b323605dce94ebcab291e30483be7eeede8f6ec841c151d650dd2941bc2bad
results/raw/runs/1d_shallowwater/cpinn/seed_100/metrics_adamw.json,3935,2026-07-20T10:45:46.849222+00:00,00c42fb836f21b051c84d4299bc607b8fb2c47e88bd3cdd3778ade1cad66cd79
results/raw/runs/1d_shallowwater/cpinn/seed_100/metrics_final.json,3935,2026-07-20T10:45:46.837222+00:00,00c42fb836f21b051c84d4299bc607b8fb2c47e88bd3cdd3778ade1cad66cd79
results/raw/runs/1d_shallowwater/cpinn/seed_100/model_adamw_final.pt,679275,2026-07-20T10:45:46.853222+00:00,9201c7e8d72c6f6f48a22f7453599ee45aa075bf8a539cf67b730c6d45252260
results/raw/runs/1d_shallowwater/cpinn/seed_100/model_final.pt,679083,2026-07-20T10:45:46.841222+00:00,211e6c4da5fdf9513edb00a51337c0e3bf9971fa2f0557b47b2537d88a6d2912
results/raw/runs/1d_shallowwater/cpinn/seed_100/predictions/predict_grid.npz,742074,2026-07-04T06:06:22.806234+00:00,a74f782500778cae64c5ff1f7cb2b267c825739b1ed7bfe641de9bbd42e8a59b
results/raw/runs/1d_shallowwater/cpinn/seed_100/predictions/prediction_info.json,49,2026-07-04T06:06:22.806234+00:00,b42bd2b569d036f20241bf0507f2d54b75236a938104a9c60f75c35520ae8ca9
results/raw/runs/1d_shallowwater/cpinn/seed_100/status.json,103,2026-07-04T06:06:22.814234+00:00,c338450cd4a79f22911aa1008d3d2b0d2cb60e302ccf4e76953cfa68f36f0a29
results/raw/runs/1d_shallowwater/cpinn/seed_2026/_SUCCESS,8,2026-07-04T05:14:51.852019+00:00,81b2bd4ea98c8db66554fbc8d7637a1a69a130f331feb732b75caab4c4868fd5
results/raw/runs/1d_shallowwater/cpinn/seed_2026/config.json,1224,2026-07-04T04:57:45.229347+00:00,320df13fcd27c95a7084035b91f45c61797c8ec8598b8b5272b5fb19854d6524
results/raw/runs/1d_shallowwater/cpinn/seed_2026/diagnostics/cpinn_interface_history.csv,18052,2026-07-04T05:14:51.848019+00:00,e284e4be73d92ed6ae77321aa7abaa36a55b592024287842962160ae5579c6fd
results/raw/runs/1d_shallowwater/cpinn/seed_2026/diagnostics/cpinn_interface_points.npz,4109,2026-07-04T05:14:51.848019+00:00,44c2084ebd78269b0699df5fbdac431e509e1a0bca96e9de5fcbd0b2b8a93086
results/raw/runs/1d_shallowwater/cpinn/seed_2026/diagnostics/cpinn_interface_points_meta.json,146,2026-07-04T05:14:51.848019+00:00,91f7c5ee718b6966e657435e575ab8a42da13c33c7425632c8fc9497355dfaf1
results/raw/runs/1d_shallowwater/cpinn/seed_2026/diagnostics/cpinn_loss_history.csv,58171,2026-07-04T05:14:51.848019+00:00,d9aeb9728a752e01e58479055388138c7862c7d4069c54a6c118d80302602437
results/raw/runs/1d_shallowwater/cpinn/seed_2026/diagnostics/cpinn_subdomain_config.json,849,2026-07-04T05:14:51.848019+00:00,5dd683fc69f8898b1eae447f360defd065db133f1bfe4ba48c20cc92e7c4b673
results/raw/runs/1d_shallowwater/cpinn/seed_2026/diagnostics/cpinn_submodel_state_dicts.pt,676651,2026-07-04T05:14:51.852019+00:00,4b98251ae9fa1406a78b1201952a8f35001b8eb1870dafd32750cec9ba46ebc9
results/raw/runs/1d_shallowwater/cpinn/seed_2026/env.json,244,2026-07-04T04:57:45.233347+00:00,3ea9611b4a501b9d8258401458ea7fbd12107e673f8ddeac71518e0ffecb3269
results/raw/runs/1d_shallowwater/cpinn/seed_2026/history.csv,58171,2026-07-04T05:14:51.712020+00:00,d9aeb9728a752e01e58479055388138c7862c7d4069c54a6c118d80302602437
results/raw/runs/1d_shallowwater/cpinn/seed_2026/method.json,927,2026-07-04T04:57:45.229347+00:00,74b323605dce94ebcab291e30483be7eeede8f6ec841c151d650dd2941bc2bad
results/raw/runs/1d_shallowwater/cpinn/seed_2026/metrics_adamw.json,3947,2026-07-20T10:45:46.877222+00:00,8f6863943aa0385038f00acb00e3d57c7076cb938c9bbbdf539cc4969d41815f
results/raw/runs/1d_shallowwater/cpinn/seed_2026/metrics_final.json,3947,2026-07-20T10:45:46.865222+00:00,8f6863943aa0385038f00acb00e3d57c7076cb938c9bbbdf539cc4969d41815f
results/raw/runs/1d_shallowwater/cpinn/seed_2026/model_adamw_final.pt,679275,2026-07-20T10:45:46.881222+00:00,9e7c59878f12791b7e52f500e14f8afd693de6e9b8e3d59c8d179b153373898e
results/raw/runs/1d_shallowwater/cpinn/seed_2026/model_final.pt,679083,2026-07-20T10:45:46.869222+00:00,dcf4960a1f8a19d94f1bb8180351341604c2e9d05ed61b90d9b8eda23156d146
results/raw/runs/1d_shallowwater/cpinn/seed_2026/predictions/predict_grid.npz,736062,2026-07-04T05:14:51.840019+00:00,df641e1094c295e5756b343cbe54e46d24f2e5f0ab372e081bd2573f46d6d89d
results/raw/runs/1d_shallowwater/cpinn/seed_2026/predictions/prediction_info.json,49,2026-07-04T05:14:51.840019+00:00,b42bd2b569d036f20241bf0507f2d54b75236a938104a9c60f75c35520ae8ca9
results/raw/runs/1d_shallowwater/cpinn/seed_2026/status.json,103,2026-07-04T05:14:51.852019+00:00,b260429eacdd36c3168ca0488170243a8a0cb20434dcfbab1e6cf1aceef0e857
results/raw/runs/1d_shallowwater/cpinn/seed_31415/_SUCCESS,8,2026-07-04T06:21:51.763284+00:00,81b2bd4ea98c8db66554fbc8d7637a1a69a130f331feb732b75caab4c4868fd5
results/raw/runs/1d_shallowwater/cpinn/seed_31415/config.json,1226,2026-07-04T06:06:22.990233+00:00,62215c133bd08a527d5685492c08872361b43fc3523d86b5f0acba13e98e9f8b
results/raw/runs/1d_shallowwater/cpinn/seed_31415/diagnostics/cpinn_interface_history.csv,18060,2026-07-04T06:21:51.759284+00:00,a474717fac3136a0d7453b55d6cede87dff38b6eee263b1e49b9009af948eb40
results/raw/runs/1d_shallowwater/cpinn/seed_31415/diagnostics/cpinn_interface_points.npz,4111,2026-07-04T06:21:51.759284+00:00,0f2e9c6dc171d931a60994dcd99f6bf9142958f07190c0cd7765706245a37dd9
results/raw/runs/1d_shallowwater/cpinn/seed_31415/diagnostics/cpinn_interface_points_meta.json,146,2026-07-04T06:21:51.759284+00:00,91f7c5ee718b6966e657435e575ab8a42da13c33c7425632c8fc9497355dfaf1
results/raw/runs/1d_shallowwater/cpinn/seed_31415/diagnostics/cpinn_loss_history.csv,58176,2026-07-04T06:21:51.759284+00:00,c33f2cb69875fff2178b9f55f475dad2cc854782e06ac4f401d653c92d2ed29a
results/raw/runs/1d_shallowwater/cpinn/seed_31415/diagnostics/cpinn_subdomain_config.json,851,2026-07-04T06:21:51.759284+00:00,1064d9996f5edd087b9895c79882797ac4bd89f8bdcabfd9a3bf0d215e89dbaa
results/raw/runs/1d_shallowwater/cpinn/seed_31415/diagnostics/cpinn_submodel_state_dicts.pt,676651,2026-07-04T06:21:51.763284+00:00,c71ba853b1d3cd794d161179812dd941663d9673e0baa0190d4136fd3f29008c
results/raw/runs/1d_shallowwater/cpinn/seed_31415/env.json,244,2026-07-04T06:06:22.994233+00:00,3ea9611b4a501b9d8258401458ea7fbd12107e673f8ddeac71518e0ffecb3269
results/raw/runs/1d_shallowwater/cpinn/seed_31415/history.csv,58176,2026-07-04T06:21:51.591285+00:00,c33f2cb69875fff2178b9f55f475dad2cc854782e06ac4f401d653c92d2ed29a
results/raw/runs/1d_shallowwater/cpinn/seed_31415/method.json,927,2026-07-04T06:06:22.994233+00:00,74b323605dce94ebcab291e30483be7eeede8f6ec841c151d650dd2941bc2bad
results/raw/runs/1d_shallowwater/cpinn/seed_31415/metrics_adamw.json,3943,2026-07-20T10:45:46.905222+00:00,503a86f0f484b177a02b3de412a4cef2736abbd4d95658b147b02c07751fca61
results/raw/runs/1d_shallowwater/cpinn/seed_31415/metrics_final.json,3943,2026-07-20T10:45:46.889222+00:00,503a86f0f484b177a02b3de412a4cef2736abbd4d95658b147b02c07751fca61
results/raw/runs/1d_shallowwater/cpinn/seed_31415/model_adamw_final.pt,679275,2026-07-20T10:45:46.909222+00:00,701e9e67f54a8b6090917e9ea913ae6e58e272ac1fc491d69c398eb51dab9087
results/raw/runs/1d_shallowwater/cpinn/seed_31415/model_final.pt,679083,2026-07-20T10:45:46.897222+00:00,84260a4425f0d6eaaa15dae277ddd1c68bb4a3553bbb6ba22fa9e9080d7c409c
results/raw/runs/1d_shallowwater/cpinn/seed_31415/predictions/predict_grid.npz,707415,2026-07-04T06:21:51.751284+00:00,f4ecfa949036d1cfa325cb0ad833688cff5f127027db6511de084330392b832d
results/raw/runs/1d_shallowwater/cpinn/seed_31415/predictions/prediction_info.json,49,2026-07-04T06:21:51.751284+00:00,b42bd2b569d036f20241bf0507f2d54b75236a938104a9c60f75c35520ae8ca9
results/raw/runs/1d_shallowwater/cpinn/seed_31415/status.json,103,2026-07-04T06:21:51.763284+00:00,a3d6eda8d79f27a53b7474e7eb7992fb7f9a48665d2a7748af9114f36eaa2ba4
results/raw/runs/1d_shallowwater/cpinn/seed_42/_SUCCESS,8,2026-07-04T05:49:14.737954+00:00,81b2bd4ea98c8db66554fbc8d7637a1a69a130f331feb732b75caab4c4868fd5
results/raw/runs/1d_shallowwater/cpinn/seed_42/config.json,1220,2026-07-04T05:31:56.184127+00:00,17d12cafa82ccf6ac23c0ddedcba8058e70dfe5a616fbfb228ea3148124fe315
results/raw/runs/1d_shallowwater/cpinn/seed_42/diagnostics/cpinn_interface_history.csv,18058,2026-07-04T05:49:14.729954+00:00,62dae6acb420bfad8748aa5e11e8b266a72812195f694dab548285a71652d920
results/raw/runs/1d_shallowwater/cpinn/seed_42/diagnostics/cpinn_interface_points.npz,4120,2026-07-04T05:49:14.733954+00:00,6d919087c51694e1485ca8f03772690d696fcd94268d000a89cccc77d9a51bbb
results/raw/runs/1d_shallowwater/cpinn/seed_42/diagnostics/cpinn_interface_points_meta.json,146,2026-07-04T05:49:14.733954+00:00,91f7c5ee718b6966e657435e575ab8a42da13c33c7425632c8fc9497355dfaf1
results/raw/runs/1d_shallowwater/cpinn/seed_42/diagnostics/cpinn_loss_history.csv,58216,2026-07-04T05:49:14.729954+00:00,fb6f24556e352fea4c2261d2d42a672a672230010eab1bd191db212604c1c0d8
results/raw/runs/1d_shallowwater/cpinn/seed_42/diagnostics/cpinn_subdomain_config.json,850,2026-07-04T05:49:14.733954+00:00,e62ab656cbc3e8333d5449667d2b78841d6026b9950489cc35c8660b821733a9
results/raw/runs/1d_shallowwater/cpinn/seed_42/diagnostics/cpinn_submodel_state_dicts.pt,676651,2026-07-04T05:49:14.737954+00:00,a02b92dcbf1385ed7a03dc88c827743f136fd6e960bbe285362788da4165fa6f
results/raw/runs/1d_shallowwater/cpinn/seed_42/env.json,244,2026-07-04T05:31:56.184127+00:00,3ea9611b4a501b9d8258401458ea7fbd12107e673f8ddeac71518e0ffecb3269
results/raw/runs/1d_shallowwater/cpinn/seed_42/history.csv,58216,2026-07-04T05:49:14.561954+00:00,fb6f24556e352fea4c2261d2d42a672a672230010eab1bd191db212604c1c0d8
results/raw/runs/1d_shallowwater/cpinn/seed_42/method.json,927,2026-07-04T05:31:56.184127+00:00,74b323605dce94ebcab291e30483be7eeede8f6ec841c151d650dd2941bc2bad
results/raw/runs/1d_shallowwater/cpinn/seed_42/metrics_adamw.json,3943,2026-07-20T10:45:46.933222+00:00,76e76d985fb5e3a33a92aa8740fadf4f932391a6f4a1120f230beabf9623e23b
results/raw/runs/1d_shallowwater/cpinn/seed_42/metrics_final.json,3943,2026-07-20T10:45:46.917222+00:00,76e76d985fb5e3a33a92aa8740fadf4f932391a6f4a1120f230beabf9623e23b
results/raw/runs/1d_shallowwater/cpinn/seed_42/model_adamw_final.pt,679275,2026-07-20T10:45:46.937222+00:00,3de140f0913e9e3b34ad956f36505d1fce3f801877964bf4e77146accd8834ef
results/raw/runs/1d_shallowwater/cpinn/seed_42/model_final.pt,679083,2026-07-20T10:45:46.925222+00:00,8706eae1bc009aaca6d233c66cac1fe2ebbc76034ffa4f4113f3aead5a8053ac
results/raw/runs/1d_shallowwater/cpinn/seed_42/predictions/predict_grid.npz,719178,2026-07-04T05:49:14.725954+00:00,d6779b78b852fb323c39602bbc8a5d1749fbe4a5343fc8f29e9a990b86264ed2
results/raw/runs/1d_shallowwater/cpinn/seed_42/predictions/prediction_info.json,49,2026-07-04T05:49:14.725954+00:00,b42bd2b569d036f20241bf0507f2d54b75236a938104a9c60f75c35520ae8ca9
results/raw/runs/1d_shallowwater/cpinn/seed_42/status.json,104,2026-07-04T05:49:14.737954+00:00,121706bc238c1ddeb7de7645fedb681c947ca8acb053d5c1b53cb8f33f9a59e6
results/raw/runs/1d_shallowwater/cpinn/seed_7/_SUCCESS,8,2026-07-04T05:31:56.008127+00:00,81b2bd4ea98c8db66554fbc8d7637a1a69a130f331feb732b75caab4c4868fd5
results/raw/runs/1d_shallowwater/cpinn/seed_7/config.json,1218,2026-07-04T05:14:52.020019+00:00,9153144ca4e3b5b9e7664b60a82bc34c293a0977c85163f2a6927fa8304f22b7
results/raw/runs/1d_shallowwater/cpinn/seed_7/diagnostics/cpinn_interface_history.csv,18065,2026-07-04T05:31:56.004128+00:00,6745fb8c60ca8e11de46542e3c1c557b712dd850cebd0a081b1e4b9f98cfa157
results/raw/runs/1d_shallowwater/cpinn/seed_7/diagnostics/cpinn_interface_points.npz,4111,2026-07-04T05:31:56.004128+00:00,79d2e7890c37adb9df68bf2c81af6371f569324c275cb20c628975bf2684ac68
results/raw/runs/1d_shallowwater/cpinn/seed_7/diagnostics/cpinn_interface_points_meta.json,146,2026-07-04T05:31:56.004128+00:00,91f7c5ee718b6966e657435e575ab8a42da13c33c7425632c8fc9497355dfaf1
results/raw/runs/1d_shallowwater/cpinn/seed_7/diagnostics/cpinn_loss_history.csv,58167,2026-07-04T05:31:56.000128+00:00,58bd8bcf7c69f72eb6372e07e0a224c3366420963d0b99117befe9492d9fe0d5
results/raw/runs/1d_shallowwater/cpinn/seed_7/diagnostics/cpinn_subdomain_config.json,851,2026-07-04T05:31:56.004128+00:00,7669840a016627d4176b6967edb82407bdd1208a21867c4b1aa0b9de0561b1a5
results/raw/runs/1d_shallowwater/cpinn/seed_7/diagnostics/cpinn_submodel_state_dicts.pt,676651,2026-07-04T05:31:56.008127+00:00,8a489388abbd1139ce33d0be30827e99cd50ed37dff01427100578968fc43b63
results/raw/runs/1d_shallowwater/cpinn/seed_7/env.json,244,2026-07-04T05:14:52.020019+00:00,3ea9611b4a501b9d8258401458ea7fbd12107e673f8ddeac71518e0ffecb3269
results/raw/runs/1d_shallowwater/cpinn/seed_7/history.csv,58167,2026-07-04T05:31:55.844128+00:00,58bd8bcf7c69f72eb6372e07e0a224c3366420963d0b99117befe9492d9fe0d5
results/raw/runs/1d_shallowwater/cpinn/seed_7/method.json,927,2026-07-04T05:14:52.020019+00:00,74b323605dce94ebcab291e30483be7eeede8f6ec841c151d650dd2941bc2bad
results/raw/runs/1d_shallowwater/cpinn/seed_7/metrics_adamw.json,3947,2026-07-20T10:45:46.957222+00:00,80b983ca5dc2fb81ce30ab078979b3a888d03234ff734f6dc21d993f98bc6886
results/raw/runs/1d_shallowwater/cpinn/seed_7/metrics_final.json,3947,2026-07-20T10:45:46.945222+00:00,80b983ca5dc2fb81ce30ab078979b3a888d03234ff734f6dc21d993f98bc6886
results/raw/runs/1d_shallowwater/cpinn/seed_7/model_adamw_final.pt,679275,2026-07-20T10:45:46.965222+00:00,225327621aeedf3259700c20b1936fcf95bcab5b7174113623a46838b24e5e23
results/raw/runs/1d_shallowwater/cpinn/seed_7/model_final.pt,679083,2026-07-20T10:45:46.949222+00:00,648a60ea1e69c0720c4bdbee0259bd29996f87575564a0683b7bc0e346ba6acd
results/raw/runs/1d_shallowwater/cpinn/seed_7/predictions/predict_grid.npz,706839,2026-07-04T05:31:55.996128+00:00,e79813372a758ddaf745b498e3c6f3278d6b87fad941119eb0e5565da17e1333
results/raw/runs/1d_shallowwater/cpinn/seed_7/predictions/prediction_info.json,49,2026-07-04T05:31:55.996128+00:00,b42bd2b569d036f20241bf0507f2d54b75236a938104a9c60f75c35520ae8ca9
results/raw/runs/1d_shallowwater/cpinn/seed_7/status.json,104,2026-07-04T05:31:56.008127+00:00,c3462901e6cb6cb7248d2fea3d95f16b2c2cfd9f5575151b141fd918bb296522
results/raw/runs/1d_shallowwater/gpinn_subsampled/seed_100/_SUCCESS,8,2026-07-02T13:39:40.183962+00:00,81b2bd4ea98c8db66554fbc8d7637a1a69a130f331feb732b75caab4c4868fd5
results/raw/runs/1d_shallowwater/gpinn_subsampled/seed_100/config.json,1233,2026-07-02T13:12:16.809602+00:00,59ae557c3113bc0736df6daac786eeeb8657ba93119a3bbdab1f8f30d72ef8ad
results/raw/runs/1d_shallowwater/gpinn_subsampled/seed_100/diagnostics/gpinn_gradient_history.csv,46452,2026-07-02T13:39:40.179962+00:00,348904634b34c39b51e4b1205a1c33ef958c4ec19ad2a7e94d252d3464384810
results/raw/runs/1d_shallowwater/gpinn_subsampled/seed_100/diagnostics/gpinn_gradient_stats.csv,18232,2026-07-02T13:39:40.183962+00:00,2d7b461fcfe4d46f5024ff937b6034b49efd7e6f1c271e2a5e329256081b043e
results/raw/runs/1d_shallowwater/gpinn_subsampled/seed_100/diagnostics/gpinn_settings.json,409,2026-07-02T13:39:40.179962+00:00,50e0971f1b101d25d5c6ff6a19530e75b0a5d1239d39bc484a2e80ed3ca4eeb6
results/raw/runs/1d_shallowwater/gpinn_subsampled/seed_100/env.json,244,2026-07-02T13:12:16.809602+00:00,3ea9611b4a501b9d8258401458ea7fbd12107e673f8ddeac71518e0ffecb3269
results/raw/runs/1d_shallowwater/gpinn_subsampled/seed_100/history.csv,46452,2026-07-02T13:39:40.023963+00:00,348904634b34c39b51e4b1205a1c33ef958c4ec19ad2a7e94d252d3464384810
results/raw/runs/1d_shallowwater/gpinn_subsampled/seed_100/method.json,488,2026-07-02T13:12:16.809602+00:00,a9943874dda444ac49a2fe0f214193fc761a7076b054e3b2fb803e61738b1ff3
results/raw/runs/1d_shallowwater/gpinn_subsampled/seed_100/metrics_adamw.json,3766,2026-07-20T10:45:46.981222+00:00,37a5cb21320942a047301d3b3fbfb8c9b72fdb59748fb36059bf66c38db0e396
results/raw/runs/1d_shallowwater/gpinn_subsampled/seed_100/metrics_final.json,3766,2026-07-20T10:45:46.973222+00:00,37a5cb21320942a047301d3b3fbfb8c9b72fdb59748fb36059bf66c38db0e396
results/raw/runs/1d_shallowwater/gpinn_subsampled/seed_100/model_adamw_final.pt,340363,2026-07-20T10:45:46.985222+00:00,d850561d14e9fea6106f11073e5be5c44d4d04437b7bfe7a7417344b798701dd
results/raw/runs/1d_shallowwater/gpinn_subsampled/seed_100/model_final.pt,340267,2026-07-20T10:45:46.977221+00:00,0e56f813bb7564a5f03f9c6cb5c4cd692956ee0d9f12b26e30d6fc0adda64cce
results/raw/runs/1d_shallowwater/gpinn_subsampled/seed_100/predictions/predict_grid.npz,740800,2026-07-02T13:39:40.171962+00:00,2abe46a1e4a248c64f1c89f48610f50e6170a5274d497e8508c3afd0726e190d
results/raw/runs/1d_shallowwater/gpinn_subsampled/seed_100/predictions/prediction_info.json,49,2026-07-02T13:39:40.171962+00:00,b42bd2b569d036f20241bf0507f2d54b75236a938104a9c60f75c35520ae8ca9
results/raw/runs/1d_shallowwater/gpinn_subsampled/seed_100/status.json,103,2026-07-02T13:39:40.183962+00:00,9c88273ce1eea9dae9f480c7946601b854a7e3c508cddc42e9748d3eddb4ea15
results/raw/runs/1d_shallowwater/gpinn_subsampled/seed_2026/_SUCCESS,8,2026-07-02T12:17:46.074077+00:00,81b2bd4ea98c8db66554fbc8d7637a1a69a130f331feb732b75caab4c4868fd5
results/raw/runs/1d_shallowwater/gpinn_subsampled/seed_2026/config.json,1235,2026-07-02T11:43:20.598690+00:00,38ab5bee2296884f3ed40bdf74cd8c75bb15126f75753cea188afb2814a276c0
results/raw/runs/1d_shallowwater/gpinn_subsampled/seed_2026/diagnostics/gpinn_gradient_history.csv,46447,2026-07-02T12:17:46.066077+00:00,0e908f8e8727ed4a9f82318c4b599301f09b7c61e72d260a8cd75a7566838603
results/raw/runs/1d_shallowwater/gpinn_subsampled/seed_2026/diagnostics/gpinn_gradient_stats.csv,18238,2026-07-02T12:17:46.074077+00:00,aa3b4dcbc6fc1c4975b25eed694ec69749cab04ec2510cf9c627803a062d7f13
results/raw/runs/1d_shallowwater/gpinn_subsampled/seed_2026/diagnostics/gpinn_settings.json,409,2026-07-02T12:17:46.066077+00:00,50e0971f1b101d25d5c6ff6a19530e75b0a5d1239d39bc484a2e80ed3ca4eeb6
results/raw/runs/1d_shallowwater/gpinn_subsampled/seed_2026/env.json,244,2026-07-02T11:43:20.598690+00:00,3ea9611b4a501b9d8258401458ea7fbd12107e673f8ddeac71518e0ffecb3269
results/raw/runs/1d_shallowwater/gpinn_subsampled/seed_2026/history.csv,46447,2026-07-02T12:17:45.894077+00:00,0e908f8e8727ed4a9f82318c4b599301f09b7c61e72d260a8cd75a7566838603
results/raw/runs/1d_shallowwater/gpinn_subsampled/seed_2026/method.json,488,2026-07-02T11:43:20.598690+00:00,a9943874dda444ac49a2fe0f214193fc761a7076b054e3b2fb803e61738b1ff3
results/raw/runs/1d_shallowwater/gpinn_subsampled/seed_2026/metrics_adamw.json,3782,2026-07-20T10:45:47.001221+00:00,47c20bf1ebb3d2620badea37fb3750d77c983cb632cc0833f277ba181e1a33bf
results/raw/runs/1d_shallowwater/gpinn_subsampled/seed_2026/metrics_final.json,3782,2026-07-20T10:45:46.993222+00:00,47c20bf1ebb3d2620badea37fb3750d77c983cb632cc0833f277ba181e1a33bf
results/raw/runs/1d_shallowwater/gpinn_subsampled/seed_2026/model_adamw_final.pt,340363,2026-07-20T10:45:47.005221+00:00,f8f9b59bc6a9698fe276788214bddd2a7d3d901a6adc9c95cb444b2b4fd81a3c
results/raw/runs/1d_shallowwater/gpinn_subsampled/seed_2026/model_final.pt,340267,2026-07-20T10:45:46.997221+00:00,df6b5f478f1aee92057c5d66994825a6d5528f84a7cad8b129d90121e64c5f95
results/raw/runs/1d_shallowwater/gpinn_subsampled/seed_2026/predictions/predict_grid.npz,738428,2026-07-02T12:17:46.058077+00:00,4f3d4a4c501163d8c9fd02673369e894d587115ea11c65067d356f016f6fbc8c
results/raw/runs/1d_shallowwater/gpinn_subsampled/seed_2026/predictions/prediction_info.json,49,2026-07-02T12:17:46.062077+00:00,b42bd2b569d036f20241bf0507f2d54b75236a938104a9c60f75c35520ae8ca9
results/raw/runs/1d_shallowwater/gpinn_subsampled/seed_2026/status.json,104,2026-07-02T12:17:46.074077+00:00,cd8652625e6a320de3abd285ba7e8d0effc82fb466ffbde2050c007b0943a0a0
results/raw/runs/1d_shallowwater/gpinn_subsampled/seed_31415/_SUCCESS,8,2026-07-02T14:07:17.732243+00:00,81b2bd4ea98c8db66554fbc8d7637a1a69a130f331feb732b75caab4c4868fd5
results/raw/runs/1d_shallowwater/gpinn_subsampled/seed_31415/config.json,1237,2026-07-02T13:39:40.343960+00:00,19227b91ab82984f12e2cc43c65b2692111ec959f821781d1a40cd92e0aa1398
results/raw/runs/1d_shallowwater/gpinn_subsampled/seed_31415/diagnostics/gpinn_gradient_history.csv,46454,2026-07-02T14:07:17.728243+00:00,534be5b03151d1dbfc28fb26b8fcafaae9e5b77f57738206bb3992afd4912103
results/raw/runs/1d_shallowwater/gpinn_subsampled/seed_31415/diagnostics/gpinn_gradient_stats.csv,18231,2026-07-02T14:07:17.732243+00:00,b771e83942bee4e4f53f010cddad44486ca3141c23eeb5c6a279ae5640509780
results/raw/runs/1d_shallowwater/gpinn_subsampled/seed_31415/diagnostics/gpinn_settings.json,409,2026-07-02T14:07:17.728243+00:00,50e0971f1b101d25d5c6ff6a19530e75b0a5d1239d39bc484a2e80ed3ca4eeb6
results/raw/runs/1d_shallowwater/gpinn_subsampled/seed_31415/env.json,244,2026-07-02T13:39:40.343960+00:00,3ea9611b4a501b9d8258401458ea7fbd12107e673f8ddeac71518e0ffecb3269
results/raw/runs/1d_shallowwater/gpinn_subsampled/seed_31415/history.csv,46454,2026-07-02T14:07:17.536243+00:00,534be5b03151d1dbfc28fb26b8fcafaae9e5b77f57738206bb3992afd4912103
results/raw/runs/1d_shallowwater/gpinn_subsampled/seed_31415/method.json,488,2026-07-02T13:39:40.343960+00:00,a9943874dda444ac49a2fe0f214193fc761a7076b054e3b2fb803e61738b1ff3
results/raw/runs/1d_shallowwater/gpinn_subsampled/seed_31415/metrics_adamw.json,3791,2026-07-20T10:45:47.021221+00:00,27882f55a528da4149eff50fa0af50529f8373ea326a4a85603d9d1f37d27c02
results/raw/runs/1d_shallowwater/gpinn_subsampled/seed_31415/metrics_final.json,3791,2026-07-20T10:45:47.013222+00:00,27882f55a528da4149eff50fa0af50529f8373ea326a4a85603d9d1f37d27c02
results/raw/runs/1d_shallowwater/gpinn_subsampled/seed_31415/model_adamw_final.pt,340363,2026-07-20T10:45:47.025221+00:00,9811416da05783862bcb13c64cc60733aef193be6bdb1b04e836a24e0715cab0
results/raw/runs/1d_shallowwater/gpinn_subsampled/seed_31415/model_final.pt,340267,2026-07-20T10:45:47.013222+00:00,ec26e8d7fc325298a7d0646835d04e06a6a62519e4155ae9b4c492c9de57111b
results/raw/runs/1d_shallowwater/gpinn_subsampled/seed_31415/predictions/predict_grid.npz,720033,2026-07-02T14:07:17.720243+00:00,8c8cf217c2d8e28390e76548f3658f271b0489d6708e1e72d7495933a4c8fc86
results/raw/runs/1d_shallowwater/gpinn_subsampled/seed_31415/predictions/prediction_info.json,49,2026-07-02T14:07:17.720243+00:00,b42bd2b569d036f20241bf0507f2d54b75236a938104a9c60f75c35520ae8ca9
results/raw/runs/1d_shallowwater/gpinn_subsampled/seed_31415/status.json,104,2026-07-02T14:07:17.732243+00:00,7ea2da8c3c3fdfbeb75b754d097f79aa297747572eb91872c01e3ae5de915258
results/raw/runs/1d_shallowwater/gpinn_subsampled/seed_42/_SUCCESS,8,2026-07-02T13:12:16.657603+00:00,81b2bd4ea98c8db66554fbc8d7637a1a69a130f331feb732b75caab4c4868fd5
results/raw/runs/1d_shallowwater/gpinn_subsampled/seed_42/config.json,1231,2026-07-02T12:45:27.329965+00:00,5ba5828b3303766cdfa1f8b2a78e529cc7f73dbd5c3d9ded919f1b5b6fc35bba
results/raw/runs/1d_shallowwater/gpinn_subsampled/seed_42/diagnostics/gpinn_gradient_history.csv,46433,2026-07-02T13:12:16.653603+00:00,40209d5de466f3eb0b4c8b5cd99b71e6a9cb2e18876be8a3578c482ed446d85d
results/raw/runs/1d_shallowwater/gpinn_subsampled/seed_42/diagnostics/gpinn_gradient_stats.csv,18225,2026-07-02T13:12:16.657603+00:00,a798138b13b3703b5637632a92be00f71d9d36c7cb794b583713bba71b98f9e8
results/raw/runs/1d_shallowwater/gpinn_subsampled/seed_42/diagnostics/gpinn_settings.json,409,2026-07-02T13:12:16.653603+00:00,50e0971f1b101d25d5c6ff6a19530e75b0a5d1239d39bc484a2e80ed3ca4eeb6
results/raw/runs/1d_shallowwater/gpinn_subsampled/seed_42/env.json,244,2026-07-02T12:45:27.333965+00:00,3ea9611b4a501b9d8258401458ea7fbd12107e673f8ddeac71518e0ffecb3269
results/raw/runs/1d_shallowwater/gpinn_subsampled/seed_42/history.csv,46433,2026-07-02T13:12:16.513603+00:00,40209d5de466f3eb0b4c8b5cd99b71e6a9cb2e18876be8a3578c482ed446d85d
results/raw/runs/1d_shallowwater/gpinn_subsampled/seed_42/method.json,488,2026-07-02T12:45:27.333965+00:00,a9943874dda444ac49a2fe0f214193fc761a7076b054e3b2fb803e61738b1ff3
results/raw/runs/1d_shallowwater/gpinn_subsampled/seed_42/metrics_adamw.json,3782,2026-07-20T10:45:47.041221+00:00,44a572ecf30dda7dca8cc112ab6cbe5b77811964bbe78ca022288704d0967023
results/raw/runs/1d_shallowwater/gpinn_subsampled/seed_42/metrics_final.json,3782,2026-07-20T10:45:47.029221+00:00,44a572ecf30dda7dca8cc112ab6cbe5b77811964bbe78ca022288704d0967023
results/raw/runs/1d_shallowwater/gpinn_subsampled/seed_42/model_adamw_final.pt,340363,2026-07-20T10:45:47.041221+00:00,647a22bbac35118380cdf334ab8957ad994a218423e081d1dd225b7e1b57293d
results/raw/runs/1d_shallowwater/gpinn_subsampled/seed_42/model_final.pt,340267,2026-07-20T10:45:47.033221+00:00,25cc3c9f0eb26e8540642cbfa486ea539e5aafd5353e6e85862f91e6874ee492
results/raw/runs/1d_shallowwater/gpinn_subsampled/seed_42/predictions/predict_grid.npz,744088,2026-07-02T13:12:16.649603+00:00,63529c0c76e0ee5d37e3b68b236d440f68b8b2636675cb8f6bf93f8ba3440da7
results/raw/runs/1d_shallowwater/gpinn_subsampled/seed_42/predictions/prediction_info.json,49,2026-07-02T13:12:16.649603+00:00,b42bd2b569d036f20241bf0507f2d54b75236a938104a9c60f75c35520ae8ca9
results/raw/runs/1d_shallowwater/gpinn_subsampled/seed_42/status.json,104,2026-07-02T13:12:16.657603+00:00,452c7573a7cedf4b2ec0ca6bf614b060046bc71147e6a909b8d6a81fc9187550
results/raw/runs/1d_shallowwater/gpinn_subsampled/seed_7/_SUCCESS,8,2026-07-02T12:45:27.173965+00:00,81b2bd4ea98c8db66554fbc8d7637a1a69a130f331feb732b75caab4c4868fd5
results/raw/runs/1d_shallowwater/gpinn_subsampled/seed_7/config.json,1229,2026-07-02T12:17:46.430076+00:00,22c2a4fa6ae6c2c80ac3d37c7f48c528733383ca38e8ff81ea6e0423da89f948
results/raw/runs/1d_shallowwater/gpinn_subsampled/seed_7/diagnostics/gpinn_gradient_history.csv,46469,2026-07-02T12:45:27.173965+00:00,9a63f4080aa12cd5591857a7e49c4c7f122ad7012a5e792c49e53c954beb392b
results/raw/runs/1d_shallowwater/gpinn_subsampled/seed_7/diagnostics/gpinn_gradient_stats.csv,18245,2026-07-02T12:45:27.173965+00:00,cf3e2c7eadae8a69e3c6a4d1a2be63bea68a42cebbc0b76b6e329ffd4a3dd127
results/raw/runs/1d_shallowwater/gpinn_subsampled/seed_7/diagnostics/gpinn_settings.json,409,2026-07-02T12:45:27.173965+00:00,50e0971f1b101d25d5c6ff6a19530e75b0a5d1239d39bc484a2e80ed3ca4eeb6
results/raw/runs/1d_shallowwater/gpinn_subsampled/seed_7/env.json,244,2026-07-02T12:17:46.430076+00:00,3ea9611b4a501b9d8258401458ea7fbd12107e673f8ddeac71518e0ffecb3269
results/raw/runs/1d_shallowwater/gpinn_subsampled/seed_7/history.csv,46469,2026-07-02T12:45:27.049966+00:00,9a63f4080aa12cd5591857a7e49c4c7f122ad7012a5e792c49e53c954beb392b
results/raw/runs/1d_shallowwater/gpinn_subsampled/seed_7/method.json,488,2026-07-02T12:17:46.430076+00:00,a9943874dda444ac49a2fe0f214193fc761a7076b054e3b2fb803e61738b1ff3
results/raw/runs/1d_shallowwater/gpinn_subsampled/seed_7/metrics_adamw.json,3779,2026-07-20T10:45:47.057221+00:00,4a52d3563d1507ef6c1b855f2655d9dbc63c3ad0327af9bae3a141479214834b
results/raw/runs/1d_shallowwater/gpinn_subsampled/seed_7/metrics_final.json,3779,2026-07-20T10:45:47.049221+00:00,4a52d3563d1507ef6c1b855f2655d9dbc63c3ad0327af9bae3a141479214834b
results/raw/runs/1d_shallowwater/gpinn_subsampled/seed_7/model_adamw_final.pt,340363,2026-07-20T10:45:47.061221+00:00,3c91b1a4f58996babd73f08a1999318006f1e18019b2543b2ca0fc87c78cb9c2
results/raw/runs/1d_shallowwater/gpinn_subsampled/seed_7/model_final.pt,340267,2026-07-20T10:45:47.053221+00:00,1c0a9d69e8744ba688bbcbedb0723ae586af9426372896768972a121714bb62f
results/raw/runs/1d_shallowwater/gpinn_subsampled/seed_7/predictions/predict_grid.npz,789033,2026-07-02T12:45:27.165965+00:00,fd7573e56206e8b0a9da18924fd7f21019fe42c84e53d191d18891d4846d1fda
results/raw/runs/1d_shallowwater/gpinn_subsampled/seed_7/predictions/prediction_info.json,49,2026-07-02T12:45:27.165965+00:00,b42bd2b569d036f20241bf0507f2d54b75236a938104a9c60f75c35520ae8ca9
results/raw/runs/1d_shallowwater/gpinn_subsampled/seed_7/status.json,104,2026-07-02T12:45:27.173965+00:00,7a3c148f814af44407f13b3d8e0fbabe5d2cc4f957a30da86d4979da1a08c9ba
results/raw/runs/1d_shallowwater/lra_pinn/seed_100/_SUCCESS,8,2026-07-02T02:03:58.677469+00:00,81b2bd4ea98c8db66554fbc8d7637a1a69a130f331feb732b75caab4c4868fd5
results/raw/runs/1d_shallowwater/lra_pinn/seed_100/config.json,1225,2026-07-02T01:57:37.810216+00:00,43d04ab27da1a62c6a31ea444fe525a69142036d2ea5294f998dd6f94da54a0c
results/raw/runs/1d_shallowwater/lra_pinn/seed_100/diagnostics/lra_final_lambdas.json,324,2026-07-02T02:03:58.677469+00:00,b7808979c9ac923354877bdb524f9018c6c8006c54a54b0f0656d6e67f55594a
results/raw/runs/1d_shallowwater/lra_pinn/seed_100/diagnostics/lra_gradient_stats.csv,5531,2026-07-02T02:03:58.677469+00:00,e2c1bf0cd4e0a1c998dd8d6421ac4a62b4ef153f0c0985a0b61ffffe78ed4e4c
results/raw/runs/1d_shallowwater/lra_pinn/seed_100/diagnostics/lra_lambda_history.csv,5531,2026-07-02T02:03:58.677469+00:00,e2c1bf0cd4e0a1c998dd8d6421ac4a62b4ef153f0c0985a0b61ffffe78ed4e4c
results/raw/runs/1d_shallowwater/lra_pinn/seed_100/env.json,244,2026-07-02T01:57:37.810216+00:00,3ea9611b4a501b9d8258401458ea7fbd12107e673f8ddeac71518e0ffecb3269
results/raw/runs/1d_shallowwater/lra_pinn/seed_100/history.csv,47206,2026-07-02T02:03:58.557470+00:00,2f8b8065069a3ca117a390fe8aa69c12a2470253081d4976ffcc58fcc5ed9082
results/raw/runs/1d_shallowwater/lra_pinn/seed_100/method.json,459,2026-07-02T01:57:37.810216+00:00,ef607cf9703e5f4461366e1c6842e839179b9a8c117b4e2b56f24ce0f650e527
results/raw/runs/1d_shallowwater/lra_pinn/seed_100/metrics_adamw.json,3726,2026-07-20T10:45:47.077221+00:00,9496a13edf4069d812a1fb3567df98f4aaae85e31dabeca92c01b3d1c63ba468
results/raw/runs/1d_shallowwater/lra_pinn/seed_100/metrics_final.json,3726,2026-07-20T10:45:47.069221+00:00,9496a13edf4069d812a1fb3567df98f4aaae85e31dabeca92c01b3d1c63ba468
results/raw/runs/1d_shallowwater/lra_pinn/seed_100/model_adamw_final.pt,340363,2026-07-20T10:45:47.081221+00:00,5066886a6a17a8326c51397693eff6a83da5147375836c4a9746d00467ad99dd
results/raw/runs/1d_shallowwater/lra_pinn/seed_100/model_final.pt,340267,2026-07-20T10:45:47.073221+00:00,5a2ec3b6c862ca713477f3df78c29b75ed51afecc2dfb938a79e96538169333f
results/raw/runs/1d_shallowwater/lra_pinn/seed_100/predictions/predict_grid.npz,772809,2026-07-02T02:03:58.673470+00:00,9aca3eadd371899528c30405b06814c9c0197ed6b84c51f060e28094c3068a23
results/raw/runs/1d_shallowwater/lra_pinn/seed_100/predictions/prediction_info.json,49,2026-07-02T02:03:58.673470+00:00,b42bd2b569d036f20241bf0507f2d54b75236a938104a9c60f75c35520ae8ca9
results/raw/runs/1d_shallowwater/lra_pinn/seed_100/status.json,103,2026-07-02T02:03:58.677469+00:00,8a6fd9aa349159da8a9ce87df623a4fd6c6f6ad92014e816df1074d405ff1bd4
results/raw/runs/1d_shallowwater/lra_pinn/seed_2026/_SUCCESS,8,2026-07-02T01:44:54.530286+00:00,81b2bd4ea98c8db66554fbc8d7637a1a69a130f331feb732b75caab4c4868fd5
results/raw/runs/1d_shallowwater/lra_pinn/seed_2026/config.json,1227,2026-07-02T01:39:13.792726+00:00,e5afb032377c024c22853ef9d5dc1d7942f6327a1a6263a272d0592077e1c166
results/raw/runs/1d_shallowwater/lra_pinn/seed_2026/diagnostics/lra_final_lambdas.json,344,2026-07-02T01:44:54.530286+00:00,0b2c0fdf06567600fad6c12d4766f2a7aabfdd830d2dfc5cb44fb3ce7e8cd2af
results/raw/runs/1d_shallowwater/lra_pinn/seed_2026/diagnostics/lra_gradient_stats.csv,5680,2026-07-02T01:44:54.526286+00:00,a8544728b2e0815a2e327beb5c306f012686e1a561db5fab9d02ec36f556ed81
results/raw/runs/1d_shallowwater/lra_pinn/seed_2026/diagnostics/lra_lambda_history.csv,5680,2026-07-02T01:44:54.526286+00:00,a8544728b2e0815a2e327beb5c306f012686e1a561db5fab9d02ec36f556ed81
results/raw/runs/1d_shallowwater/lra_pinn/seed_2026/env.json,244,2026-07-02T01:39:13.792726+00:00,3ea9611b4a501b9d8258401458ea7fbd12107e673f8ddeac71518e0ffecb3269
results/raw/runs/1d_shallowwater/lra_pinn/seed_2026/history.csv,47580,2026-07-02T01:44:54.402286+00:00,37dcf347f07294e9dafdb2a697ebe16bc3abad049b484cd2a62e0a6169a1a397
results/raw/runs/1d_shallowwater/lra_pinn/seed_2026/method.json,459,2026-07-02T01:39:13.792726+00:00,ef607cf9703e5f4461366e1c6842e839179b9a8c117b4e2b56f24ce0f650e527
results/raw/runs/1d_shallowwater/lra_pinn/seed_2026/metrics_adamw.json,3745,2026-07-20T10:45:47.097221+00:00,331ff5bb95387c0ee0b6427427440f4f2458770bdd0eec386700ae59109aa874
results/raw/runs/1d_shallowwater/lra_pinn/seed_2026/metrics_final.json,3745,2026-07-20T10:45:47.085221+00:00,331ff5bb95387c0ee0b6427427440f4f2458770bdd0eec386700ae59109aa874
results/raw/runs/1d_shallowwater/lra_pinn/seed_2026/model_adamw_final.pt,340363,2026-07-20T10:45:47.097221+00:00,e3e8600297eec9d56a5f8cecc084232bf0b60127ea5e4d1f5d603dbc81f16088
results/raw/runs/1d_shallowwater/lra_pinn/seed_2026/model_final.pt,340267,2026-07-20T10:45:47.089221+00:00,7cb851e1010cc8f3f358d33e1ece808e4c751da0ad1ecf37d1a19ce9c2242a21
results/raw/runs/1d_shallowwater/lra_pinn/seed_2026/predictions/predict_grid.npz,734706,2026-07-02T01:44:54.526286+00:00,f1ede5d08f7226c1e4a918ff8f5d79c623f50057a53fd952c5eda56f49cf521a
results/raw/runs/1d_shallowwater/lra_pinn/seed_2026/predictions/prediction_info.json,49,2026-07-02T01:44:54.526286+00:00,b42bd2b569d036f20241bf0507f2d54b75236a938104a9c60f75c35520ae8ca9
results/raw/runs/1d_shallowwater/lra_pinn/seed_2026/status.json,104,2026-07-02T01:44:54.530286+00:00,7c6a47bbc397ca8c72f716a0b852d34aa4f46a6abe1ff98c1adfd9223e002465
results/raw/runs/1d_shallowwater/lra_pinn/seed_31415/_SUCCESS,8,2026-07-02T02:10:47.088344+00:00,81b2bd4ea98c8db66554fbc8d7637a1a69a130f331feb732b75caab4c4868fd5
results/raw/runs/1d_shallowwater/lra_pinn/seed_31415/config.json,1229,2026-07-02T02:03:58.825469+00:00,4cbd2c6b1413ffe46453a0f228d29017eb2a6c9d5b435ee6a5ec57bc89067001
results/raw/runs/1d_shallowwater/lra_pinn/seed_31415/diagnostics/lra_final_lambdas.json,324,2026-07-02T02:10:47.088344+00:00,f498505083f72291606fd275d235c9349e9ccd77c79c52f8588e500e8a12231d
results/raw/runs/1d_shallowwater/lra_pinn/seed_31415/diagnostics/lra_gradient_stats.csv,5593,2026-07-02T02:10:47.088344+00:00,8d645756b775c65e066c5da193b8ffab3804b867428140d55c19100364b3a5a6
results/raw/runs/1d_shallowwater/lra_pinn/seed_31415/diagnostics/lra_lambda_history.csv,5593,2026-07-02T02:10:47.088344+00:00,8d645756b775c65e066c5da193b8ffab3804b867428140d55c19100364b3a5a6
results/raw/runs/1d_shallowwater/lra_pinn/seed_31415/env.json,244,2026-07-02T02:03:58.825469+00:00,3ea9611b4a501b9d8258401458ea7fbd12107e673f8ddeac71518e0ffecb3269
results/raw/runs/1d_shallowwater/lra_pinn/seed_31415/history.csv,47494,2026-07-02T02:10:46.956347+00:00,b59d2dd1d110962d7cad06f4e4c9ff8e0d48d437d6453f483b4e4e9219f92317
results/raw/runs/1d_shallowwater/lra_pinn/seed_31415/method.json,459,2026-07-02T02:03:58.825469+00:00,ef607cf9703e5f4461366e1c6842e839179b9a8c117b4e2b56f24ce0f650e527
results/raw/runs/1d_shallowwater/lra_pinn/seed_31415/metrics_adamw.json,3756,2026-07-20T10:45:47.113221+00:00,32f592648de4b95f4844009f878ad2bbf1129ddc301d6a2a41993ace6147b9e6
results/raw/runs/1d_shallowwater/lra_pinn/seed_31415/metrics_final.json,3756,2026-07-20T10:45:47.105221+00:00,32f592648de4b95f4844009f878ad2bbf1129ddc301d6a2a41993ace6147b9e6
results/raw/runs/1d_shallowwater/lra_pinn/seed_31415/model_adamw_final.pt,340363,2026-07-20T10:45:47.117221+00:00,43a5c979d631daec843b1e10d1d054c7abe23064271f7b424e525cb5bba974f1
results/raw/runs/1d_shallowwater/lra_pinn/seed_31415/model_final.pt,340267,2026-07-20T10:45:47.109221+00:00,48d40d4689b935caf5103fe3aa1385648d012c54c2324371e9c2726a28842751
results/raw/runs/1d_shallowwater/lra_pinn/seed_31415/predictions/predict_grid.npz,721185,2026-07-02T02:10:47.084344+00:00,2fda08e2de8dfffe521d82889a3552749b942f275f93dc111b7dca55288631e3
results/raw/runs/1d_shallowwater/lra_pinn/seed_31415/predictions/prediction_info.json,49,2026-07-02T02:10:47.084344+00:00,b42bd2b569d036f20241bf0507f2d54b75236a938104a9c60f75c35520ae8ca9
results/raw/runs/1d_shallowwater/lra_pinn/seed_31415/status.json,104,2026-07-02T02:10:47.088344+00:00,d19333d489aa6827aa00bb7f35f6dc96cfbdb80dbc2a5e95cf40d397b6879079
results/raw/runs/1d_shallowwater/lra_pinn/seed_42/_SUCCESS,8,2026-07-02T01:57:37.662216+00:00,81b2bd4ea98c8db66554fbc8d7637a1a69a130f331feb732b75caab4c4868fd5
results/raw/runs/1d_shallowwater/lra_pinn/seed_42/config.json,1223,2026-07-02T01:50:51.638624+00:00,41b6fa5d9b4d237a9538b0b214f4cae21f2a9106ec2af1539eb7691f37fe87e3
results/raw/runs/1d_shallowwater/lra_pinn/seed_42/diagnostics/lra_final_lambdas.json,323,2026-07-02T01:57:37.662216+00:00,d3d1541692618ac86dd5498f2911d11cdc7163e0185a7392dc3c914c01ad3ddd
results/raw/runs/1d_shallowwater/lra_pinn/seed_42/diagnostics/lra_gradient_stats.csv,5556,2026-07-02T01:57:37.662216+00:00,8386ac26ef72242216dd80110c0c3d6fd9c7da7efe37876ffd4abd716eb3d2cf
results/raw/runs/1d_shallowwater/lra_pinn/seed_42/diagnostics/lra_lambda_history.csv,5556,2026-07-02T01:57:37.662216+00:00,8386ac26ef72242216dd80110c0c3d6fd9c7da7efe37876ffd4abd716eb3d2cf
results/raw/runs/1d_shallowwater/lra_pinn/seed_42/env.json,244,2026-07-02T01:50:51.642624+00:00,3ea9611b4a501b9d8258401458ea7fbd12107e673f8ddeac71518e0ffecb3269
results/raw/runs/1d_shallowwater/lra_pinn/seed_42/history.csv,47111,2026-07-02T01:57:37.550217+00:00,0a3e46047ba497372c1c6e08335cc9d96baa0fb7b228670189cf79a80f373714
results/raw/runs/1d_shallowwater/lra_pinn/seed_42/method.json,459,2026-07-02T01:50:51.638624+00:00,ef607cf9703e5f4461366e1c6842e839179b9a8c117b4e2b56f24ce0f650e527
results/raw/runs/1d_shallowwater/lra_pinn/seed_42/metrics_adamw.json,3695,2026-07-20T10:45:47.133221+00:00,9d74f9e06f0fc80bcb1bfcd31df65d7246a86545a9e22eda0094bf1484e1cd6e
results/raw/runs/1d_shallowwater/lra_pinn/seed_42/metrics_final.json,3695,2026-07-20T10:45:47.125221+00:00,9d74f9e06f0fc80bcb1bfcd31df65d7246a86545a9e22eda0094bf1484e1cd6e
results/raw/runs/1d_shallowwater/lra_pinn/seed_42/model_adamw_final.pt,340363,2026-07-20T10:45:47.137221+00:00,6b9bd1489dc98438f9e10a5cfc41c1af867d2f14015782faa34f62ab7d5cead0
results/raw/runs/1d_shallowwater/lra_pinn/seed_42/model_final.pt,340267,2026-07-20T10:45:47.129221+00:00,c857124196943b05b43d766eb558a6e07dc22b894c80793eb3b403fc540314aa
results/raw/runs/1d_shallowwater/lra_pinn/seed_42/predictions/predict_grid.npz,792666,2026-07-02T01:57:37.658216+00:00,012c71076f9061a003fc0e10bb9f3c66e0bffeaeeff0c5c40238131b77352f7d
results/raw/runs/1d_shallowwater/lra_pinn/seed_42/predictions/prediction_info.json,49,2026-07-02T01:57:37.658216+00:00,b42bd2b569d036f20241bf0507f2d54b75236a938104a9c60f75c35520ae8ca9
results/raw/runs/1d_shallowwater/lra_pinn/seed_42/status.json,103,2026-07-02T01:57:37.662216+00:00,a03c04fda4107b12e363dda55a03bf357260a46447398d996f44fe291cad072a
results/raw/runs/1d_shallowwater/lra_pinn/seed_7/_SUCCESS,8,2026-07-02T01:50:51.494624+00:00,81b2bd4ea98c8db66554fbc8d7637a1a69a130f331feb732b75caab4c4868fd5
results/raw/runs/1d_shallowwater/lra_pinn/seed_7/config.json,1221,2026-07-02T01:44:54.674287+00:00,46ed09cc88a4186965f871fdc277475fdc6722f692a578bc560c62e8267c7557
results/raw/runs/1d_shallowwater/lra_pinn/seed_7/diagnostics/lra_final_lambdas.json,344,2026-07-02T01:50:51.494624+00:00,de3a98a2d0ec233d97f25cab6cdfc27bbec1095aa13f45b2f2c8403017999e82
results/raw/runs/1d_shallowwater/lra_pinn/seed_7/diagnostics/lra_gradient_stats.csv,5617,2026-07-02T01:50:51.494624+00:00,aab49203c989ff7e863c5327e9d278426c2491a93727d2486dee761962b1e423
results/raw/runs/1d_shallowwater/lra_pinn/seed_7/diagnostics/lra_lambda_history.csv,5617,2026-07-02T01:50:51.490624+00:00,aab49203c989ff7e863c5327e9d278426c2491a93727d2486dee761962b1e423
results/raw/runs/1d_shallowwater/lra_pinn/seed_7/env.json,244,2026-07-02T01:44:54.678287+00:00,3ea9611b4a501b9d8258401458ea7fbd12107e673f8ddeac71518e0ffecb3269
results/raw/runs/1d_shallowwater/lra_pinn/seed_7/history.csv,47511,2026-07-02T01:50:51.366624+00:00,fc7ead4f081b875111ed233585e947ce05989d1758257e2450c3d4ea4e421623
results/raw/runs/1d_shallowwater/lra_pinn/seed_7/method.json,459,2026-07-02T01:44:54.678287+00:00,ef607cf9703e5f4461366e1c6842e839179b9a8c117b4e2b56f24ce0f650e527
results/raw/runs/1d_shallowwater/lra_pinn/seed_7/metrics_adamw.json,3752,2026-07-20T10:45:47.153221+00:00,2f7b8f55c2a29ae2c5b0ace33df7963d725b804e4ee00d6f1e833c63e0c456ed
results/raw/runs/1d_shallowwater/lra_pinn/seed_7/metrics_final.json,3752,2026-07-20T10:45:47.145221+00:00,2f7b8f55c2a29ae2c5b0ace33df7963d725b804e4ee00d6f1e833c63e0c456ed
results/raw/runs/1d_shallowwater/lra_pinn/seed_7/model_adamw_final.pt,340363,2026-07-20T10:45:47.153221+00:00,59851f2f360ed40e4bc1425d63fdd0027333423b843e12be6d7ff3880bf394b8
results/raw/runs/1d_shallowwater/lra_pinn/seed_7/model_final.pt,340267,2026-07-20T10:45:47.145221+00:00,bf461b6803e46ee57913368fd5ffb6d2913acc1f86c489163bc4c18dbd09309a
results/raw/runs/1d_shallowwater/lra_pinn/seed_7/predictions/predict_grid.npz,786477,2026-07-02T01:50:51.490624+00:00,19b21d818613e0d71575a757b9592119fb774b82cc40ae030debb2c6be0d4855
results/raw/runs/1d_shallowwater/lra_pinn/seed_7/predictions/prediction_info.json,49,2026-07-02T01:50:51.490624+00:00,b42bd2b569d036f20241bf0507f2d54b75236a938104a9c60f75c35520ae8ca9
results/raw/runs/1d_shallowwater/lra_pinn/seed_7/status.json,103,2026-07-02T01:50:51.494624+00:00,c8307e3c3c74643bb7473da6ebc13efa62199f881459f3559906360b6aaa4816
results/raw/runs/1d_shallowwater/ours/seed_100/_SUCCESS,8,2026-07-01T05:57:59.852672+00:00,81b2bd4ea98c8db66554fbc8d7637a1a69a130f331feb732b75caab4c4868fd5
results/raw/runs/1d_shallowwater/ours/seed_100/config.json,1221,2026-07-01T05:53:15.234890+00:00,f3b625c596d8d03b6a1ff9dbbef95a67967c83d0ff7ccbf710d71e446793ff6b
results/raw/runs/1d_shallowwater/ours/seed_100/diagnostics/gate_diagnostics_error.json,111,2026-07-01T05:57:59.852672+00:00,14e76ad54da1bdff01489181ec15e98186e832b5761ab4bfb6220e29cd1bad06
results/raw/runs/1d_shallowwater/ours/seed_100/env.json,244,2026-07-01T05:53:15.234890+00:00,3ea9611b4a501b9d8258401458ea7fbd12107e673f8ddeac71518e0ffecb3269
results/raw/runs/1d_shallowwater/ours/seed_100/history.csv,59670,2026-07-01T05:57:59.728673+00:00,827b46ee3f47d07cbe55c93a3fa1d8e947bac00c120f316fd940dea1b6e5c065
results/raw/runs/1d_shallowwater/ours/seed_100/method.json,321,2026-07-01T05:53:15.234890+00:00,44ba1dbcf819a786164f080cd5672d3eda3af004c03e52820f6d9e56eb38aefa
results/raw/runs/1d_shallowwater/ours/seed_100/metrics_adamw.json,3631,2026-07-20T10:45:47.169221+00:00,05655e2105f117d3cbd47466d4b72492194777ecd5ed0a533381241513389c97
results/raw/runs/1d_shallowwater/ours/seed_100/metrics_final.json,3631,2026-07-20T10:45:47.161221+00:00,05655e2105f117d3cbd47466d4b72492194777ecd5ed0a533381241513389c97
results/raw/runs/1d_shallowwater/ours/seed_100/model_adamw_final.pt,340235,2026-07-20T10:45:47.173221+00:00,bab6bd2f77b81b36b71c819e4b3e75c739afc7ef9f0a65f914c03c132f1d5d0a
results/raw/runs/1d_shallowwater/ours/seed_100/model_final.pt,340139,2026-07-20T10:45:47.165221+00:00,bd2593f81761abf708d935d1588e5d7c0c08f83b832702bc46f1dce764708696
results/raw/runs/1d_shallowwater/ours/seed_100/predictions/predict_grid.npz,752047,2026-07-01T05:57:59.852672+00:00,ba53654debc19c1d384ad1f66ee7e0835b8f9eab720bbe0a9a3992d1856ff4f2
results/raw/runs/1d_shallowwater/ours/seed_100/predictions/prediction_info.json,49,2026-07-01T05:57:59.852672+00:00,b42bd2b569d036f20241bf0507f2d54b75236a938104a9c60f75c35520ae8ca9
results/raw/runs/1d_shallowwater/ours/seed_100/status.json,104,2026-07-01T05:57:59.852672+00:00,8d6cd5495f118b7b21dde390bd73b4bd8a7ae824192a86eec8bef15bc25ca42d
results/raw/runs/1d_shallowwater/ours/seed_2026/_SUCCESS,8,2026-07-01T05:03:48.992230+00:00,81b2bd4ea98c8db66554fbc8d7637a1a69a130f331feb732b75caab4c4868fd5
results/raw/runs/1d_shallowwater/ours/seed_2026/config.json,1223,2026-07-01T04:57:59.585823+00:00,530cd86d5c3b0edce8747d7a2621ec0b11b0dcc5262d93f57f518cac9200b9cc
results/raw/runs/1d_shallowwater/ours/seed_2026/diagnostics/gate_diagnostics_error.json,111,2026-07-01T05:03:48.992230+00:00,14e76ad54da1bdff01489181ec15e98186e832b5761ab4bfb6220e29cd1bad06
results/raw/runs/1d_shallowwater/ours/seed_2026/env.json,244,2026-07-01T04:57:59.585823+00:00,3ea9611b4a501b9d8258401458ea7fbd12107e673f8ddeac71518e0ffecb3269
results/raw/runs/1d_shallowwater/ours/seed_2026/history.csv,59736,2026-07-01T05:03:48.852231+00:00,da0d1f2061f682c9ebccad686cba001eba3d52904bfa92abb87491f116e6058e
results/raw/runs/1d_shallowwater/ours/seed_2026/method.json,321,2026-07-01T04:57:59.585823+00:00,44ba1dbcf819a786164f080cd5672d3eda3af004c03e52820f6d9e56eb38aefa
results/raw/runs/1d_shallowwater/ours/seed_2026/metrics_adamw.json,3645,2026-07-20T10:45:47.189221+00:00,8edd271de24a3ae9dd19bfeb34b6d1512e7b68c43f7f1749e92bb70ef5cf5a49
results/raw/runs/1d_shallowwater/ours/seed_2026/metrics_final.json,3645,2026-07-20T10:45:47.181221+00:00,8edd271de24a3ae9dd19bfeb34b6d1512e7b68c43f7f1749e92bb70ef5cf5a49
results/raw/runs/1d_shallowwater/ours/seed_2026/model_adamw_final.pt,340235,2026-07-20T10:45:47.189221+00:00,bc86860f29fc2e09f63ec5a6d1d89867f55b7d9a449340858909981f1e7c2e0e
results/raw/runs/1d_shallowwater/ours/seed_2026/model_final.pt,340139,2026-07-20T10:45:47.181221+00:00,06ba1b054c0beea258e23238ae4131e1b272d6e3debac8a490ad208b091f3bdb
results/raw/runs/1d_shallowwater/ours/seed_2026/predictions/predict_grid.npz,690143,2026-07-01T05:03:48.992230+00:00,3ce3636ffa695a89a73604297ba294801c7abe36ea6b7c019dbc7c6b4748b0f2
results/raw/runs/1d_shallowwater/ours/seed_2026/predictions/prediction_info.json,49,2026-07-01T05:03:48.992230+00:00,b42bd2b569d036f20241bf0507f2d54b75236a938104a9c60f75c35520ae8ca9
results/raw/runs/1d_shallowwater/ours/seed_2026/status.json,103,2026-07-01T05:03:48.992230+00:00,2d9eeb021fe1a0e283226b60dc86de300794bf622516914b39c5f58ca9018a1d
results/raw/runs/1d_shallowwater/ours/seed_31415/_SUCCESS,8,2026-07-01T06:10:57.667467+00:00,81b2bd4ea98c8db66554fbc8d7637a1a69a130f331feb732b75caab4c4868fd5
results/raw/runs/1d_shallowwater/ours/seed_31415/config.json,1225,2026-07-01T06:04:28.809972+00:00,d8028850f98093ba63ec9e8c09587270c84adf4b37479865058208b55553cced
results/raw/runs/1d_shallowwater/ours/seed_31415/diagnostics/gate_diagnostics_error.json,111,2026-07-01T06:10:57.667467+00:00,14e76ad54da1bdff01489181ec15e98186e832b5761ab4bfb6220e29cd1bad06
results/raw/runs/1d_shallowwater/ours/seed_31415/env.json,244,2026-07-01T06:04:28.809972+00:00,3ea9611b4a501b9d8258401458ea7fbd12107e673f8ddeac71518e0ffecb3269
results/raw/runs/1d_shallowwater/ours/seed_31415/history.csv,59705,2026-07-01T06:10:57.519468+00:00,85375dbd90f4a218cd77c122266b88f0fa413f52cf48a3fea66d58e0b26bd0dc
results/raw/runs/1d_shallowwater/ours/seed_31415/method.json,321,2026-07-01T06:04:28.809972+00:00,44ba1dbcf819a786164f080cd5672d3eda3af004c03e52820f6d9e56eb38aefa
results/raw/runs/1d_shallowwater/ours/seed_31415/metrics_adamw.json,3637,2026-07-20T10:45:47.205220+00:00,4f92a9f170b1b3d8bea34c8dfa74f4972e420620dfdf26007a9412461bace0f0
results/raw/runs/1d_shallowwater/ours/seed_31415/metrics_final.json,3637,2026-07-20T10:45:47.197221+00:00,4f92a9f170b1b3d8bea34c8dfa74f4972e420620dfdf26007a9412461bace0f0
results/raw/runs/1d_shallowwater/ours/seed_31415/model_adamw_final.pt,340235,2026-07-20T10:45:47.209220+00:00,d4817e08adb615425c639d82e47c02e015aab9a611b8e4365383779ec9066f45
results/raw/runs/1d_shallowwater/ours/seed_31415/model_final.pt,340139,2026-07-20T10:45:47.201221+00:00,8cae05cb8a700cb15cb2c15f8adbf3db9d34197cfc23a49ab3d4966ec4da7b17
results/raw/runs/1d_shallowwater/ours/seed_31415/predictions/predict_grid.npz,669568,2026-07-01T06:10:57.667467+00:00,84a0b6740ffb7fcc3a8e8eba1f54a283ce1bf0ae7e8407db00b26f27dc515164
results/raw/runs/1d_shallowwater/ours/seed_31415/predictions/prediction_info.json,49,2026-07-01T06:10:57.667467+00:00,b42bd2b569d036f20241bf0507f2d54b75236a938104a9c60f75c35520ae8ca9
results/raw/runs/1d_shallowwater/ours/seed_31415/status.json,104,2026-07-01T06:10:57.667467+00:00,8106453769cc2a768986330455e471e46bfee994d229435f0fa92c95bb16a5a9
results/raw/runs/1d_shallowwater/ours/seed_42/_SUCCESS,8,2026-07-01T05:47:02.226413+00:00,81b2bd4ea98c8db66554fbc8d7637a1a69a130f331feb732b75caab4c4868fd5
results/raw/runs/1d_shallowwater/ours/seed_42/config.json,1219,2026-07-01T05:40:27.479668+00:00,dd35ab2192b2021b38a1a990a85c6651118ff24cbaa3bea1099fde3f15756396
results/raw/runs/1d_shallowwater/ours/seed_42/diagnostics/gate_diagnostics_error.json,111,2026-07-01T05:47:02.226413+00:00,14e76ad54da1bdff01489181ec15e98186e832b5761ab4bfb6220e29cd1bad06
results/raw/runs/1d_shallowwater/ours/seed_42/env.json,244,2026-07-01T05:40:27.479668+00:00,3ea9611b4a501b9d8258401458ea7fbd12107e673f8ddeac71518e0ffecb3269
results/raw/runs/1d_shallowwater/ours/seed_42/history.csv,59667,2026-07-01T05:47:02.086415+00:00,572101b7592924fec73f8c8196608504b74956b5a9664c1676eac339121c1b92
results/raw/runs/1d_shallowwater/ours/seed_42/method.json,321,2026-07-01T05:40:27.479668+00:00,44ba1dbcf819a786164f080cd5672d3eda3af004c03e52820f6d9e56eb38aefa
results/raw/runs/1d_shallowwater/ours/seed_42/metrics_adamw.json,3640,2026-07-20T10:45:47.225220+00:00,efafcc25e7f0d08aeaef65a5d6df5c2690f33ff78e345ccb99ed6f1ec9c485f8
results/raw/runs/1d_shallowwater/ours/seed_42/metrics_final.json,3640,2026-07-20T10:45:47.217221+00:00,efafcc25e7f0d08aeaef65a5d6df5c2690f33ff78e345ccb99ed6f1ec9c485f8
results/raw/runs/1d_shallowwater/ours/seed_42/model_adamw_final.pt,340235,2026-07-20T10:45:47.229220+00:00,290efa393dd127c92191c90235dd87b7b97b0d81a9c469ca9b79c7febe39549f
results/raw/runs/1d_shallowwater/ours/seed_42/model_final.pt,340139,2026-07-20T10:45:47.217221+00:00,8cc0a14ee0e687294353cd06ba01f971df10455253d2051f9d25a0777142fe3d
results/raw/runs/1d_shallowwater/ours/seed_42/predictions/predict_grid.npz,709913,2026-07-01T05:47:02.222413+00:00,4567afb5c0d5dfc269fc25f05df535b9c4074ab6886d3d262f81117b9f537d27
results/raw/runs/1d_shallowwater/ours/seed_42/predictions/prediction_info.json,49,2026-07-01T05:47:02.222413+00:00,b42bd2b569d036f20241bf0507f2d54b75236a938104a9c60f75c35520ae8ca9
results/raw/runs/1d_shallowwater/ours/seed_42/status.json,103,2026-07-01T05:47:02.226413+00:00,a1b03b493be9206d6f644cc5e5fe1d4a1afbf3936565da5263ddf4bc2c6362ed
results/raw/runs/1d_shallowwater/ours/seed_7/_SUCCESS,8,2026-07-01T05:34:11.342716+00:00,81b2bd4ea98c8db66554fbc8d7637a1a69a130f331feb732b75caab4c4868fd5
results/raw/runs/1d_shallowwater/ours/seed_7/config.json,1217,2026-07-01T05:27:34.603928+00:00,d77bdbbb52d063136a4e86970093e5ef5ab2c0b7d1a7c6ce5faec799f563d10d
results/raw/runs/1d_shallowwater/ours/seed_7/diagnostics/gate_diagnostics_error.json,111,2026-07-01T05:34:11.342716+00:00,14e76ad54da1bdff01489181ec15e98186e832b5761ab4bfb6220e29cd1bad06
results/raw/runs/1d_shallowwater/ours/seed_7/env.json,244,2026-07-01T05:27:34.603928+00:00,3ea9611b4a501b9d8258401458ea7fbd12107e673f8ddeac71518e0ffecb3269
results/raw/runs/1d_shallowwater/ours/seed_7/history.csv,59705,2026-07-01T05:34:11.218717+00:00,2189e3f7f019aa41c2be09811b55a4e204dcdb62abff26b079e729d123835cee
results/raw/runs/1d_shallowwater/ours/seed_7/method.json,321,2026-07-01T05:27:34.603928+00:00,44ba1dbcf819a786164f080cd5672d3eda3af004c03e52820f6d9e56eb38aefa
results/raw/runs/1d_shallowwater/ours/seed_7/metrics_adamw.json,3627,2026-07-20T10:45:47.241220+00:00,fa9a95eef6b02a2e7524924503ee11595b886d623591d3db27efde6bd3423083
results/raw/runs/1d_shallowwater/ours/seed_7/metrics_final.json,3627,2026-07-20T10:45:47.233220+00:00,fa9a95eef6b02a2e7524924503ee11595b886d623591d3db27efde6bd3423083
results/raw/runs/1d_shallowwater/ours/seed_7/model_adamw_final.pt,340235,2026-07-20T10:45:47.245220+00:00,15e6e45afc87b86dac59d276cc4d4d3ad5f43e1941868668f024465751ef9fce
results/raw/runs/1d_shallowwater/ours/seed_7/model_final.pt,340139,2026-07-20T10:45:47.237220+00:00,3aab1060942e9182f9d209c85542ff07dd37b003c781069ee2ae53accdadd9d2
results/raw/runs/1d_shallowwater/ours/seed_7/predictions/predict_grid.npz,749031,2026-07-01T05:34:11.342716+00:00,73ebe52cedb946752cacc1a82333696f62be202acb50a393e44e60f7fa52635d
results/raw/runs/1d_shallowwater/ours/seed_7/predictions/prediction_info.json,49,2026-07-01T05:34:11.342716+00:00,b42bd2b569d036f20241bf0507f2d54b75236a938104a9c60f75c35520ae8ca9
results/raw/runs/1d_shallowwater/ours/seed_7/status.json,103,2026-07-01T05:34:11.342716+00:00,93bc6e2680dcc95f441327d7c29e07303fecfc17a97696b102b1fc1bae430fd5
results/raw/runs/1d_shallowwater/pinn/seed_100/_SUCCESS,8,2026-07-01T05:53:15.106892+00:00,81b2bd4ea98c8db66554fbc8d7637a1a69a130f331feb732b75caab4c4868fd5
results/raw/runs/1d_shallowwater/pinn/seed_100/config.json,1221,2026-07-01T05:48:53.237263+00:00,7dda8e2386bf538dd9fc64eff6fe1b9d2f2b7f062f4e43cf137ef9262f03a8ef
results/raw/runs/1d_shallowwater/pinn/seed_100/env.json,244,2026-07-01T05:48:53.237263+00:00,3ea9611b4a501b9d8258401458ea7fbd12107e673f8ddeac71518e0ffecb3269
results/raw/runs/1d_shallowwater/pinn/seed_100/history.csv,22638,2026-07-01T05:53:14.986893+00:00,dd566902ffa2ad45f5fd2a5107afb5a28a64f783bf7c6cc278447e795262092a
results/raw/runs/1d_shallowwater/pinn/seed_100/method.json,181,2026-07-01T05:48:53.237263+00:00,de010c025bcdb3a880b9116e67fd3ff7d8aabf3ba4129e968ac7fd6f2d972020
results/raw/runs/1d_shallowwater/pinn/seed_100/metrics_adamw.json,3644,2026-07-20T10:45:47.261220+00:00,36423e1b1642da17fc4217216c46a3226812e5940aec336b1cf4d0c0e8773583
results/raw/runs/1d_shallowwater/pinn/seed_100/metrics_final.json,3644,2026-07-20T10:45:47.253220+00:00,36423e1b1642da17fc4217216c46a3226812e5940aec336b1cf4d0c0e8773583
results/raw/runs/1d_shallowwater/pinn/seed_100/model_adamw_final.pt,340235,2026-07-20T10:45:47.265220+00:00,2e133d4c89f3b0adfd53ac4430ec0b47b5f58861e526199a79151253fe1a4f5c
results/raw/runs/1d_shallowwater/pinn/seed_100/model_final.pt,340139,2026-07-20T10:45:47.253220+00:00,e210cf7778157411810f52b83ca7e102eec300478380eee8b5b3ac38526bf420
results/raw/runs/1d_shallowwater/pinn/seed_100/predictions/predict_grid.npz,755789,2026-07-01T05:53:15.106892+00:00,be9b3346029a5776eea5a4c76a17047bc47891d7d04d8d1bd71f8dfc9cddcd3a
results/raw/runs/1d_shallowwater/pinn/seed_100/predictions/prediction_info.json,49,2026-07-01T05:53:15.106892+00:00,b42bd2b569d036f20241bf0507f2d54b75236a938104a9c60f75c35520ae8ca9
results/raw/runs/1d_shallowwater/pinn/seed_100/status.json,104,2026-07-01T05:53:15.106892+00:00,36d9a86be53ed7e6f7715501f6a2ef0292a969a5153f77e72d730bdf845a0e88
results/raw/runs/1d_shallowwater/pinn/seed_2026/_SUCCESS,8,2026-07-01T04:57:59.457823+00:00,81b2bd4ea98c8db66554fbc8d7637a1a69a130f331feb732b75caab4c4868fd5
results/raw/runs/1d_shallowwater/pinn/seed_2026/config.json,1223,2026-07-01T04:53:41.402964+00:00,6c6ae5b70e4bf7a57330236465db19c49727df9a80f280a33a1393b913a6fad0
results/raw/runs/1d_shallowwater/pinn/seed_2026/env.json,244,2026-07-01T04:53:41.402964+00:00,3ea9611b4a501b9d8258401458ea7fbd12107e673f8ddeac71518e0ffecb3269
results/raw/runs/1d_shallowwater/pinn/seed_2026/history.csv,22648,2026-07-01T04:57:59.317824+00:00,b0799af065380831c1afafb11707fc67e3805668aad70932d11424232ff4d1a4
results/raw/runs/1d_shallowwater/pinn/seed_2026/method.json,181,2026-07-01T04:53:41.402964+00:00,de010c025bcdb3a880b9116e67fd3ff7d8aabf3ba4129e968ac7fd6f2d972020
results/raw/runs/1d_shallowwater/pinn/seed_2026/metrics_adamw.json,3634,2026-07-20T10:45:47.281220+00:00,f865484e6348cf99ba3bb3c59b645f78c2a6d64ac636a3e0edfe753ca5e62ebd
results/raw/runs/1d_shallowwater/pinn/seed_2026/metrics_final.json,3634,2026-07-20T10:45:47.273220+00:00,f865484e6348cf99ba3bb3c59b645f78c2a6d64ac636a3e0edfe753ca5e62ebd
results/raw/runs/1d_shallowwater/pinn/seed_2026/model_adamw_final.pt,340235,2026-07-20T10:45:47.285220+00:00,a34cfb882bd4c764460ff39d460ba15c81740ca602c11049744ac49b652eb4b5
results/raw/runs/1d_shallowwater/pinn/seed_2026/model_final.pt,340139,2026-07-20T10:45:47.273220+00:00,247cc9b7658ccc4e7755213b373c35b64f3e3e3823ebdc093a137857b197d486
results/raw/runs/1d_shallowwater/pinn/seed_2026/predictions/predict_grid.npz,727754,2026-07-01T04:57:59.457823+00:00,45c213b6065588a16617c934f094de60011c9855bc05c74c836975a5efc3632b
results/raw/runs/1d_shallowwater/pinn/seed_2026/predictions/prediction_info.json,49,2026-07-01T04:57:59.457823+00:00,b42bd2b569d036f20241bf0507f2d54b75236a938104a9c60f75c35520ae8ca9
results/raw/runs/1d_shallowwater/pinn/seed_2026/status.json,104,2026-07-01T04:57:59.457823+00:00,4f7c1cdc662701766e286b5ac99ba1fc3ee911afc3e15754abaa9c2cb622c683
results/raw/runs/1d_shallowwater/pinn/seed_31415/_SUCCESS,8,2026-07-01T06:04:28.673973+00:00,81b2bd4ea98c8db66554fbc8d7637a1a69a130f331feb732b75caab4c4868fd5
results/raw/runs/1d_shallowwater/pinn/seed_31415/config.json,1225,2026-07-01T05:59:52.579859+00:00,f10c6276b6b56e50687b87b8335ff376dc856167eee35cb7f6463931b612059e
results/raw/runs/1d_shallowwater/pinn/seed_31415/env.json,244,2026-07-01T05:59:52.579859+00:00,3ea9611b4a501b9d8258401458ea7fbd12107e673f8ddeac71518e0ffecb3269
results/raw/runs/1d_shallowwater/pinn/seed_31415/history.csv,22639,2026-07-01T06:04:28.525974+00:00,13e0f56187e1bdb4cbb32cf0c7d1057c0e0016f4f365bab9a99912eccfd1fe73
results/raw/runs/1d_shallowwater/pinn/seed_31415/method.json,181,2026-07-01T05:59:52.579859+00:00,de010c025bcdb3a880b9116e67fd3ff7d8aabf3ba4129e968ac7fd6f2d972020
results/raw/runs/1d_shallowwater/pinn/seed_31415/metrics_adamw.json,3622,2026-07-20T10:45:47.301220+00:00,318bb42bf57298032ad7080e42c86dcdba0b4c01f91626d04ff8af0b7b6a83c9
results/raw/runs/1d_shallowwater/pinn/seed_31415/metrics_final.json,3622,2026-07-20T10:45:47.293220+00:00,318bb42bf57298032ad7080e42c86dcdba0b4c01f91626d04ff8af0b7b6a83c9
results/raw/runs/1d_shallowwater/pinn/seed_31415/model_adamw_final.pt,340235,2026-07-20T10:45:47.305220+00:00,f1fa7cbe00c0fcd8d3ad7558783b1baf174c2a7eb4e7edfa676d18e46b4ee04e
results/raw/runs/1d_shallowwater/pinn/seed_31415/model_final.pt,340139,2026-07-20T10:45:47.293220+00:00,ce0f4a2ef6427dd51064e814250858a224bf1b35015800f6dd1e6d308962972d
results/raw/runs/1d_shallowwater/pinn/seed_31415/predictions/predict_grid.npz,702693,2026-07-01T06:04:28.673973+00:00,a11521da16ac27c6897c4b8fd9cb70b553f81e8f18b3437bcc758c347e380fe6
results/raw/runs/1d_shallowwater/pinn/seed_31415/predictions/prediction_info.json,49,2026-07-01T06:04:28.673973+00:00,b42bd2b569d036f20241bf0507f2d54b75236a938104a9c60f75c35520ae8ca9
results/raw/runs/1d_shallowwater/pinn/seed_31415/status.json,104,2026-07-01T06:04:28.673973+00:00,d59703bcd7a769185d1a571c177ce7b6110cc3a0b7f50ca19274ccc307956973
results/raw/runs/1d_shallowwater/pinn/seed_42/_SUCCESS,8,2026-07-01T05:40:27.275671+00:00,81b2bd4ea98c8db66554fbc8d7637a1a69a130f331feb732b75caab4c4868fd5
results/raw/runs/1d_shallowwater/pinn/seed_42/config.json,1219,2026-07-01T05:35:47.318406+00:00,5e00a68c66a6fcc18af35c77101e9ecd7e9b45837e6b6912b090997fda1de5f7
results/raw/runs/1d_shallowwater/pinn/seed_42/env.json,244,2026-07-01T05:35:47.318406+00:00,3ea9611b4a501b9d8258401458ea7fbd12107e673f8ddeac71518e0ffecb3269
results/raw/runs/1d_shallowwater/pinn/seed_42/history.csv,22635,2026-07-01T05:40:27.123674+00:00,f50fdaaf9f27018e9292408d2fdd2171597eec0bcf82f44f768922fbea68276a
results/raw/runs/1d_shallowwater/pinn/seed_42/method.json,181,2026-07-01T05:35:47.318406+00:00,de010c025bcdb3a880b9116e67fd3ff7d8aabf3ba4129e968ac7fd6f2d972020
results/raw/runs/1d_shallowwater/pinn/seed_42/metrics_adamw.json,3622,2026-07-20T10:45:47.321220+00:00,af5772ee0a02fb0dd24ea4aa23e490b19d80ee25d38e9de12ef8ca42bdb2d93f
results/raw/runs/1d_shallowwater/pinn/seed_42/metrics_final.json,3622,2026-07-20T10:45:47.309220+00:00,af5772ee0a02fb0dd24ea4aa23e490b19d80ee25d38e9de12ef8ca42bdb2d93f
results/raw/runs/1d_shallowwater/pinn/seed_42/model_adamw_final.pt,340235,2026-07-20T10:45:47.321220+00:00,42f10eee384e43d4a5d8fbebd165b03738f38887081020d6f43a31cb1d641105
results/raw/runs/1d_shallowwater/pinn/seed_42/model_final.pt,340139,2026-07-20T10:45:47.313220+00:00,1cb9f897409d9c7a56372d93fb1637b724e9b6075300d754ce792e063f9248d6
results/raw/runs/1d_shallowwater/pinn/seed_42/predictions/predict_grid.npz,722079,2026-07-01T05:40:27.271671+00:00,1556127ca0ae5dbcb759b8febab738867a67a8533b59f70e7c565cc9a279ad1b
results/raw/runs/1d_shallowwater/pinn/seed_42/predictions/prediction_info.json,49,2026-07-01T05:40:27.275671+00:00,b42bd2b569d036f20241bf0507f2d54b75236a938104a9c60f75c35520ae8ca9
results/raw/runs/1d_shallowwater/pinn/seed_42/status.json,104,2026-07-01T05:40:27.275671+00:00,c2e9e20077b403fac60d318e8f7ebdba27de1c6539e4e21c6b3dc052fd47f73d
results/raw/runs/1d_shallowwater/pinn/seed_7/_SUCCESS,8,2026-07-01T05:27:34.467928+00:00,81b2bd4ea98c8db66554fbc8d7637a1a69a130f331feb732b75caab4c4868fd5
results/raw/runs/1d_shallowwater/pinn/seed_7/config.json,1217,2026-07-01T05:22:52.200675+00:00,fd08797d3054b364cf7ba9a5390498d023733e2e56553d0f020d4e6d7bb2ecaa
results/raw/runs/1d_shallowwater/pinn/seed_7/env.json,244,2026-07-01T05:22:52.200675+00:00,3ea9611b4a501b9d8258401458ea7fbd12107e673f8ddeac71518e0ffecb3269
results/raw/runs/1d_shallowwater/pinn/seed_7/history.csv,22661,2026-07-01T05:27:34.355929+00:00,f5ffbc5a41f6c99cfd10e28ae833f7152d2af20e129982f82d2bd6644003f040
results/raw/runs/1d_shallowwater/pinn/seed_7/method.json,181,2026-07-01T05:22:52.200675+00:00,de010c025bcdb3a880b9116e67fd3ff7d8aabf3ba4129e968ac7fd6f2d972020
results/raw/runs/1d_shallowwater/pinn/seed_7/metrics_adamw.json,3635,2026-07-20T10:45:47.337220+00:00,f082a41e547371408b38100cbbc73493432bc631ae9e3fe5f3379026ce85e5f4
results/raw/runs/1d_shallowwater/pinn/seed_7/metrics_final.json,3635,2026-07-20T10:45:47.329220+00:00,f082a41e547371408b38100cbbc73493432bc631ae9e3fe5f3379026ce85e5f4
results/raw/runs/1d_shallowwater/pinn/seed_7/model_adamw_final.pt,340235,2026-07-20T10:45:47.341220+00:00,f5fcedcc74e8515a7d8f0758ba5a764bf5a5fcb4f89a19db3861ae75e0bdd077
results/raw/runs/1d_shallowwater/pinn/seed_7/model_final.pt,340139,2026-07-20T10:45:47.333220+00:00,8dfebe1ba2c588245770c45d202172180c84ce7dceb09f9bad7c485bf5b6196c
results/raw/runs/1d_shallowwater/pinn/seed_7/predictions/predict_grid.npz,790602,2026-07-01T05:27:34.467928+00:00,28100a07c00d9059f7dc9e72a3e63edc82f70a1146697cf7a142576c8b5b50cc
results/raw/runs/1d_shallowwater/pinn/seed_7/predictions/prediction_info.json,49,2026-07-01T05:27:34.467928+00:00,b42bd2b569d036f20241bf0507f2d54b75236a938104a9c60f75c35520ae8ca9
results/raw/runs/1d_shallowwater/pinn/seed_7/status.json,104,2026-07-01T05:27:34.467928+00:00,57c89981d17b0f565dfb1d7a1ddf507e39eadb219ba784bbe1061c8f44c25c2a
results/raw/runs/1d_shallowwater/rad_pinn/seed_100/_SUCCESS,8,2026-07-01T10:25:34.642631+00:00,81b2bd4ea98c8db66554fbc8d7637a1a69a130f331feb732b75caab4c4868fd5
results/raw/runs/1d_shallowwater/rad_pinn/seed_100/config.json,1225,2026-07-01T10:19:31.250162+00:00,37b8779eedc11448cbc5f4218edf78b0cddc86585cd148b7990288e72bc9bf45
results/raw/runs/1d_shallowwater/rad_pinn/seed_100/diagnostics/rad_sampling_history.csv,3189,2026-07-01T10:25:34.642631+00:00,c737996cf79819e7a57202945a00020c048405ae74c9693e83da0727b915a937
results/raw/runs/1d_shallowwater/rad_pinn/seed_100/env.json,244,2026-07-01T10:19:31.250162+00:00,3ea9611b4a501b9d8258401458ea7fbd12107e673f8ddeac71518e0ffecb3269
results/raw/runs/1d_shallowwater/rad_pinn/seed_100/history.csv,36788,2026-07-01T10:25:34.518631+00:00,a2499316f8aae59df43a1db9757b51b374ac107db5a1fc45e6aca3edd1cbb6f5
results/raw/runs/1d_shallowwater/rad_pinn/seed_100/method.json,413,2026-07-01T10:19:31.250162+00:00,b264fb1823286d73901db3e5369352d208a830abf489b3000a9eb99c7e4b4015
results/raw/runs/1d_shallowwater/rad_pinn/seed_100/metrics_adamw.json,3656,2026-07-20T10:45:47.357220+00:00,302965ce152f6acc0220070a2cdd3fcaa088b0505edd610224b7cd126f11f979
results/raw/runs/1d_shallowwater/rad_pinn/seed_100/metrics_final.json,3656,2026-07-20T10:45:47.349220+00:00,302965ce152f6acc0220070a2cdd3fcaa088b0505edd610224b7cd126f11f979
results/raw/runs/1d_shallowwater/rad_pinn/seed_100/model_adamw_final.pt,340299,2026-07-20T10:45:47.361220+00:00,fe1328573a18a553cf940d167df438ddf9bf97e36e67db70a372160c98441ceb
results/raw/runs/1d_shallowwater/rad_pinn/seed_100/model_final.pt,340203,2026-07-20T10:45:47.353220+00:00,857ed26d96512bc01afe736a61e6054837485727e788e194c0281f4457718d27
results/raw/runs/1d_shallowwater/rad_pinn/seed_100/predictions/predict_grid.npz,781907,2026-07-01T10:25:34.642631+00:00,4ef7cda5ee5bce773b9ca76cc381ae1568bcf34b85fcca2852643ee7a1c0e33f
results/raw/runs/1d_shallowwater/rad_pinn/seed_100/predictions/prediction_info.json,49,2026-07-01T10:25:34.642631+00:00,b42bd2b569d036f20241bf0507f2d54b75236a938104a9c60f75c35520ae8ca9
results/raw/runs/1d_shallowwater/rad_pinn/seed_100/status.json,104,2026-07-01T10:25:34.642631+00:00,e88612605ed8d65e82ce5999da2b9598200536111170f42b2e8fa9f416dcf25c
results/raw/runs/1d_shallowwater/rad_pinn/seed_2026/_SUCCESS,8,2026-07-01T10:06:03.392303+00:00,81b2bd4ea98c8db66554fbc8d7637a1a69a130f331feb732b75caab4c4868fd5
results/raw/runs/1d_shallowwater/rad_pinn/seed_2026/config.json,1227,2026-07-01T09:59:26.186678+00:00,4567595140d9cb42e66496eebc1eb33bf7b8687ae8107bc065ae2e0015da1246
results/raw/runs/1d_shallowwater/rad_pinn/seed_2026/diagnostics/rad_sampling_history.csv,3173,2026-07-01T10:06:03.392303+00:00,d12dd8db4b1f960799b3adecae000021659f9695b0d9a9515a1c07dc3c621ce9
results/raw/runs/1d_shallowwater/rad_pinn/seed_2026/env.json,244,2026-07-01T09:59:26.186678+00:00,3ea9611b4a501b9d8258401458ea7fbd12107e673f8ddeac71518e0ffecb3269
results/raw/runs/1d_shallowwater/rad_pinn/seed_2026/history.csv,36783,2026-07-01T10:06:03.248304+00:00,3ce701106ad97ce0f5a2ebf4c39a64688d83aa2ba2a0966bc7600f1afd5c225a
results/raw/runs/1d_shallowwater/rad_pinn/seed_2026/method.json,413,2026-07-01T09:59:26.186678+00:00,b264fb1823286d73901db3e5369352d208a830abf489b3000a9eb99c7e4b4015
results/raw/runs/1d_shallowwater/rad_pinn/seed_2026/metrics_adamw.json,3648,2026-07-20T10:45:47.377220+00:00,e471ea9f62144aa20e21b2f528103ae122ebae9f2290702589581a05be63969f
results/raw/runs/1d_shallowwater/rad_pinn/seed_2026/metrics_final.json,3648,2026-07-20T10:45:47.369220+00:00,e471ea9f62144aa20e21b2f528103ae122ebae9f2290702589581a05be63969f
results/raw/runs/1d_shallowwater/rad_pinn/seed_2026/model_adamw_final.pt,340299,2026-07-20T10:45:47.381220+00:00,2f44e11447423d8a8cb82da0b606382c1e317f00629da0def17c8cdc14d8c9eb
results/raw/runs/1d_shallowwater/rad_pinn/seed_2026/model_final.pt,340203,2026-07-20T10:45:47.369220+00:00,e23da9d957789bc79b603bb9a73cfa0bb420a32134782581995362376ef3a6ba
results/raw/runs/1d_shallowwater/rad_pinn/seed_2026/predictions/predict_grid.npz,756148,2026-07-01T10:06:03.388303+00:00,6850466a7d92d79052bbcd8b79ffef7589179926b4dd0cf61223af3a61729874
results/raw/runs/1d_shallowwater/rad_pinn/seed_2026/predictions/prediction_info.json,49,2026-07-01T10:06:03.388303+00:00,b42bd2b569d036f20241bf0507f2d54b75236a938104a9c60f75c35520ae8ca9
results/raw/runs/1d_shallowwater/rad_pinn/seed_2026/status.json,103,2026-07-01T10:06:03.392303+00:00,055152a310606c074b2d43e9203f70d3ac7a4b3b918457706484bee19677ee6d
results/raw/runs/1d_shallowwater/rad_pinn/seed_31415/_SUCCESS,8,2026-07-01T10:32:17.498100+00:00,81b2bd4ea98c8db66554fbc8d7637a1a69a130f331feb732b75caab4c4868fd5
results/raw/runs/1d_shallowwater/rad_pinn/seed_31415/config.json,1229,2026-07-01T10:25:34.902631+00:00,41c792daab7d2834d6f1e1e5eff79c965f03f9bfd449df314f254ba5336676f1
results/raw/runs/1d_shallowwater/rad_pinn/seed_31415/diagnostics/rad_sampling_history.csv,3208,2026-07-01T10:32:17.498100+00:00,9649a6a22d94860beb82e071f74e3794f4f200781404e0f56a328073594f9f24
results/raw/runs/1d_shallowwater/rad_pinn/seed_31415/env.json,244,2026-07-01T10:25:34.902631+00:00,3ea9611b4a501b9d8258401458ea7fbd12107e673f8ddeac71518e0ffecb3269
results/raw/runs/1d_shallowwater/rad_pinn/seed_31415/history.csv,36821,2026-07-01T10:32:17.354100+00:00,2270c8a430b55b7bf85237f88ccadf74c4bc8d4042bed9f67f0fca4c02f13c2a
results/raw/runs/1d_shallowwater/rad_pinn/seed_31415/method.json,413,2026-07-01T10:25:34.902631+00:00,b264fb1823286d73901db3e5369352d208a830abf489b3000a9eb99c7e4b4015
results/raw/runs/1d_shallowwater/rad_pinn/seed_31415/metrics_adamw.json,3648,2026-07-20T10:45:47.397220+00:00,efc84df109d6e22aeb77d8024dc167aa17ca8af17949df2e499c2c88c64c1b33
results/raw/runs/1d_shallowwater/rad_pinn/seed_31415/metrics_final.json,3648,2026-07-20T10:45:47.385220+00:00,efc84df109d6e22aeb77d8024dc167aa17ca8af17949df2e499c2c88c64c1b33
results/raw/runs/1d_shallowwater/rad_pinn/seed_31415/model_adamw_final.pt,340299,2026-07-20T10:45:47.397220+00:00,c031c1eb759ae3626ba5cab64f1e7e88c855af6f5a850a03127b1e7404d30979
results/raw/runs/1d_shallowwater/rad_pinn/seed_31415/model_final.pt,340203,2026-07-20T10:45:47.389220+00:00,b2ea16d1abdab1418a0c3b7be0057714cba340750f129c3150553de6fbbd79d3
results/raw/runs/1d_shallowwater/rad_pinn/seed_31415/predictions/predict_grid.npz,726098,2026-07-01T10:32:17.498100+00:00,20d10307c7fab555eaebf3d57c21cbb325d93e00601594655975a5f5283bec6b
results/raw/runs/1d_shallowwater/rad_pinn/seed_31415/predictions/prediction_info.json,49,2026-07-01T10:32:17.498100+00:00,b42bd2b569d036f20241bf0507f2d54b75236a938104a9c60f75c35520ae8ca9
results/raw/runs/1d_shallowwater/rad_pinn/seed_31415/status.json,103,2026-07-01T10:32:17.498100+00:00,bfdc86c4affae3950438b5dff5bff718fe788e6060759c987332d76a409bbbcd
results/raw/runs/1d_shallowwater/rad_pinn/seed_42/_SUCCESS,8,2026-07-01T10:19:31.098161+00:00,81b2bd4ea98c8db66554fbc8d7637a1a69a130f331feb732b75caab4c4868fd5
results/raw/runs/1d_shallowwater/rad_pinn/seed_42/config.json,1223,2026-07-01T10:12:40.643297+00:00,fd1bc85e4e4c5b97a506e907a37a0a1a08e6c841fd39af3e10338dce725972e0
results/raw/runs/1d_shallowwater/rad_pinn/seed_42/diagnostics/rad_sampling_history.csv,3193,2026-07-01T10:19:31.094161+00:00,c695d763c9f6c1cb09432c28387c38da6e941c9cb6060b536df3bee97a88e973
results/raw/runs/1d_shallowwater/rad_pinn/seed_42/env.json,244,2026-07-01T10:12:40.643297+00:00,3ea9611b4a501b9d8258401458ea7fbd12107e673f8ddeac71518e0ffecb3269
results/raw/runs/1d_shallowwater/rad_pinn/seed_42/history.csv,36777,2026-07-01T10:19:30.958161+00:00,1089ab26216a99727f23fad3c0f850e7cf497c382fd2278bc5824d1cf9fdf9ae
results/raw/runs/1d_shallowwater/rad_pinn/seed_42/method.json,413,2026-07-01T10:12:40.643297+00:00,b264fb1823286d73901db3e5369352d208a830abf489b3000a9eb99c7e4b4015
results/raw/runs/1d_shallowwater/rad_pinn/seed_42/metrics_adamw.json,3646,2026-07-20T10:45:47.413219+00:00,3fa6f8c619466d018a858b775762588c7262202711b8d389d167220966d636b9
results/raw/runs/1d_shallowwater/rad_pinn/seed_42/metrics_final.json,3646,2026-07-20T10:45:47.405220+00:00,3fa6f8c619466d018a858b775762588c7262202711b8d389d167220966d636b9
results/raw/runs/1d_shallowwater/rad_pinn/seed_42/model_adamw_final.pt,340299,2026-07-20T10:45:47.417219+00:00,0567a4356493a2b843804f52a950c50d612597a83eb4b766cc15365d0ce9f8ee
results/raw/runs/1d_shallowwater/rad_pinn/seed_42/model_final.pt,340203,2026-07-20T10:45:47.409220+00:00,7e077c074c7682dd5b2a22d505fa6e05c6e1a63837a311daba656fa2b75d4bef
results/raw/runs/1d_shallowwater/rad_pinn/seed_42/predictions/predict_grid.npz,758156,2026-07-01T10:19:31.094161+00:00,e815567bfa1191b73297f902d17d30b15cb6136fa798a5028931c8f02833888f
results/raw/runs/1d_shallowwater/rad_pinn/seed_42/predictions/prediction_info.json,49,2026-07-01T10:19:31.094161+00:00,b42bd2b569d036f20241bf0507f2d54b75236a938104a9c60f75c35520ae8ca9
results/raw/runs/1d_shallowwater/rad_pinn/seed_42/status.json,103,2026-07-01T10:19:31.098161+00:00,f186772dacf2df197386ebe0f5cf3f2f0192b597aad72c658a8866978e47d39b
results/raw/runs/1d_shallowwater/rad_pinn/seed_7/_SUCCESS,8,2026-07-01T10:12:40.499295+00:00,81b2bd4ea98c8db66554fbc8d7637a1a69a130f331feb732b75caab4c4868fd5
results/raw/runs/1d_shallowwater/rad_pinn/seed_7/config.json,1221,2026-07-01T10:06:03.540303+00:00,3f78e549263e02f9e59b7904b45eaa500f6a1eb045ac2e6c9355e23bae7379ce
results/raw/runs/1d_shallowwater/rad_pinn/seed_7/diagnostics/rad_sampling_history.csv,3202,2026-07-01T10:12:40.499295+00:00,02d0491fe572ca0cfb8b951f95997f28702e23e887658b502611ad4b657ce0c0
results/raw/runs/1d_shallowwater/rad_pinn/seed_7/env.json,244,2026-07-01T10:06:03.540303+00:00,3ea9611b4a501b9d8258401458ea7fbd12107e673f8ddeac71518e0ffecb3269
results/raw/runs/1d_shallowwater/rad_pinn/seed_7/history.csv,36817,2026-07-01T10:12:40.379294+00:00,55e402d43e8c8b453be1f0b9838e6d9dceb5c1bf1a7da14a7bc3f219149e998f
results/raw/runs/1d_shallowwater/rad_pinn/seed_7/method.json,413,2026-07-01T10:06:03.540303+00:00,b264fb1823286d73901db3e5369352d208a830abf489b3000a9eb99c7e4b4015
results/raw/runs/1d_shallowwater/rad_pinn/seed_7/metrics_adamw.json,3631,2026-07-20T10:45:47.433219+00:00,0ade11fca3ea1befb1236a6228923f82b24a59b1bcf770ba0b4c840ffe545564
results/raw/runs/1d_shallowwater/rad_pinn/seed_7/metrics_final.json,3631,2026-07-20T10:45:47.425220+00:00,0ade11fca3ea1befb1236a6228923f82b24a59b1bcf770ba0b4c840ffe545564
results/raw/runs/1d_shallowwater/rad_pinn/seed_7/model_adamw_final.pt,340299,2026-07-20T10:45:47.433219+00:00,6ee68879fd2ff179e6e9f8f4793ce85f2a9f080681bb1f3839de409af6e0ac9a
results/raw/runs/1d_shallowwater/rad_pinn/seed_7/model_final.pt,340203,2026-07-20T10:45:47.425220+00:00,26833963cb52a790e88dc0603b3c03065445d7beab87fbaeb1c53ec9aa326fa6
results/raw/runs/1d_shallowwater/rad_pinn/seed_7/predictions/predict_grid.npz,807954,2026-07-01T10:12:40.495295+00:00,0628464c5e30267b618ad65a5f8448618db602e4143d598c28852361dcec7d82
results/raw/runs/1d_shallowwater/rad_pinn/seed_7/predictions/prediction_info.json,49,2026-07-01T10:12:40.495295+00:00,b42bd2b569d036f20241bf0507f2d54b75236a938104a9c60f75c35520ae8ca9
results/raw/runs/1d_shallowwater/rad_pinn/seed_7/status.json,104,2026-07-01T10:12:40.499295+00:00,6deb347f39e901cd03a4d7d8631f374bfc3cf0aa925f6ce539239874e330a513
results/raw/runs/1d_shallowwater/rar_d_pinn/seed_100/_SUCCESS,8,2026-07-01T11:58:58.422186+00:00,81b2bd4ea98c8db66554fbc8d7637a1a69a130f331feb732b75caab4c4868fd5
results/raw/runs/1d_shallowwater/rar_d_pinn/seed_100/config.json,1227,2026-07-01T11:52:22.323672+00:00,43cb29b1bec7fb80a52f70b35aa7d6209a04ed8545e359e42ab953537b1cf7fe
results/raw/runs/1d_shallowwater/rar_d_pinn/seed_100/diagnostics/rard_active_points_final.npz,87071,2026-07-01T11:58:58.422186+00:00,5a0bd606db14aaa760e25d14f082728e684e6b836f79eeecc1718e8d28bf6e91
results/raw/runs/1d_shallowwater/rar_d_pinn/seed_100/diagnostics/rard_refinement_history.csv,2802,2026-07-01T11:58:58.418186+00:00,134ce377e7179087501d25c49d03148dddf965cbf059d1b1223cb1912f025099
results/raw/runs/1d_shallowwater/rar_d_pinn/seed_100/env.json,244,2026-07-01T11:52:22.323672+00:00,3ea9611b4a501b9d8258401458ea7fbd12107e673f8ddeac71518e0ffecb3269
results/raw/runs/1d_shallowwater/rar_d_pinn/seed_100/history.csv,31453,2026-07-01T11:58:58.290185+00:00,fc62cc81f20e4017bd1cb3a23492b0831f3bfd638e4c33a8a84a747eb7b4957e
results/raw/runs/1d_shallowwater/rar_d_pinn/seed_100/method.json,380,2026-07-01T11:52:22.323672+00:00,db66091208a25b9510160e0662a019ddec0309a996682920a760cc4ab15fd8c1
results/raw/runs/1d_shallowwater/rar_d_pinn/seed_100/metrics_adamw.json,3750,2026-07-20T10:45:47.449219+00:00,bd4576211cbeb56a8bf817c6b5b058c4401118ee26e3eb0afaa41bf2a7cfe049
results/raw/runs/1d_shallowwater/rar_d_pinn/seed_100/metrics_final.json,3750,2026-07-20T10:45:47.441219+00:00,bd4576211cbeb56a8bf817c6b5b058c4401118ee26e3eb0afaa41bf2a7cfe049
results/raw/runs/1d_shallowwater/rar_d_pinn/seed_100/model_adamw_final.pt,340427,2026-07-20T10:45:47.453219+00:00,6ba32ef2c7600217d999ca64a67f6e3d1a6502a603978522dceef3ef94948e56
results/raw/runs/1d_shallowwater/rar_d_pinn/seed_100/model_final.pt,340331,2026-07-20T10:45:47.445219+00:00,d2c2643e476acecd2597a8bd8d342a57a83931f4cfc305ba3684f4882f86770b
results/raw/runs/1d_shallowwater/rar_d_pinn/seed_100/predictions/predict_grid.npz,789538,2026-07-01T11:58:58.414186+00:00,8d96e98b4b1f2fa2bfd28a8b743604f8fb6acd9eea7e3e9d90cb71b90d97af36
results/raw/runs/1d_shallowwater/rar_d_pinn/seed_100/predictions/prediction_info.json,49,2026-07-01T11:58:58.414186+00:00,b42bd2b569d036f20241bf0507f2d54b75236a938104a9c60f75c35520ae8ca9
results/raw/runs/1d_shallowwater/rar_d_pinn/seed_100/status.json,104,2026-07-01T11:58:58.422186+00:00,0d6ec62f1b463a8c05100cb00ee4b0e98b5efcf2b09ef0718561d7a797e29cd9
results/raw/runs/1d_shallowwater/rar_d_pinn/seed_2026/_SUCCESS,8,2026-07-01T11:33:14.751321+00:00,81b2bd4ea98c8db66554fbc8d7637a1a69a130f331feb732b75caab4c4868fd5
results/raw/runs/1d_shallowwater/rar_d_pinn/seed_2026/config.json,1229,2026-07-01T11:26:54.597667+00:00,bc8aa56e472d0032a238c5f64aa8120f2b9ac60d150e138114637e7347f88f43
results/raw/runs/1d_shallowwater/rar_d_pinn/seed_2026/diagnostics/rard_active_points_final.npz,87090,2026-07-01T11:33:14.747321+00:00,967e48708c12d1b0c75ad40d0a8274aaf588f2fed2c19959873069a45d5f5293
results/raw/runs/1d_shallowwater/rar_d_pinn/seed_2026/diagnostics/rard_refinement_history.csv,2794,2026-07-01T11:33:14.743321+00:00,a87b7eb0ea8196b2c5ea833c9fc484f110541bba71cfc1138dafec60949080b7
results/raw/runs/1d_shallowwater/rar_d_pinn/seed_2026/env.json,244,2026-07-01T11:26:54.597667+00:00,3ea9611b4a501b9d8258401458ea7fbd12107e673f8ddeac71518e0ffecb3269
results/raw/runs/1d_shallowwater/rar_d_pinn/seed_2026/history.csv,31460,2026-07-01T11:33:14.615322+00:00,a374c21b867f66392f7fb6de64d4e609aaec8a3a15d800f1cbb9cb3b67d95959
results/raw/runs/1d_shallowwater/rar_d_pinn/seed_2026/method.json,380,2026-07-01T11:26:54.597667+00:00,db66091208a25b9510160e0662a019ddec0309a996682920a760cc4ab15fd8c1
results/raw/runs/1d_shallowwater/rar_d_pinn/seed_2026/metrics_adamw.json,3736,2026-07-20T10:45:47.469219+00:00,9a70d361f27427f927746dceb260fb37149daa6be2cb4ae4029d8da96a063eb3
results/raw/runs/1d_shallowwater/rar_d_pinn/seed_2026/metrics_final.json,3736,2026-07-20T10:45:47.461219+00:00,9a70d361f27427f927746dceb260fb37149daa6be2cb4ae4029d8da96a063eb3
results/raw/runs/1d_shallowwater/rar_d_pinn/seed_2026/model_adamw_final.pt,340427,2026-07-20T10:45:47.473219+00:00,7f0c80fc72f6016a8f087ceac6b044a0376dde586cd79171cdc4f645bfb35fc0
results/raw/runs/1d_shallowwater/rar_d_pinn/seed_2026/model_final.pt,340331,2026-07-20T10:45:47.461219+00:00,32b224589cca44c97769cadfaf2706225bfebd408e0afacc1d098827f96956f3
results/raw/runs/1d_shallowwater/rar_d_pinn/seed_2026/predictions/predict_grid.npz,772323,2026-07-01T11:33:14.743321+00:00,655781cac1e2c9a0745cffe29efc8124227286deba3283a72a5f0c5a8e5deae7
results/raw/runs/1d_shallowwater/rar_d_pinn/seed_2026/predictions/prediction_info.json,49,2026-07-01T11:33:14.743321+00:00,b42bd2b569d036f20241bf0507f2d54b75236a938104a9c60f75c35520ae8ca9
results/raw/runs/1d_shallowwater/rar_d_pinn/seed_2026/status.json,104,2026-07-01T11:33:14.751321+00:00,c30d17dbdcddb976b3344abc7c2b4cd3d28fb8b8915e5235f43f5b7a57dd64a5
results/raw/runs/1d_shallowwater/rar_d_pinn/seed_31415/_SUCCESS,8,2026-07-01T12:05:39.479411+00:00,81b2bd4ea98c8db66554fbc8d7637a1a69a130f331feb732b75caab4c4868fd5
results/raw/runs/1d_shallowwater/rar_d_pinn/seed_31415/config.json,1231,2026-07-01T11:58:58.570187+00:00,1e1e3c752a2914fab53f5f950305562620cd40bab7792d33b7e98d785b2fac7d
results/raw/runs/1d_shallowwater/rar_d_pinn/seed_31415/diagnostics/rard_active_points_final.npz,87101,2026-07-01T12:05:39.479411+00:00,ad7519d0b5d919b7a8acac4fb4061d8724de1393ef20f518c52fd1d1855e9efd
results/raw/runs/1d_shallowwater/rar_d_pinn/seed_31415/diagnostics/rard_refinement_history.csv,2799,2026-07-01T12:05:39.471411+00:00,bdf420d7078ca7ae9c747dabd00e6836707c88272ac8169579d14eb376048a68
results/raw/runs/1d_shallowwater/rar_d_pinn/seed_31415/env.json,244,2026-07-01T11:58:58.574187+00:00,3ea9611b4a501b9d8258401458ea7fbd12107e673f8ddeac71518e0ffecb3269
results/raw/runs/1d_shallowwater/rar_d_pinn/seed_31415/history.csv,31458,2026-07-01T12:05:39.331411+00:00,74853e0ab29a949d0d25cf2498691ddfcd7bb51dc4fda11f8dbf39d04eabffdd
results/raw/runs/1d_shallowwater/rar_d_pinn/seed_31415/method.json,380,2026-07-01T11:58:58.570187+00:00,db66091208a25b9510160e0662a019ddec0309a996682920a760cc4ab15fd8c1
results/raw/runs/1d_shallowwater/rar_d_pinn/seed_31415/metrics_adamw.json,3753,2026-07-20T10:45:47.489219+00:00,1235da3e79714f821562786400043e4b01a338237e9f6329397597595703b3e1
results/raw/runs/1d_shallowwater/rar_d_pinn/seed_31415/metrics_final.json,3753,2026-07-20T10:45:47.477219+00:00,1235da3e79714f821562786400043e4b01a338237e9f6329397597595703b3e1
results/raw/runs/1d_shallowwater/rar_d_pinn/seed_31415/model_adamw_final.pt,340427,2026-07-20T10:45:47.489219+00:00,630fb6408faedef43faca95b3b8d4dfafc1fdd01f790898af8e6fac78d1623ee
results/raw/runs/1d_shallowwater/rar_d_pinn/seed_31415/model_final.pt,340331,2026-07-20T10:45:47.481219+00:00,5f56eca3bd5bec1c799e6fa94d147df1796a9cee7594ac95433c6219bae755a2
results/raw/runs/1d_shallowwater/rar_d_pinn/seed_31415/predictions/predict_grid.npz,742673,2026-07-01T12:05:39.471411+00:00,82c5894a6a1403dbfe633f68ee92dbc291eeb169a55af48e361427570ea08ee2
results/raw/runs/1d_shallowwater/rar_d_pinn/seed_31415/predictions/prediction_info.json,49,2026-07-01T12:05:39.471411+00:00,b42bd2b569d036f20241bf0507f2d54b75236a938104a9c60f75c35520ae8ca9
results/raw/runs/1d_shallowwater/rar_d_pinn/seed_31415/status.json,104,2026-07-01T12:05:39.479411+00:00,6976f520c638a916f512feda20b85687c3b29fffdc9c02969a28ad04eb699c09
results/raw/runs/1d_shallowwater/rar_d_pinn/seed_42/_SUCCESS,8,2026-07-01T11:52:22.127673+00:00,81b2bd4ea98c8db66554fbc8d7637a1a69a130f331feb732b75caab4c4868fd5
results/raw/runs/1d_shallowwater/rar_d_pinn/seed_42/config.json,1225,2026-07-01T11:46:02.162247+00:00,cc0198fcd312560d6feb703fbe0f1c37c566060b44cda6842177aa514dad07cc
results/raw/runs/1d_shallowwater/rar_d_pinn/seed_42/diagnostics/rard_active_points_final.npz,87101,2026-07-01T11:52:22.127673+00:00,cf93b63998301056749dcc22e0d8638bbc4cb420403591f7720d0f601ebdd493
results/raw/runs/1d_shallowwater/rar_d_pinn/seed_42/diagnostics/rard_refinement_history.csv,2813,2026-07-01T11:52:22.123673+00:00,63f066e15742686e4487f1b81efe6cbbe0f523400529cf0c83c141d05b000cbb
results/raw/runs/1d_shallowwater/rar_d_pinn/seed_42/env.json,244,2026-07-01T11:46:02.162247+00:00,3ea9611b4a501b9d8258401458ea7fbd12107e673f8ddeac71518e0ffecb3269
results/raw/runs/1d_shallowwater/rar_d_pinn/seed_42/history.csv,31457,2026-07-01T11:52:21.995674+00:00,79175441a65860b2ce7b2aa309a64e6a1831a85ff3c96dd2b688fce9d31d1dfc
results/raw/runs/1d_shallowwater/rar_d_pinn/seed_42/method.json,380,2026-07-01T11:46:02.162247+00:00,db66091208a25b9510160e0662a019ddec0309a996682920a760cc4ab15fd8c1
results/raw/runs/1d_shallowwater/rar_d_pinn/seed_42/metrics_adamw.json,3749,2026-07-20T10:45:47.505219+00:00,a26d8b0e8b2a662dbd9ae6effad4e6f3682b3a86da98897fb1eb84915a16a58f
results/raw/runs/1d_shallowwater/rar_d_pinn/seed_42/metrics_final.json,3749,2026-07-20T10:45:47.497219+00:00,a26d8b0e8b2a662dbd9ae6effad4e6f3682b3a86da98897fb1eb84915a16a58f
results/raw/runs/1d_shallowwater/rar_d_pinn/seed_42/model_adamw_final.pt,340427,2026-07-20T10:45:47.509219+00:00,f02de1911591144973fc08920289c9adb91786dabbc02c9192a6fd89546f1adf
results/raw/runs/1d_shallowwater/rar_d_pinn/seed_42/model_final.pt,340331,2026-07-20T10:45:47.501219+00:00,537cee6df386c413459646f48f8b4da66372b9a27d572f97c7d822cda6b4efd7
results/raw/runs/1d_shallowwater/rar_d_pinn/seed_42/predictions/predict_grid.npz,782967,2026-07-01T11:52:22.119673+00:00,4dcde42458e58570bbe7a7d8a33907128f844761c8219fa9fe19bd2a70a0cadc
results/raw/runs/1d_shallowwater/rar_d_pinn/seed_42/predictions/prediction_info.json,49,2026-07-01T11:52:22.119673+00:00,b42bd2b569d036f20241bf0507f2d54b75236a938104a9c60f75c35520ae8ca9
results/raw/runs/1d_shallowwater/rar_d_pinn/seed_42/status.json,104,2026-07-01T11:52:22.127673+00:00,e144fcc04548a2f2d90d456681a482f805285287e8e51ef3f91fda94da59f86d
results/raw/runs/1d_shallowwater/rar_d_pinn/seed_7/_SUCCESS,8,2026-07-01T11:46:02.014249+00:00,81b2bd4ea98c8db66554fbc8d7637a1a69a130f331feb732b75caab4c4868fd5
results/raw/runs/1d_shallowwater/rar_d_pinn/seed_7/config.json,1223,2026-07-01T11:39:34.884840+00:00,1fe8446364501d16ee9cc4f6d6701a5125c0a0bb5be87877d3922f1f60f0d51d
results/raw/runs/1d_shallowwater/rar_d_pinn/seed_7/diagnostics/rard_active_points_final.npz,87099,2026-07-01T11:46:02.014249+00:00,8aa6c2bdf4b8b1a6a43de295b21695986b812e0ead0e9965a8bcba0758ecb1aa
results/raw/runs/1d_shallowwater/rar_d_pinn/seed_7/diagnostics/rard_refinement_history.csv,2804,2026-07-01T11:46:02.006248+00:00,73bc0138913069997b01dabb1fdf9233d2cde862c5c207244d8559f7efceffd7
results/raw/runs/1d_shallowwater/rar_d_pinn/seed_7/env.json,244,2026-07-01T11:39:34.884840+00:00,3ea9611b4a501b9d8258401458ea7fbd12107e673f8ddeac71518e0ffecb3269
results/raw/runs/1d_shallowwater/rar_d_pinn/seed_7/history.csv,31426,2026-07-01T11:46:01.870250+00:00,b8574547fb82d5d4cfdf4e534204f1db120036c613ac307e2a8cabf23c611f51
results/raw/runs/1d_shallowwater/rar_d_pinn/seed_7/method.json,380,2026-07-01T11:39:34.884840+00:00,db66091208a25b9510160e0662a019ddec0309a996682920a760cc4ab15fd8c1
results/raw/runs/1d_shallowwater/rar_d_pinn/seed_7/metrics_adamw.json,3750,2026-07-20T10:45:47.525219+00:00,f1eaa0734d07ba94f383df79c6320ded69f71e843ddc9ec1e1bb8351fecb9fea
results/raw/runs/1d_shallowwater/rar_d_pinn/seed_7/metrics_final.json,3750,2026-07-20T10:45:47.517219+00:00,f1eaa0734d07ba94f383df79c6320ded69f71e843ddc9ec1e1bb8351fecb9fea
results/raw/runs/1d_shallowwater/rar_d_pinn/seed_7/model_adamw_final.pt,340427,2026-07-20T10:45:47.525219+00:00,c7d76d2c4fea361735cf63093549ed9a6f877d809169f557c1f1046aba83ec08
results/raw/runs/1d_shallowwater/rar_d_pinn/seed_7/model_final.pt,340331,2026-07-20T10:45:47.517219+00:00,086b1391cc166427e5420b42b4335e0cd109b3a55810e837809858dd96e24e00
results/raw/runs/1d_shallowwater/rar_d_pinn/seed_7/predictions/predict_grid.npz,804560,2026-07-01T11:46:02.006248+00:00,55f5dcfc30074189e725435651ce2cdb325f20916ec4381aa9182eab8d2dcf49
results/raw/runs/1d_shallowwater/rar_d_pinn/seed_7/predictions/prediction_info.json,49,2026-07-01T11:46:02.006248+00:00,b42bd2b569d036f20241bf0507f2d54b75236a938104a9c60f75c35520ae8ca9
results/raw/runs/1d_shallowwater/rar_d_pinn/seed_7/status.json,103,2026-07-01T11:46:02.014249+00:00,a35989071e5ec10b37f2011b79f252221e2015234d4c250185c2f04931ae1908
results/raw/runs/1d_shallowwater/sa_pinn/seed_100/_SUCCESS,8,2026-07-01T13:35:45.961551+00:00,81b2bd4ea98c8db66554fbc8d7637a1a69a130f331feb732b75caab4c4868fd5
results/raw/runs/1d_shallowwater/sa_pinn/seed_100/config.json,1224,2026-07-01T13:28:51.987544+00:00,41843c8ab385fe307f2552ac812b7a2beaf9533f3964a59d5d58d9d8fffa2714
results/raw/runs/1d_shallowwater/sa_pinn/seed_100/diagnostics/sa_training_points_fixed.npz,101124,2026-07-01T13:35:45.957551+00:00,ba17925219fc8c730d2816c8d184239b80a0077cfcc08b5165f81d96edb8d270
results/raw/runs/1d_shallowwater/sa_pinn/seed_100/diagnostics/sa_weight_history.csv,57031,2026-07-01T13:35:45.945551+00:00,14e0059ad1adc1034322b022511d0c67e5fcc9146eb9c1aba539bac87ad9b18f
results/raw/runs/1d_shallowwater/sa_pinn/seed_100/diagnostics/sa_weight_state_final.pt,61545,2026-07-01T13:35:45.957551+00:00,1b264ff447472e7898b71c2cd5b159e4d5dc4a5979b4088a6ceadbc7b2d56f58
results/raw/runs/1d_shallowwater/sa_pinn/seed_100/diagnostics/sa_weight_summary.json,239,2026-07-01T13:35:45.945551+00:00,fd6c2310a1025fbbf4ba75a1b9b7840ded880183ee63a29855380dbeb1ddb1e3
results/raw/runs/1d_shallowwater/sa_pinn/seed_100/diagnostics/sa_weights_final.npz,13135,2026-07-01T13:35:45.949551+00:00,59d17b6ff396eca5d4c7f31f3d115f073fd376bdc90473497463d398fa5e3279
results/raw/runs/1d_shallowwater/sa_pinn/seed_100/env.json,244,2026-07-01T13:28:51.991544+00:00,3ea9611b4a501b9d8258401458ea7fbd12107e673f8ddeac71518e0ffecb3269
results/raw/runs/1d_shallowwater/sa_pinn/seed_100/history.csv,57031,2026-07-01T13:35:45.717552+00:00,14e0059ad1adc1034322b022511d0c67e5fcc9146eb9c1aba539bac87ad9b18f
results/raw/runs/1d_shallowwater/sa_pinn/seed_100/method.json,417,2026-07-01T13:28:51.991544+00:00,f4dea0c9bc1537c5e1fdd94cbadd541d4940b786bf854b8f522d58ea96b9d619
results/raw/runs/1d_shallowwater/sa_pinn/seed_100/metrics_adamw.json,3777,2026-07-20T10:45:47.541219+00:00,19ae7602f132e8536ec89eb4f50d7712ec4fc16affb335bb120ef002c2c94283
results/raw/runs/1d_shallowwater/sa_pinn/seed_100/metrics_final.json,3777,2026-07-20T10:45:47.533219+00:00,19ae7602f132e8536ec89eb4f50d7712ec4fc16affb335bb120ef002c2c94283
results/raw/runs/1d_shallowwater/sa_pinn/seed_100/model_adamw_final.pt,340427,2026-07-20T10:45:47.545219+00:00,a2138c3ceab7564aa87d1be8a5fd2bf8fab20163a7b047dee353abb11c17a3bd
results/raw/runs/1d_shallowwater/sa_pinn/seed_100/model_final.pt,340331,2026-07-20T10:45:47.537219+00:00,a638f0476cfe1f1912496af1074ba65e931667e1a4819064554bd6e5910d6940
results/raw/runs/1d_shallowwater/sa_pinn/seed_100/predictions/predict_grid.npz,749810,2026-07-01T13:35:45.933551+00:00,b14d654f4be97b301a377580618ab3f7c818e65ada211623424e2f91df53f0fa
results/raw/runs/1d_shallowwater/sa_pinn/seed_100/predictions/prediction_info.json,49,2026-07-01T13:35:45.937551+00:00,b42bd2b569d036f20241bf0507f2d54b75236a938104a9c60f75c35520ae8ca9
results/raw/runs/1d_shallowwater/sa_pinn/seed_100/status.json,103,2026-07-01T13:35:45.957551+00:00,7b29ec0ec75c67ecf8f6fd1d41c520e420fd95815ed0c5601f0e64551d0fe9fa
results/raw/runs/1d_shallowwater/sa_pinn/seed_2026/_SUCCESS,8,2026-07-01T13:14:53.986273+00:00,81b2bd4ea98c8db66554fbc8d7637a1a69a130f331feb732b75caab4c4868fd5
results/raw/runs/1d_shallowwater/sa_pinn/seed_2026/config.json,1226,2026-07-01T13:08:03.445750+00:00,b7d7d5692dab69a31135de6bd392d7124da37947c086a5904124a3c2624db56a
results/raw/runs/1d_shallowwater/sa_pinn/seed_2026/diagnostics/sa_training_points_fixed.npz,101069,2026-07-01T13:14:53.986273+00:00,7bf2d5d51300d921a083f6d379742a3392c52004829c4dab32ae2e56cf343478
results/raw/runs/1d_shallowwater/sa_pinn/seed_2026/diagnostics/sa_weight_history.csv,57506,2026-07-01T13:14:53.970273+00:00,1c1e93445817230c2f05d2da4c0b7e00c11f3ed494bfbd07680e567dba31462c
results/raw/runs/1d_shallowwater/sa_pinn/seed_2026/diagnostics/sa_weight_state_final.pt,61545,2026-07-01T13:14:53.986273+00:00,b6bd8d0410df1527e97a58533f6e900aff7b72a886eae5f9cf3fd69e0a071800
results/raw/runs/1d_shallowwater/sa_pinn/seed_2026/diagnostics/sa_weight_summary.json,239,2026-07-01T13:14:53.970273+00:00,e22a9cabcbd5b7d9f86f50827ffc3482ecadb546016c5265d22b52895cca6721
results/raw/runs/1d_shallowwater/sa_pinn/seed_2026/diagnostics/sa_weights_final.npz,14243,2026-07-01T13:14:53.978273+00:00,3627a35b15cbb8c0d176263201484ebd4f1553b72731683e8fbb4012dfa6f8bc
results/raw/runs/1d_shallowwater/sa_pinn/seed_2026/env.json,244,2026-07-01T13:08:03.445750+00:00,3ea9611b4a501b9d8258401458ea7fbd12107e673f8ddeac71518e0ffecb3269
results/raw/runs/1d_shallowwater/sa_pinn/seed_2026/history.csv,57506,2026-07-01T13:14:53.766273+00:00,1c1e93445817230c2f05d2da4c0b7e00c11f3ed494bfbd07680e567dba31462c
results/raw/runs/1d_shallowwater/sa_pinn/seed_2026/method.json,417,2026-07-01T13:08:03.445750+00:00,f4dea0c9bc1537c5e1fdd94cbadd541d4940b786bf854b8f522d58ea96b9d619
results/raw/runs/1d_shallowwater/sa_pinn/seed_2026/metrics_adamw.json,3777,2026-07-20T10:45:47.561219+00:00,a23a4c6da46a2138f8a0ea901d93a6130a6243fb0a5520465efb4d612a79f5d0
results/raw/runs/1d_shallowwater/sa_pinn/seed_2026/metrics_final.json,3777,2026-07-20T10:45:47.553219+00:00,a23a4c6da46a2138f8a0ea901d93a6130a6243fb0a5520465efb4d612a79f5d0
results/raw/runs/1d_shallowwater/sa_pinn/seed_2026/model_adamw_final.pt,340427,2026-07-20T10:45:47.565219+00:00,4c9efb873c155436ee60189a25d0f1af1b8cf3dd52ecd1ee8091258921cf32de
results/raw/runs/1d_shallowwater/sa_pinn/seed_2026/model_final.pt,340331,2026-07-20T10:45:47.553219+00:00,169ddc6ee853473d991881b664a56cf143954065723a245ca59627623836c661
results/raw/runs/1d_shallowwater/sa_pinn/seed_2026/predictions/predict_grid.npz,725858,2026-07-01T13:14:53.962273+00:00,77ff13f566bb0ffa55a17e96ef997835d945c313fe5bd204522be436931f5e4b
results/raw/runs/1d_shallowwater/sa_pinn/seed_2026/predictions/prediction_info.json,49,2026-07-01T13:14:53.962273+00:00,b42bd2b569d036f20241bf0507f2d54b75236a938104a9c60f75c35520ae8ca9
results/raw/runs/1d_shallowwater/sa_pinn/seed_2026/status.json,104,2026-07-01T13:14:53.986273+00:00,d39f0d0348fe7c6ca5665fadbc63b6fd62306f6474c567575123d5cd2211650a
results/raw/runs/1d_shallowwater/sa_pinn/seed_31415/_SUCCESS,8,2026-07-01T13:42:31.522863+00:00,81b2bd4ea98c8db66554fbc8d7637a1a69a130f331feb732b75caab4c4868fd5
results/raw/runs/1d_shallowwater/sa_pinn/seed_31415/config.json,1228,2026-07-01T13:35:46.129550+00:00,dc9eae3da499f15e2d05547aecc4af0815705945beb59d3046bac5c502c8c1f3
results/raw/runs/1d_shallowwater/sa_pinn/seed_31415/diagnostics/sa_training_points_fixed.npz,101107,2026-07-01T13:42:31.522863+00:00,718225d530c88004ef8ab05c8a59dd1e0b77f2e052e9da8922189bc368bb497e
results/raw/runs/1d_shallowwater/sa_pinn/seed_31415/diagnostics/sa_weight_history.csv,57623,2026-07-01T13:42:31.510863+00:00,c279c4c7367af44be9bcc8f42898b74408697fd18fc84413a16e750ea9c9e307
results/raw/runs/1d_shallowwater/sa_pinn/seed_31415/diagnostics/sa_weight_state_final.pt,61545,2026-07-01T13:42:31.522863+00:00,09861a97f2f400aa58e0945eec92277249da2abc4bf85d353487ecba02720fca
results/raw/runs/1d_shallowwater/sa_pinn/seed_31415/diagnostics/sa_weight_summary.json,240,2026-07-01T13:42:31.510863+00:00,1bf3ca98122fa4c1b931aba496a3ad27bfbaaa588ba33481314f4634b668ac76
results/raw/runs/1d_shallowwater/sa_pinn/seed_31415/diagnostics/sa_weights_final.npz,3587,2026-07-01T13:42:31.514863+00:00,0f1c968178c7ae7f3d1142344adb6c24a517219fb450436a78edae80c2cdc433
results/raw/runs/1d_shallowwater/sa_pinn/seed_31415/env.json,244,2026-07-01T13:35:46.129550+00:00,3ea9611b4a501b9d8258401458ea7fbd12107e673f8ddeac71518e0ffecb3269
results/raw/runs/1d_shallowwater/sa_pinn/seed_31415/history.csv,57623,2026-07-01T13:42:31.310862+00:00,c279c4c7367af44be9bcc8f42898b74408697fd18fc84413a16e750ea9c9e307
results/raw/runs/1d_shallowwater/sa_pinn/seed_31415/method.json,417,2026-07-01T13:35:46.129550+00:00,f4dea0c9bc1537c5e1fdd94cbadd541d4940b786bf854b8f522d58ea96b9d619
results/raw/runs/1d_shallowwater/sa_pinn/seed_31415/metrics_adamw.json,3769,2026-07-20T10:45:47.581219+00:00,0810b98496efbb9ddf93be676d8b39a16312b4bab6bf938a87d646924f823c08
results/raw/runs/1d_shallowwater/sa_pinn/seed_31415/metrics_final.json,3769,2026-07-20T10:45:47.569219+00:00,0810b98496efbb9ddf93be676d8b39a16312b4bab6bf938a87d646924f823c08
results/raw/runs/1d_shallowwater/sa_pinn/seed_31415/model_adamw_final.pt,340427,2026-07-20T10:45:47.581219+00:00,1028bb2da7e70644d5bdc7145af037ef39d2b7dbac06f1ceecb2d0f7222c2e10
results/raw/runs/1d_shallowwater/sa_pinn/seed_31415/model_final.pt,340331,2026-07-20T10:45:47.573219+00:00,23f972e2dc21b1d0faa46020ba4c7da261466921c91fb9fe0b61afc830f0576c
results/raw/runs/1d_shallowwater/sa_pinn/seed_31415/predictions/predict_grid.npz,711024,2026-07-01T13:42:31.506863+00:00,cc4ca96f86160e16ffa28506404d3d2fb19023b58fac96c1e25847f1e6efb32c
results/raw/runs/1d_shallowwater/sa_pinn/seed_31415/predictions/prediction_info.json,49,2026-07-01T13:42:31.506863+00:00,b42bd2b569d036f20241bf0507f2d54b75236a938104a9c60f75c35520ae8ca9
results/raw/runs/1d_shallowwater/sa_pinn/seed_31415/status.json,103,2026-07-01T13:42:31.522863+00:00,1e7dfa9e7a762c88414cfd1cbdaa0a4936bfba72efb3737e5b94abc89f1a65ed
results/raw/runs/1d_shallowwater/sa_pinn/seed_42/_SUCCESS,8,2026-07-01T13:28:51.815545+00:00,81b2bd4ea98c8db66554fbc8d7637a1a69a130f331feb732b75caab4c4868fd5
results/raw/runs/1d_shallowwater/sa_pinn/seed_42/config.json,1222,2026-07-01T13:21:49.049269+00:00,3b6c3af03e8506186e4bf2b371e9f3cc60e0740e8d89a703e4ed96065b2ad677
results/raw/runs/1d_shallowwater/sa_pinn/seed_42/diagnostics/sa_training_points_fixed.npz,101101,2026-07-01T13:28:51.815545+00:00,b417e65e2b42e58af3646e8eb2eba10ab6e34168c37b36ca5485d2bbe2c3419f
results/raw/runs/1d_shallowwater/sa_pinn/seed_42/diagnostics/sa_weight_history.csv,58555,2026-07-01T13:28:51.803545+00:00,c425e2d34105fdaedc9ae672d4f859a610811c9b33f1846402e4295cc7435ad6
results/raw/runs/1d_shallowwater/sa_pinn/seed_42/diagnostics/sa_weight_state_final.pt,61545,2026-07-01T13:28:51.815545+00:00,95d844aaa6d9d14c2145ff457f93d714370f4da9116cfb2e2f090182d12ba778
results/raw/runs/1d_shallowwater/sa_pinn/seed_42/diagnostics/sa_weight_summary.json,252,2026-07-01T13:28:51.803545+00:00,8f326e2f85a20327ef163380b93c62726cb90a8713ebb8923689f2a2225707f0
results/raw/runs/1d_shallowwater/sa_pinn/seed_42/diagnostics/sa_weights_final.npz,25228,2026-07-01T13:28:51.807545+00:00,9a1d9c00ccb50713d04b8db720fe75b80ef7bed4557c62776dcee74c423bc3db
results/raw/runs/1d_shallowwater/sa_pinn/seed_42/env.json,244,2026-07-01T13:21:49.049269+00:00,3ea9611b4a501b9d8258401458ea7fbd12107e673f8ddeac71518e0ffecb3269
results/raw/runs/1d_shallowwater/sa_pinn/seed_42/history.csv,58555,2026-07-01T13:28:51.611546+00:00,c425e2d34105fdaedc9ae672d4f859a610811c9b33f1846402e4295cc7435ad6
results/raw/runs/1d_shallowwater/sa_pinn/seed_42/method.json,417,2026-07-01T13:21:49.049269+00:00,f4dea0c9bc1537c5e1fdd94cbadd541d4940b786bf854b8f522d58ea96b9d619
results/raw/runs/1d_shallowwater/sa_pinn/seed_42/metrics_adamw.json,3784,2026-07-20T10:45:47.597219+00:00,eae3531755976375be8919b7e5a1e493d7b738d26a941f6b3cb3ffa1e78617a1
results/raw/runs/1d_shallowwater/sa_pinn/seed_42/metrics_final.json,3784,2026-07-20T10:45:47.589219+00:00,eae3531755976375be8919b7e5a1e493d7b738d26a941f6b3cb3ffa1e78617a1
results/raw/runs/1d_shallowwater/sa_pinn/seed_42/model_adamw_final.pt,340427,2026-07-20T10:45:47.601219+00:00,5500b41d965ab7b62f32195ba3de7129a94f54c5f98787b307b43755b53db6f9
results/raw/runs/1d_shallowwater/sa_pinn/seed_42/model_final.pt,340331,2026-07-20T10:45:47.593219+00:00,b86cbf0eaa5cba4d09512a3976dfcaba377f63f5d5e3e9f7f8bfe00dacbb285f
results/raw/runs/1d_shallowwater/sa_pinn/seed_42/predictions/predict_grid.npz,754232,2026-07-01T13:28:51.795545+00:00,0b9253c6bc0bbf41a4e4af0f89e63622a081ad48559373729951794aa1bdf742
results/raw/runs/1d_shallowwater/sa_pinn/seed_42/predictions/prediction_info.json,49,2026-07-01T13:28:51.795545+00:00,b42bd2b569d036f20241bf0507f2d54b75236a938104a9c60f75c35520ae8ca9
results/raw/runs/1d_shallowwater/sa_pinn/seed_42/status.json,103,2026-07-01T13:28:51.815545+00:00,ac187f17cee100b09f051d574c489890d2cd5bd773b970b131af36236baecc74
results/raw/runs/1d_shallowwater/sa_pinn/seed_7/_SUCCESS,8,2026-07-01T13:21:48.877270+00:00,81b2bd4ea98c8db66554fbc8d7637a1a69a130f331feb732b75caab4c4868fd5
results/raw/runs/1d_shallowwater/sa_pinn/seed_7/config.json,1220,2026-07-01T13:14:54.158273+00:00,b24a2216d3b1d89a52b70d98c1331cd4323354724c2d24e46b538aa5f0de5422
results/raw/runs/1d_shallowwater/sa_pinn/seed_7/diagnostics/sa_training_points_fixed.npz,101149,2026-07-01T13:21:48.877270+00:00,876bcdaa040d7ee75ef57ecae743992ebef2abb196eafd2d7d2acc59cd328877
results/raw/runs/1d_shallowwater/sa_pinn/seed_7/diagnostics/sa_weight_history.csv,59014,2026-07-01T13:21:48.861270+00:00,4bf95bb464c83861380954e7383cec7036d3bd5718be5bb30fc633dab06d53c1
results/raw/runs/1d_shallowwater/sa_pinn/seed_7/diagnostics/sa_weight_state_final.pt,61545,2026-07-01T13:21:48.877270+00:00,7a64067a7431adee1d08b8ec2db397aa2bd93e51ccc514d796bb6d3b5702ef5f
results/raw/runs/1d_shallowwater/sa_pinn/seed_7/diagnostics/sa_weight_summary.json,240,2026-07-01T13:21:48.861270+00:00,b6eaa777dc602806548cab702a1e85befd0d5935900099926b9cc12eea0719d3
results/raw/runs/1d_shallowwater/sa_pinn/seed_7/diagnostics/sa_weights_final.npz,21995,2026-07-01T13:21:48.865270+00:00,327c7b98ad13cb6cf768bfdfed59788ac3365362f7d43a3da1d26fc0dc6ff553
results/raw/runs/1d_shallowwater/sa_pinn/seed_7/env.json,244,2026-07-01T13:14:54.158273+00:00,3ea9611b4a501b9d8258401458ea7fbd12107e673f8ddeac71518e0ffecb3269
results/raw/runs/1d_shallowwater/sa_pinn/seed_7/history.csv,59014,2026-07-01T13:21:48.681271+00:00,4bf95bb464c83861380954e7383cec7036d3bd5718be5bb30fc633dab06d53c1
results/raw/runs/1d_shallowwater/sa_pinn/seed_7/method.json,417,2026-07-01T13:14:54.158273+00:00,f4dea0c9bc1537c5e1fdd94cbadd541d4940b786bf854b8f522d58ea96b9d619
results/raw/runs/1d_shallowwater/sa_pinn/seed_7/metrics_adamw.json,3761,2026-07-20T10:45:47.617218+00:00,a1acf81c6c6981c672849b8ed409301f12a1fdd4432d591dee05ae85f9371f39
results/raw/runs/1d_shallowwater/sa_pinn/seed_7/metrics_final.json,3761,2026-07-20T10:45:47.609219+00:00,a1acf81c6c6981c672849b8ed409301f12a1fdd4432d591dee05ae85f9371f39
results/raw/runs/1d_shallowwater/sa_pinn/seed_7/model_adamw_final.pt,340427,2026-07-20T10:45:47.621218+00:00,702a3e244cc55b20798aa47aae473d73c800cc6c89245c1d7b0b94461544ba84
results/raw/runs/1d_shallowwater/sa_pinn/seed_7/model_final.pt,340331,2026-07-20T10:45:47.613219+00:00,2bf3d422d0523611b5b4b9c92d1c5aba82e8fbb370e03d2b8444dc7c2bd8d8d5
results/raw/runs/1d_shallowwater/sa_pinn/seed_7/predictions/predict_grid.npz,733648,2026-07-01T13:21:48.853270+00:00,1e852da70880f5d753fe3ad24a2fa52caada9754cab89e0c7d02dc3c663cd173
results/raw/runs/1d_shallowwater/sa_pinn/seed_7/predictions/prediction_info.json,49,2026-07-01T13:21:48.853270+00:00,b42bd2b569d036f20241bf0507f2d54b75236a938104a9c60f75c35520ae8ca9
results/raw/runs/1d_shallowwater/sa_pinn/seed_7/status.json,104,2026-07-01T13:21:48.877270+00:00,69c77ef5b4326ceb6e97463bcde52811c3cd9f9ef1de4af2ec68c6b5e5855261
results/raw/runs/1d_shallowwater/xpinn/seed_100/_SUCCESS,8,2026-07-05T08:49:41.838895+00:00,81b2bd4ea98c8db66554fbc8d7637a1a69a130f331feb732b75caab4c4868fd5
results/raw/runs/1d_shallowwater/xpinn/seed_100/config.json,1222,2026-07-05T07:50:27.623475+00:00,f4d78b8ae54ac7bc04e00c18f2d1ac1219ac3f82770a78e10955feb378f98394
results/raw/runs/1d_shallowwater/xpinn/seed_100/diagnostics/xpinn_interface_history.csv,76138,2026-07-05T08:49:41.830895+00:00,a90e340d78917e646aaf5fda18246419f0d20e57d244f619eccfed17a1d9d4b1
results/raw/runs/1d_shallowwater/xpinn/seed_100/diagnostics/xpinn_interface_points.npz,9235,2026-07-05T08:49:41.834895+00:00,673a8d2212fa207b68b497ec739a4d9a421b40587314e96ab9545c889c11e1fe
results/raw/runs/1d_shallowwater/xpinn/seed_100/diagnostics/xpinn_interface_points_meta.json,514,2026-07-05T08:49:41.834895+00:00,951c679fd39f78c73617ea3b756eb34a0320ef143a95baa932cd8a7464ad1266
results/raw/runs/1d_shallowwater/xpinn/seed_100/diagnostics/xpinn_loss_history.csv,58082,2026-07-05T08:49:41.826895+00:00,5d64bcd2c6f00056720e3a4e9e905814654e967b1c47125ef7b993b3bdc1fb61
results/raw/runs/1d_shallowwater/xpinn/seed_100/diagnostics/xpinn_subdomain_config.json,1315,2026-07-05T08:49:41.830895+00:00,33d9185bf05d9405a2183444d18d961061d5189666591610f82be2d27e42c326
results/raw/runs/1d_shallowwater/xpinn/seed_100/diagnostics/xpinn_submodel_state_dicts.pt,1352779,2026-07-05T08:49:41.838895+00:00,a66e631d8d768601a4ab05dfb07fdb3c64c31903f93adfa04d99c5a3481f35ab
results/raw/runs/1d_shallowwater/xpinn/seed_100/env.json,244,2026-07-05T07:50:27.623475+00:00,3ea9611b4a501b9d8258401458ea7fbd12107e673f8ddeac71518e0ffecb3269
results/raw/runs/1d_shallowwater/xpinn/seed_100/history.csv,58082,2026-07-05T08:49:41.678897+00:00,5d64bcd2c6f00056720e3a4e9e905814654e967b1c47125ef7b993b3bdc1fb61
results/raw/runs/1d_shallowwater/xpinn/seed_100/method.json,1018,2026-07-05T07:50:27.623475+00:00,affc4898d060f05d0993e66340a377b7bf239fab43fbd0e17673750bca702d41
results/raw/runs/1d_shallowwater/xpinn/seed_100/metrics_adamw.json,3939,2026-07-20T10:45:47.805218+00:00,9c6bdd0cd066784c1175410e681751c9a676574765e4fe5b8feda9f7447a4c86
results/raw/runs/1d_shallowwater/xpinn/seed_100/metrics_final.json,3939,2026-07-20T10:45:47.625218+00:00,9c6bdd0cd066784c1175410e681751c9a676574765e4fe5b8feda9f7447a4c86
results/raw/runs/1d_shallowwater/xpinn/seed_100/model_adamw_final.pt,1355479,2026-07-20T10:45:47.817218+00:00,6a9e0e876277c32931b382dd80c057edcd18cfa1d87341f3eeae53a8c5ccd586
results/raw/runs/1d_shallowwater/xpinn/seed_100/model_final.pt,1355107,2026-07-20T10:45:47.793218+00:00,b3fed605f2094d0e6270ab41e52adccd01069f772b1e8ecfd1edd167394a8b8f
results/raw/runs/1d_shallowwater/xpinn/seed_100/predictions/predict_grid.npz,762040,2026-07-05T08:49:41.822896+00:00,b2e2cfa17d5c4699d86d4af11ccd6960101a4662be9c76806b1108d9e84ae3b6
results/raw/runs/1d_shallowwater/xpinn/seed_100/predictions/prediction_info.json,49,2026-07-05T08:49:41.822896+00:00,b42bd2b569d036f20241bf0507f2d54b75236a938104a9c60f75c35520ae8ca9
results/raw/runs/1d_shallowwater/xpinn/seed_100/status.json,104,2026-07-05T08:49:41.838895+00:00,3b891e05ff71b9db06930534a0bb66ba39ec67f44ac7846265b116d58c62d81f
results/raw/runs/1d_shallowwater/xpinn/seed_2026/_SUCCESS,8,2026-07-05T05:43:56.159872+00:00,81b2bd4ea98c8db66554fbc8d7637a1a69a130f331feb732b75caab4c4868fd5
results/raw/runs/1d_shallowwater/xpinn/seed_2026/config.json,1224,2026-07-05T04:40:36.929973+00:00,25637ae4a07d366210534162447218206af18e16f0e22d5ab072c5343cadb32f
results/raw/runs/1d_shallowwater/xpinn/seed_2026/diagnostics/xpinn_interface_history.csv,76151,2026-07-05T05:43:56.151872+00:00,eef951972aa4296efa1be6f4c00be4db2a8609ad71c1555f5b238656472b3965
results/raw/runs/1d_shallowwater/xpinn/seed_2026/diagnostics/xpinn_interface_points.npz,9225,2026-07-05T05:43:56.155872+00:00,081ea7582dc5199f356f3c050bbfa253bfe9b6fc1c9dfb02cb4190108c9ed6fd
results/raw/runs/1d_shallowwater/xpinn/seed_2026/diagnostics/xpinn_interface_points_meta.json,514,2026-07-05T05:43:56.155872+00:00,951c679fd39f78c73617ea3b756eb34a0320ef143a95baa932cd8a7464ad1266
results/raw/runs/1d_shallowwater/xpinn/seed_2026/diagnostics/xpinn_loss_history.csv,58037,2026-07-05T05:43:56.147872+00:00,2f9383d4bb68094e30f685f60a76ca136c682fc72306187f37ba732ed6f7cbbe
results/raw/runs/1d_shallowwater/xpinn/seed_2026/diagnostics/xpinn_subdomain_config.json,1314,2026-07-05T05:43:56.151872+00:00,0f4443dea50f04cf67b8b5fe8920371c89a9c35e70e75d6ed2afba0a25e5c69e
results/raw/runs/1d_shallowwater/xpinn/seed_2026/diagnostics/xpinn_submodel_state_dicts.pt,1352779,2026-07-05T05:43:56.159872+00:00,92105efb59672e7cfdc8a2d628ae2166f3894a1816df0b71361969a2dde51279
results/raw/runs/1d_shallowwater/xpinn/seed_2026/env.json,244,2026-07-05T04:40:36.929973+00:00,3ea9611b4a501b9d8258401458ea7fbd12107e673f8ddeac71518e0ffecb3269
results/raw/runs/1d_shallowwater/xpinn/seed_2026/history.csv,58037,2026-07-05T05:43:55.991874+00:00,2f9383d4bb68094e30f685f60a76ca136c682fc72306187f37ba732ed6f7cbbe
results/raw/runs/1d_shallowwater/xpinn/seed_2026/method.json,1018,2026-07-05T04:40:36.929973+00:00,affc4898d060f05d0993e66340a377b7bf239fab43fbd0e17673750bca702d41
results/raw/runs/1d_shallowwater/xpinn/seed_2026/metrics_adamw.json,3946,2026-07-20T10:45:47.849217+00:00,4156f80fe2b0b485067094f20aa4a5af5e500a23a2b948003ba60ffb380ce5ca
results/raw/runs/1d_shallowwater/xpinn/seed_2026/metrics_final.json,3946,2026-07-20T10:45:47.829217+00:00,4156f80fe2b0b485067094f20aa4a5af5e500a23a2b948003ba60ffb380ce5ca
results/raw/runs/1d_shallowwater/xpinn/seed_2026/model_adamw_final.pt,1355479,2026-07-20T10:45:47.857217+00:00,35429a7aba5d211fe5003c17b01809852c0296bd0e19901074b80695b925504f
results/raw/runs/1d_shallowwater/xpinn/seed_2026/model_final.pt,1355107,2026-07-20T10:45:47.837218+00:00,4662a72d321a318a0335d3a2552aea123f8ac990a8d1a915b0145a26e907d2b1
results/raw/runs/1d_shallowwater/xpinn/seed_2026/predictions/predict_grid.npz,761623,2026-07-05T05:43:56.143872+00:00,8da0676e16131ab73e3bcd676651bdc7ca65268edf653752d07adc24f73b3ec5
results/raw/runs/1d_shallowwater/xpinn/seed_2026/predictions/prediction_info.json,49,2026-07-05T05:43:56.143872+00:00,b42bd2b569d036f20241bf0507f2d54b75236a938104a9c60f75c35520ae8ca9
results/raw/runs/1d_shallowwater/xpinn/seed_2026/status.json,104,2026-07-05T05:43:56.159872+00:00,9c52872adc784a1f1c8aef4d35fd3c6afcd53666548942df5707c5475ae1d036
results/raw/runs/1d_shallowwater/xpinn/seed_31415/_SUCCESS,8,2026-07-05T09:47:07.759306+00:00,81b2bd4ea98c8db66554fbc8d7637a1a69a130f331feb732b75caab4c4868fd5
results/raw/runs/1d_shallowwater/xpinn/seed_31415/config.json,1226,2026-07-05T08:49:41.998894+00:00,e04b3b25e3f20d48a145a43d33b4e362f6a9e60399b8c487a307fca4825cc14e
results/raw/runs/1d_shallowwater/xpinn/seed_31415/diagnostics/xpinn_interface_history.csv,76162,2026-07-05T09:47:07.751306+00:00,cba0b267aceb2e2976991304289576cb7e80ca8f24bbf44de2849fa504c595e1
results/raw/runs/1d_shallowwater/xpinn/seed_31415/diagnostics/xpinn_interface_points.npz,9239,2026-07-05T09:47:07.755306+00:00,b99758dae539cbfc1421c762133d5f411a2e4db1eba5d2ac22f2f7172bc27e6a
results/raw/runs/1d_shallowwater/xpinn/seed_31415/diagnostics/xpinn_interface_points_meta.json,514,2026-07-05T09:47:07.755306+00:00,951c679fd39f78c73617ea3b756eb34a0320ef143a95baa932cd8a7464ad1266
results/raw/runs/1d_shallowwater/xpinn/seed_31415/diagnostics/xpinn_loss_history.csv,58047,2026-07-05T09:47:07.747306+00:00,f5c983227a543a7e06bcb83c6d1a13933dae86fe3fa268e1470db6556b84eccc
results/raw/runs/1d_shallowwater/xpinn/seed_31415/diagnostics/xpinn_subdomain_config.json,1315,2026-07-05T09:47:07.751306+00:00,5f8644e751537b5d72682f3d028effde56971659a6b14b271ae28bb38927ab4a
results/raw/runs/1d_shallowwater/xpinn/seed_31415/diagnostics/xpinn_submodel_state_dicts.pt,1352779,2026-07-05T09:47:07.759306+00:00,7662bb08ed70e321bdcc7a857e0c916a830e354dc8a2afdbeec33e491a620664
results/raw/runs/1d_shallowwater/xpinn/seed_31415/env.json,244,2026-07-05T08:49:42.002894+00:00,3ea9611b4a501b9d8258401458ea7fbd12107e673f8ddeac71518e0ffecb3269
results/raw/runs/1d_shallowwater/xpinn/seed_31415/history.csv,58047,2026-07-05T09:47:07.599308+00:00,f5c983227a543a7e06bcb83c6d1a13933dae86fe3fa268e1470db6556b84eccc
results/raw/runs/1d_shallowwater/xpinn/seed_31415/method.json,1018,2026-07-05T08:49:41.998894+00:00,affc4898d060f05d0993e66340a377b7bf239fab43fbd0e17673750bca702d41
results/raw/runs/1d_shallowwater/xpinn/seed_31415/metrics_adamw.json,3954,2026-07-20T10:45:47.889217+00:00,17033f74be2011c9f3cf44cc6935f874d3c3be3ad6e87a56ac9e9fdf7fc3ee70
results/raw/runs/1d_shallowwater/xpinn/seed_31415/metrics_final.json,3954,2026-07-20T10:45:47.869217+00:00,17033f74be2011c9f3cf44cc6935f874d3c3be3ad6e87a56ac9e9fdf7fc3ee70
results/raw/runs/1d_shallowwater/xpinn/seed_31415/model_adamw_final.pt,1355479,2026-07-20T10:45:47.897217+00:00,9569d863c185449fd25121f2a37a1da346daaad2d4f1f8c711e19f156cdbc58d
results/raw/runs/1d_shallowwater/xpinn/seed_31415/model_final.pt,1355107,2026-07-20T10:45:47.877217+00:00,0a17c49eb998304c87b27b9c87cde29269eb6343aefbf0eb9be6767daae19657
results/raw/runs/1d_shallowwater/xpinn/seed_31415/predictions/predict_grid.npz,787669,2026-07-05T09:47:07.743306+00:00,ef15bc771209f7ad1aaaa3b5b1e1201af3f2093b98b8e2ad4999987ce64acaaa
results/raw/runs/1d_shallowwater/xpinn/seed_31415/predictions/prediction_info.json,49,2026-07-05T09:47:07.743306+00:00,b42bd2b569d036f20241bf0507f2d54b75236a938104a9c60f75c35520ae8ca9
results/raw/runs/1d_shallowwater/xpinn/seed_31415/status.json,104,2026-07-05T09:47:07.759306+00:00,466e13f9000316c171033b5dc181bf4c138152d64de69a19c202b0d08b6b87dd
results/raw/runs/1d_shallowwater/xpinn/seed_42/_SUCCESS,8,2026-07-05T07:50:27.459475+00:00,81b2bd4ea98c8db66554fbc8d7637a1a69a130f331feb732b75caab4c4868fd5
results/raw/runs/1d_shallowwater/xpinn/seed_42/config.json,1220,2026-07-05T06:48:55.941686+00:00,2c0605f23a074f1b03ff0253593621300cef082c32d6b11963fe9fd5f1ed9c24
results/raw/runs/1d_shallowwater/xpinn/seed_42/diagnostics/xpinn_interface_history.csv,76125,2026-07-05T07:50:27.451475+00:00,d3cb0c6a27b300f138f5673e1413b6a8f7f2bcda2561cb235c4c36be8de8cd3e
results/raw/runs/1d_shallowwater/xpinn/seed_42/diagnostics/xpinn_interface_points.npz,9238,2026-07-05T07:50:27.451475+00:00,7457ed7102fcbcab57f0a964a408d93eb648110eee9e0280fa5faaeb64d86455
results/raw/runs/1d_shallowwater/xpinn/seed_42/diagnostics/xpinn_interface_points_meta.json,514,2026-07-05T07:50:27.451475+00:00,951c679fd39f78c73617ea3b756eb34a0320ef143a95baa932cd8a7464ad1266
results/raw/runs/1d_shallowwater/xpinn/seed_42/diagnostics/xpinn_loss_history.csv,58104,2026-07-05T07:50:27.447475+00:00,c261975178b7ff5224a019ab519ca562e20bb6704c3cecc840966acbdaefdeda
results/raw/runs/1d_shallowwater/xpinn/seed_42/diagnostics/xpinn_subdomain_config.json,1315,2026-07-05T07:50:27.451475+00:00,f8e63423c13b3c39be82eb7446ede6bb68de1cdd9220627aeb8a24d25fc54cc4
results/raw/runs/1d_shallowwater/xpinn/seed_42/diagnostics/xpinn_submodel_state_dicts.pt,1352779,2026-07-05T07:50:27.459475+00:00,3cfd8fb37427a2ec63bd6be68e00e305257020d0d8bdbfbf7b8823b4bd4d5ad3
results/raw/runs/1d_shallowwater/xpinn/seed_42/env.json,244,2026-07-05T06:48:55.941686+00:00,3ea9611b4a501b9d8258401458ea7fbd12107e673f8ddeac71518e0ffecb3269
results/raw/runs/1d_shallowwater/xpinn/seed_42/history.csv,58104,2026-07-05T07:50:27.299476+00:00,c261975178b7ff5224a019ab519ca562e20bb6704c3cecc840966acbdaefdeda
results/raw/runs/1d_shallowwater/xpinn/seed_42/method.json,1018,2026-07-05T06:48:55.941686+00:00,affc4898d060f05d0993e66340a377b7bf239fab43fbd0e17673750bca702d41
results/raw/runs/1d_shallowwater/xpinn/seed_42/metrics_adamw.json,3946,2026-07-20T10:45:47.929217+00:00,4f0fa8ed3f1e0e0b9ae91de714d3ba3c224b1c96fbf9ab30acf5e49bd07edec9
results/raw/runs/1d_shallowwater/xpinn/seed_42/metrics_final.json,3946,2026-07-20T10:45:47.909217+00:00,4f0fa8ed3f1e0e0b9ae91de714d3ba3c224b1c96fbf9ab30acf5e49bd07edec9
results/raw/runs/1d_shallowwater/xpinn/seed_42/model_adamw_final.pt,1355479,2026-07-20T10:45:47.941217+00:00,cdf81860cb72e920f2bf27dccbed1939124ce4238309ed42563e988efca33b42
results/raw/runs/1d_shallowwater/xpinn/seed_42/model_final.pt,1355107,2026-07-20T10:45:47.921217+00:00,0817eb21504b9407bf979312e4230e27a4505c8d226e1b3dc6c93123d7209c96
results/raw/runs/1d_shallowwater/xpinn/seed_42/predictions/predict_grid.npz,779716,2026-07-05T07:50:27.439475+00:00,3b7ff7385bed952a92ba55d2af6c064766d5933057db1cac4fc56c100c88438a
results/raw/runs/1d_shallowwater/xpinn/seed_42/predictions/prediction_info.json,49,2026-07-05T07:50:27.439475+00:00,b42bd2b569d036f20241bf0507f2d54b75236a938104a9c60f75c35520ae8ca9
results/raw/runs/1d_shallowwater/xpinn/seed_42/status.json,104,2026-07-05T07:50:27.459475+00:00,31c15a7f5314af675ce333ebc1dd01f56d01485d50a37ba4fac20e9e3a8baf7d
results/raw/runs/1d_shallowwater/xpinn/seed_7/_SUCCESS,8,2026-07-05T06:48:55.669688+00:00,81b2bd4ea98c8db66554fbc8d7637a1a69a130f331feb732b75caab4c4868fd5
results/raw/runs/1d_shallowwater/xpinn/seed_7/config.json,1218,2026-07-05T05:43:56.963865+00:00,20e71dbbfff860c9b7281a83f8fd29a21e3e5377627cf3f1765fbe6f6df05364
results/raw/runs/1d_shallowwater/xpinn/seed_7/diagnostics/xpinn_interface_history.csv,76040,2026-07-05T06:48:55.661688+00:00,054f2ff3be07638753d9a6ee5125d444091eb08e2affbce36731880970248b05
results/raw/runs/1d_shallowwater/xpinn/seed_7/diagnostics/xpinn_interface_points.npz,9235,2026-07-05T06:48:55.661688+00:00,b3d3d102064a6f820b73fb2946548c4c62252f3cbf0f54cee6b087ad59ac6bdc
results/raw/runs/1d_shallowwater/xpinn/seed_7/diagnostics/xpinn_interface_points_meta.json,514,2026-07-05T06:48:55.665688+00:00,951c679fd39f78c73617ea3b756eb34a0320ef143a95baa932cd8a7464ad1266
results/raw/runs/1d_shallowwater/xpinn/seed_7/diagnostics/xpinn_loss_history.csv,57994,2026-07-05T06:48:55.657688+00:00,a13c3822272ceca4656d189e46a60dd719f84f923a4b76ac02c51f6307e523d0
results/raw/runs/1d_shallowwater/xpinn/seed_7/diagnostics/xpinn_subdomain_config.json,1316,2026-07-05T06:48:55.661688+00:00,97ca500a433c704cb778fbf47773d34a8b0b5bfaa18db59b174d7a76ebf8ed51
results/raw/runs/1d_shallowwater/xpinn/seed_7/diagnostics/xpinn_submodel_state_dicts.pt,1352779,2026-07-05T06:48:55.669688+00:00,8afa2177c2d09ccde29e9b47c258ef6724824f649883605111aefa76b308ad06
results/raw/runs/1d_shallowwater/xpinn/seed_7/env.json,244,2026-07-05T05:43:56.963865+00:00,3ea9611b4a501b9d8258401458ea7fbd12107e673f8ddeac71518e0ffecb3269
results/raw/runs/1d_shallowwater/xpinn/seed_7/history.csv,57994,2026-07-05T06:48:55.453689+00:00,a13c3822272ceca4656d189e46a60dd719f84f923a4b76ac02c51f6307e523d0
results/raw/runs/1d_shallowwater/xpinn/seed_7/method.json,1018,2026-07-05T05:43:56.963865+00:00,affc4898d060f05d0993e66340a377b7bf239fab43fbd0e17673750bca702d41
results/raw/runs/1d_shallowwater/xpinn/seed_7/metrics_adamw.json,3929,2026-07-20T10:45:47.973217+00:00,df5b082a91dd0d5373f16c8305cd8e704fc5782511312950beda3c0adc89d9fb
results/raw/runs/1d_shallowwater/xpinn/seed_7/metrics_final.json,3929,2026-07-20T10:45:47.953217+00:00,df5b082a91dd0d5373f16c8305cd8e704fc5782511312950beda3c0adc89d9fb
results/raw/runs/1d_shallowwater/xpinn/seed_7/model_adamw_final.pt,1355479,2026-07-20T10:45:47.981217+00:00,9f6f944ff5db7a04d4208ab6442efafffea7423a70d5d831876f0cb1ca999917
results/raw/runs/1d_shallowwater/xpinn/seed_7/model_final.pt,1355107,2026-07-20T10:45:47.961217+00:00,ffbff8c4347cf11ed45c085021bf0e9d836dea178bd0cfe2390bfb67f833c559
results/raw/runs/1d_shallowwater/xpinn/seed_7/predictions/predict_grid.npz,756260,2026-07-05T06:48:55.649688+00:00,364cac1ecd1dd720aa7692619998499d5ec39eb8a48b506b27036014ea582c06
results/raw/runs/1d_shallowwater/xpinn/seed_7/predictions/prediction_info.json,49,2026-07-05T06:48:55.649688+00:00,b42bd2b569d036f20241bf0507f2d54b75236a938104a9c60f75c35520ae8ca9
results/raw/runs/1d_shallowwater/xpinn/seed_7/status.json,103,2026-07-05T06:48:55.669688+00:00,967579fc549b63bcb3ef2d9ec440374621068ed71227d71b94a211785f84dfe1
results/raw/runs/2d_burgers/_shared_warmup/seed_100/_SUCCESS,8,2026-07-01T05:43:32.028935+00:00,81b2bd4ea98c8db66554fbc8d7637a1a69a130f331feb732b75caab4c4868fd5
results/raw/runs/2d_burgers/_shared_warmup/seed_100/history_warmup.csv,8535,2026-07-01T05:43:32.024935+00:00,545d2643b59dc5e21c3cf966a9abfe4ce62b84ab20903fca10d260d2bb31e0e8
results/raw/runs/2d_burgers/_shared_warmup/seed_100/metrics_warmup.json,164,2026-07-01T05:43:32.028935+00:00,fadef56f9247fec27206a13a2a2d0f28d3cea68c1e737beab89da02dc0639a7f
results/raw/runs/2d_burgers/_shared_warmup/seed_100/model_warmup.pt,337163,2026-07-01T05:43:32.028935+00:00,f2f3ee77f2b3ff33c8fe8329e7b0e079880bf53b3b27910d5a0e8f0adcc96810
results/raw/runs/2d_burgers/_shared_warmup/seed_100/status.json,97,2026-07-01T05:43:32.028935+00:00,af4a710fc3cc53b073b0c4208fbf73d2d9028873638306ca6560c20935e8c415
results/raw/runs/2d_burgers/_shared_warmup/seed_2026/_SUCCESS,8,2026-07-01T04:53:36.054988+00:00,81b2bd4ea98c8db66554fbc8d7637a1a69a130f331feb732b75caab4c4868fd5
results/raw/runs/2d_burgers/_shared_warmup/seed_2026/history_warmup.csv,8509,2026-07-01T04:53:36.050988+00:00,88f3f2d54fe48cc57f8b68875371ebf125ed7109c57b87d917dcf903d1acef00
results/raw/runs/2d_burgers/_shared_warmup/seed_2026/metrics_warmup.json,165,2026-07-01T04:53:36.054988+00:00,72a27cac763c5609393e683e1a3e9d47cc58f7aadd37d50591db7f32a1c0ad2e
results/raw/runs/2d_burgers/_shared_warmup/seed_2026/model_warmup.pt,337163,2026-07-01T04:53:36.054988+00:00,b0b994a299773b88e751f31480312e8e083be6f81ba1555bcf52ee5b240abd30
results/raw/runs/2d_burgers/_shared_warmup/seed_2026/status.json,97,2026-07-01T04:53:36.054988+00:00,365842416fb599f5378f52292a020d3698aa31929dccea489bb7ec9203cf3957
results/raw/runs/2d_burgers/_shared_warmup/seed_31415/_SUCCESS,8,2026-07-01T05:55:33.329779+00:00,81b2bd4ea98c8db66554fbc8d7637a1a69a130f331feb732b75caab4c4868fd5
results/raw/runs/2d_burgers/_shared_warmup/seed_31415/history_warmup.csv,8519,2026-07-01T05:55:33.325779+00:00,a1a37eeb2ea6cc409f49f57b9f086fcd7146bd8efd35dcf4a57b070c418423bc
results/raw/runs/2d_burgers/_shared_warmup/seed_31415/metrics_warmup.json,167,2026-07-01T05:55:33.329779+00:00,bd6c7cf6fbdc6db4fc94e75d08836918e44c6e6c7c1c632cdca47eff5f4e16dd
results/raw/runs/2d_burgers/_shared_warmup/seed_31415/model_warmup.pt,337163,2026-07-01T05:55:33.329779+00:00,b76ea4534d9164558f68ffe85b3230a7f3d58e4c7f4a26fee18d6c4c082b3987
results/raw/runs/2d_burgers/_shared_warmup/seed_31415/status.json,98,2026-07-01T05:55:33.329779+00:00,c0e4952ba7c11d0033ceb7fceb50d32d32a84336982b28554eb6a7d279d4c350
results/raw/runs/2d_burgers/_shared_warmup/seed_42/_SUCCESS,8,2026-07-01T05:32:52.458967+00:00,81b2bd4ea98c8db66554fbc8d7637a1a69a130f331feb732b75caab4c4868fd5
results/raw/runs/2d_burgers/_shared_warmup/seed_42/history_warmup.csv,8523,2026-07-01T05:32:52.454967+00:00,e892d42b228eeafcdb9d1a03416b280ee2dbe14f159b3d983b5c83f13a10e390
results/raw/runs/2d_burgers/_shared_warmup/seed_42/metrics_warmup.json,164,2026-07-01T05:32:52.458967+00:00,274025a7da29d6efc4100745275382cf8c8fc8157e179858746ed4e008d27e25
results/raw/runs/2d_burgers/_shared_warmup/seed_42/model_warmup.pt,337163,2026-07-01T05:32:52.454967+00:00,414038c67ddc70908fdc61fd83a861f95d9c9d2484f9c8e0573b0c4f50502d39
results/raw/runs/2d_burgers/_shared_warmup/seed_42/status.json,98,2026-07-01T05:32:52.458967+00:00,c08a59a7ab89ef138433e1c23ef7d0687dff9e1fd70128f387f102f1b7cb89d5
results/raw/runs/2d_burgers/_shared_warmup/seed_7/_SUCCESS,8,2026-07-01T05:22:18.272755+00:00,81b2bd4ea98c8db66554fbc8d7637a1a69a130f331feb732b75caab4c4868fd5
results/raw/runs/2d_burgers/_shared_warmup/seed_7/history_warmup.csv,8504,2026-07-01T05:22:18.268755+00:00,180bc399797a0b17ad8ebe3d27b0828b868aae390658f532a1edeec59d163481
results/raw/runs/2d_burgers/_shared_warmup/seed_7/metrics_warmup.json,162,2026-07-01T05:22:18.272755+00:00,66cf5420289d2ae0bb9affbc7d5a1fdb2db790dd54be7f457bf64ed4bddaa4ab
results/raw/runs/2d_burgers/_shared_warmup/seed_7/model_warmup.pt,337163,2026-07-01T05:22:18.272755+00:00,72ed1164c72cd01e1f0655a9f3966e3d73f1e36da4835a61f06964b4df88db82
results/raw/runs/2d_burgers/_shared_warmup/seed_7/status.json,97,2026-07-01T05:22:18.272755+00:00,8a6d13de223fe7b2afa13fd327f518914f2f94795ad16e554551ce47ea11ab08
results/raw/runs/2d_burgers/_summary/aaf_pinn_metrics.csv,7305,2026-07-21T04:37:39.034167+00:00,3da727a167aea71de54d9789ea78b0a8fa3576d774e6a06af82376abc438a9b4
results/raw/runs/2d_burgers/_summary/cpinn_metrics.csv,7633,2026-07-21T04:37:39.042167+00:00,dce4519b1b71e55b31262443f08feff0776412a8c16bc4d4bdae9d30eaf38395
results/raw/runs/2d_burgers/_summary/gpinn_subsampled_metrics.csv,7445,2026-07-21T04:37:39.030167+00:00,73c88c09b99bec8c346d5aa7ba2dcf6a8ac5d72cad76412fe60de3042684765a
results/raw/runs/2d_burgers/_summary/lra_pinn_metrics.csv,7376,2026-07-21T04:37:39.022167+00:00,20cc03fef2068d76355ff6d65ad464b67b377fccd1a950e16a760fec13a009ce
results/raw/runs/2d_burgers/_summary/pinn_ours_metrics.csv,14373,2026-08-04T07:43:48.643118+00:00,727904788d8de819181d7d1988479d36f1c4c10a4d4c6e5a9397f3f489e7d703
results/raw/runs/2d_burgers/_summary/rad_pinn_metrics.csv,7098,2026-07-21T04:37:39.006167+00:00,6752346963d4e32e34cd800743c1a091c231e34539444ed0f4092ac3f210ca6b
results/raw/runs/2d_burgers/_summary/rar_d_pinn_metrics.csv,7259,2026-07-21T04:37:39.010167+00:00,0c6355daa1f01ad9565682f20c4f2f66ad8fd1aced09c4f5b93336e878bfb025
results/raw/runs/2d_burgers/_summary/rerun_manifest_valid_mask_all_probe_bounds_v3.json,4046,2026-08-04T07:43:48.643118+00:00,19a80a0c6b793f5623ba6f90e46a545de02a1e2166c64c1570fa18d774698767
results/raw/runs/2d_burgers/_summary/sa_pinn_metrics.csv,7509,2026-07-21T04:37:39.018167+00:00,c9d6e2775e8e6891244a22deee0df71915657cb673b2af6f5ba7ed04ef09c76e
results/raw/runs/2d_burgers/_summary/xpinn_metrics.csv,7566,2026-07-21T04:37:39.050167+00:00,b7fccaf9d63c4f153486f72d750dabe95d7e8d360d1cb92f8f097d40bbe74c21
results/raw/runs/2d_burgers/aaf_pinn/seed_100/_SUCCESS,8,2026-07-03T04:54:17.181153+00:00,81b2bd4ea98c8db66554fbc8d7637a1a69a130f331feb732b75caab4c4868fd5
results/raw/runs/2d_burgers/aaf_pinn/seed_100/config.json,1285,2026-07-03T04:47:28.237956+00:00,9ace17d03af7ac32d7a067353f188576ee491f64b5ad080ec92756a0e6641c8c
results/raw/runs/2d_burgers/aaf_pinn/seed_100/diagnostics/aaf_activation_history.csv,37794,2026-07-03T04:54:17.177153+00:00,721bd97a8c91daca66883c2308f076286dac87c8629eff6254dd46ce820ac30c
results/raw/runs/2d_burgers/aaf_pinn/seed_100/diagnostics/aaf_final_state.pt,1091,2026-07-03T04:54:17.177153+00:00,5584af45fc6dc40a923ec35bdfe2fff998355fa5a8e63fa99e7a0a30342c8414
results/raw/runs/2d_burgers/aaf_pinn/seed_100/diagnostics/aaf_settings.json,301,2026-07-03T04:54:17.177153+00:00,6935922593e57238558578dd005c8c52275e439cde3baab780dce01ba9773a3b
results/raw/runs/2d_burgers/aaf_pinn/seed_100/env.json,244,2026-07-03T04:47:28.237956+00:00,3ea9611b4a501b9d8258401458ea7fbd12107e673f8ddeac71518e0ffecb3269
results/raw/runs/2d_burgers/aaf_pinn/seed_100/history.csv,37794,2026-07-03T04:54:17.145153+00:00,721bd97a8c91daca66883c2308f076286dac87c8629eff6254dd46ce820ac30c
results/raw/runs/2d_burgers/aaf_pinn/seed_100/method.json,528,2026-07-03T04:47:28.237956+00:00,2bc394c8121e0255f086f3cf7686e07815272f2462ae3506c5b5b8bc25d81fb1
results/raw/runs/2d_burgers/aaf_pinn/seed_100/metrics_adamw.json,2975,2026-07-21T04:37:38.694168+00:00,5547b1a919b4daeafd93bb4408308cd8e1a880585565fe89842b564e08aabcc5
results/raw/runs/2d_burgers/aaf_pinn/seed_100/metrics_final.json,2975,2026-07-21T04:37:38.694168+00:00,5547b1a919b4daeafd93bb4408308cd8e1a880585565fe89842b564e08aabcc5
results/raw/runs/2d_burgers/aaf_pinn/seed_100/model_adamw_final.pt,339938,2026-07-03T04:54:17.149153+00:00,28b667661a3d28ee2138af69c02f272cf1515c1d60d5c68b47a69f593d8e7b25
results/raw/runs/2d_burgers/aaf_pinn/seed_100/model_final.pt,339836,2026-07-03T04:54:17.153153+00:00,127de67ea38b7687737550c04c88f1720db514380eb8cff9d107e3ac23c20765
results/raw/runs/2d_burgers/aaf_pinn/seed_100/predictions/predict_xy_grid.npz,103253,2026-07-03T04:54:17.173153+00:00,76d19c070ae511dcb0031a888ef8e74c161cb80d78562a605df63cbc41bb1c1d
results/raw/runs/2d_burgers/aaf_pinn/seed_100/predictions/prediction_info.json,52,2026-07-03T04:54:17.173153+00:00,90b339f2467da3f7a5ee996c47eff61d7f733f0c6d870cfd7969d5e027f8c091
results/raw/runs/2d_burgers/aaf_pinn/seed_100/status.json,104,2026-07-03T04:54:17.177153+00:00,4eb092e87860e1a31600d14d8dfc5c3037b89340a730bb1ba0be80d06320edbc
results/raw/runs/2d_burgers/aaf_pinn/seed_2026/_SUCCESS,8,2026-07-03T04:33:44.989006+00:00,81b2bd4ea98c8db66554fbc8d7637a1a69a130f331feb732b75caab4c4868fd5
results/raw/runs/2d_burgers/aaf_pinn/seed_2026/config.json,1287,2026-07-03T04:26:52.315208+00:00,0c681be7a72267cce7162fb77f4a9b66e89bdb7dd62a637be67e6ec1447e4750
results/raw/runs/2d_burgers/aaf_pinn/seed_2026/diagnostics/aaf_activation_history.csv,37903,2026-07-03T04:33:44.989006+00:00,29f06b9a00d4f0e4d44422a9b65cd290ebe51507114ca32f22106e4d5c2c5545
results/raw/runs/2d_burgers/aaf_pinn/seed_2026/diagnostics/aaf_final_state.pt,1091,2026-07-03T04:33:44.989006+00:00,b071794ff537a758b863192abfe5da80495f6c5527416cb95a48e6a1b4e2d617
results/raw/runs/2d_burgers/aaf_pinn/seed_2026/diagnostics/aaf_settings.json,302,2026-07-03T04:33:44.989006+00:00,5fce6123747db5b69f09894242f6e98f13175b83e9a529c5139a700a00959b04
results/raw/runs/2d_burgers/aaf_pinn/seed_2026/env.json,244,2026-07-03T04:26:52.319209+00:00,3ea9611b4a501b9d8258401458ea7fbd12107e673f8ddeac71518e0ffecb3269
results/raw/runs/2d_burgers/aaf_pinn/seed_2026/history.csv,37903,2026-07-03T04:33:44.961006+00:00,29f06b9a00d4f0e4d44422a9b65cd290ebe51507114ca32f22106e4d5c2c5545
results/raw/runs/2d_burgers/aaf_pinn/seed_2026/method.json,528,2026-07-03T04:26:52.319209+00:00,2bc394c8121e0255f086f3cf7686e07815272f2462ae3506c5b5b8bc25d81fb1
results/raw/runs/2d_burgers/aaf_pinn/seed_2026/metrics_adamw.json,2975,2026-07-21T04:37:38.698169+00:00,e05579f125dd1d23d3a826d4df1dcd6e8a87a9853e2da39b3965bab40e8e09ad
results/raw/runs/2d_burgers/aaf_pinn/seed_2026/metrics_final.json,2975,2026-07-21T04:37:38.694168+00:00,e05579f125dd1d23d3a826d4df1dcd6e8a87a9853e2da39b3965bab40e8e09ad
results/raw/runs/2d_burgers/aaf_pinn/seed_2026/model_adamw_final.pt,339938,2026-07-03T04:33:44.961006+00:00,2d065289bb72b24b941ad96074fb69707430b9eff35528de3649245f8bf80e95
results/raw/runs/2d_burgers/aaf_pinn/seed_2026/model_final.pt,339836,2026-07-03T04:33:44.965006+00:00,86c270062ebb6a2e0971e872fd7adfbdeee2a4b680fb34559df78d3c5472c585
results/raw/runs/2d_burgers/aaf_pinn/seed_2026/predictions/predict_xy_grid.npz,104085,2026-07-03T04:33:44.985006+00:00,56eee4b192d3989d829d7a7a695a520532f7ed2518033ec2fbf7c89767150588
results/raw/runs/2d_burgers/aaf_pinn/seed_2026/predictions/prediction_info.json,52,2026-07-03T04:33:44.985006+00:00,90b339f2467da3f7a5ee996c47eff61d7f733f0c6d870cfd7969d5e027f8c091
results/raw/runs/2d_burgers/aaf_pinn/seed_2026/status.json,102,2026-07-03T04:33:44.989006+00:00,f42715e836daa934afdc7050371520bfe61a6e343d83c2028a0e79bc5d1b2fd6
results/raw/runs/2d_burgers/aaf_pinn/seed_31415/_SUCCESS,8,2026-07-03T05:01:07.799988+00:00,81b2bd4ea98c8db66554fbc8d7637a1a69a130f331feb732b75caab4c4868fd5
results/raw/runs/2d_burgers/aaf_pinn/seed_31415/config.json,1289,2026-07-03T04:54:17.333153+00:00,d1d342e50b1ca74d2134daec23415c537f1eee5fe657f84ce3cff6b859cbffa3
results/raw/runs/2d_burgers/aaf_pinn/seed_31415/diagnostics/aaf_activation_history.csv,37828,2026-07-03T05:01:07.795988+00:00,2096d7adf790d9c6a1405f8afc9d794a1273aedd7acd5ed26568d77b954f0f8c
results/raw/runs/2d_burgers/aaf_pinn/seed_31415/diagnostics/aaf_final_state.pt,1091,2026-07-03T05:01:07.795988+00:00,4627d806db103f3fb42cfcb2f6c2dbbdd4b069b81a8b3d5f89ff7292c2052e43
results/raw/runs/2d_burgers/aaf_pinn/seed_31415/diagnostics/aaf_settings.json,302,2026-07-03T05:01:07.795988+00:00,2d31160531b867c7d5c6eeb34a133a91979ba1de5df549c2ac38d81f2ea5d2bf
results/raw/runs/2d_burgers/aaf_pinn/seed_31415/env.json,244,2026-07-03T04:54:17.333153+00:00,3ea9611b4a501b9d8258401458ea7fbd12107e673f8ddeac71518e0ffecb3269
results/raw/runs/2d_burgers/aaf_pinn/seed_31415/history.csv,37828,2026-07-03T05:01:07.767988+00:00,2096d7adf790d9c6a1405f8afc9d794a1273aedd7acd5ed26568d77b954f0f8c
results/raw/runs/2d_burgers/aaf_pinn/seed_31415/method.json,528,2026-07-03T04:54:17.333153+00:00,2bc394c8121e0255f086f3cf7686e07815272f2462ae3506c5b5b8bc25d81fb1
results/raw/runs/2d_burgers/aaf_pinn/seed_31415/metrics_adamw.json,2970,2026-07-21T04:37:38.698169+00:00,1aacab06f08f5e46f9e4fd9435b586257967d319ecc3360b98317a867b504810
results/raw/runs/2d_burgers/aaf_pinn/seed_31415/metrics_final.json,2970,2026-07-21T04:37:38.698169+00:00,1aacab06f08f5e46f9e4fd9435b586257967d319ecc3360b98317a867b504810
results/raw/runs/2d_burgers/aaf_pinn/seed_31415/model_adamw_final.pt,339938,2026-07-03T05:01:07.767988+00:00,574383d8f463567e8f394c1c68f75297fac8ed473028b8b8ae1ebcccf14fb4b9
results/raw/runs/2d_burgers/aaf_pinn/seed_31415/model_final.pt,339836,2026-07-03T05:01:07.771988+00:00,d523ed5952159b3051f9d4a6db7e7b4afa44348d404e26584c6a9a298a5f0ba0
results/raw/runs/2d_burgers/aaf_pinn/seed_31415/predictions/predict_xy_grid.npz,106925,2026-07-03T05:01:07.791988+00:00,33dd871d3afced2e58acb6c4f924848abda9591a549e61b91cd9bc44e8d0432c
results/raw/runs/2d_burgers/aaf_pinn/seed_31415/predictions/prediction_info.json,52,2026-07-03T05:01:07.791988+00:00,90b339f2467da3f7a5ee996c47eff61d7f733f0c6d870cfd7969d5e027f8c091
results/raw/runs/2d_burgers/aaf_pinn/seed_31415/status.json,102,2026-07-03T05:01:07.799988+00:00,06339054b825658529f665059b70fc9d52070bff63846ec3541eb61e1318f6e1
results/raw/runs/2d_burgers/aaf_pinn/seed_42/_SUCCESS,8,2026-07-03T04:47:28.089957+00:00,81b2bd4ea98c8db66554fbc8d7637a1a69a130f331feb732b75caab4c4868fd5
results/raw/runs/2d_burgers/aaf_pinn/seed_42/config.json,1283,2026-07-03T04:40:41.181971+00:00,3205cf556ce594a69640df27689fc1a68a24f3f3d9530eda46e1de0c692c0ec8
results/raw/runs/2d_burgers/aaf_pinn/seed_42/diagnostics/aaf_activation_history.csv,37868,2026-07-03T04:47:28.089957+00:00,ec1c92a2bc9d85af9cac323856daef892a9f5c488a6dcd7db33ddc17b0fca817
results/raw/runs/2d_burgers/aaf_pinn/seed_42/diagnostics/aaf_final_state.pt,1091,2026-07-03T04:47:28.089957+00:00,98786dd3468298e6ecdb136eefe190d7c1a03f58ad87b5b96eac0cb41a6fc589
results/raw/runs/2d_burgers/aaf_pinn/seed_42/diagnostics/aaf_settings.json,303,2026-07-03T04:47:28.089957+00:00,646d0adbde72e3500b997027977c21044297138fb5ff145f0bb7f580743ff7b8
results/raw/runs/2d_burgers/aaf_pinn/seed_42/env.json,244,2026-07-03T04:40:41.181971+00:00,3ea9611b4a501b9d8258401458ea7fbd12107e673f8ddeac71518e0ffecb3269
results/raw/runs/2d_burgers/aaf_pinn/seed_42/history.csv,37868,2026-07-03T04:47:28.057956+00:00,ec1c92a2bc9d85af9cac323856daef892a9f5c488a6dcd7db33ddc17b0fca817
results/raw/runs/2d_burgers/aaf_pinn/seed_42/method.json,528,2026-07-03T04:40:41.181971+00:00,2bc394c8121e0255f086f3cf7686e07815272f2462ae3506c5b5b8bc25d81fb1
results/raw/runs/2d_burgers/aaf_pinn/seed_42/metrics_adamw.json,2973,2026-07-21T04:37:38.698169+00:00,8551e4449d07e5528fc3e9b9aa656d8227eca798162739902e8fb02922763d3f
results/raw/runs/2d_burgers/aaf_pinn/seed_42/metrics_final.json,2973,2026-07-21T04:37:38.698169+00:00,8551e4449d07e5528fc3e9b9aa656d8227eca798162739902e8fb02922763d3f
results/raw/runs/2d_burgers/aaf_pinn/seed_42/model_adamw_final.pt,339938,2026-07-03T04:47:28.061956+00:00,8bc1794bfcf3ffa9c7a04793ed06a5b55182630b6c8816af4954faa5a6a5967d
results/raw/runs/2d_burgers/aaf_pinn/seed_42/model_final.pt,339836,2026-07-03T04:47:28.061956+00:00,9cf064b7b39f9fc6575755c5b58bfb872f097be6ec70253e21a06fa2e92030e8
results/raw/runs/2d_burgers/aaf_pinn/seed_42/predictions/predict_xy_grid.npz,103503,2026-07-03T04:47:28.085956+00:00,4d9e8e95afee99eb9fab36e5535198d58e56ed6e663b5d6b758a3abdec1e3883
results/raw/runs/2d_burgers/aaf_pinn/seed_42/predictions/prediction_info.json,52,2026-07-03T04:47:28.085956+00:00,90b339f2467da3f7a5ee996c47eff61d7f733f0c6d870cfd7969d5e027f8c091
results/raw/runs/2d_burgers/aaf_pinn/seed_42/status.json,103,2026-07-03T04:47:28.089957+00:00,d37eef1c30b3a968a6ed261ba7192b814cce9f2e22efc6676ad7bbae47580b96
results/raw/runs/2d_burgers/aaf_pinn/seed_7/_SUCCESS,8,2026-07-03T04:40:41.001971+00:00,81b2bd4ea98c8db66554fbc8d7637a1a69a130f331feb732b75caab4c4868fd5
results/raw/runs/2d_burgers/aaf_pinn/seed_7/config.json,1281,2026-07-03T04:33:45.137005+00:00,ac79971c4ee5f8c27d43f75f36dc64cf377349bb2ad7d5f61d3384fb36d8c429
results/raw/runs/2d_burgers/aaf_pinn/seed_7/diagnostics/aaf_activation_history.csv,37864,2026-07-03T04:40:41.001971+00:00,09a7338be3cdfcb5425e066e07284c9e679a4495501c64112eb9631ef9df5be1
results/raw/runs/2d_burgers/aaf_pinn/seed_7/diagnostics/aaf_final_state.pt,1091,2026-07-03T04:40:41.001971+00:00,8118aff7c61bc84439cc210133f2d2999f8f2b1b378487ad46c64ba0f190db16
results/raw/runs/2d_burgers/aaf_pinn/seed_7/diagnostics/aaf_settings.json,302,2026-07-03T04:40:41.001971+00:00,4318161e3b7d4f93a045c38074c9c4c2c1b778d51bf138df43cbfb40d2739590
results/raw/runs/2d_burgers/aaf_pinn/seed_7/env.json,244,2026-07-03T04:33:45.137005+00:00,3ea9611b4a501b9d8258401458ea7fbd12107e673f8ddeac71518e0ffecb3269
results/raw/runs/2d_burgers/aaf_pinn/seed_7/history.csv,37864,2026-07-03T04:40:40.953970+00:00,09a7338be3cdfcb5425e066e07284c9e679a4495501c64112eb9631ef9df5be1
results/raw/runs/2d_burgers/aaf_pinn/seed_7/method.json,528,2026-07-03T04:33:45.137005+00:00,2bc394c8121e0255f086f3cf7686e07815272f2462ae3506c5b5b8bc25d81fb1
results/raw/runs/2d_burgers/aaf_pinn/seed_7/metrics_adamw.json,2979,2026-07-21T04:37:38.698169+00:00,78c2665655a2f562a0d5139ba160924a2b1742023be57ac75437968bedb7e835
results/raw/runs/2d_burgers/aaf_pinn/seed_7/metrics_final.json,2979,2026-07-21T04:37:38.698169+00:00,78c2665655a2f562a0d5139ba160924a2b1742023be57ac75437968bedb7e835
results/raw/runs/2d_burgers/aaf_pinn/seed_7/model_adamw_final.pt,339938,2026-07-03T04:40:40.957970+00:00,6cdb73e13491aa9358ddd8d3b477b8e08d46cb381b969139ed56e5e60cd2c296
results/raw/runs/2d_burgers/aaf_pinn/seed_7/model_final.pt,339836,2026-07-03T04:40:40.957970+00:00,3cd9aba77aa7efc9b2a194441ce325bd66e5a337a35fb5fefd81bc38810a8188
results/raw/runs/2d_burgers/aaf_pinn/seed_7/predictions/predict_xy_grid.npz,103629,2026-07-03T04:40:40.993970+00:00,feae02ad876ea9953c97ba63706fb6ae5c4d19efd5795e841cc3cbc42736cb41
results/raw/runs/2d_burgers/aaf_pinn/seed_7/predictions/prediction_info.json,52,2026-07-03T04:40:40.993970+00:00,90b339f2467da3f7a5ee996c47eff61d7f733f0c6d870cfd7969d5e027f8c091
results/raw/runs/2d_burgers/aaf_pinn/seed_7/status.json,103,2026-07-03T04:40:41.001971+00:00,4bfa9e46b1849978f51c584bb50a004b87c2f44f96563e7edc0d21745868de93
results/raw/runs/2d_burgers/cpinn/seed_100/_SUCCESS,8,2026-07-04T06:39:33.756751+00:00,81b2bd4ea98c8db66554fbc8d7637a1a69a130f331feb732b75caab4c4868fd5
results/raw/runs/2d_burgers/cpinn/seed_100/config.json,1282,2026-07-04T06:13:28.455521+00:00,5e1138407434393254b1dc3b2fe2180db9cfd8b7e2ff7b9bdae5fd36a59a6114
results/raw/runs/2d_burgers/cpinn/seed_100/diagnostics/cpinn_interface_history.csv,75027,2026-07-04T06:39:33.748751+00:00,22f48f8ab991c046438a37f99b1c60a5169413affc3cba2c49dd004545b84696
results/raw/runs/2d_burgers/cpinn/seed_100/diagnostics/cpinn_interface_points.npz,31567,2026-07-04T06:39:33.748751+00:00,b228e1a30192a91adc79f4bcfd60397e269927e653a3d7dcbb7535e0d3b16d33
results/raw/runs/2d_burgers/cpinn/seed_100/diagnostics/cpinn_interface_points_meta.json,593,2026-07-04T06:39:33.748751+00:00,bc6c42255d87b62c29cec22c9b08c3ae184451edf7df45d02d1b8e83cf579254
results/raw/runs/2d_burgers/cpinn/seed_100/diagnostics/cpinn_loss_history.csv,56711,2026-07-04T06:39:33.740751+00:00,b1b63f8510d671056a2add764bcf1c3ff9273a574e33c146f9406ec5435b8deb
results/raw/runs/2d_burgers/cpinn/seed_100/diagnostics/cpinn_subdomain_config.json,1229,2026-07-04T06:39:33.748751+00:00,1649701777084bd8afe4c6eeeaf3e8c4c4a1eae143487be77e9e8c386b22f751
results/raw/runs/2d_burgers/cpinn/seed_100/diagnostics/cpinn_submodel_state_dicts.pt,1352587,2026-07-04T06:39:33.756751+00:00,42fece950d30d6e0a1b536495b4d69bed615e72778784c2a5098c0510b1be53f
results/raw/runs/2d_burgers/cpinn/seed_100/env.json,244,2026-07-04T06:13:28.455521+00:00,3ea9611b4a501b9d8258401458ea7fbd12107e673f8ddeac71518e0ffecb3269
results/raw/runs/2d_burgers/cpinn/seed_100/history.csv,56711,2026-07-04T06:39:33.700751+00:00,b1b63f8510d671056a2add764bcf1c3ff9273a574e33c146f9406ec5435b8deb
results/raw/runs/2d_burgers/cpinn/seed_100/method.json,924,2026-07-04T06:13:28.455521+00:00,93562d2651e54007aaf20dd169752a02149106bef6133853a09053c799f8b156
results/raw/runs/2d_burgers/cpinn/seed_100/metrics_adamw.json,3203,2026-07-21T04:37:38.702168+00:00,8e083499960ac46e13db411f925974797f2eabff292bdad71f42608b67b2a3b0
results/raw/runs/2d_burgers/cpinn/seed_100/metrics_final.json,3203,2026-07-21T04:37:38.702168+00:00,8e083499960ac46e13db411f925974797f2eabff292bdad71f42608b67b2a3b0
results/raw/runs/2d_burgers/cpinn/seed_100/model_adamw_final.pt,1355165,2026-07-04T06:39:33.704751+00:00,30ae467a86714da9be9bed97608c49680a1b873ec4e937e16f85c9da3ee32aba
results/raw/runs/2d_burgers/cpinn/seed_100/model_final.pt,1354793,2026-07-04T06:39:33.712751+00:00,8283f507664e08b7a0475637bc9dc705bfbd03a4007d9de614b051e00d726c0e
results/raw/runs/2d_burgers/cpinn/seed_100/predictions/predict_xy_grid.npz,108805,2026-07-04T06:39:33.736751+00:00,03dae800590c3dd2139a9872670290e1e630fd8f5625698fe6062dbbac34e748
results/raw/runs/2d_burgers/cpinn/seed_100/predictions/prediction_info.json,52,2026-07-04T06:39:33.736751+00:00,90b339f2467da3f7a5ee996c47eff61d7f733f0c6d870cfd7969d5e027f8c091
results/raw/runs/2d_burgers/cpinn/seed_100/status.json,103,2026-07-04T06:39:33.756751+00:00,864359158b30b8836e3b10b256da9694608c7e4f66ab95cf20485ae9306f0dd6
results/raw/runs/2d_burgers/cpinn/seed_2026/_SUCCESS,8,2026-07-04T05:23:03.010438+00:00,81b2bd4ea98c8db66554fbc8d7637a1a69a130f331feb732b75caab4c4868fd5
results/raw/runs/2d_burgers/cpinn/seed_2026/config.json,1284,2026-07-04T04:57:34.353425+00:00,96924754abfb192b7ee3b07a2ec4b627b67844a35e029e5a466f30d9429077f9
results/raw/runs/2d_burgers/cpinn/seed_2026/diagnostics/cpinn_interface_history.csv,74958,2026-07-04T05:23:02.998438+00:00,f63d3419e8822466d10a6d841e8e2060345519ffce6f377a0bfe395cb0e2969f
results/raw/runs/2d_burgers/cpinn/seed_2026/diagnostics/cpinn_interface_points.npz,31600,2026-07-04T05:23:03.002438+00:00,b3a76c901964f0d07ed3c326575cc7ac2cb924ca8f46860b67b39d8a3dc04ea9
results/raw/runs/2d_burgers/cpinn/seed_2026/diagnostics/cpinn_interface_points_meta.json,593,2026-07-04T05:23:03.002438+00:00,bc6c42255d87b62c29cec22c9b08c3ae184451edf7df45d02d1b8e83cf579254
results/raw/runs/2d_burgers/cpinn/seed_2026/diagnostics/cpinn_loss_history.csv,56719,2026-07-04T05:23:02.994438+00:00,57e90ee5641c02bbafa3424c7230e32510139cf2e14b851d867c267001ba7605
results/raw/runs/2d_burgers/cpinn/seed_2026/diagnostics/cpinn_subdomain_config.json,1232,2026-07-04T05:23:02.998438+00:00,f900171e4eec6cffe1e0a624a5d942ce399124578f9ca53c4f11ee45ae63c6f5
results/raw/runs/2d_burgers/cpinn/seed_2026/diagnostics/cpinn_submodel_state_dicts.pt,1352587,2026-07-04T05:23:03.010438+00:00,0f81ee4766f8c22f2d3bfd41b15f95eac439f541b73a1460e1df285cd83889a9
results/raw/runs/2d_burgers/cpinn/seed_2026/env.json,244,2026-07-04T04:57:34.353425+00:00,3ea9611b4a501b9d8258401458ea7fbd12107e673f8ddeac71518e0ffecb3269
results/raw/runs/2d_burgers/cpinn/seed_2026/history.csv,56719,2026-07-04T05:23:02.950438+00:00,57e90ee5641c02bbafa3424c7230e32510139cf2e14b851d867c267001ba7605
results/raw/runs/2d_burgers/cpinn/seed_2026/method.json,924,2026-07-04T04:57:34.353425+00:00,93562d2651e54007aaf20dd169752a02149106bef6133853a09053c799f8b156
results/raw/runs/2d_burgers/cpinn/seed_2026/metrics_adamw.json,3199,2026-07-21T04:37:38.702168+00:00,3149e4c6c69e9648a2bb326c18dbb97879be7b34405da55666b8b14fe65e5c25
results/raw/runs/2d_burgers/cpinn/seed_2026/metrics_final.json,3199,2026-07-21T04:37:38.702168+00:00,3149e4c6c69e9648a2bb326c18dbb97879be7b34405da55666b8b14fe65e5c25
results/raw/runs/2d_burgers/cpinn/seed_2026/model_adamw_final.pt,1355165,2026-07-04T05:23:02.958438+00:00,d67d7aebb412b14be094013b9a434e8c01901afcaaa226cc169845a8823d0120
results/raw/runs/2d_burgers/cpinn/seed_2026/model_final.pt,1354793,2026-07-04T05:23:02.962438+00:00,d96f183ef3b74db8717f7798a7ff499dc0fc13aaf2833a98e4e17b37485ecf65
results/raw/runs/2d_burgers/cpinn/seed_2026/predictions/predict_xy_grid.npz,108398,2026-07-04T05:23:02.990438+00:00,11af37fff934ed517681b7451fa13ab8af4dfab0a0d2b3a3ce048cd31eae3aea
results/raw/runs/2d_burgers/cpinn/seed_2026/predictions/prediction_info.json,52,2026-07-04T05:23:02.990438+00:00,90b339f2467da3f7a5ee996c47eff61d7f733f0c6d870cfd7969d5e027f8c091
results/raw/runs/2d_burgers/cpinn/seed_2026/status.json,104,2026-07-04T05:23:03.010438+00:00,077624e58134fbb16452a86c8dd7841bf71d5976110ecac0989efde4a3380520
results/raw/runs/2d_burgers/cpinn/seed_31415/_SUCCESS,8,2026-07-04T07:02:19.865259+00:00,81b2bd4ea98c8db66554fbc8d7637a1a69a130f331feb732b75caab4c4868fd5
results/raw/runs/2d_burgers/cpinn/seed_31415/config.json,1286,2026-07-04T06:39:33.900750+00:00,a4f348f074c753ac7339aa6fad70259b20c90d348e43338c9a725bcea247f4a3
results/raw/runs/2d_burgers/cpinn/seed_31415/diagnostics/cpinn_interface_history.csv,74933,2026-07-04T07:02:19.853259+00:00,83a3a0770269815fbddddb3eb8f3d042446090c839ddef9bf0c49ca577e0d861
results/raw/runs/2d_burgers/cpinn/seed_31415/diagnostics/cpinn_interface_points.npz,31597,2026-07-04T07:02:19.857259+00:00,a35b6a659ec221f884020dfbb3390dcd95df7c8fe1ec9ad14f0ee551cf383cce
results/raw/runs/2d_burgers/cpinn/seed_31415/diagnostics/cpinn_interface_points_meta.json,593,2026-07-04T07:02:19.857259+00:00,bc6c42255d87b62c29cec22c9b08c3ae184451edf7df45d02d1b8e83cf579254
results/raw/runs/2d_burgers/cpinn/seed_31415/diagnostics/cpinn_loss_history.csv,56712,2026-07-04T07:02:19.849259+00:00,de1e2235a2d63fefc63e7ae78a5caaed85678d058bf5af55ee8e8cbe782a83ef
results/raw/runs/2d_burgers/cpinn/seed_31415/diagnostics/cpinn_subdomain_config.json,1230,2026-07-04T07:02:19.853259+00:00,e48fbf3f9e4f5aa55d9674d4a8f351655985d9838843fe136162c2705a3504c6
results/raw/runs/2d_burgers/cpinn/seed_31415/diagnostics/cpinn_submodel_state_dicts.pt,1352587,2026-07-04T07:02:19.865259+00:00,ad00f472f8c61b0b82cf8682e0e0b780c5b1d9921e6d1ad1826694a11cf44355
results/raw/runs/2d_burgers/cpinn/seed_31415/env.json,244,2026-07-04T06:39:33.900750+00:00,3ea9611b4a501b9d8258401458ea7fbd12107e673f8ddeac71518e0ffecb3269
results/raw/runs/2d_burgers/cpinn/seed_31415/history.csv,56712,2026-07-04T07:02:19.805259+00:00,de1e2235a2d63fefc63e7ae78a5caaed85678d058bf5af55ee8e8cbe782a83ef
results/raw/runs/2d_burgers/cpinn/seed_31415/method.json,924,2026-07-04T06:39:33.900750+00:00,93562d2651e54007aaf20dd169752a02149106bef6133853a09053c799f8b156
results/raw/runs/2d_burgers/cpinn/seed_31415/metrics_adamw.json,3214,2026-07-21T04:37:38.702168+00:00,8bec7719bec646c24916620f39ab5d000007997f6ca674b44e2fbef01388ba9b
results/raw/runs/2d_burgers/cpinn/seed_31415/metrics_final.json,3214,2026-07-21T04:37:38.702168+00:00,8bec7719bec646c24916620f39ab5d000007997f6ca674b44e2fbef01388ba9b
results/raw/runs/2d_burgers/cpinn/seed_31415/model_adamw_final.pt,1355165,2026-07-04T07:02:19.813259+00:00,ef10004e6d65b556721ab04a67619214244c959d80fc6d73b8a2ace46f3b183f
results/raw/runs/2d_burgers/cpinn/seed_31415/model_final.pt,1354793,2026-07-04T07:02:19.817259+00:00,0313386e6b8a86721fdd0d6a4db9a37046f9b9f106132864579ed8e20c87e154
results/raw/runs/2d_burgers/cpinn/seed_31415/predictions/predict_xy_grid.npz,107326,2026-07-04T07:02:19.845259+00:00,582bebe169544b0f95e7dbd0ccf861d4c08fb4dee557ce8201ba6abb8a996a41
results/raw/runs/2d_burgers/cpinn/seed_31415/predictions/prediction_info.json,52,2026-07-04T07:02:19.845259+00:00,90b339f2467da3f7a5ee996c47eff61d7f733f0c6d870cfd7969d5e027f8c091
results/raw/runs/2d_burgers/cpinn/seed_31415/status.json,104,2026-07-04T07:02:19.865259+00:00,3344d0f98f9d6a8edf54f017fab791684c49ecb87cbb00466ac362432ae7b4be
results/raw/runs/2d_burgers/cpinn/seed_42/_SUCCESS,8,2026-07-04T06:13:28.311522+00:00,81b2bd4ea98c8db66554fbc8d7637a1a69a130f331feb732b75caab4c4868fd5
results/raw/runs/2d_burgers/cpinn/seed_42/config.json,1280,2026-07-04T05:48:24.630091+00:00,e0a560764798c3641040b92c6ec0bb589ff2566520634a7c1fe0a6c8d37b2eed
results/raw/runs/2d_burgers/cpinn/seed_42/diagnostics/cpinn_interface_history.csv,74994,2026-07-04T06:13:28.303522+00:00,d501ba3927135bd893bcf6acee70db4f98c7bc86b5c4d9e6c6376c0b36fefe06
results/raw/runs/2d_burgers/cpinn/seed_42/diagnostics/cpinn_interface_points.npz,31599,2026-07-04T06:13:28.307522+00:00,92c5b9cacb55d5eb132eead67ece426e40d0ea19557bfed5d7fdf2d6165db7b4
results/raw/runs/2d_burgers/cpinn/seed_42/diagnostics/cpinn_interface_points_meta.json,593,2026-07-04T06:13:28.307522+00:00,bc6c42255d87b62c29cec22c9b08c3ae184451edf7df45d02d1b8e83cf579254
results/raw/runs/2d_burgers/cpinn/seed_42/diagnostics/cpinn_loss_history.csv,56719,2026-07-04T06:13:28.299522+00:00,824af9ee6bdc9ec4c09ab7547d59aba9c8a3c1ad1d77b1a65dd78d5acd7d1158
results/raw/runs/2d_burgers/cpinn/seed_42/diagnostics/cpinn_subdomain_config.json,1232,2026-07-04T06:13:28.303522+00:00,5577ab9893509b53f823342b6426629d60637369794365fcfc10772d18cc0d16
results/raw/runs/2d_burgers/cpinn/seed_42/diagnostics/cpinn_submodel_state_dicts.pt,1352587,2026-07-04T06:13:28.311522+00:00,88d23ed201092cdd0b263d6c429ee34a13078f5212e3fd9b799f964ef5bf4c19
results/raw/runs/2d_burgers/cpinn/seed_42/env.json,244,2026-07-04T05:48:24.634091+00:00,3ea9611b4a501b9d8258401458ea7fbd12107e673f8ddeac71518e0ffecb3269
results/raw/runs/2d_burgers/cpinn/seed_42/history.csv,56719,2026-07-04T06:13:28.255523+00:00,824af9ee6bdc9ec4c09ab7547d59aba9c8a3c1ad1d77b1a65dd78d5acd7d1158
results/raw/runs/2d_burgers/cpinn/seed_42/method.json,924,2026-07-04T05:48:24.630091+00:00,93562d2651e54007aaf20dd169752a02149106bef6133853a09053c799f8b156
results/raw/runs/2d_burgers/cpinn/seed_42/metrics_adamw.json,3208,2026-07-21T04:37:38.706168+00:00,9ee6b620b2e7f425db1d270938ae12683e42bc85d2164bb868e7e9b4201febfd
results/raw/runs/2d_burgers/cpinn/seed_42/metrics_final.json,3208,2026-07-21T04:37:38.706168+00:00,9ee6b620b2e7f425db1d270938ae12683e42bc85d2164bb868e7e9b4201febfd
results/raw/runs/2d_burgers/cpinn/seed_42/model_adamw_final.pt,1355165,2026-07-04T06:13:28.263523+00:00,f17a1a51dd31c6899fd7f3643fe5e2368fc89069092b5cded6c29c8c41b881f2
results/raw/runs/2d_burgers/cpinn/seed_42/model_final.pt,1354793,2026-07-04T06:13:28.267523+00:00,26ba8ef27778bc20aeef1f64f7f319df287c782c4c92c7c27fb937f7f80b5213
results/raw/runs/2d_burgers/cpinn/seed_42/predictions/predict_xy_grid.npz,107261,2026-07-04T06:13:28.291523+00:00,b423ae1025b244cea95d9ed296af70829e0b5cb079416c5efbc7c673a78361bf
results/raw/runs/2d_burgers/cpinn/seed_42/predictions/prediction_info.json,52,2026-07-04T06:13:28.291523+00:00,90b339f2467da3f7a5ee996c47eff61d7f733f0c6d870cfd7969d5e027f8c091
results/raw/runs/2d_burgers/cpinn/seed_42/status.json,103,2026-07-04T06:13:28.311522+00:00,2d8a8a83b947771e7a95738c231b6dd631d13b7bb2b4db7b39c70329f7be27ba
results/raw/runs/2d_burgers/cpinn/seed_7/_SUCCESS,8,2026-07-04T05:48:24.490091+00:00,81b2bd4ea98c8db66554fbc8d7637a1a69a130f331feb732b75caab4c4868fd5
results/raw/runs/2d_burgers/cpinn/seed_7/config.json,1278,2026-07-04T05:23:03.150438+00:00,1feb1dbf0e6354bd89b8456182ea6f6a3bb4bc276217e6e7a1f23541c2f0182b
results/raw/runs/2d_burgers/cpinn/seed_7/diagnostics/cpinn_interface_history.csv,75004,2026-07-04T05:48:24.478091+00:00,830d74919108d55280883aa84f4d556b7c2fa6a3daaa6e2c35b9b1fcfb571afa
results/raw/runs/2d_burgers/cpinn/seed_7/diagnostics/cpinn_interface_points.npz,31600,2026-07-04T05:48:24.482091+00:00,60f23ec92983d614bac584d5cdfa85c1ba8c0fa9beafb4cdcb42e29aecdb9295
results/raw/runs/2d_burgers/cpinn/seed_7/diagnostics/cpinn_interface_points_meta.json,593,2026-07-04T05:48:24.482091+00:00,bc6c42255d87b62c29cec22c9b08c3ae184451edf7df45d02d1b8e83cf579254
results/raw/runs/2d_burgers/cpinn/seed_7/diagnostics/cpinn_loss_history.csv,56672,2026-07-04T05:48:24.474091+00:00,95b9762a00472e33849d8dd8c0dcd2afe8672f3ddaa15251a976d0ff0a4b992a
results/raw/runs/2d_burgers/cpinn/seed_7/diagnostics/cpinn_subdomain_config.json,1233,2026-07-04T05:48:24.482091+00:00,686bc925d1ccb29929ad119ba2c8df118e60770c8dce7cbb655149f455489565
results/raw/runs/2d_burgers/cpinn/seed_7/diagnostics/cpinn_submodel_state_dicts.pt,1352587,2026-07-04T05:48:24.490091+00:00,ccbf9aca19108268e84b17f9968edceb0640c408834b40e2243b1e49d623e614
results/raw/runs/2d_burgers/cpinn/seed_7/env.json,244,2026-07-04T05:23:03.150438+00:00,3ea9611b4a501b9d8258401458ea7fbd12107e673f8ddeac71518e0ffecb3269
results/raw/runs/2d_burgers/cpinn/seed_7/history.csv,56672,2026-07-04T05:48:24.430091+00:00,95b9762a00472e33849d8dd8c0dcd2afe8672f3ddaa15251a976d0ff0a4b992a
results/raw/runs/2d_burgers/cpinn/seed_7/method.json,924,2026-07-04T05:23:03.150438+00:00,93562d2651e54007aaf20dd169752a02149106bef6133853a09053c799f8b156
results/raw/runs/2d_burgers/cpinn/seed_7/metrics_adamw.json,3194,2026-07-21T04:37:38.706168+00:00,829fc1709e4f17c5c5a0a0e75ece2ba9cb20dc13c5c192702d05ec23b80dbde8
results/raw/runs/2d_burgers/cpinn/seed_7/metrics_final.json,3194,2026-07-21T04:37:38.706168+00:00,829fc1709e4f17c5c5a0a0e75ece2ba9cb20dc13c5c192702d05ec23b80dbde8
results/raw/runs/2d_burgers/cpinn/seed_7/model_adamw_final.pt,1355165,2026-07-04T05:48:24.438092+00:00,2c6355a9b8d31ec7c9905200d9bd81086a3a8f46313a2b69c80da4c41a08748d
results/raw/runs/2d_burgers/cpinn/seed_7/model_final.pt,1354793,2026-07-04T05:48:24.446091+00:00,bcbb1e4f9190709c01bcac4d9f5797a1e9d06a8cd5c3263cb10a6c5d73b31401
results/raw/runs/2d_burgers/cpinn/seed_7/predictions/predict_xy_grid.npz,107507,2026-07-04T05:48:24.470091+00:00,35adb4922dbeefbe6dabe4a20627ff34d3a906c50a070c22244a27dcbd962988
results/raw/runs/2d_burgers/cpinn/seed_7/predictions/prediction_info.json,52,2026-07-04T05:48:24.470091+00:00,90b339f2467da3f7a5ee996c47eff61d7f733f0c6d870cfd7969d5e027f8c091
results/raw/runs/2d_burgers/cpinn/seed_7/status.json,104,2026-07-04T05:48:24.490091+00:00,fed07abea4e974d0c14bc2bae13086bf329e96dd20c922449bd03fd8dd5265d5
results/raw/runs/2d_burgers/gpinn_subsampled/seed_100/_SUCCESS,8,2026-07-02T13:22:58.281404+00:00,81b2bd4ea98c8db66554fbc8d7637a1a69a130f331feb732b75caab4c4868fd5
results/raw/runs/2d_burgers/gpinn_subsampled/seed_100/config.json,1293,2026-07-02T13:00:12.455571+00:00,f1047635c8f32342e8db9db7bc8e906dbc7fd8b9b7496e2a51ec2eb088297b48
results/raw/runs/2d_burgers/gpinn_subsampled/seed_100/diagnostics/gpinn_gradient_history.csv,44802,2026-07-02T13:22:58.277404+00:00,4b34e323bfc5a165d4c138dda0fc2009047e3cc323aa3acbb5dc3bbcdf50dabd
results/raw/runs/2d_burgers/gpinn_subsampled/seed_100/diagnostics/gpinn_gradient_stats.csv,17492,2026-07-02T13:22:58.281404+00:00,0d8eeaf5beae757c4b7ef9827adb248d61a51083a5720a071c2aa3b38c06e6b6
results/raw/runs/2d_burgers/gpinn_subsampled/seed_100/diagnostics/gpinn_settings.json,409,2026-07-02T13:22:58.277404+00:00,50e0971f1b101d25d5c6ff6a19530e75b0a5d1239d39bc484a2e80ed3ca4eeb6
results/raw/runs/2d_burgers/gpinn_subsampled/seed_100/env.json,244,2026-07-02T13:00:12.455571+00:00,3ea9611b4a501b9d8258401458ea7fbd12107e673f8ddeac71518e0ffecb3269
results/raw/runs/2d_burgers/gpinn_subsampled/seed_100/history.csv,44802,2026-07-02T13:22:58.245405+00:00,4b34e323bfc5a165d4c138dda0fc2009047e3cc323aa3acbb5dc3bbcdf50dabd
results/raw/runs/2d_burgers/gpinn_subsampled/seed_100/method.json,488,2026-07-02T13:00:12.455571+00:00,c0cd7d9d98d8df336822e7e8c3e246c39bbd5c0cfaafb66aa935c1c7317841f3
results/raw/runs/2d_burgers/gpinn_subsampled/seed_100/metrics_adamw.json,3033,2026-07-21T04:37:38.706168+00:00,068ef357b2cd1a8a0e47250f41f819e37c0fb8bef7467c175f63c1b99ff05f8f
results/raw/runs/2d_burgers/gpinn_subsampled/seed_100/metrics_final.json,3033,2026-07-21T04:37:38.706168+00:00,068ef357b2cd1a8a0e47250f41f819e37c0fb8bef7467c175f63c1b99ff05f8f
results/raw/runs/2d_burgers/gpinn_subsampled/seed_100/model_adamw_final.pt,339675,2026-07-02T13:22:58.249405+00:00,f651444d3865b9905cf97cede70545194b776fe8d0adb3dd93479cacabe096b9
results/raw/runs/2d_burgers/gpinn_subsampled/seed_100/model_final.pt,339579,2026-07-02T13:22:58.249405+00:00,0b682288f0656b97daecfdb17d479ed20b0087839e2cf142387a6605a94bfdf4
results/raw/runs/2d_burgers/gpinn_subsampled/seed_100/predictions/predict_xy_grid.npz,103964,2026-07-02T13:22:58.273404+00:00,a009c882c08053f8d3e5c41d7b493f993d268227c2986ea2a61fb679dd38cf60
results/raw/runs/2d_burgers/gpinn_subsampled/seed_100/predictions/prediction_info.json,52,2026-07-02T13:22:58.273404+00:00,90b339f2467da3f7a5ee996c47eff61d7f733f0c6d870cfd7969d5e027f8c091
results/raw/runs/2d_burgers/gpinn_subsampled/seed_100/status.json,104,2026-07-02T13:22:58.281404+00:00,4d6d5f01dfb0a225422053f46318c7b0767a7bb184c2c9e2c3719a7b72575456
results/raw/runs/2d_burgers/gpinn_subsampled/seed_2026/_SUCCESS,8,2026-07-02T12:13:35.614490+00:00,81b2bd4ea98c8db66554fbc8d7637a1a69a130f331feb732b75caab4c4868fd5
results/raw/runs/2d_burgers/gpinn_subsampled/seed_2026/config.json,1295,2026-07-02T11:43:29.358636+00:00,ff446cbaab37d66f992ecba1a5363873b39d950779a71bf92aceb4fafbf11ca5
results/raw/runs/2d_burgers/gpinn_subsampled/seed_2026/diagnostics/gpinn_gradient_history.csv,44779,2026-07-02T12:13:35.610490+00:00,b304271b38d281ce2723f84f0114036553be9acb1d726b85f733f1524a80f6ec
results/raw/runs/2d_burgers/gpinn_subsampled/seed_2026/diagnostics/gpinn_gradient_stats.csv,17460,2026-07-02T12:13:35.614490+00:00,c9217843471080d7e604c8be7b5b392edc5da06462d0f1a670176644f1600228
results/raw/runs/2d_burgers/gpinn_subsampled/seed_2026/diagnostics/gpinn_settings.json,409,2026-07-02T12:13:35.610490+00:00,50e0971f1b101d25d5c6ff6a19530e75b0a5d1239d39bc484a2e80ed3ca4eeb6
results/raw/runs/2d_burgers/gpinn_subsampled/seed_2026/env.json,244,2026-07-02T11:43:29.358636+00:00,3ea9611b4a501b9d8258401458ea7fbd12107e673f8ddeac71518e0ffecb3269
results/raw/runs/2d_burgers/gpinn_subsampled/seed_2026/history.csv,44779,2026-07-02T12:13:35.558490+00:00,b304271b38d281ce2723f84f0114036553be9acb1d726b85f733f1524a80f6ec
results/raw/runs/2d_burgers/gpinn_subsampled/seed_2026/method.json,488,2026-07-02T11:43:29.358636+00:00,c0cd7d9d98d8df336822e7e8c3e246c39bbd5c0cfaafb66aa935c1c7317841f3
results/raw/runs/2d_burgers/gpinn_subsampled/seed_2026/metrics_adamw.json,3033,2026-07-21T04:37:38.710168+00:00,9575fd11f4235e8f4d3cfcff28ee84211ee4a52adf358d22c8fe6e9bee614c7d
results/raw/runs/2d_burgers/gpinn_subsampled/seed_2026/metrics_final.json,3033,2026-07-21T04:37:38.710168+00:00,9575fd11f4235e8f4d3cfcff28ee84211ee4a52adf358d22c8fe6e9bee614c7d
results/raw/runs/2d_burgers/gpinn_subsampled/seed_2026/model_adamw_final.pt,339675,2026-07-02T12:13:35.562490+00:00,0058795185af1e989358b52878b8a8d779dcc8543d0b11d0a2a4e5e3f31e5cc3
results/raw/runs/2d_burgers/gpinn_subsampled/seed_2026/model_final.pt,339579,2026-07-02T12:13:35.562490+00:00,bec61a5281dc5cf5b8f07c80f9b0ec6fd15adea0f7e7a43a4bd807cba8ef6a59
results/raw/runs/2d_burgers/gpinn_subsampled/seed_2026/predictions/predict_xy_grid.npz,104354,2026-07-02T12:13:35.606490+00:00,a31daa7391549cf1123ee47e0a0e1e4a155dd8d4e4cb118d09e5a3025b2aeb05
results/raw/runs/2d_burgers/gpinn_subsampled/seed_2026/predictions/prediction_info.json,52,2026-07-02T12:13:35.606490+00:00,90b339f2467da3f7a5ee996c47eff61d7f733f0c6d870cfd7969d5e027f8c091
results/raw/runs/2d_burgers/gpinn_subsampled/seed_2026/status.json,104,2026-07-02T12:13:35.614490+00:00,9671fae4bf6e7aa90df9729177c1ff169e6f6703b91d0178c5032b1657d21db9
results/raw/runs/2d_burgers/gpinn_subsampled/seed_31415/_SUCCESS,8,2026-07-02T13:46:31.051060+00:00,81b2bd4ea98c8db66554fbc8d7637a1a69a130f331feb732b75caab4c4868fd5
results/raw/runs/2d_burgers/gpinn_subsampled/seed_31415/config.json,1297,2026-07-02T13:22:58.413401+00:00,fac78a37cf6d09c1e6dc3a29b3e97216d081c74a902be7ea508447a74d4bc06a
results/raw/runs/2d_burgers/gpinn_subsampled/seed_31415/diagnostics/gpinn_gradient_history.csv,44871,2026-07-02T13:46:31.051060+00:00,94cd87c28adba5e693fd6b60879609a2e788e1c9f6169eb73ec63010c1e83746
results/raw/runs/2d_burgers/gpinn_subsampled/seed_31415/diagnostics/gpinn_gradient_stats.csv,17522,2026-07-02T13:46:31.051060+00:00,35aa9799791fa976dd4caa12aadf29cd8ef3577a4e5ae9ba57860dd59658f329
results/raw/runs/2d_burgers/gpinn_subsampled/seed_31415/diagnostics/gpinn_settings.json,409,2026-07-02T13:46:31.051060+00:00,50e0971f1b101d25d5c6ff6a19530e75b0a5d1239d39bc484a2e80ed3ca4eeb6
results/raw/runs/2d_burgers/gpinn_subsampled/seed_31415/env.json,244,2026-07-02T13:22:58.413401+00:00,3ea9611b4a501b9d8258401458ea7fbd12107e673f8ddeac71518e0ffecb3269
results/raw/runs/2d_burgers/gpinn_subsampled/seed_31415/history.csv,44871,2026-07-02T13:46:31.019061+00:00,94cd87c28adba5e693fd6b60879609a2e788e1c9f6169eb73ec63010c1e83746
results/raw/runs/2d_burgers/gpinn_subsampled/seed_31415/method.json,488,2026-07-02T13:22:58.413401+00:00,c0cd7d9d98d8df336822e7e8c3e246c39bbd5c0cfaafb66aa935c1c7317841f3
results/raw/runs/2d_burgers/gpinn_subsampled/seed_31415/metrics_adamw.json,3036,2026-07-21T04:37:38.710168+00:00,6872d3ca19abb0ddefb0a355e11bf5ca5e4e749f3ca5c169e4d2d9c9512d2ef5
results/raw/runs/2d_burgers/gpinn_subsampled/seed_31415/metrics_final.json,3036,2026-07-21T04:37:38.710168+00:00,6872d3ca19abb0ddefb0a355e11bf5ca5e4e749f3ca5c169e4d2d9c9512d2ef5
results/raw/runs/2d_burgers/gpinn_subsampled/seed_31415/model_adamw_final.pt,339675,2026-07-02T13:46:31.023061+00:00,6c7b7d782820a6016ff5a140a4a7419574d35dcb621a7d1480e611e56e55506f
results/raw/runs/2d_burgers/gpinn_subsampled/seed_31415/model_final.pt,339579,2026-07-02T13:46:31.023061+00:00,e09ddb69de386f8c9d3a5684234b91b3536dd2df4c08f95517f1f1117208aaf6
results/raw/runs/2d_burgers/gpinn_subsampled/seed_31415/predictions/predict_xy_grid.npz,107914,2026-07-02T13:46:31.047060+00:00,f84caa83ef8ae932d8346ec43fb1d16c435eeb073aeec0dd6d4e241a9fa1df9d
results/raw/runs/2d_burgers/gpinn_subsampled/seed_31415/predictions/prediction_info.json,52,2026-07-02T13:46:31.047060+00:00,90b339f2467da3f7a5ee996c47eff61d7f733f0c6d870cfd7969d5e027f8c091
results/raw/runs/2d_burgers/gpinn_subsampled/seed_31415/status.json,104,2026-07-02T13:46:31.051060+00:00,8341313bf82759a77be99d41505a32bbc7f00c1053ac8794dfd1568ff8b0eb21
results/raw/runs/2d_burgers/gpinn_subsampled/seed_42/_SUCCESS,8,2026-07-02T13:00:12.323571+00:00,81b2bd4ea98c8db66554fbc8d7637a1a69a130f331feb732b75caab4c4868fd5
results/raw/runs/2d_burgers/gpinn_subsampled/seed_42/config.json,1291,2026-07-02T12:38:10.187132+00:00,58f6658b8ffb2c3b22dfc738fe45021d368142408f8e1cad68965c1b1a966ec2
results/raw/runs/2d_burgers/gpinn_subsampled/seed_42/diagnostics/gpinn_gradient_history.csv,44848,2026-07-02T13:00:12.319571+00:00,01173c2379d105238144d02004bf33d9fc82f4f738e8b1e1c7bcca5c8ff75da3
results/raw/runs/2d_burgers/gpinn_subsampled/seed_42/diagnostics/gpinn_gradient_stats.csv,17553,2026-07-02T13:00:12.323571+00:00,dd0978d0e3d54efe42473caaec2d0a3305b2c049b09a31775cfefc3d271c78fa
results/raw/runs/2d_burgers/gpinn_subsampled/seed_42/diagnostics/gpinn_settings.json,409,2026-07-02T13:00:12.319571+00:00,50e0971f1b101d25d5c6ff6a19530e75b0a5d1239d39bc484a2e80ed3ca4eeb6
results/raw/runs/2d_burgers/gpinn_subsampled/seed_42/env.json,244,2026-07-02T12:38:10.187132+00:00,3ea9611b4a501b9d8258401458ea7fbd12107e673f8ddeac71518e0ffecb3269
results/raw/runs/2d_burgers/gpinn_subsampled/seed_42/history.csv,44848,2026-07-02T13:00:12.291571+00:00,01173c2379d105238144d02004bf33d9fc82f4f738e8b1e1c7bcca5c8ff75da3
results/raw/runs/2d_burgers/gpinn_subsampled/seed_42/method.json,488,2026-07-02T12:38:10.187132+00:00,c0cd7d9d98d8df336822e7e8c3e246c39bbd5c0cfaafb66aa935c1c7317841f3
results/raw/runs/2d_burgers/gpinn_subsampled/seed_42/metrics_adamw.json,3032,2026-07-21T04:37:38.710168+00:00,bec8f7437f572a1704e8e67d0dbe867e19333ee0642bce8d5635f5995e824329
results/raw/runs/2d_burgers/gpinn_subsampled/seed_42/metrics_final.json,3032,2026-07-21T04:37:38.710168+00:00,bec8f7437f572a1704e8e67d0dbe867e19333ee0642bce8d5635f5995e824329
results/raw/runs/2d_burgers/gpinn_subsampled/seed_42/model_adamw_final.pt,339675,2026-07-02T13:00:12.291571+00:00,996043bbbc1b444afcc9278c1431f2ec982afe68734927a375c00dec64cd7875
results/raw/runs/2d_burgers/gpinn_subsampled/seed_42/model_final.pt,339579,2026-07-02T13:00:12.295571+00:00,e943528fcd1869e141db5eeaf72d7237eec32f37803e8061b997270beb33b7e3
results/raw/runs/2d_burgers/gpinn_subsampled/seed_42/predictions/predict_xy_grid.npz,108000,2026-07-02T13:00:12.315571+00:00,319eb25894fab0ce0bee0237db4efe805c35186fb1f43b9c786388a1e81ea066
results/raw/runs/2d_burgers/gpinn_subsampled/seed_42/predictions/prediction_info.json,52,2026-07-02T13:00:12.315571+00:00,90b339f2467da3f7a5ee996c47eff61d7f733f0c6d870cfd7969d5e027f8c091
results/raw/runs/2d_burgers/gpinn_subsampled/seed_42/status.json,104,2026-07-02T13:00:12.323571+00:00,a7bec5d5a78140167218d6568863799dac00d985b56b36790abb18ed4d1fc699
results/raw/runs/2d_burgers/gpinn_subsampled/seed_7/_SUCCESS,8,2026-07-02T12:38:10.035132+00:00,81b2bd4ea98c8db66554fbc8d7637a1a69a130f331feb732b75caab4c4868fd5
results/raw/runs/2d_burgers/gpinn_subsampled/seed_7/config.json,1289,2026-07-02T12:13:35.790490+00:00,f50a0321e6320f0f9262fc5daffa1f2c50c1c2a2ac3a40bca2b629ffb284b71b
results/raw/runs/2d_burgers/gpinn_subsampled/seed_7/diagnostics/gpinn_gradient_history.csv,44840,2026-07-02T12:38:10.031132+00:00,d46a1e5cd9fd3ab8985f4e3eb71c5ceb577d3c016246af4903c47af38db3f169
results/raw/runs/2d_burgers/gpinn_subsampled/seed_7/diagnostics/gpinn_gradient_stats.csv,17535,2026-07-02T12:38:10.035132+00:00,1088fc0954a201dd1a79c3ea6489716e584a52857b4242a649819871b9413b76
results/raw/runs/2d_burgers/gpinn_subsampled/seed_7/diagnostics/gpinn_settings.json,409,2026-07-02T12:38:10.031132+00:00,50e0971f1b101d25d5c6ff6a19530e75b0a5d1239d39bc484a2e80ed3ca4eeb6
results/raw/runs/2d_burgers/gpinn_subsampled/seed_7/env.json,244,2026-07-02T12:13:35.790490+00:00,3ea9611b4a501b9d8258401458ea7fbd12107e673f8ddeac71518e0ffecb3269
results/raw/runs/2d_burgers/gpinn_subsampled/seed_7/history.csv,44840,2026-07-02T12:38:09.999132+00:00,d46a1e5cd9fd3ab8985f4e3eb71c5ceb577d3c016246af4903c47af38db3f169
results/raw/runs/2d_burgers/gpinn_subsampled/seed_7/method.json,488,2026-07-02T12:13:35.790490+00:00,c0cd7d9d98d8df336822e7e8c3e246c39bbd5c0cfaafb66aa935c1c7317841f3
results/raw/runs/2d_burgers/gpinn_subsampled/seed_7/metrics_adamw.json,3033,2026-07-21T04:37:38.714168+00:00,6764ba0afab413f32b809b2dad0c1f8e4b3dcdadad66e92a8be972aae78d7e6a
results/raw/runs/2d_burgers/gpinn_subsampled/seed_7/metrics_final.json,3033,2026-07-21T04:37:38.710168+00:00,6764ba0afab413f32b809b2dad0c1f8e4b3dcdadad66e92a8be972aae78d7e6a
results/raw/runs/2d_burgers/gpinn_subsampled/seed_7/model_adamw_final.pt,339675,2026-07-02T12:38:10.003132+00:00,c4fa3f583b355c28e7d796c878d9b61a4f3775f9739047d082e575af7b87fd33
results/raw/runs/2d_burgers/gpinn_subsampled/seed_7/model_final.pt,339579,2026-07-02T12:38:10.003132+00:00,8512e51ad8a1089e9c600e63a4e97f41c0b59561d719c2b467e17623d801686f
results/raw/runs/2d_burgers/gpinn_subsampled/seed_7/predictions/predict_xy_grid.npz,106860,2026-07-02T12:38:10.027132+00:00,43fbdec1398c2c69c0831db05a7a1c9e3d1e29a8f12983e965c160fcb5e60339
results/raw/runs/2d_burgers/gpinn_subsampled/seed_7/predictions/prediction_info.json,52,2026-07-02T12:38:10.027132+00:00,90b339f2467da3f7a5ee996c47eff61d7f733f0c6d870cfd7969d5e027f8c091
results/raw/runs/2d_burgers/gpinn_subsampled/seed_7/status.json,104,2026-07-02T12:38:10.035132+00:00,99334ee4d3ed9c39e868b993969bdee6e826e6ca70c7cd8fe6538d15285456f5
results/raw/runs/2d_burgers/lra_pinn/seed_100/_SUCCESS,8,2026-07-02T02:04:02.209462+00:00,81b2bd4ea98c8db66554fbc8d7637a1a69a130f331feb732b75caab4c4868fd5
results/raw/runs/2d_burgers/lra_pinn/seed_100/config.json,1285,2026-07-02T01:57:47.322201+00:00,fc55848e646b8d8988172afc07e2cba9a0c337548df308735c48997daf5cd075
results/raw/runs/2d_burgers/lra_pinn/seed_100/diagnostics/lra_final_lambdas.json,324,2026-07-02T02:04:02.209462+00:00,e80d4632b22891cfb02696529e4fafa68fbf04e09e443093a20e0ad1d1454e7d
results/raw/runs/2d_burgers/lra_pinn/seed_100/diagnostics/lra_gradient_stats.csv,5404,2026-07-02T02:04:02.209462+00:00,82f85c9b04cee49f29f03fa41ed6a74eca5f82f72fd6689e261cd09ff5c54527
results/raw/runs/2d_burgers/lra_pinn/seed_100/diagnostics/lra_lambda_history.csv,5404,2026-07-02T02:04:02.209462+00:00,82f85c9b04cee49f29f03fa41ed6a74eca5f82f72fd6689e261cd09ff5c54527
results/raw/runs/2d_burgers/lra_pinn/seed_100/env.json,244,2026-07-02T01:57:47.322201+00:00,3ea9611b4a501b9d8258401458ea7fbd12107e673f8ddeac71518e0ffecb3269
results/raw/runs/2d_burgers/lra_pinn/seed_100/history.csv,46970,2026-07-02T02:04:02.177462+00:00,26a69eb2b6ca49616ffa63e218883e2e1eae33719e09b9ea2ae6d91a5f26ef3f
results/raw/runs/2d_burgers/lra_pinn/seed_100/method.json,459,2026-07-02T01:57:47.322201+00:00,ef607cf9703e5f4461366e1c6842e839179b9a8c117b4e2b56f24ce0f650e527
results/raw/runs/2d_burgers/lra_pinn/seed_100/metrics_adamw.json,3038,2026-07-21T04:37:38.714168+00:00,abf9a1360035fbf1c8ee0f45419be52ac85789d51b160ce5c1c78246645c9b6f
results/raw/runs/2d_burgers/lra_pinn/seed_100/metrics_final.json,3038,2026-07-21T04:37:38.714168+00:00,abf9a1360035fbf1c8ee0f45419be52ac85789d51b160ce5c1c78246645c9b6f
results/raw/runs/2d_burgers/lra_pinn/seed_100/model_adamw_final.pt,339675,2026-07-02T02:04:02.181462+00:00,512eb909ac7ebfd7b35cb070503d6dfb87dfe4f3bbf3ddacb58912c0f97aaf3b
results/raw/runs/2d_burgers/lra_pinn/seed_100/model_final.pt,339579,2026-07-02T02:04:02.181462+00:00,70d3061627fdacb654ececc8f3b7b969226855d2e58ee3350e6678fd4de33052
results/raw/runs/2d_burgers/lra_pinn/seed_100/predictions/predict_xy_grid.npz,82603,2026-07-02T02:04:02.209462+00:00,b3b0ccd18b63e997eb43f5bbcbab44c84543ef10a6961abd300ef9213cc5ca5f
results/raw/runs/2d_burgers/lra_pinn/seed_100/predictions/prediction_info.json,52,2026-07-02T02:04:02.209462+00:00,90b339f2467da3f7a5ee996c47eff61d7f733f0c6d870cfd7969d5e027f8c091
results/raw/runs/2d_burgers/lra_pinn/seed_100/status.json,103,2026-07-02T02:04:02.209462+00:00,7f9b276f1516fba0d432366d17c4228ae09813595533faffabda8a33a6303fc8
results/raw/runs/2d_burgers/lra_pinn/seed_2026/_SUCCESS,8,2026-07-02T01:45:49.218403+00:00,81b2bd4ea98c8db66554fbc8d7637a1a69a130f331feb732b75caab4c4868fd5
results/raw/runs/2d_burgers/lra_pinn/seed_2026/config.json,1287,2026-07-02T01:39:39.736909+00:00,24de1cc2f5bf53cd90e3d743fa8248c0ef26597211e48ab8d2a8406ebe8bbe51
results/raw/runs/2d_burgers/lra_pinn/seed_2026/diagnostics/lra_final_lambdas.json,324,2026-07-02T01:45:49.218403+00:00,913eca5c16929df7f4ce26764a09e7e101c292a35792c80f2aac96e1ca181eb6
results/raw/runs/2d_burgers/lra_pinn/seed_2026/diagnostics/lra_gradient_stats.csv,5416,2026-07-02T01:45:49.218403+00:00,033c62843ede8229094c4a5f62bcc8f7cf22e199c2613e95a561663b89db43bf
results/raw/runs/2d_burgers/lra_pinn/seed_2026/diagnostics/lra_lambda_history.csv,5416,2026-07-02T01:45:49.218403+00:00,033c62843ede8229094c4a5f62bcc8f7cf22e199c2613e95a561663b89db43bf
results/raw/runs/2d_burgers/lra_pinn/seed_2026/env.json,244,2026-07-02T01:39:39.736909+00:00,3ea9611b4a501b9d8258401458ea7fbd12107e673f8ddeac71518e0ffecb3269
results/raw/runs/2d_burgers/lra_pinn/seed_2026/history.csv,46853,2026-07-02T01:45:49.186403+00:00,caf0bd1fd4e07bf162e2099302408eedfea754db44b03f5d6437d3f237c1737a
results/raw/runs/2d_burgers/lra_pinn/seed_2026/method.json,459,2026-07-02T01:39:39.736909+00:00,ef607cf9703e5f4461366e1c6842e839179b9a8c117b4e2b56f24ce0f650e527
results/raw/runs/2d_burgers/lra_pinn/seed_2026/metrics_adamw.json,3037,2026-07-21T04:37:38.714168+00:00,fc575df53ee82a744761c6d9841b0034ba67660221ca53f482785a9b6960bec8
results/raw/runs/2d_burgers/lra_pinn/seed_2026/metrics_final.json,3037,2026-07-21T04:37:38.714168+00:00,fc575df53ee82a744761c6d9841b0034ba67660221ca53f482785a9b6960bec8
results/raw/runs/2d_burgers/lra_pinn/seed_2026/model_adamw_final.pt,339675,2026-07-02T01:45:49.186403+00:00,0c58ae71862d44d0781600d50d53d7a49c31d53cea073b74f858e894ed2d7465
results/raw/runs/2d_burgers/lra_pinn/seed_2026/model_final.pt,339579,2026-07-02T01:45:49.190403+00:00,d3254d3672a88a2cbd97eaf4ed0543faa6e8e47c9ec4a2a3134f126d068d8a1d
results/raw/runs/2d_burgers/lra_pinn/seed_2026/predictions/predict_xy_grid.npz,79260,2026-07-02T01:45:49.218403+00:00,57c29da02d49f4c9ab5031479b920149836530dd9140faef6ad03d8418bec717
results/raw/runs/2d_burgers/lra_pinn/seed_2026/predictions/prediction_info.json,52,2026-07-02T01:45:49.218403+00:00,90b339f2467da3f7a5ee996c47eff61d7f733f0c6d870cfd7969d5e027f8c091
results/raw/runs/2d_burgers/lra_pinn/seed_2026/status.json,102,2026-07-02T01:45:49.218403+00:00,91b1110e8f69ef1e70e40bf33ddcb5fcbf9326e2af9ff5304ebef540f8fce926
results/raw/runs/2d_burgers/lra_pinn/seed_31415/_SUCCESS,8,2026-07-02T02:10:08.613117+00:00,81b2bd4ea98c8db66554fbc8d7637a1a69a130f331feb732b75caab4c4868fd5
results/raw/runs/2d_burgers/lra_pinn/seed_31415/config.json,1289,2026-07-02T02:04:02.345461+00:00,f44f183fe11a2ab3f45564330398d2a4f411d222c881f95b2f30831fbc23f6bf
results/raw/runs/2d_burgers/lra_pinn/seed_31415/diagnostics/lra_final_lambdas.json,324,2026-07-02T02:10:08.613117+00:00,0b15f687774c8fbd32d95a973eaccc271abc3e9e86e53a5487512380bcaff752
results/raw/runs/2d_burgers/lra_pinn/seed_31415/diagnostics/lra_gradient_stats.csv,5399,2026-07-02T02:10:08.613117+00:00,22d6e0ff8fd6af90f6e5f8d16f90c849562316d2c48d7a03f863a04da8a2479d
results/raw/runs/2d_burgers/lra_pinn/seed_31415/diagnostics/lra_lambda_history.csv,5399,2026-07-02T02:10:08.609118+00:00,22d6e0ff8fd6af90f6e5f8d16f90c849562316d2c48d7a03f863a04da8a2479d
results/raw/runs/2d_burgers/lra_pinn/seed_31415/env.json,244,2026-07-02T02:04:02.345461+00:00,3ea9611b4a501b9d8258401458ea7fbd12107e673f8ddeac71518e0ffecb3269
results/raw/runs/2d_burgers/lra_pinn/seed_31415/history.csv,46757,2026-07-02T02:10:08.577118+00:00,2926bf63b835956045dc26134bc76b3c405fdc30e36e32538589dc8b948e7b3b
results/raw/runs/2d_burgers/lra_pinn/seed_31415/method.json,459,2026-07-02T02:04:02.345461+00:00,ef607cf9703e5f4461366e1c6842e839179b9a8c117b4e2b56f24ce0f650e527
results/raw/runs/2d_burgers/lra_pinn/seed_31415/metrics_adamw.json,3038,2026-07-21T04:37:38.714168+00:00,7f2c35b497d545f5d0a9f359a6f4faef5da2ab839bf25b5c8e9b72122adb917d
results/raw/runs/2d_burgers/lra_pinn/seed_31415/metrics_final.json,3038,2026-07-21T04:37:38.714168+00:00,7f2c35b497d545f5d0a9f359a6f4faef5da2ab839bf25b5c8e9b72122adb917d
results/raw/runs/2d_burgers/lra_pinn/seed_31415/model_adamw_final.pt,339675,2026-07-02T02:10:08.581118+00:00,0df66e269797e39c33a2dcd95b4c4215d97ae6765fc1ec54c1ab093f51b6b836
results/raw/runs/2d_burgers/lra_pinn/seed_31415/model_final.pt,339579,2026-07-02T02:10:08.581118+00:00,4fc78dc7b4c56ffc123c194e8a14bd9c4ba5d56f5f3201555d5b1e8467767c5e
results/raw/runs/2d_burgers/lra_pinn/seed_31415/predictions/predict_xy_grid.npz,80993,2026-07-02T02:10:08.609118+00:00,77d61ac8e35345e385ba1af91619edae238d1f5bdc36dcdae60fb3d2fb591f86
results/raw/runs/2d_burgers/lra_pinn/seed_31415/predictions/prediction_info.json,52,2026-07-02T02:10:08.609118+00:00,90b339f2467da3f7a5ee996c47eff61d7f733f0c6d870cfd7969d5e027f8c091
results/raw/runs/2d_burgers/lra_pinn/seed_31415/status.json,104,2026-07-02T02:10:08.613117+00:00,a82415a4a06e15f6b77984844d035b5c6ae0824aac705ce23b2af72702fa8dda
results/raw/runs/2d_burgers/lra_pinn/seed_42/_SUCCESS,8,2026-07-02T01:57:47.118201+00:00,81b2bd4ea98c8db66554fbc8d7637a1a69a130f331feb732b75caab4c4868fd5
results/raw/runs/2d_burgers/lra_pinn/seed_42/config.json,1283,2026-07-02T01:51:59.790599+00:00,b75ade0717e2c50e9e4a40e1e0bcbb4881af2d42bea5673e79632e2ec93fe0fe
results/raw/runs/2d_burgers/lra_pinn/seed_42/diagnostics/lra_final_lambdas.json,324,2026-07-02T01:57:47.114201+00:00,c0586aa4133605018316901c79be00faf364e4115795b3585eafa32a8abb702e
results/raw/runs/2d_burgers/lra_pinn/seed_42/diagnostics/lra_gradient_stats.csv,5448,2026-07-02T01:57:47.114201+00:00,f7c268ae7e2b4a14f41116fa90b5cfbbfd8338c2c1b886e04c84494cc5370cf1
results/raw/runs/2d_burgers/lra_pinn/seed_42/diagnostics/lra_lambda_history.csv,5448,2026-07-02T01:57:47.114201+00:00,f7c268ae7e2b4a14f41116fa90b5cfbbfd8338c2c1b886e04c84494cc5370cf1
results/raw/runs/2d_burgers/lra_pinn/seed_42/env.json,244,2026-07-02T01:51:59.790599+00:00,3ea9611b4a501b9d8258401458ea7fbd12107e673f8ddeac71518e0ffecb3269
results/raw/runs/2d_burgers/lra_pinn/seed_42/history.csv,46853,2026-07-02T01:57:47.082201+00:00,ff8a1c53b49b1958076ad454bb977f133ce5f539caaa48702c3d64e9f1f4dacb
results/raw/runs/2d_burgers/lra_pinn/seed_42/method.json,459,2026-07-02T01:51:59.790599+00:00,ef607cf9703e5f4461366e1c6842e839179b9a8c117b4e2b56f24ce0f650e527
results/raw/runs/2d_burgers/lra_pinn/seed_42/metrics_adamw.json,3035,2026-07-21T04:37:38.718168+00:00,3b787be9d43dc30581f3f4c5243b1f6afa74b1208bbe48640f8ce92a7e3ac9c3
results/raw/runs/2d_burgers/lra_pinn/seed_42/metrics_final.json,3035,2026-07-21T04:37:38.718168+00:00,3b787be9d43dc30581f3f4c5243b1f6afa74b1208bbe48640f8ce92a7e3ac9c3
results/raw/runs/2d_burgers/lra_pinn/seed_42/model_adamw_final.pt,339675,2026-07-02T01:57:47.086201+00:00,926d95fc0fa0418dfabb495e760948620a6918f36bb771c9e0fd6165ab61c5e1
results/raw/runs/2d_burgers/lra_pinn/seed_42/model_final.pt,339579,2026-07-02T01:57:47.086201+00:00,55756348164397a315fab7718ef82e4a73d9f568ef909e164ff75dad203c78f2
results/raw/runs/2d_burgers/lra_pinn/seed_42/predictions/predict_xy_grid.npz,77632,2026-07-02T01:57:47.114201+00:00,28db4daf84b09d46c901c643e8cc9fb121f7fc6167f27371575cc99277ae9dbd
results/raw/runs/2d_burgers/lra_pinn/seed_42/predictions/prediction_info.json,52,2026-07-02T01:57:47.114201+00:00,90b339f2467da3f7a5ee996c47eff61d7f733f0c6d870cfd7969d5e027f8c091
results/raw/runs/2d_burgers/lra_pinn/seed_42/status.json,103,2026-07-02T01:57:47.118201+00:00,1507db00842b7927138eecd8fb191db762fc4e4c57fa1b305728e152a4585410
results/raw/runs/2d_burgers/lra_pinn/seed_7/_SUCCESS,8,2026-07-02T01:51:59.538599+00:00,81b2bd4ea98c8db66554fbc8d7637a1a69a130f331feb732b75caab4c4868fd5
results/raw/runs/2d_burgers/lra_pinn/seed_7/config.json,1281,2026-07-02T01:45:49.354403+00:00,48b91a4226d9de3c75d7e32e316ae7a229b963419a53bb79d9b6a86878781017
results/raw/runs/2d_burgers/lra_pinn/seed_7/diagnostics/lra_final_lambdas.json,324,2026-07-02T01:51:59.538599+00:00,8b4c713349d5c2689e377b77e76d860407258dccf44a3d447a2a6404346e9602
results/raw/runs/2d_burgers/lra_pinn/seed_7/diagnostics/lra_gradient_stats.csv,5413,2026-07-02T01:51:59.538599+00:00,4f0a19c435c68632ef434ac84a5b30fe876d137e9a024543bd78886b923eae00
results/raw/runs/2d_burgers/lra_pinn/seed_7/diagnostics/lra_lambda_history.csv,5413,2026-07-02T01:51:59.534599+00:00,4f0a19c435c68632ef434ac84a5b30fe876d137e9a024543bd78886b923eae00
results/raw/runs/2d_burgers/lra_pinn/seed_7/env.json,244,2026-07-02T01:45:49.354403+00:00,3ea9611b4a501b9d8258401458ea7fbd12107e673f8ddeac71518e0ffecb3269
results/raw/runs/2d_burgers/lra_pinn/seed_7/history.csv,46888,2026-07-02T01:51:59.502599+00:00,1ac3278b2fcbc65ee12dda38b7abea4614300eabac4c66ea203e29c919e7ba7c
results/raw/runs/2d_burgers/lra_pinn/seed_7/method.json,459,2026-07-02T01:45:49.354403+00:00,ef607cf9703e5f4461366e1c6842e839179b9a8c117b4e2b56f24ce0f650e527
results/raw/runs/2d_burgers/lra_pinn/seed_7/metrics_adamw.json,3033,2026-07-21T04:37:38.718168+00:00,763270a4dd71332be52a97e248224c24c39c7e5a636ca1c70af0b1d240921085
results/raw/runs/2d_burgers/lra_pinn/seed_7/metrics_final.json,3033,2026-07-21T04:37:38.718168+00:00,763270a4dd71332be52a97e248224c24c39c7e5a636ca1c70af0b1d240921085
results/raw/runs/2d_burgers/lra_pinn/seed_7/model_adamw_final.pt,339675,2026-07-02T01:51:59.506599+00:00,e5aec3c45c3cf72d537202ab8425b881528e96bf6ddb8de5a8963b1cd95b5b97
results/raw/runs/2d_burgers/lra_pinn/seed_7/model_final.pt,339579,2026-07-02T01:51:59.506599+00:00,1b6f2a9957cc8a4481bfe6d01b1bb6549dc7fc1af1781704a4b4ba45e401c6df
results/raw/runs/2d_burgers/lra_pinn/seed_7/predictions/predict_xy_grid.npz,80701,2026-07-02T01:51:59.534599+00:00,b1279f4a39b583a6bfa86958214aa584258817d5cbb617516b896181761a1c4d
results/raw/runs/2d_burgers/lra_pinn/seed_7/predictions/prediction_info.json,52,2026-07-02T01:51:59.534599+00:00,90b339f2467da3f7a5ee996c47eff61d7f733f0c6d870cfd7969d5e027f8c091
results/raw/runs/2d_burgers/lra_pinn/seed_7/status.json,103,2026-07-02T01:51:59.538599+00:00,7e5e3a10d0e183d35297e5a8fcf54fd7c3c17d912492bd1d4a22c6e30f6bce97
results/raw/runs/2d_burgers/ours/seed_100/_SUCCESS,8,2026-08-04T07:38:30.090160+00:00,81b2bd4ea98c8db66554fbc8d7637a1a69a130f331feb732b75caab4c4868fd5
results/raw/runs/2d_burgers/ours/seed_100/config.json,1281,2026-08-04T07:32:38.878303+00:00,1095d0a8ded8d0aafbd72fdbf70a2624b8a615bc1cf1fcf1db92bdd54f3c8c21
results/raw/runs/2d_burgers/ours/seed_100/diagnostics/continuation_rng_state.pt,20837,2026-08-04T07:32:38.886303+00:00,a6bba6dac81f8e8545b9aa5a69d69fb25bcbc87e1fa1be89ec06f9f5ea39de4c
results/raw/runs/2d_burgers/ours/seed_100/diagnostics/gate_diagnostics.json,502,2026-08-04T07:38:30.090160+00:00,bc1f36a58667bfc5c87daaeca44f514d637e145db75a842824da427bbae48ebf
results/raw/runs/2d_burgers/ours/seed_100/diagnostics/warmup_verification.json,299,2026-08-04T07:38:30.090160+00:00,72ef3655eb73a7cab58ecdece6e1e500a900b87da07203fdaa168a57d27091de
results/raw/runs/2d_burgers/ours/seed_100/env.json,244,2026-08-04T07:32:38.878303+00:00,3ea9611b4a501b9d8258401458ea7fbd12107e673f8ddeac71518e0ffecb3269
results/raw/runs/2d_burgers/ours/seed_100/history.csv,58112,2026-08-04T07:38:30.050160+00:00,67a5454033e241dabe2a594fe03f0987b9a58734e96cec18d291a65e073ba38f
results/raw/runs/2d_burgers/ours/seed_100/method.json,481,2026-08-04T07:32:38.878303+00:00,e1646174e5bfd4e62d9d3bcc5a320c1b240a20faa1f72c1feb20f95ef9c592ff
results/raw/runs/2d_burgers/ours/seed_100/metrics_adamw.json,3326,2026-08-14T09:09:48.228648+00:00,525e6137bf6f0ab58937a2be45a817846b843683623b9b4e6ed8f02e4e2417cc
results/raw/runs/2d_burgers/ours/seed_100/metrics_final.json,3326,2026-08-14T09:09:48.228648+00:00,525e6137bf6f0ab58937a2be45a817846b843683623b9b4e6ed8f02e4e2417cc
results/raw/runs/2d_burgers/ours/seed_100/model_adamw_final.pt,339995,2026-08-04T07:38:30.050160+00:00,24e7e2c92d0a3ae8b6a7c8425d3b5fcda5c12458ab0019d41f8297c1afc49d12
results/raw/runs/2d_burgers/ours/seed_100/model_final.pt,339899,2026-08-04T07:38:30.054160+00:00,cfee86b506ef97631b7be99ae35b7d9d9618d1965ce2442af1242d456008e659
results/raw/runs/2d_burgers/ours/seed_100/predictions/predict_xy_grid.npz,100129,2026-08-04T07:38:30.074160+00:00,eadea84d0c34c54ccf3c74f34f03a85e7c0976fd69c391731244f824b5ccab99
results/raw/runs/2d_burgers/ours/seed_100/predictions/prediction_info.json,52,2026-08-04T07:38:30.074160+00:00,90b339f2467da3f7a5ee996c47eff61d7f733f0c6d870cfd7969d5e027f8c091
results/raw/runs/2d_burgers/ours/seed_100/status.json,167,2026-08-04T07:38:30.090160+00:00,c87af7e6dff8aed839c30b9f5109cbd5749c5ff138497b2c8fdf57526b1e87b2
results/raw/runs/2d_burgers/ours/seed_2026/_SUCCESS,8,2026-08-04T07:20:58.893006+00:00,81b2bd4ea98c8db66554fbc8d7637a1a69a130f331feb732b75caab4c4868fd5
results/raw/runs/2d_burgers/ours/seed_2026/config.json,1283,2026-08-04T07:15:25.694118+00:00,345b356c497294564a38d85dc2186ac1adadb6923dd95efa32900d29aaec121f
results/raw/runs/2d_burgers/ours/seed_2026/diagnostics/continuation_rng_state.pt,20837,2026-08-04T07:15:25.702118+00:00,0a7ddad9059d4a42728b9f06444a8d16718aec8b3dd2202ed4dfc861f59b1a21
results/raw/runs/2d_burgers/ours/seed_2026/diagnostics/gate_diagnostics.json,497,2026-08-04T07:20:58.893006+00:00,db508b89ccb6d2843492eef3e94047f6017950536e74eb24eb0e5b0cab18e028
results/raw/runs/2d_burgers/ours/seed_2026/diagnostics/warmup_verification.json,300,2026-08-04T07:20:58.893006+00:00,f97d843e1c6dcc134fbe2cb419af1c5e34f1699d9b8dae236cc16c6c9b77c211
results/raw/runs/2d_burgers/ours/seed_2026/env.json,244,2026-08-04T07:15:25.698118+00:00,3ea9611b4a501b9d8258401458ea7fbd12107e673f8ddeac71518e0ffecb3269
results/raw/runs/2d_burgers/ours/seed_2026/history.csv,58102,2026-08-04T07:20:58.849006+00:00,23be7f0f13931b672c634d655a67e68b26d334406ebc663e5aae96a50f4ffce6
results/raw/runs/2d_burgers/ours/seed_2026/method.json,481,2026-08-04T07:15:25.698118+00:00,e1646174e5bfd4e62d9d3bcc5a320c1b240a20faa1f72c1feb20f95ef9c592ff
results/raw/runs/2d_burgers/ours/seed_2026/metrics_adamw.json,3335,2026-08-14T09:09:48.224648+00:00,c293ed5fc17c980d99fed332393cc2c050105c2433bc3d1db8b305253ebff835
results/raw/runs/2d_burgers/ours/seed_2026/metrics_final.json,3335,2026-08-14T09:09:48.220648+00:00,c293ed5fc17c980d99fed332393cc2c050105c2433bc3d1db8b305253ebff835
results/raw/runs/2d_burgers/ours/seed_2026/model_adamw_final.pt,339995,2026-08-04T07:20:58.853006+00:00,fb298c11df6b670e6e4b3bfdd023fbd92d0ff326ee887209766a405b9e68821e
results/raw/runs/2d_burgers/ours/seed_2026/model_final.pt,339899,2026-08-04T07:20:58.853006+00:00,d7281fd842ecfd071fea1427ba8cb3aa888a35450a922fc45e6732520151f2dd
results/raw/runs/2d_burgers/ours/seed_2026/predictions/predict_xy_grid.npz,98687,2026-08-04T07:20:58.877006+00:00,fce84da67eb18c7639c710e1fdf1bd0ab8c88621aabb5c779decb2c9253db91a
results/raw/runs/2d_burgers/ours/seed_2026/predictions/prediction_info.json,52,2026-08-04T07:20:58.877006+00:00,90b339f2467da3f7a5ee996c47eff61d7f733f0c6d870cfd7969d5e027f8c091
results/raw/runs/2d_burgers/ours/seed_2026/status.json,167,2026-08-04T07:20:58.893006+00:00,cf45e886ffe92851b1be15df160ab88f2fcb29db43992a51139ed443d4d1a44b
results/raw/runs/2d_burgers/ours/seed_31415/_SUCCESS,8,2026-08-04T07:43:48.511119+00:00,81b2bd4ea98c8db66554fbc8d7637a1a69a130f331feb732b75caab4c4868fd5
results/raw/runs/2d_burgers/ours/seed_31415/config.json,1285,2026-08-04T07:38:30.210158+00:00,f0f15a6e889d7a60f337db809c6fb79f99d993c082a1c8d8a97a4a71d14182a8
results/raw/runs/2d_burgers/ours/seed_31415/diagnostics/continuation_rng_state.pt,20901,2026-08-04T07:38:30.218158+00:00,0de747af85614c6ca70278a5d33916f44a8c7da3f6983c6a02fd2d6097965ee5
results/raw/runs/2d_burgers/ours/seed_31415/diagnostics/gate_diagnostics.json,503,2026-08-04T07:43:48.511119+00:00,d554cb220477260a311619f8a57aca465dfe0cbb1ea985e88c9feb6673a2032a
results/raw/runs/2d_burgers/ours/seed_31415/diagnostics/warmup_verification.json,301,2026-08-04T07:43:48.511119+00:00,ec555a1ff77266f48d9164c7b03a9ab0a5f74316e2462e524ad6ef37f0e43f26
results/raw/runs/2d_burgers/ours/seed_31415/env.json,244,2026-08-04T07:38:30.210158+00:00,3ea9611b4a501b9d8258401458ea7fbd12107e673f8ddeac71518e0ffecb3269
results/raw/runs/2d_burgers/ours/seed_31415/history.csv,58149,2026-08-04T07:43:48.471119+00:00,ce931dab93b56b7bed2da11727ff1d733e8a45e2ecd0e4a56780e132a3e1d481
results/raw/runs/2d_burgers/ours/seed_31415/method.json,481,2026-08-04T07:38:30.210158+00:00,e1646174e5bfd4e62d9d3bcc5a320c1b240a20faa1f72c1feb20f95ef9c592ff
results/raw/runs/2d_burgers/ours/seed_31415/metrics_adamw.json,3333,2026-08-14T09:09:48.232648+00:00,d26e249c0de9f0ae35862281f10e5f9fb54dbb0252963bd37309c95362d6fd02
results/raw/runs/2d_burgers/ours/seed_31415/metrics_final.json,3333,2026-08-14T09:09:48.228648+00:00,d26e249c0de9f0ae35862281f10e5f9fb54dbb0252963bd37309c95362d6fd02
results/raw/runs/2d_burgers/ours/seed_31415/model_adamw_final.pt,339995,2026-08-04T07:43:48.475119+00:00,82e1b287104e1b68299187f3f01779ff5ea4ce98783d87d1f261c073e576347b
results/raw/runs/2d_burgers/ours/seed_31415/model_final.pt,339899,2026-08-04T07:43:48.475119+00:00,33c0f0f3ca80d38373074644c61b04e6b769b68e33bea74b70b72133890d85c3
results/raw/runs/2d_burgers/ours/seed_31415/predictions/predict_xy_grid.npz,101745,2026-08-04T07:43:48.499119+00:00,adc75af47d29514c3c7bd997dc4c3b905b683bf939ace1b6d3a440e5cd303af2
results/raw/runs/2d_burgers/ours/seed_31415/predictions/prediction_info.json,52,2026-08-04T07:43:48.499119+00:00,90b339f2467da3f7a5ee996c47eff61d7f733f0c6d870cfd7969d5e027f8c091
results/raw/runs/2d_burgers/ours/seed_31415/status.json,166,2026-08-04T07:43:48.511119+00:00,307f0ff32d430eddeaf5d51a34e415aaa7a20fc4224977d9ef6c768adfefd7cd
results/raw/runs/2d_burgers/ours/seed_42/_SUCCESS,8,2026-08-04T07:32:38.758303+00:00,81b2bd4ea98c8db66554fbc8d7637a1a69a130f331feb732b75caab4c4868fd5
results/raw/runs/2d_burgers/ours/seed_42/config.json,1279,2026-08-04T07:26:49.471690+00:00,bf096af59c34a2f08064ca3f4b2e2fac45c06b9918f15e72cecb8be2ca9def98
results/raw/runs/2d_burgers/ours/seed_42/diagnostics/continuation_rng_state.pt,20901,2026-08-04T07:26:49.475690+00:00,d091bcc5879d3416795b3a8cda06b9c81dfc8df9e020652ed7790c66885df4cd
results/raw/runs/2d_burgers/ours/seed_42/diagnostics/gate_diagnostics.json,502,2026-08-04T07:32:38.758303+00:00,478255c585fb8012ede7b22274d941dad9925a0d7b58eae7518b6cc7e0a2aa06
results/raw/runs/2d_burgers/ours/seed_42/diagnostics/warmup_verification.json,298,2026-08-04T07:32:38.758303+00:00,f3a2df7629efeb1d45b224bf8cea66a2e220f79ac60aeffdc0f3f71a8e5b12f3
results/raw/runs/2d_burgers/ours/seed_42/env.json,244,2026-08-04T07:26:49.471690+00:00,3ea9611b4a501b9d8258401458ea7fbd12107e673f8ddeac71518e0ffecb3269
results/raw/runs/2d_burgers/ours/seed_42/history.csv,58126,2026-08-04T07:32:38.714304+00:00,be1b81d03083373f2e41b1b3b79b6ff2f7bffb2d3b01c76f73229e0ee27ad4fb
results/raw/runs/2d_burgers/ours/seed_42/method.json,481,2026-08-04T07:26:49.471690+00:00,e1646174e5bfd4e62d9d3bcc5a320c1b240a20faa1f72c1feb20f95ef9c592ff
results/raw/runs/2d_burgers/ours/seed_42/metrics_adamw.json,3331,2026-08-14T09:09:48.228648+00:00,08cf4df293d63e3a3274f3f1735dd433a421c74c4ef284bf217d477128d4fd18
results/raw/runs/2d_burgers/ours/seed_42/metrics_final.json,3331,2026-08-14T09:09:48.224648+00:00,08cf4df293d63e3a3274f3f1735dd433a421c74c4ef284bf217d477128d4fd18
results/raw/runs/2d_burgers/ours/seed_42/model_adamw_final.pt,339995,2026-08-04T07:32:38.718304+00:00,a1a7190a05b50136b39955fabc81a3a7cb456a3185f7f6354dc7d2e69b7051da
results/raw/runs/2d_burgers/ours/seed_42/model_final.pt,339899,2026-08-04T07:32:38.722304+00:00,9e451ee09696d44c1cdebb58b5abef8356ba1130b1bf575ffa1e256c5a80213e
results/raw/runs/2d_burgers/ours/seed_42/predictions/predict_xy_grid.npz,97082,2026-08-04T07:32:38.742304+00:00,093283d98af0a5b4eb3d7585d22c22bf74d87f2c66154fbeef6cfe3b76de83a1
results/raw/runs/2d_burgers/ours/seed_42/predictions/prediction_info.json,52,2026-08-04T07:32:38.742304+00:00,90b339f2467da3f7a5ee996c47eff61d7f733f0c6d870cfd7969d5e027f8c091
results/raw/runs/2d_burgers/ours/seed_42/status.json,167,2026-08-04T07:32:38.758303+00:00,e9b47963844ac9117e9893b30d968b2db0a03e49bb0ab635b8e2260e002cfa64
results/raw/runs/2d_burgers/ours/seed_7/_SUCCESS,8,2026-08-04T07:26:49.335691+00:00,81b2bd4ea98c8db66554fbc8d7637a1a69a130f331feb732b75caab4c4868fd5
results/raw/runs/2d_burgers/ours/seed_7/config.json,1277,2026-08-04T07:20:59.021006+00:00,5d84816519974cdf4f7f88c8b1dc9ae82458023867b6de591a1fb14952311580
results/raw/runs/2d_burgers/ours/seed_7/diagnostics/continuation_rng_state.pt,20837,2026-08-04T07:20:59.025006+00:00,7e97d6d78bcf5a33827a3f0766ae595a25e177e9eb0fd9f424c239d12c01d796
results/raw/runs/2d_burgers/ours/seed_7/diagnostics/gate_diagnostics.json,501,2026-08-04T07:26:49.335691+00:00,a978feb5b48d3657422ed582fc618884be9ec17f17f4e4709978d04901f24164
results/raw/runs/2d_burgers/ours/seed_7/diagnostics/warmup_verification.json,297,2026-08-04T07:26:49.335691+00:00,d8d8ac723b348eeb549734ff17d4606b00e3120dde568e0c9e2c677e328a5a39
results/raw/runs/2d_burgers/ours/seed_7/env.json,244,2026-08-04T07:20:59.021006+00:00,3ea9611b4a501b9d8258401458ea7fbd12107e673f8ddeac71518e0ffecb3269
results/raw/runs/2d_burgers/ours/seed_7/history.csv,58085,2026-08-04T07:26:49.295691+00:00,1b811af971e7d8827de6a3984439ab3ff445f83e57ce31dcb76914f328a20c14
results/raw/runs/2d_burgers/ours/seed_7/method.json,481,2026-08-04T07:20:59.021006+00:00,e1646174e5bfd4e62d9d3bcc5a320c1b240a20faa1f72c1feb20f95ef9c592ff
results/raw/runs/2d_burgers/ours/seed_7/metrics_adamw.json,3319,2026-08-14T09:09:48.224648+00:00,7f2c0a46a7182720a7d50f9648b0d5d733ae262968eb8cbf57cbb71b07b3df7b
results/raw/runs/2d_burgers/ours/seed_7/metrics_final.json,3319,2026-08-14T09:09:48.224648+00:00,7f2c0a46a7182720a7d50f9648b0d5d733ae262968eb8cbf57cbb71b07b3df7b
results/raw/runs/2d_burgers/ours/seed_7/model_adamw_final.pt,339995,2026-08-04T07:26:49.299691+00:00,25ce8263bce08f473ff2caa9221cc74070ec4d912b41d4ccfa7f87cbc2da54ea
results/raw/runs/2d_burgers/ours/seed_7/model_final.pt,339899,2026-08-04T07:26:49.299691+00:00,b425b699cd0ae3058518ac8ac4d2e8e22ac53e78975f00326027617be6f634aa
results/raw/runs/2d_burgers/ours/seed_7/predictions/predict_xy_grid.npz,100397,2026-08-04T07:26:49.323691+00:00,755210d8fcd2492c8a8a91fa345650d3ffc80745acb003ec5f02746f805d709f
results/raw/runs/2d_burgers/ours/seed_7/predictions/prediction_info.json,52,2026-08-04T07:26:49.323691+00:00,90b339f2467da3f7a5ee996c47eff61d7f733f0c6d870cfd7969d5e027f8c091
results/raw/runs/2d_burgers/ours/seed_7/status.json,166,2026-08-04T07:26:49.335691+00:00,386cc48742f75d83cc991f39d8a8d6d75b0d237f322d15cbc3a71d4fbe03eb3a
results/raw/runs/2d_burgers/pinn/seed_100/_SUCCESS,8,2026-07-01T05:47:49.101915+00:00,81b2bd4ea98c8db66554fbc8d7637a1a69a130f331feb732b75caab4c4868fd5
results/raw/runs/2d_burgers/pinn/seed_100/config.json,1281,2026-07-01T05:43:32.140934+00:00,913190fae6e9c920853ffd17f4b20ac9680eb2eb12ce41543ffb311338ded460
results/raw/runs/2d_burgers/pinn/seed_100/env.json,244,2026-07-01T05:43:32.140934+00:00,3ea9611b4a501b9d8258401458ea7fbd12107e673f8ddeac71518e0ffecb3269
results/raw/runs/2d_burgers/pinn/seed_100/history.csv,21408,2026-07-01T05:47:49.077915+00:00,c3f602ac3c38623bd1345714b52bee07e2de87a45c77cecaf37c15c8856d29c9
results/raw/runs/2d_burgers/pinn/seed_100/method.json,181,2026-07-01T05:43:32.140934+00:00,de010c025bcdb3a880b9116e67fd3ff7d8aabf3ba4129e968ac7fd6f2d972020
results/raw/runs/2d_burgers/pinn/seed_100/metrics_adamw.json,2876,2026-07-21T04:37:38.726168+00:00,d63ead76689adc21e7beb55c828a63d229e38798724300773e357c9f87b4d7f8
results/raw/runs/2d_burgers/pinn/seed_100/metrics_final.json,2876,2026-07-21T04:37:38.726168+00:00,d63ead76689adc21e7beb55c828a63d229e38798724300773e357c9f87b4d7f8
results/raw/runs/2d_burgers/pinn/seed_100/model_adamw_final.pt,339547,2026-07-01T05:47:49.077915+00:00,db1e68994547de0d60df0169b4236ee8ecef6f58fd28147cd3fd8532af448284
results/raw/runs/2d_burgers/pinn/seed_100/model_final.pt,339451,2026-07-01T05:47:49.081915+00:00,bcdbd609f5318a3f1a5ac2511034c7f29a2db22592b950d2ab27120e398a2503
results/raw/runs/2d_burgers/pinn/seed_100/predictions/predict_xy_grid.npz,109307,2026-07-01T05:47:49.101915+00:00,a089866e7da187d2140869722ba688eb9b929c2a7edc1b49282aa020f498a615
results/raw/runs/2d_burgers/pinn/seed_100/predictions/prediction_info.json,52,2026-07-01T05:47:49.101915+00:00,90b339f2467da3f7a5ee996c47eff61d7f733f0c6d870cfd7969d5e027f8c091
results/raw/runs/2d_burgers/pinn/seed_100/status.json,104,2026-07-01T05:47:49.101915+00:00,48554f1588289c5a4e6273b8dc4f6c223d99e496b50f3b3c15580f0ef7abb808
results/raw/runs/2d_burgers/pinn/seed_2026/_SUCCESS,8,2026-07-01T04:57:02.078080+00:00,81b2bd4ea98c8db66554fbc8d7637a1a69a130f331feb732b75caab4c4868fd5
results/raw/runs/2d_burgers/pinn/seed_2026/config.json,1283,2026-07-01T04:53:37.030983+00:00,797b888240599f177c08b8034a0b5d206e51769b69bd43bf9cbf78ac27073eee
results/raw/runs/2d_burgers/pinn/seed_2026/env.json,244,2026-07-01T04:53:37.030983+00:00,3ea9611b4a501b9d8258401458ea7fbd12107e673f8ddeac71518e0ffecb3269
results/raw/runs/2d_burgers/pinn/seed_2026/history.csv,21434,2026-07-01T04:57:02.050081+00:00,244305f6eff0c76f3e831a1c5ec32ea5146c807bede5186feeabb81c26c88ce2
results/raw/runs/2d_burgers/pinn/seed_2026/method.json,181,2026-07-01T04:53:37.030983+00:00,de010c025bcdb3a880b9116e67fd3ff7d8aabf3ba4129e968ac7fd6f2d972020
results/raw/runs/2d_burgers/pinn/seed_2026/metrics_adamw.json,2883,2026-07-21T04:37:38.726168+00:00,a524872e064b93eb19218a62a0c255ed8b8ddfcc4803bbf77e55ab68652755aa
results/raw/runs/2d_burgers/pinn/seed_2026/metrics_final.json,2883,2026-07-21T04:37:38.726168+00:00,a524872e064b93eb19218a62a0c255ed8b8ddfcc4803bbf77e55ab68652755aa
results/raw/runs/2d_burgers/pinn/seed_2026/model_adamw_final.pt,339547,2026-07-01T04:57:02.050081+00:00,c28677dc5a3ee32719803c923296764e0a57625ed7b5508d1344092f33ab8c4c
results/raw/runs/2d_burgers/pinn/seed_2026/model_final.pt,339451,2026-07-01T04:57:02.054080+00:00,ded79601d14395c565dfc3766ca55293a86c28e9242aac61177f401460d4bab6
results/raw/runs/2d_burgers/pinn/seed_2026/predictions/predict_xy_grid.npz,107231,2026-07-01T04:57:02.078080+00:00,f851da565d0b78eb805237213d0cfc3a23eb13539b678cec781ab06c36512a12
results/raw/runs/2d_burgers/pinn/seed_2026/predictions/prediction_info.json,52,2026-07-01T04:57:02.078080+00:00,90b339f2467da3f7a5ee996c47eff61d7f733f0c6d870cfd7969d5e027f8c091
results/raw/runs/2d_burgers/pinn/seed_2026/status.json,103,2026-07-01T04:57:02.078080+00:00,02bb4697621aa474ec35e813205b7e39903ed5edbe163bfa3d9b923ad74fdd11
results/raw/runs/2d_burgers/pinn/seed_31415/_SUCCESS,8,2026-07-01T05:59:37.467967+00:00,81b2bd4ea98c8db66554fbc8d7637a1a69a130f331feb732b75caab4c4868fd5
results/raw/runs/2d_burgers/pinn/seed_31415/config.json,1285,2026-07-01T05:55:33.441778+00:00,b33e497c403a11cadb7812594aab57e3ae6ede43a791f6021c8d1c696b4dab0b
results/raw/runs/2d_burgers/pinn/seed_31415/env.json,244,2026-07-01T05:55:33.441778+00:00,3ea9611b4a501b9d8258401458ea7fbd12107e673f8ddeac71518e0ffecb3269
results/raw/runs/2d_burgers/pinn/seed_31415/history.csv,21428,2026-07-01T05:59:37.439967+00:00,06742ee911849dbf213ac9fdd6ec5b781c749309d28eedee555f89751a2ceedd
results/raw/runs/2d_burgers/pinn/seed_31415/method.json,181,2026-07-01T05:55:33.441778+00:00,de010c025bcdb3a880b9116e67fd3ff7d8aabf3ba4129e968ac7fd6f2d972020
results/raw/runs/2d_burgers/pinn/seed_31415/metrics_adamw.json,2886,2026-07-21T04:37:38.726168+00:00,b17c4b7029e8b7779a84e370609b4c71aa7331f1b228c193981efd97107c7afa
results/raw/runs/2d_burgers/pinn/seed_31415/metrics_final.json,2886,2026-07-21T04:37:38.726168+00:00,b17c4b7029e8b7779a84e370609b4c71aa7331f1b228c193981efd97107c7afa
results/raw/runs/2d_burgers/pinn/seed_31415/model_adamw_final.pt,339547,2026-07-01T05:59:37.443967+00:00,8f07c613382bf4493d6816d66831c5288ebfbe9e971de644a134ab30391eef9c
results/raw/runs/2d_burgers/pinn/seed_31415/model_final.pt,339451,2026-07-01T05:59:37.447967+00:00,6e50255050943bbdc21a749203b393a548324e56d391d3ff6c80ab1f6e7ce0f8
results/raw/runs/2d_burgers/pinn/seed_31415/predictions/predict_xy_grid.npz,108826,2026-07-01T05:59:37.467967+00:00,9f88321ccd5b37c6be6c3d620465803476726122a3a70ae7d8c474d134314bf1
results/raw/runs/2d_burgers/pinn/seed_31415/predictions/prediction_info.json,52,2026-07-01T05:59:37.467967+00:00,90b339f2467da3f7a5ee996c47eff61d7f733f0c6d870cfd7969d5e027f8c091
results/raw/runs/2d_burgers/pinn/seed_31415/status.json,104,2026-07-01T05:59:37.467967+00:00,77e4d26536ab8e4865d039210c5334e22eab6130f6b7a7cf6fe332ff1e87a7e2
results/raw/runs/2d_burgers/pinn/seed_42/_SUCCESS,8,2026-07-01T05:36:06.010345+00:00,81b2bd4ea98c8db66554fbc8d7637a1a69a130f331feb732b75caab4c4868fd5
results/raw/runs/2d_burgers/pinn/seed_42/config.json,1279,2026-07-01T05:32:52.570967+00:00,6d28c59c124a733f70e22d77d414779a73f42c01e61349f3ab1a43230629c9d0
results/raw/runs/2d_burgers/pinn/seed_42/env.json,244,2026-07-01T05:32:52.570967+00:00,3ea9611b4a501b9d8258401458ea7fbd12107e673f8ddeac71518e0ffecb3269
results/raw/runs/2d_burgers/pinn/seed_42/history.csv,21407,2026-07-01T05:36:05.978345+00:00,02f4aa8491e91edd58c10925cb7b67d385574df8ab7cbb209a667db76c0be8bf
results/raw/runs/2d_burgers/pinn/seed_42/method.json,181,2026-07-01T05:32:52.570967+00:00,de010c025bcdb3a880b9116e67fd3ff7d8aabf3ba4129e968ac7fd6f2d972020
results/raw/runs/2d_burgers/pinn/seed_42/metrics_adamw.json,2893,2026-07-21T04:37:38.730168+00:00,28363e4c787ff0d745e0fca12255d243b0ff40c9ff9c8fe63a20afec6b8a3a67
results/raw/runs/2d_burgers/pinn/seed_42/metrics_final.json,2893,2026-07-21T04:37:38.730168+00:00,28363e4c787ff0d745e0fca12255d243b0ff40c9ff9c8fe63a20afec6b8a3a67
results/raw/runs/2d_burgers/pinn/seed_42/model_adamw_final.pt,339547,2026-07-01T05:36:05.982346+00:00,966b12fe5f05623c838242797ac2cf409b4d71c056171358d13dfa8f6e41351f
results/raw/runs/2d_burgers/pinn/seed_42/model_final.pt,339451,2026-07-01T05:36:05.982346+00:00,02c2208e25ba0dc699c1664484c7fcd248bc3663af9ae6ba7a72c040c991f556
results/raw/runs/2d_burgers/pinn/seed_42/predictions/predict_xy_grid.npz,109382,2026-07-01T05:36:06.010345+00:00,3abe8758620245ab8b49141de4bab91933a6742980faf5b3ac2f2b0deccd9e23
results/raw/runs/2d_burgers/pinn/seed_42/predictions/prediction_info.json,52,2026-07-01T05:36:06.010345+00:00,90b339f2467da3f7a5ee996c47eff61d7f733f0c6d870cfd7969d5e027f8c091
results/raw/runs/2d_burgers/pinn/seed_42/status.json,103,2026-07-01T05:36:06.010345+00:00,9aa71c30bbc7b2411844ad9da4d3b1662e72fbf202823bfbda2c15a1432f10fc
results/raw/runs/2d_burgers/pinn/seed_7/_SUCCESS,8,2026-07-01T05:25:36.688256+00:00,81b2bd4ea98c8db66554fbc8d7637a1a69a130f331feb732b75caab4c4868fd5
results/raw/runs/2d_burgers/pinn/seed_7/config.json,1277,2026-07-01T05:22:18.416755+00:00,bedfb7c2069a3ae76d728d278de646d03790fdcca5ca01c6e3a0a3b8983a756f
results/raw/runs/2d_burgers/pinn/seed_7/env.json,244,2026-07-01T05:22:18.416755+00:00,3ea9611b4a501b9d8258401458ea7fbd12107e673f8ddeac71518e0ffecb3269
results/raw/runs/2d_burgers/pinn/seed_7/history.csv,21416,2026-07-01T05:25:36.660256+00:00,06d238c3394de56786bd5be4bf6299ac75799ac673e85aaa82ceeb172ad8c97c
results/raw/runs/2d_burgers/pinn/seed_7/method.json,181,2026-07-01T05:22:18.416755+00:00,de010c025bcdb3a880b9116e67fd3ff7d8aabf3ba4129e968ac7fd6f2d972020
results/raw/runs/2d_burgers/pinn/seed_7/metrics_adamw.json,2883,2026-07-21T04:37:38.730168+00:00,2fcfb720710f75b30b2335592e21f4ffca112cad0a6501579ffc387615a21a4c
results/raw/runs/2d_burgers/pinn/seed_7/metrics_final.json,2883,2026-07-21T04:37:38.730168+00:00,2fcfb720710f75b30b2335592e21f4ffca112cad0a6501579ffc387615a21a4c
results/raw/runs/2d_burgers/pinn/seed_7/model_adamw_final.pt,339547,2026-07-01T05:25:36.664256+00:00,363c389b8c45b36102101c663e38706435be906fdc8ad38f70ed377cd810c081
results/raw/runs/2d_burgers/pinn/seed_7/model_final.pt,339451,2026-07-01T05:25:36.664256+00:00,a6a34cbc63be99ff838bd83ee2085fe7d3b8781f51dab944dddd7334319fe995
results/raw/runs/2d_burgers/pinn/seed_7/predictions/predict_xy_grid.npz,108049,2026-07-01T05:25:36.688256+00:00,cc92687bfbfafdd41da3dbd08a5e6976f9d054bc52bec271b9399b6c1ce97186
results/raw/runs/2d_burgers/pinn/seed_7/predictions/prediction_info.json,52,2026-07-01T05:25:36.688256+00:00,90b339f2467da3f7a5ee996c47eff61d7f733f0c6d870cfd7969d5e027f8c091
results/raw/runs/2d_burgers/pinn/seed_7/status.json,104,2026-07-01T05:25:36.688256+00:00,9b2dbeb063c7de4d3537e8ece8115d07520c1c5c0f871b5a3bf6620353a0d864
results/raw/runs/2d_burgers/rad_pinn/seed_100/_SUCCESS,8,2026-07-01T10:23:22.406603+00:00,81b2bd4ea98c8db66554fbc8d7637a1a69a130f331feb732b75caab4c4868fd5
results/raw/runs/2d_burgers/rad_pinn/seed_100/config.json,1285,2026-07-01T10:17:20.229607+00:00,4880fe03b19de94b3057cd8cac21f598903bf549710a9280a964c2ec71263a03
results/raw/runs/2d_burgers/rad_pinn/seed_100/diagnostics/rad_sampling_history.csv,3200,2026-07-01T10:23:22.406603+00:00,c08363f93fb5e4c5706907abd506f80127905ea62bbb3f845f3d224c1297e12f
results/raw/runs/2d_burgers/rad_pinn/seed_100/env.json,244,2026-07-01T10:17:20.229607+00:00,3ea9611b4a501b9d8258401458ea7fbd12107e673f8ddeac71518e0ffecb3269
results/raw/runs/2d_burgers/rad_pinn/seed_100/history.csv,35496,2026-07-01T10:23:22.378603+00:00,35346c566604b50162e879cad1c0e768cc91f3007d1347672137d0d5ba01c1f2
results/raw/runs/2d_burgers/rad_pinn/seed_100/method.json,413,2026-07-01T10:17:20.229607+00:00,329ec04a4d01613a9a753411007d6028a5b0cd30594e3d899e6f884093b81665
results/raw/runs/2d_burgers/rad_pinn/seed_100/metrics_adamw.json,2903,2026-07-21T04:37:38.730168+00:00,08b99d5fda4214baa1f99f735435f9d3e88f4684c5803dc43a7576c7bfb13ac5
results/raw/runs/2d_burgers/rad_pinn/seed_100/metrics_final.json,2903,2026-07-21T04:37:38.730168+00:00,08b99d5fda4214baa1f99f735435f9d3e88f4684c5803dc43a7576c7bfb13ac5
results/raw/runs/2d_burgers/rad_pinn/seed_100/model_adamw_final.pt,339611,2026-07-01T10:23:22.382603+00:00,819f147f2faf46f72d201a1d958de0a859e075332083a44566055d11bd4c864b
results/raw/runs/2d_burgers/rad_pinn/seed_100/model_final.pt,339515,2026-07-01T10:23:22.382603+00:00,fb3c7716afbc799013ccbded6025961bdcc8fa9c1d4ca5d2320c128c66a24df2
results/raw/runs/2d_burgers/rad_pinn/seed_100/predictions/predict_xy_grid.npz,108218,2026-07-01T10:23:22.406603+00:00,fb56e04244de7de619215a175dc5d8bbbaebd4aae5851c136f7aebdcc7731bff
results/raw/runs/2d_burgers/rad_pinn/seed_100/predictions/prediction_info.json,52,2026-07-01T10:23:22.406603+00:00,90b339f2467da3f7a5ee996c47eff61d7f733f0c6d870cfd7969d5e027f8c091
results/raw/runs/2d_burgers/rad_pinn/seed_100/status.json,104,2026-07-01T10:23:22.406603+00:00,c80dec8b67b48609cc84d1ac024b6e9d91fb62ec6b8815ad9d9ce26863c4adaf
results/raw/runs/2d_burgers/rad_pinn/seed_2026/_SUCCESS,8,2026-07-01T10:05:27.068520+00:00,81b2bd4ea98c8db66554fbc8d7637a1a69a130f331feb732b75caab4c4868fd5
results/raw/runs/2d_burgers/rad_pinn/seed_2026/config.json,1287,2026-07-01T09:59:28.270666+00:00,d58cd940079319e7c1a2b240771d809d635d1da9af4ffa6f8485eec8008987e6
results/raw/runs/2d_burgers/rad_pinn/seed_2026/diagnostics/rad_sampling_history.csv,3196,2026-07-01T10:05:27.068520+00:00,aeaecc15e617402554aa27e81bdaa03f8d167bcbfe85f2002f9180060318bc66
results/raw/runs/2d_burgers/rad_pinn/seed_2026/env.json,244,2026-07-01T09:59:28.270666+00:00,3ea9611b4a501b9d8258401458ea7fbd12107e673f8ddeac71518e0ffecb3269
results/raw/runs/2d_burgers/rad_pinn/seed_2026/history.csv,35495,2026-07-01T10:05:27.040520+00:00,1003e6273cc1dd2987cc4785d8f8bf19525e52bb8a9d9496e490f94129c448a2
results/raw/runs/2d_burgers/rad_pinn/seed_2026/method.json,413,2026-07-01T09:59:28.270666+00:00,329ec04a4d01613a9a753411007d6028a5b0cd30594e3d899e6f884093b81665
results/raw/runs/2d_burgers/rad_pinn/seed_2026/metrics_adamw.json,2899,2026-07-21T04:37:38.734168+00:00,c6ebe7b5fa699aced6d939dc505e0e4ba2bfe0ef5da4cbd7756a743720087a38
results/raw/runs/2d_burgers/rad_pinn/seed_2026/metrics_final.json,2899,2026-07-21T04:37:38.730168+00:00,c6ebe7b5fa699aced6d939dc505e0e4ba2bfe0ef5da4cbd7756a743720087a38
results/raw/runs/2d_burgers/rad_pinn/seed_2026/model_adamw_final.pt,339611,2026-07-01T10:05:27.044520+00:00,43afd5f23e012905d466be8fde33e2b6988937bf125f12fa07ceb26fbf0f5bc9
results/raw/runs/2d_burgers/rad_pinn/seed_2026/model_final.pt,339515,2026-07-01T10:05:27.044520+00:00,7d5d385158a54ba98408fbb11c1602dee5fe0661f9acd689cde92d3cb14bc119
results/raw/runs/2d_burgers/rad_pinn/seed_2026/predictions/predict_xy_grid.npz,109344,2026-07-01T10:05:27.068520+00:00,d46e4c4a850038d0f1b5dd2a94641bd613d5435fe00e8b1d46fa7752533258c5
results/raw/runs/2d_burgers/rad_pinn/seed_2026/predictions/prediction_info.json,52,2026-07-01T10:05:27.068520+00:00,90b339f2467da3f7a5ee996c47eff61d7f733f0c6d870cfd7969d5e027f8c091
results/raw/runs/2d_burgers/rad_pinn/seed_2026/status.json,103,2026-07-01T10:05:27.068520+00:00,e67f1e6f9dc26d2e248ab9eb47e467a33cdd2b9fe7980402af8061a4d3dc5c67
results/raw/runs/2d_burgers/rad_pinn/seed_31415/_SUCCESS,8,2026-07-01T10:29:23.454419+00:00,81b2bd4ea98c8db66554fbc8d7637a1a69a130f331feb732b75caab4c4868fd5
results/raw/runs/2d_burgers/rad_pinn/seed_31415/config.json,1289,2026-07-01T10:23:22.534603+00:00,345236dd3d86faf5d1786655935e265d9c2e2d1dba2fc4173dd9714cac7ac620
results/raw/runs/2d_burgers/rad_pinn/seed_31415/diagnostics/rad_sampling_history.csv,3191,2026-07-01T10:29:23.454419+00:00,9ef0579a90a573ab958ac74b6125c277a7f7bc86714f9942dc61c67341e97d9b
results/raw/runs/2d_burgers/rad_pinn/seed_31415/env.json,244,2026-07-01T10:23:22.534603+00:00,3ea9611b4a501b9d8258401458ea7fbd12107e673f8ddeac71518e0ffecb3269
results/raw/runs/2d_burgers/rad_pinn/seed_31415/history.csv,35503,2026-07-01T10:29:23.430419+00:00,39b2c75f919a5f325c4f4e422c94d0f526f803003fb9fd43e26145c074486090
results/raw/runs/2d_burgers/rad_pinn/seed_31415/method.json,413,2026-07-01T10:23:22.534603+00:00,329ec04a4d01613a9a753411007d6028a5b0cd30594e3d899e6f884093b81665
results/raw/runs/2d_burgers/rad_pinn/seed_31415/metrics_adamw.json,2905,2026-07-21T04:37:38.734168+00:00,521f3dee11193f33bbbfa4dff77fd93f9c9f6355ac7e3ea20f227a770c86f2ba
results/raw/runs/2d_burgers/rad_pinn/seed_31415/metrics_final.json,2905,2026-07-21T04:37:38.734168+00:00,521f3dee11193f33bbbfa4dff77fd93f9c9f6355ac7e3ea20f227a770c86f2ba
results/raw/runs/2d_burgers/rad_pinn/seed_31415/model_adamw_final.pt,339611,2026-07-01T10:29:23.430419+00:00,5c4e28f32fad64df5a778be43f94a56b69badacaf9835005040f78f6ebd9e692
results/raw/runs/2d_burgers/rad_pinn/seed_31415/model_final.pt,339515,2026-07-01T10:29:23.434419+00:00,7c8dd55f191cb9fab53e536cba781b8470f9d5691e844fa84522bf7444ce29bb
results/raw/runs/2d_burgers/rad_pinn/seed_31415/predictions/predict_xy_grid.npz,109102,2026-07-01T10:29:23.454419+00:00,01e65c480e3b32d4907d1445240e3e2b58c9ceee5d5bd63e31519a93dff7d803
results/raw/runs/2d_burgers/rad_pinn/seed_31415/predictions/prediction_info.json,52,2026-07-01T10:29:23.454419+00:00,90b339f2467da3f7a5ee996c47eff61d7f733f0c6d870cfd7969d5e027f8c091
results/raw/runs/2d_burgers/rad_pinn/seed_31415/status.json,102,2026-07-01T10:29:23.454419+00:00,eda369461609f095134ba5d038bc8a18687ec39ad0cfbecf19e5e8780cb3a16a
results/raw/runs/2d_burgers/rad_pinn/seed_42/_SUCCESS,8,2026-07-01T10:17:20.101606+00:00,81b2bd4ea98c8db66554fbc8d7637a1a69a130f331feb732b75caab4c4868fd5
results/raw/runs/2d_burgers/rad_pinn/seed_42/config.json,1283,2026-07-01T10:11:18.278432+00:00,0fbb3e5026eb5ebe9ada6025b848bb2089c9485141482ee4601c388a933567cc
results/raw/runs/2d_burgers/rad_pinn/seed_42/diagnostics/rad_sampling_history.csv,3186,2026-07-01T10:17:20.101606+00:00,466f925e2a11afdfd81e61c6e5ee607e9db68f99db41f99db284302d64586ee4
results/raw/runs/2d_burgers/rad_pinn/seed_42/env.json,244,2026-07-01T10:11:18.278432+00:00,3ea9611b4a501b9d8258401458ea7fbd12107e673f8ddeac71518e0ffecb3269
results/raw/runs/2d_burgers/rad_pinn/seed_42/history.csv,35514,2026-07-01T10:17:20.073606+00:00,80e45792af113ada4ffe17c17188629a00b4d07b0679746124d6d0921db621da
results/raw/runs/2d_burgers/rad_pinn/seed_42/method.json,413,2026-07-01T10:11:18.278432+00:00,329ec04a4d01613a9a753411007d6028a5b0cd30594e3d899e6f884093b81665
results/raw/runs/2d_burgers/rad_pinn/seed_42/metrics_adamw.json,2907,2026-07-21T04:37:38.734168+00:00,8e02ab155ca35aa7189ec28bdf52a5c901e246be0739e309719841dfb04f0c11
results/raw/runs/2d_burgers/rad_pinn/seed_42/metrics_final.json,2907,2026-07-21T04:37:38.734168+00:00,8e02ab155ca35aa7189ec28bdf52a5c901e246be0739e309719841dfb04f0c11
results/raw/runs/2d_burgers/rad_pinn/seed_42/model_adamw_final.pt,339611,2026-07-01T10:17:20.077606+00:00,ccd8895921cec874df076428979632d1c63ceb5fc2b846a1d48fc994768c9c3a
results/raw/runs/2d_burgers/rad_pinn/seed_42/model_final.pt,339515,2026-07-01T10:17:20.077606+00:00,183997882c8e4739c600860de73096898b5eab2594f77991e53585dbc20e84bf
results/raw/runs/2d_burgers/rad_pinn/seed_42/predictions/predict_xy_grid.npz,112084,2026-07-01T10:17:20.101606+00:00,984e0307e2a46abdb6395642eafb92bd597e0ed045a5b784df8d2b7994925a24
results/raw/runs/2d_burgers/rad_pinn/seed_42/predictions/prediction_info.json,52,2026-07-01T10:17:20.101606+00:00,90b339f2467da3f7a5ee996c47eff61d7f733f0c6d870cfd7969d5e027f8c091
results/raw/runs/2d_burgers/rad_pinn/seed_42/status.json,103,2026-07-01T10:17:20.101606+00:00,99ac99d0676da8eadc408fb512504711ceca0629ebd702a8cc70aab016a5297d
results/raw/runs/2d_burgers/rad_pinn/seed_7/_SUCCESS,8,2026-07-01T10:11:18.150433+00:00,81b2bd4ea98c8db66554fbc8d7637a1a69a130f331feb732b75caab4c4868fd5
results/raw/runs/2d_burgers/rad_pinn/seed_7/config.json,1281,2026-07-01T10:05:27.200519+00:00,6d6e73cbe6b5319750a37adaac1cf797e14661307c2e416668b53e7a483cf26d
results/raw/runs/2d_burgers/rad_pinn/seed_7/diagnostics/rad_sampling_history.csv,3172,2026-07-01T10:11:18.150433+00:00,78bc56e4e7f9f0a2bf6d06d733d85a56d2c160ce8e793ec9457d9d996ed25e0d
results/raw/runs/2d_burgers/rad_pinn/seed_7/env.json,244,2026-07-01T10:05:27.200519+00:00,3ea9611b4a501b9d8258401458ea7fbd12107e673f8ddeac71518e0ffecb3269
results/raw/runs/2d_burgers/rad_pinn/seed_7/history.csv,35471,2026-07-01T10:11:18.122433+00:00,b0179ccb443513f792376a222bd0d1541d4684a2a800a7fab86a175599db8f91
results/raw/runs/2d_burgers/rad_pinn/seed_7/method.json,413,2026-07-01T10:05:27.200519+00:00,329ec04a4d01613a9a753411007d6028a5b0cd30594e3d899e6f884093b81665
results/raw/runs/2d_burgers/rad_pinn/seed_7/metrics_adamw.json,2907,2026-07-21T04:37:38.734168+00:00,28f3d14afeb2830b07e217168ea8fddb0d68dc574887a7424d072f9b114d7e42
results/raw/runs/2d_burgers/rad_pinn/seed_7/metrics_final.json,2907,2026-07-21T04:37:38.734168+00:00,28f3d14afeb2830b07e217168ea8fddb0d68dc574887a7424d072f9b114d7e42
results/raw/runs/2d_burgers/rad_pinn/seed_7/model_adamw_final.pt,339611,2026-07-01T10:11:18.126433+00:00,68392726258fe40fcdc7f905091ac295317e60b80aff2a541e5864f15fb8b66c
results/raw/runs/2d_burgers/rad_pinn/seed_7/model_final.pt,339515,2026-07-01T10:11:18.126433+00:00,ebccca6449a4d49f8f18c7163b7d8ae03e8a091bde70e826f9690510f2e3c5c4
results/raw/runs/2d_burgers/rad_pinn/seed_7/predictions/predict_xy_grid.npz,109222,2026-07-01T10:11:18.146433+00:00,2a452fe3cfab8c104aed7c5ae9170397e8101e3ab1cafeff2e0dce03fdf182e6
results/raw/runs/2d_burgers/rad_pinn/seed_7/predictions/prediction_info.json,52,2026-07-01T10:11:18.146433+00:00,90b339f2467da3f7a5ee996c47eff61d7f733f0c6d870cfd7969d5e027f8c091
results/raw/runs/2d_burgers/rad_pinn/seed_7/status.json,103,2026-07-01T10:11:18.150433+00:00,003824b262ebcbc2b1310ac1c0d56b4183debe59eb87a12a19cc3cd7895af305
results/raw/runs/2d_burgers/rar_d_pinn/seed_100/_SUCCESS,8,2026-07-01T11:57:40.037620+00:00,81b2bd4ea98c8db66554fbc8d7637a1a69a130f331feb732b75caab4c4868fd5
results/raw/runs/2d_burgers/rar_d_pinn/seed_100/config.json,1287,2026-07-01T11:51:39.271965+00:00,0a954c8dbb48b14bac47eee753eb63f5ba8948f48c07402cd21229c93c20f169
results/raw/runs/2d_burgers/rar_d_pinn/seed_100/diagnostics/rard_active_points_final.npz,175067,2026-07-01T11:57:40.033619+00:00,d180275862be7db744fd5f4b712f8a72b6611af1126bc2603fa3b593e3433125
results/raw/runs/2d_burgers/rar_d_pinn/seed_100/diagnostics/rard_refinement_history.csv,2800,2026-07-01T11:57:40.025620+00:00,d1fa40bcae77a451bf4bcf6a2a435367afaa15f9d16cb555a42d8a6a475a8eff
results/raw/runs/2d_burgers/rar_d_pinn/seed_100/env.json,244,2026-07-01T11:51:39.271965+00:00,3ea9611b4a501b9d8258401458ea7fbd12107e673f8ddeac71518e0ffecb3269
results/raw/runs/2d_burgers/rar_d_pinn/seed_100/history.csv,30292,2026-07-01T11:57:40.001619+00:00,b7f99330679b68d4374a8945305db7e6d8aa169a33bce49e4d06019ddb14e650
results/raw/runs/2d_burgers/rar_d_pinn/seed_100/method.json,380,2026-07-01T11:51:39.271965+00:00,54a2662197c6ca7758f832792ee5424b7c7af2aaa7112f9841bc917657ca558b
results/raw/runs/2d_burgers/rar_d_pinn/seed_100/metrics_adamw.json,3012,2026-07-21T04:37:38.738168+00:00,f02cfe2da990377de3869d9ce54927d1e3ab6a0a7d6132e9289e47ac510c7272
results/raw/runs/2d_burgers/rar_d_pinn/seed_100/metrics_final.json,3012,2026-07-21T04:37:38.738168+00:00,f02cfe2da990377de3869d9ce54927d1e3ab6a0a7d6132e9289e47ac510c7272
results/raw/runs/2d_burgers/rar_d_pinn/seed_100/model_adamw_final.pt,339739,2026-07-01T11:57:40.005619+00:00,51f80fe38bca5eaa8b83718fc57aa894d1c44c41fad5417fa53233a491b4c425
results/raw/runs/2d_burgers/rar_d_pinn/seed_100/model_final.pt,339643,2026-07-01T11:57:40.005619+00:00,929915193480e02f994cf566e0d6e742bdde5693ea4dbb766e620edaa3a22e72
results/raw/runs/2d_burgers/rar_d_pinn/seed_100/predictions/predict_xy_grid.npz,110977,2026-07-01T11:57:40.025620+00:00,02aa1ecf6ef1be113008c10e98abb557ba2fba8387d3928b8c3a7225701a316d
results/raw/runs/2d_burgers/rar_d_pinn/seed_100/predictions/prediction_info.json,52,2026-07-01T11:57:40.025620+00:00,90b339f2467da3f7a5ee996c47eff61d7f733f0c6d870cfd7969d5e027f8c091
results/raw/runs/2d_burgers/rar_d_pinn/seed_100/status.json,103,2026-07-01T11:57:40.037620+00:00,c5fe86c1424db423086a5ab4f1a1557bb3fd12468ffba0cf34da5935cce9e2e0
results/raw/runs/2d_burgers/rar_d_pinn/seed_2026/_SUCCESS,8,2026-07-01T11:33:07.003370+00:00,81b2bd4ea98c8db66554fbc8d7637a1a69a130f331feb732b75caab4c4868fd5
results/raw/runs/2d_burgers/rar_d_pinn/seed_2026/config.json,1289,2026-07-01T11:27:13.361556+00:00,875c25157107388c2533b79e84649312a2457d183430279f2f3c3f44a9f839f6
results/raw/runs/2d_burgers/rar_d_pinn/seed_2026/diagnostics/rard_active_points_final.npz,175097,2026-07-01T11:33:07.003370+00:00,604c19cfc5349401b03b3d580a7def6873ee6fb5c3efa4a44645c9c7849bedfa
results/raw/runs/2d_burgers/rar_d_pinn/seed_2026/diagnostics/rard_refinement_history.csv,2790,2026-07-01T11:33:06.991370+00:00,e3d6e6d7371638ae5172329eccb2d4d2a407a6d93f9a3cbb8fe8378bb8bee049
results/raw/runs/2d_burgers/rar_d_pinn/seed_2026/env.json,244,2026-07-01T11:27:13.365556+00:00,3ea9611b4a501b9d8258401458ea7fbd12107e673f8ddeac71518e0ffecb3269
results/raw/runs/2d_burgers/rar_d_pinn/seed_2026/history.csv,30294,2026-07-01T11:33:06.963371+00:00,3932894ba410db0392909929e2b3d1010d2902bb520602678354444b4d5667ea
results/raw/runs/2d_burgers/rar_d_pinn/seed_2026/method.json,380,2026-07-01T11:27:13.365556+00:00,54a2662197c6ca7758f832792ee5424b7c7af2aaa7112f9841bc917657ca558b
results/raw/runs/2d_burgers/rar_d_pinn/seed_2026/metrics_adamw.json,3007,2026-07-21T04:37:38.738168+00:00,2315ad10a5f00222c53995c8d63bb19f942f25643a48009a509d4c1ff6a12e70
results/raw/runs/2d_burgers/rar_d_pinn/seed_2026/metrics_final.json,3007,2026-07-21T04:37:38.738168+00:00,2315ad10a5f00222c53995c8d63bb19f942f25643a48009a509d4c1ff6a12e70
results/raw/runs/2d_burgers/rar_d_pinn/seed_2026/model_adamw_final.pt,339739,2026-07-01T11:33:06.967371+00:00,d3fef2ed43751b3998b41f430f51a9373347c2c3af7c2c0df09367d8216f7d08
results/raw/runs/2d_burgers/rar_d_pinn/seed_2026/model_final.pt,339643,2026-07-01T11:33:06.967371+00:00,57b5d32f060bdb3692ff09dfaeff67b957d95a31e594498c0a2da87ff4365239
results/raw/runs/2d_burgers/rar_d_pinn/seed_2026/predictions/predict_xy_grid.npz,108748,2026-07-01T11:33:06.991370+00:00,03be5648f0359cafb4cf637a4001f99a4ecb966965b76b4fde1eb76fd7931a5f
results/raw/runs/2d_burgers/rar_d_pinn/seed_2026/predictions/prediction_info.json,52,2026-07-01T11:33:06.991370+00:00,90b339f2467da3f7a5ee996c47eff61d7f733f0c6d870cfd7969d5e027f8c091
results/raw/runs/2d_burgers/rar_d_pinn/seed_2026/status.json,104,2026-07-01T11:33:07.003370+00:00,91841e82d8129790c780e35316a436ef71d7118f2f4eb453192538648ab41bbd
results/raw/runs/2d_burgers/rar_d_pinn/seed_31415/_SUCCESS,8,2026-07-01T12:03:34.467266+00:00,81b2bd4ea98c8db66554fbc8d7637a1a69a130f331feb732b75caab4c4868fd5
results/raw/runs/2d_burgers/rar_d_pinn/seed_31415/config.json,1291,2026-07-01T11:57:40.165621+00:00,fd052dda5cb6b92650670f98f306337dd324c525c85b996ed3db0e734b7ace0f
results/raw/runs/2d_burgers/rar_d_pinn/seed_31415/diagnostics/rard_active_points_final.npz,175123,2026-07-01T12:03:34.467266+00:00,3de10d0e4791f4eaef94a976f982fec63471d6cc6ff91cb97538d1c1b24f4668
results/raw/runs/2d_burgers/rar_d_pinn/seed_31415/diagnostics/rard_refinement_history.csv,2796,2026-07-01T12:03:34.459266+00:00,7cc6a843503dcf61ba6d3f827153522bf77074e5152c10cd8d9f1eb321125981
results/raw/runs/2d_burgers/rar_d_pinn/seed_31415/env.json,244,2026-07-01T11:57:40.165621+00:00,3ea9611b4a501b9d8258401458ea7fbd12107e673f8ddeac71518e0ffecb3269
results/raw/runs/2d_burgers/rar_d_pinn/seed_31415/history.csv,30276,2026-07-01T12:03:34.431266+00:00,f19ec3e11df7fb21927fb33601cc5944cec91938e6d2a54f2c8a520e4061b48c
results/raw/runs/2d_burgers/rar_d_pinn/seed_31415/method.json,380,2026-07-01T11:57:40.165621+00:00,54a2662197c6ca7758f832792ee5424b7c7af2aaa7112f9841bc917657ca558b
results/raw/runs/2d_burgers/rar_d_pinn/seed_31415/metrics_adamw.json,3014,2026-07-21T04:37:38.738168+00:00,952254fa9e6f81e38c9a5d4feffb9193e318793798b0619cb6b549e7592a5078
results/raw/runs/2d_burgers/rar_d_pinn/seed_31415/metrics_final.json,3014,2026-07-21T04:37:38.738168+00:00,952254fa9e6f81e38c9a5d4feffb9193e318793798b0619cb6b549e7592a5078
results/raw/runs/2d_burgers/rar_d_pinn/seed_31415/model_adamw_final.pt,339739,2026-07-01T12:03:34.435266+00:00,c3a0be821d4188de8782dde13908d31aa108c9547dc84374b423c3659106a03e
results/raw/runs/2d_burgers/rar_d_pinn/seed_31415/model_final.pt,339643,2026-07-01T12:03:34.435266+00:00,bd6e3bee5f4fcf9e6c4ffcda293c2fb1a6096355a522f3cb2f1320386642192f
results/raw/runs/2d_burgers/rar_d_pinn/seed_31415/predictions/predict_xy_grid.npz,107925,2026-07-01T12:03:34.459266+00:00,7d048cef0ac260fc6e51a7a800f1eb5d8bab0785a2f284a47cb4d1ee3c604f59
results/raw/runs/2d_burgers/rar_d_pinn/seed_31415/predictions/prediction_info.json,52,2026-07-01T12:03:34.459266+00:00,90b339f2467da3f7a5ee996c47eff61d7f733f0c6d870cfd7969d5e027f8c091
results/raw/runs/2d_burgers/rar_d_pinn/seed_31415/status.json,104,2026-07-01T12:03:34.467266+00:00,a8ad286e0e90295126b08937c356cca71e53d74939c185059308b79e223291dc
results/raw/runs/2d_burgers/rar_d_pinn/seed_42/_SUCCESS,8,2026-07-01T11:51:39.143965+00:00,81b2bd4ea98c8db66554fbc8d7637a1a69a130f331feb732b75caab4c4868fd5
results/raw/runs/2d_burgers/rar_d_pinn/seed_42/config.json,1285,2026-07-01T11:45:42.734379+00:00,fe780a53afb606a6c24d77112668817ee712428be1793bd223bb308bf66f49ac
results/raw/runs/2d_burgers/rar_d_pinn/seed_42/diagnostics/rard_active_points_final.npz,175202,2026-07-01T11:51:39.143965+00:00,3b43902b7201bd0e4e0d9013c8ebcd532177754cdf8441150821f5058bf46fbc
results/raw/runs/2d_burgers/rar_d_pinn/seed_42/diagnostics/rard_refinement_history.csv,2795,2026-07-01T11:51:39.131965+00:00,6a7fe9f0d63cb6fc98630e47384fab8a1c239bcf8c536da7fe572f689ade302e
results/raw/runs/2d_burgers/rar_d_pinn/seed_42/env.json,244,2026-07-01T11:45:42.734379+00:00,3ea9611b4a501b9d8258401458ea7fbd12107e673f8ddeac71518e0ffecb3269
results/raw/runs/2d_burgers/rar_d_pinn/seed_42/history.csv,30332,2026-07-01T11:51:39.107965+00:00,affa0b2ed5acac6247723bf0d28773e7602726770d04876ead7ede6f11e0738c
results/raw/runs/2d_burgers/rar_d_pinn/seed_42/method.json,380,2026-07-01T11:45:42.734379+00:00,54a2662197c6ca7758f832792ee5424b7c7af2aaa7112f9841bc917657ca558b
results/raw/runs/2d_burgers/rar_d_pinn/seed_42/metrics_adamw.json,3014,2026-07-21T04:37:38.742168+00:00,d39f059f0cfa6008c12d39ca5fc23f369ccb18d62e2049b1e004010ced335edc
results/raw/runs/2d_burgers/rar_d_pinn/seed_42/metrics_final.json,3014,2026-07-21T04:37:38.738168+00:00,d39f059f0cfa6008c12d39ca5fc23f369ccb18d62e2049b1e004010ced335edc
results/raw/runs/2d_burgers/rar_d_pinn/seed_42/model_adamw_final.pt,339739,2026-07-01T11:51:39.111965+00:00,d9b28adb9f2bbe56a391f54cfdd7edb9c39d668f338433116070ae5a6c51e892
results/raw/runs/2d_burgers/rar_d_pinn/seed_42/model_final.pt,339643,2026-07-01T11:51:39.111965+00:00,1feb1afe6e069bc2c9e032d04bee08824cdad0e73b67f2e143b20039557ef758
results/raw/runs/2d_burgers/rar_d_pinn/seed_42/predictions/predict_xy_grid.npz,108740,2026-07-01T11:51:39.131965+00:00,87204d3c8b799db1396505904f45a7242c32e192e0217584dfc97398f5f7ddc6
results/raw/runs/2d_burgers/rar_d_pinn/seed_42/predictions/prediction_info.json,52,2026-07-01T11:51:39.131965+00:00,90b339f2467da3f7a5ee996c47eff61d7f733f0c6d870cfd7969d5e027f8c091
results/raw/runs/2d_burgers/rar_d_pinn/seed_42/status.json,103,2026-07-01T11:51:39.143965+00:00,9e9be396aac9791067f42abdf7aa97b1036cc8108dc1ddb6683ce34f17ffd9c4
results/raw/runs/2d_burgers/rar_d_pinn/seed_7/_SUCCESS,8,2026-07-01T11:45:42.602379+00:00,81b2bd4ea98c8db66554fbc8d7637a1a69a130f331feb732b75caab4c4868fd5
results/raw/runs/2d_burgers/rar_d_pinn/seed_7/config.json,1283,2026-07-01T11:39:46.400764+00:00,13053b3ba5116a9e367f4d97ac762815e491dbcc60b146ef51ac69b0218843ce
results/raw/runs/2d_burgers/rar_d_pinn/seed_7/diagnostics/rard_active_points_final.npz,175135,2026-07-01T11:45:42.602379+00:00,b62a3147a58349dcdc5c2d0c3a3fd670f57ef4f45f521771a1162e54d62c4cfd
results/raw/runs/2d_burgers/rar_d_pinn/seed_7/diagnostics/rard_refinement_history.csv,2802,2026-07-01T11:45:42.594379+00:00,a1a516e9fb1117604bbc66c5fe6d4139b7a5c0b2366b8feb4801f79c7b97bbda
results/raw/runs/2d_burgers/rar_d_pinn/seed_7/env.json,244,2026-07-01T11:39:46.400764+00:00,3ea9611b4a501b9d8258401458ea7fbd12107e673f8ddeac71518e0ffecb3269
results/raw/runs/2d_burgers/rar_d_pinn/seed_7/history.csv,30300,2026-07-01T11:45:42.566380+00:00,6f0b48876ec6c48790c6086bd1d0288e5d18299f18cabf7c8661eb3fb7e359af
results/raw/runs/2d_burgers/rar_d_pinn/seed_7/method.json,380,2026-07-01T11:39:46.400764+00:00,54a2662197c6ca7758f832792ee5424b7c7af2aaa7112f9841bc917657ca558b
results/raw/runs/2d_burgers/rar_d_pinn/seed_7/metrics_adamw.json,3021,2026-07-21T04:37:38.742168+00:00,51190fe3248ff91f266437d0b29d123ff9636f4778b931efef23d61b260d5d76
results/raw/runs/2d_burgers/rar_d_pinn/seed_7/metrics_final.json,3021,2026-07-21T04:37:38.742168+00:00,51190fe3248ff91f266437d0b29d123ff9636f4778b931efef23d61b260d5d76
results/raw/runs/2d_burgers/rar_d_pinn/seed_7/model_adamw_final.pt,339739,2026-07-01T11:45:42.570380+00:00,f88918f18e6fd3786ef2072b213271abf1707ec2df68c68865cef70bb9e6f241
results/raw/runs/2d_burgers/rar_d_pinn/seed_7/model_final.pt,339643,2026-07-01T11:45:42.570380+00:00,13a81d3ca140a86e05b3a67cfa4b058c26152ce108fb48d76af59ae607faefe0
results/raw/runs/2d_burgers/rar_d_pinn/seed_7/predictions/predict_xy_grid.npz,108759,2026-07-01T11:45:42.590379+00:00,3bfceef6ad793e24b627b27be6c65ba7235429cddf5fb48c940ba8c24a4b8de5
results/raw/runs/2d_burgers/rar_d_pinn/seed_7/predictions/prediction_info.json,52,2026-07-01T11:45:42.590379+00:00,90b339f2467da3f7a5ee996c47eff61d7f733f0c6d870cfd7969d5e027f8c091
results/raw/runs/2d_burgers/rar_d_pinn/seed_7/status.json,104,2026-07-01T11:45:42.602379+00:00,f2515acf9a91020d7ad5c3c674ee97be1c6ad82ce6902c607b59d2a720400bee
results/raw/runs/2d_burgers/sa_pinn/seed_100/_SUCCESS,8,2026-07-01T13:29:53.139263+00:00,81b2bd4ea98c8db66554fbc8d7637a1a69a130f331feb732b75caab4c4868fd5
results/raw/runs/2d_burgers/sa_pinn/seed_100/config.json,1284,2026-07-01T13:24:22.024700+00:00,104ac9aef9a681c314f4bf0856b4727163cc13fc600c79923aaadabbf974f87a
results/raw/runs/2d_burgers/sa_pinn/seed_100/diagnostics/sa_training_points_fixed.npz,216515,2026-07-01T13:29:53.139263+00:00,182afbe9edda762b06fae741dfd12fbc6ecbc5edc16f41f17a0e554a08fdde4f
results/raw/runs/2d_burgers/sa_pinn/seed_100/diagnostics/sa_weight_history.csv,54403,2026-07-01T13:29:53.115263+00:00,3bd4c3365cefa861fa74f01096e41469a99f2ac5846db0d2734ab493b7f92ab6
results/raw/runs/2d_burgers/sa_pinn/seed_100/diagnostics/sa_weight_state_final.pt,85609,2026-07-01T13:29:53.139263+00:00,2001ae3f239d283c675f3e79628a9c601cb7a2e17a61a92e4d1caaba352f1216
results/raw/runs/2d_burgers/sa_pinn/seed_100/diagnostics/sa_weight_summary.json,240,2026-07-01T13:29:53.115263+00:00,52ee329b07b1f43af15f8390779d1f32190dedef51cb1982aa4dd471e0a37bbf
results/raw/runs/2d_burgers/sa_pinn/seed_100/diagnostics/sa_weights_final.npz,35015,2026-07-01T13:29:53.119263+00:00,6f7e5db9973c5bccfbe946d142cac438e188082f67330aa3bb534e97650aa675
results/raw/runs/2d_burgers/sa_pinn/seed_100/env.json,244,2026-07-01T13:24:22.028700+00:00,3ea9611b4a501b9d8258401458ea7fbd12107e673f8ddeac71518e0ffecb3269
results/raw/runs/2d_burgers/sa_pinn/seed_100/history.csv,54403,2026-07-01T13:29:53.079263+00:00,3bd4c3365cefa861fa74f01096e41469a99f2ac5846db0d2734ab493b7f92ab6
results/raw/runs/2d_burgers/sa_pinn/seed_100/method.json,417,2026-07-01T13:24:22.024700+00:00,329dda87d03d96252846c8d2b86fc01d66d76e211672bf02e62b6d7ae511d5f1
results/raw/runs/2d_burgers/sa_pinn/seed_100/metrics_adamw.json,3040,2026-07-21T04:37:38.742168+00:00,b0c0e60c87897bfd3be87bd020c5d9cea5c2f8d494f14f35fb416a5cf9a96fe5
results/raw/runs/2d_burgers/sa_pinn/seed_100/metrics_final.json,3040,2026-07-21T04:37:38.742168+00:00,b0c0e60c87897bfd3be87bd020c5d9cea5c2f8d494f14f35fb416a5cf9a96fe5
results/raw/runs/2d_burgers/sa_pinn/seed_100/model_adamw_final.pt,339739,2026-07-01T13:29:53.083263+00:00,9dcea39779b93be2ccb5961486bec02c41af9d08a655f97cacf3d9737a3ad3ca
results/raw/runs/2d_burgers/sa_pinn/seed_100/model_final.pt,339643,2026-07-01T13:29:53.087263+00:00,4cf5ca8af13440803cffcd911ff668482e2078487d20aadf9200ebad33a2da0c
results/raw/runs/2d_burgers/sa_pinn/seed_100/predictions/predict_xy_grid.npz,105848,2026-07-01T13:29:53.111263+00:00,6d38ba965278cdda642e34b3d9a74fd503702c0c7ccfd0016a7144df3039cad8
results/raw/runs/2d_burgers/sa_pinn/seed_100/predictions/prediction_info.json,52,2026-07-01T13:29:53.111263+00:00,90b339f2467da3f7a5ee996c47eff61d7f733f0c6d870cfd7969d5e027f8c091
results/raw/runs/2d_burgers/sa_pinn/seed_100/status.json,104,2026-07-01T13:29:53.139263+00:00,a8d2ba2b67e065a08379692278ff3d3cd6316c972420e5c35305a3b0a17476c3
results/raw/runs/2d_burgers/sa_pinn/seed_2026/_SUCCESS,8,2026-07-01T13:13:35.482327+00:00,81b2bd4ea98c8db66554fbc8d7637a1a69a130f331feb732b75caab4c4868fd5
results/raw/runs/2d_burgers/sa_pinn/seed_2026/config.json,1286,2026-07-01T13:08:18.557813+00:00,dbe6718feee3746089a70290fe7319d49c08406dd0c6ff38326e5f4743c2814e
results/raw/runs/2d_burgers/sa_pinn/seed_2026/diagnostics/sa_training_points_fixed.npz,216663,2026-07-01T13:13:35.474327+00:00,a021f292c802735c368f0388aad585c9729cf268cc9279c586c9a09870b2ca6b
results/raw/runs/2d_burgers/sa_pinn/seed_2026/diagnostics/sa_weight_history.csv,56473,2026-07-01T13:13:35.450327+00:00,c67bb21385c57047aa540d21d22eee43a509c351ac95f384696113a4779b0d98
results/raw/runs/2d_burgers/sa_pinn/seed_2026/diagnostics/sa_weight_state_final.pt,85609,2026-07-01T13:13:35.482327+00:00,b06f463f2341e54284f547b26e84e34884bf79e882c7282990a9ec2dcbfdc8b5
results/raw/runs/2d_burgers/sa_pinn/seed_2026/diagnostics/sa_weight_summary.json,263,2026-07-01T13:13:35.450327+00:00,6753811ea1a49250620cd128105f92d4bc664373aa7b81af3336119c6b7bcf91
results/raw/runs/2d_burgers/sa_pinn/seed_2026/diagnostics/sa_weights_final.npz,30299,2026-07-01T13:13:35.458327+00:00,c982108b6e3ee03de64e46062fdc0f5ca5e8157c83154c3bed3cb93da63e469b
results/raw/runs/2d_burgers/sa_pinn/seed_2026/env.json,244,2026-07-01T13:08:18.557813+00:00,3ea9611b4a501b9d8258401458ea7fbd12107e673f8ddeac71518e0ffecb3269
results/raw/runs/2d_burgers/sa_pinn/seed_2026/history.csv,56473,2026-07-01T13:13:35.410327+00:00,c67bb21385c57047aa540d21d22eee43a509c351ac95f384696113a4779b0d98
results/raw/runs/2d_burgers/sa_pinn/seed_2026/method.json,417,2026-07-01T13:08:18.557813+00:00,329dda87d03d96252846c8d2b86fc01d66d76e211672bf02e62b6d7ae511d5f1
results/raw/runs/2d_burgers/sa_pinn/seed_2026/metrics_adamw.json,3072,2026-07-21T04:37:38.742168+00:00,bd395d9d1f68f67502d8952fba50ba4d749160b2ad54f4861aa334282e581723
results/raw/runs/2d_burgers/sa_pinn/seed_2026/metrics_final.json,3072,2026-07-21T04:37:38.742168+00:00,bd395d9d1f68f67502d8952fba50ba4d749160b2ad54f4861aa334282e581723
results/raw/runs/2d_burgers/sa_pinn/seed_2026/model_adamw_final.pt,339739,2026-07-01T13:13:35.414327+00:00,4302ed44c1f295d596a7c178712fe2f8f03273695671777888b9b6fdaea7f9b7
results/raw/runs/2d_burgers/sa_pinn/seed_2026/model_final.pt,339643,2026-07-01T13:13:35.414327+00:00,236b5777e1a64a40c7e4fd014dda44f85fcf196d8c97641b2128b57f50e797f6
results/raw/runs/2d_burgers/sa_pinn/seed_2026/predictions/predict_xy_grid.npz,103869,2026-07-01T13:13:35.442327+00:00,0e1d74735998796ec774d028afa918fe68f84a0b048bf4c55f4ab032a966db09
results/raw/runs/2d_burgers/sa_pinn/seed_2026/predictions/prediction_info.json,52,2026-07-01T13:13:35.442327+00:00,90b339f2467da3f7a5ee996c47eff61d7f733f0c6d870cfd7969d5e027f8c091
results/raw/runs/2d_burgers/sa_pinn/seed_2026/status.json,103,2026-07-01T13:13:35.482327+00:00,9a50f4e6c888980780808b2b8c46a05a69acfd1a52f3b3bab77f0ed5506549a2
results/raw/runs/2d_burgers/sa_pinn/seed_31415/_SUCCESS,8,2026-07-01T13:35:16.273700+00:00,81b2bd4ea98c8db66554fbc8d7637a1a69a130f331feb732b75caab4c4868fd5
results/raw/runs/2d_burgers/sa_pinn/seed_31415/config.json,1288,2026-07-01T13:29:53.295262+00:00,288d43b3e90e2feb5e3875c3c9d0573db0520659465a4185602239d17b0fe551
results/raw/runs/2d_burgers/sa_pinn/seed_31415/diagnostics/sa_training_points_fixed.npz,216606,2026-07-01T13:35:16.273700+00:00,3aaa8be29c514955a851574629e80980daed98de3a528d1d7d85345800fddf9a
results/raw/runs/2d_burgers/sa_pinn/seed_31415/diagnostics/sa_weight_history.csv,53952,2026-07-01T13:35:16.249700+00:00,2185e0f05b9884ceb17e257ae7013d469c44af6fd54a361ef9a40bc8e03327c9
results/raw/runs/2d_burgers/sa_pinn/seed_31415/diagnostics/sa_weight_state_final.pt,85609,2026-07-01T13:35:16.273700+00:00,d85838ee3f6077251fa124b700386e9eeffd2e0927c506409103da1ae680818f
results/raw/runs/2d_burgers/sa_pinn/seed_31415/diagnostics/sa_weight_summary.json,240,2026-07-01T13:35:16.249700+00:00,8ff95d5df66a8014c5f2f52c12c42221a4d8cfb0943f084511f1a6f29dff2e42
results/raw/runs/2d_burgers/sa_pinn/seed_31415/diagnostics/sa_weights_final.npz,38385,2026-07-01T13:35:16.253700+00:00,c9beac477fd0bd56bad76ce50c66cd5476df2a878d193467e50b4ee7aabce513
results/raw/runs/2d_burgers/sa_pinn/seed_31415/env.json,244,2026-07-01T13:29:53.295262+00:00,3ea9611b4a501b9d8258401458ea7fbd12107e673f8ddeac71518e0ffecb3269
results/raw/runs/2d_burgers/sa_pinn/seed_31415/history.csv,53952,2026-07-01T13:35:16.209700+00:00,2185e0f05b9884ceb17e257ae7013d469c44af6fd54a361ef9a40bc8e03327c9
results/raw/runs/2d_burgers/sa_pinn/seed_31415/method.json,417,2026-07-01T13:29:53.295262+00:00,329dda87d03d96252846c8d2b86fc01d66d76e211672bf02e62b6d7ae511d5f1
results/raw/runs/2d_burgers/sa_pinn/seed_31415/metrics_adamw.json,3022,2026-07-21T04:37:38.746168+00:00,3012c1b72eb407ffefd0026d8c2d66feb89cf291d4ec48e40c5c504d11749c94
results/raw/runs/2d_burgers/sa_pinn/seed_31415/metrics_final.json,3022,2026-07-21T04:37:38.746168+00:00,3012c1b72eb407ffefd0026d8c2d66feb89cf291d4ec48e40c5c504d11749c94
results/raw/runs/2d_burgers/sa_pinn/seed_31415/model_adamw_final.pt,339739,2026-07-01T13:35:16.209700+00:00,6c36098304e087454a89456cc9355a999525f6a8f964a8f08c68880eabea7f53
results/raw/runs/2d_burgers/sa_pinn/seed_31415/model_final.pt,339643,2026-07-01T13:35:16.213700+00:00,a1d32f28df062db55c173daf20e60a54d30c32951bdbda9b100f5059e54bca51
results/raw/runs/2d_burgers/sa_pinn/seed_31415/predictions/predict_xy_grid.npz,104667,2026-07-01T13:35:16.241700+00:00,80d015547721eb234560461cd04dd4674a1a40c112cf753397e6580154d55ffc
results/raw/runs/2d_burgers/sa_pinn/seed_31415/predictions/prediction_info.json,52,2026-07-01T13:35:16.241700+00:00,90b339f2467da3f7a5ee996c47eff61d7f733f0c6d870cfd7969d5e027f8c091
results/raw/runs/2d_burgers/sa_pinn/seed_31415/status.json,104,2026-07-01T13:35:16.273700+00:00,444105a220a6a6fce686c91ea5f3c5bc463d67caef4d21b603d9978b2a4a68c3
results/raw/runs/2d_burgers/sa_pinn/seed_42/_SUCCESS,8,2026-07-01T13:24:21.836700+00:00,81b2bd4ea98c8db66554fbc8d7637a1a69a130f331feb732b75caab4c4868fd5
results/raw/runs/2d_burgers/sa_pinn/seed_42/config.json,1282,2026-07-01T13:18:55.649806+00:00,106a998c71f136535a0f673935b49a369ca440dd06eeac4965ef130378938a97
results/raw/runs/2d_burgers/sa_pinn/seed_42/diagnostics/sa_training_points_fixed.npz,216552,2026-07-01T13:24:21.836700+00:00,4d03752a31ec030064366cad25134b5f755640cad6f8ef207c11aa5d031e9466
results/raw/runs/2d_burgers/sa_pinn/seed_42/diagnostics/sa_weight_history.csv,56502,2026-07-01T13:24:21.816700+00:00,4f23e76a450597c56d12cc6260d440b44de136a1b928a11e87fe62c18b832e04
results/raw/runs/2d_burgers/sa_pinn/seed_42/diagnostics/sa_weight_state_final.pt,85609,2026-07-01T13:24:21.836700+00:00,331b322c9c7a2800fd4e7baab7386a749bf784a49fcca39ac89cb1eed7dade25
results/raw/runs/2d_burgers/sa_pinn/seed_42/diagnostics/sa_weight_summary.json,264,2026-07-01T13:24:21.816700+00:00,d2a1997833f03a5a6157d9f83c73bcb3cf55807def53c5fb97d078ca19e73e44
results/raw/runs/2d_burgers/sa_pinn/seed_42/diagnostics/sa_weights_final.npz,28096,2026-07-01T13:24:21.820700+00:00,1833d8b236e4cee9939d26757a7ba1b94bf434112926a9b9faa49fb339769c7f
results/raw/runs/2d_burgers/sa_pinn/seed_42/env.json,244,2026-07-01T13:18:55.649806+00:00,3ea9611b4a501b9d8258401458ea7fbd12107e673f8ddeac71518e0ffecb3269
results/raw/runs/2d_burgers/sa_pinn/seed_42/history.csv,56502,2026-07-01T13:24:21.764701+00:00,4f23e76a450597c56d12cc6260d440b44de136a1b928a11e87fe62c18b832e04
results/raw/runs/2d_burgers/sa_pinn/seed_42/method.json,417,2026-07-01T13:18:55.649806+00:00,329dda87d03d96252846c8d2b86fc01d66d76e211672bf02e62b6d7ae511d5f1
results/raw/runs/2d_burgers/sa_pinn/seed_42/metrics_adamw.json,3066,2026-07-21T04:37:38.746168+00:00,3bb35641d07444693d4c9b571d7ef6b274219f6abbb1b83e270f7e14d495ccb8
results/raw/runs/2d_burgers/sa_pinn/seed_42/metrics_final.json,3066,2026-07-21T04:37:38.746168+00:00,3bb35641d07444693d4c9b571d7ef6b274219f6abbb1b83e270f7e14d495ccb8
results/raw/runs/2d_burgers/sa_pinn/seed_42/model_adamw_final.pt,339739,2026-07-01T13:24:21.768701+00:00,d6591d46aa4b018e66b7acab79495e52f7c38bdfb1f67696636e98c13741f74a
results/raw/runs/2d_burgers/sa_pinn/seed_42/model_final.pt,339643,2026-07-01T13:24:21.768701+00:00,bd35a484d8b83d954c93e7a84f4137dca61794f7e8684fcaffebb015a70749e3
results/raw/runs/2d_burgers/sa_pinn/seed_42/predictions/predict_xy_grid.npz,107512,2026-07-01T13:24:21.808701+00:00,159fe662603f7d6dd9294dd2a82b098f91d420508b4c3d0da0e4309c074e7fdd
results/raw/runs/2d_burgers/sa_pinn/seed_42/predictions/prediction_info.json,52,2026-07-01T13:24:21.808701+00:00,90b339f2467da3f7a5ee996c47eff61d7f733f0c6d870cfd7969d5e027f8c091
results/raw/runs/2d_burgers/sa_pinn/seed_42/status.json,103,2026-07-01T13:24:21.836700+00:00,bee5a9158c39153c27d7e013cd633e5b58971731d5d17a4d57fe26aa5484c411
results/raw/runs/2d_burgers/sa_pinn/seed_7/_SUCCESS,8,2026-07-01T13:18:55.497807+00:00,81b2bd4ea98c8db66554fbc8d7637a1a69a130f331feb732b75caab4c4868fd5
results/raw/runs/2d_burgers/sa_pinn/seed_7/config.json,1280,2026-07-01T13:13:35.634327+00:00,50a3b9132bbcd9f98aed607878a9ed7bd30dc09090111cc53fdd3096b6288b96
results/raw/runs/2d_burgers/sa_pinn/seed_7/diagnostics/sa_training_points_fixed.npz,216603,2026-07-01T13:18:55.497807+00:00,0bde775bd0e207b222b2697eea4620a2c9f83b86eda7eff0cec872af00b9a959
results/raw/runs/2d_burgers/sa_pinn/seed_7/diagnostics/sa_weight_history.csv,56537,2026-07-01T13:18:55.469807+00:00,ac0a779be6e3e46574780ffbd8e1c931d386d668b969c5fecfd4c4ba020a721c
results/raw/runs/2d_burgers/sa_pinn/seed_7/diagnostics/sa_weight_state_final.pt,85609,2026-07-01T13:18:55.497807+00:00,91d2d93a085dbb230cec939aa1e1a7a95cbeb7d6d0a874423111cd8e7a3fba3d
results/raw/runs/2d_burgers/sa_pinn/seed_7/diagnostics/sa_weight_summary.json,264,2026-07-01T13:18:55.469807+00:00,73289aff6622b7025f534a38a1ad79fddb339b62ebf5ce1c549f08bd094a1d64
results/raw/runs/2d_burgers/sa_pinn/seed_7/diagnostics/sa_weights_final.npz,42512,2026-07-01T13:18:55.477807+00:00,f0aa91db25739f92999293482cd871019b1f4eed82db5f12a7a5cc31896f910d
results/raw/runs/2d_burgers/sa_pinn/seed_7/env.json,244,2026-07-01T13:13:35.634327+00:00,3ea9611b4a501b9d8258401458ea7fbd12107e673f8ddeac71518e0ffecb3269
results/raw/runs/2d_burgers/sa_pinn/seed_7/history.csv,56537,2026-07-01T13:18:55.417807+00:00,ac0a779be6e3e46574780ffbd8e1c931d386d668b969c5fecfd4c4ba020a721c
results/raw/runs/2d_burgers/sa_pinn/seed_7/method.json,417,2026-07-01T13:13:35.634327+00:00,329dda87d03d96252846c8d2b86fc01d66d76e211672bf02e62b6d7ae511d5f1
results/raw/runs/2d_burgers/sa_pinn/seed_7/metrics_adamw.json,3056,2026-07-21T04:37:38.746168+00:00,06049322d324d7b0cbe2f3819187257c936d64845707297a78098bfc759ef328
results/raw/runs/2d_burgers/sa_pinn/seed_7/metrics_final.json,3056,2026-07-21T04:37:38.746168+00:00,06049322d324d7b0cbe2f3819187257c936d64845707297a78098bfc759ef328
results/raw/runs/2d_burgers/sa_pinn/seed_7/model_adamw_final.pt,339739,2026-07-01T13:18:55.421807+00:00,ce3f06b1f0ea983442fe4e4d96d6d2af5a13aad8081b37603a7ac28892085fa3
results/raw/runs/2d_burgers/sa_pinn/seed_7/model_final.pt,339643,2026-07-01T13:18:55.425807+00:00,a391287db7bc00121cdffda98fc4db513083c57a5ad545d8c659036cea22fb66
results/raw/runs/2d_burgers/sa_pinn/seed_7/predictions/predict_xy_grid.npz,104350,2026-07-01T13:18:55.461807+00:00,eb620ba5c3787a4a4c0f7ef68cdd71204482f5d4629179b71066fc103018510a
results/raw/runs/2d_burgers/sa_pinn/seed_7/predictions/prediction_info.json,52,2026-07-01T13:18:55.461807+00:00,90b339f2467da3f7a5ee996c47eff61d7f733f0c6d870cfd7969d5e027f8c091
results/raw/runs/2d_burgers/sa_pinn/seed_7/status.json,104,2026-07-01T13:18:55.497807+00:00,3918b7f473e663f24c51c44baaffc93a6b19010ba8b55cb06385d7c269948c7d
results/raw/runs/2d_burgers/xpinn/seed_100/_SUCCESS,8,2026-07-05T08:18:54.757333+00:00,81b2bd4ea98c8db66554fbc8d7637a1a69a130f331feb732b75caab4c4868fd5
results/raw/runs/2d_burgers/xpinn/seed_100/config.json,1282,2026-07-05T07:28:32.278028+00:00,e597f204be6594bc6fef2ee404286f30a4ec24f1fdaabc206598878525fbd198
results/raw/runs/2d_burgers/xpinn/seed_100/diagnostics/xpinn_interface_history.csv,75524,2026-07-05T08:18:54.749333+00:00,01881dc5de54098dd3cf41f53dcae50667009852b91c82bd1e139cdc8c1b9a50
results/raw/runs/2d_burgers/xpinn/seed_100/diagnostics/xpinn_interface_points.npz,17874,2026-07-05T08:18:54.753333+00:00,977b4a723b7b36a6ac8d8cb0e8689d7aae4d265e065192dba23c0dd7b072aa2a
results/raw/runs/2d_burgers/xpinn/seed_100/diagnostics/xpinn_interface_points_meta.json,514,2026-07-05T08:18:54.753333+00:00,951c679fd39f78c73617ea3b756eb34a0320ef143a95baa932cd8a7464ad1266
results/raw/runs/2d_burgers/xpinn/seed_100/diagnostics/xpinn_loss_history.csv,55982,2026-07-05T08:18:54.745333+00:00,3cba9c0d16158e4d93a9b9550f3bc1cd240334ca6214e1dfc2213db34eceb2b8
results/raw/runs/2d_burgers/xpinn/seed_100/diagnostics/xpinn_subdomain_config.json,1314,2026-07-05T08:18:54.749333+00:00,f88f3271cb1d6c427d06a16d00af22a382a9bb2a881915b85c2fa0d0d3db0fd8
results/raw/runs/2d_burgers/xpinn/seed_100/diagnostics/xpinn_submodel_state_dicts.pt,1352651,2026-07-05T08:18:54.757333+00:00,447401e28877e52c4b3379c70c574b0f0da7e3f844aa700a4d0adf0e620bf4c3
results/raw/runs/2d_burgers/xpinn/seed_100/env.json,244,2026-07-05T07:28:32.278028+00:00,3ea9611b4a501b9d8258401458ea7fbd12107e673f8ddeac71518e0ffecb3269
results/raw/runs/2d_burgers/xpinn/seed_100/history.csv,55982,2026-07-05T08:18:54.701333+00:00,3cba9c0d16158e4d93a9b9550f3bc1cd240334ca6214e1dfc2213db34eceb2b8
results/raw/runs/2d_burgers/xpinn/seed_100/method.json,1015,2026-07-05T07:28:32.278028+00:00,8533799530a78b4007da7d6c4cff38e7cc0e009787b9e52a395a9842dde615dd
results/raw/runs/2d_burgers/xpinn/seed_100/metrics_adamw.json,3207,2026-07-21T04:37:38.750168+00:00,ef6825f088be0f1a63f682dd987be6f233f2c5ff237cbb05d319b8a537faf8cb
results/raw/runs/2d_burgers/xpinn/seed_100/metrics_final.json,3207,2026-07-21T04:37:38.750168+00:00,ef6825f088be0f1a63f682dd987be6f233f2c5ff237cbb05d319b8a537faf8cb
results/raw/runs/2d_burgers/xpinn/seed_100/model_adamw_final.pt,1355165,2026-07-05T08:18:54.709333+00:00,b061cf3606b4663f9e74547fe19737c31124a3b653fb8a8fe30be57ce0c873a7
results/raw/runs/2d_burgers/xpinn/seed_100/model_final.pt,1354793,2026-07-05T08:18:54.713333+00:00,f94314f8851058876b94f58ac283d437f2b53543a4a7ab0ff7111745ba67d4ca
results/raw/runs/2d_burgers/xpinn/seed_100/predictions/predict_xy_grid.npz,103172,2026-07-05T08:18:54.741333+00:00,52d89842b07cad4db4278c365ddbc13f595988fb7c1229c6c50ac978bbf2391b
results/raw/runs/2d_burgers/xpinn/seed_100/predictions/prediction_info.json,52,2026-07-05T08:18:54.741333+00:00,90b339f2467da3f7a5ee996c47eff61d7f733f0c6d870cfd7969d5e027f8c091
results/raw/runs/2d_burgers/xpinn/seed_100/status.json,103,2026-07-05T08:18:54.757333+00:00,1f767104555b28640f3bc0a2f58636aa75d508ba27301a029c06675dc03fbb54
results/raw/runs/2d_burgers/xpinn/seed_2026/_SUCCESS,8,2026-07-05T05:38:52.042653+00:00,81b2bd4ea98c8db66554fbc8d7637a1a69a130f331feb732b75caab4c4868fd5
results/raw/runs/2d_burgers/xpinn/seed_2026/config.json,1284,2026-07-05T04:43:15.608258+00:00,3703a7aa1aaabed7512626910237c1e21d88fdc1f2cbb38e88b9b030bf30f755
results/raw/runs/2d_burgers/xpinn/seed_2026/diagnostics/xpinn_interface_history.csv,75460,2026-07-05T05:38:52.030653+00:00,e1de24aeb4fbbfb0f413a41e61feae6c595731f53541a72c2b68aabaaec2a806
results/raw/runs/2d_burgers/xpinn/seed_2026/diagnostics/xpinn_interface_points.npz,17862,2026-07-05T05:38:52.034653+00:00,e9263b43b9587ef1f9803351182057c0f6c56ae13731bfb5379f429073afc21a
results/raw/runs/2d_burgers/xpinn/seed_2026/diagnostics/xpinn_interface_points_meta.json,514,2026-07-05T05:38:52.034653+00:00,951c679fd39f78c73617ea3b756eb34a0320ef143a95baa932cd8a7464ad1266
results/raw/runs/2d_burgers/xpinn/seed_2026/diagnostics/xpinn_loss_history.csv,56044,2026-07-05T05:38:52.018653+00:00,97db78c0df4fdd50be500f6d73afd7862c996d3e479cc929d9ecc404a2981dc4
results/raw/runs/2d_burgers/xpinn/seed_2026/diagnostics/xpinn_subdomain_config.json,1309,2026-07-05T05:38:52.030653+00:00,3b620db20c125fe1a7d87a273c95e531793e245563f75d47f5e8fc7cb1e7ff21
results/raw/runs/2d_burgers/xpinn/seed_2026/diagnostics/xpinn_submodel_state_dicts.pt,1352651,2026-07-05T05:38:52.042653+00:00,abe06c476ec85c942329f1fdcea4ee6f2dd8bda26e879bf63f8788f2322310a2
results/raw/runs/2d_burgers/xpinn/seed_2026/env.json,244,2026-07-05T04:43:15.608258+00:00,3ea9611b4a501b9d8258401458ea7fbd12107e673f8ddeac71518e0ffecb3269
results/raw/runs/2d_burgers/xpinn/seed_2026/history.csv,56044,2026-07-05T05:38:51.946654+00:00,97db78c0df4fdd50be500f6d73afd7862c996d3e479cc929d9ecc404a2981dc4
results/raw/runs/2d_burgers/xpinn/seed_2026/method.json,1015,2026-07-05T04:43:15.608258+00:00,8533799530a78b4007da7d6c4cff38e7cc0e009787b9e52a395a9842dde615dd
results/raw/runs/2d_burgers/xpinn/seed_2026/metrics_adamw.json,3198,2026-07-21T04:37:38.750168+00:00,b75716fe667212c6425c00514a94d049b9f11e252da359c1e015d015d5f220f5
results/raw/runs/2d_burgers/xpinn/seed_2026/metrics_final.json,3198,2026-07-21T04:37:38.750168+00:00,b75716fe667212c6425c00514a94d049b9f11e252da359c1e015d015d5f220f5
results/raw/runs/2d_burgers/xpinn/seed_2026/model_adamw_final.pt,1355165,2026-07-05T05:38:51.958654+00:00,73ce1bb44815171b4a346c6db1647a2e63bf5003e29303db3b5230b4dbeaa4fa
results/raw/runs/2d_burgers/xpinn/seed_2026/model_final.pt,1354793,2026-07-05T05:38:51.966654+00:00,709a47df196ceb8e952a96bb7bbb8c5515f220750bf0bbbecb7e21188fbd8b4b
results/raw/runs/2d_burgers/xpinn/seed_2026/predictions/predict_xy_grid.npz,104379,2026-07-05T05:38:52.010653+00:00,e8aea809e78af72232cd96406c96eb89fcb88f9dfcb1acc2afbd376bf28f9350
results/raw/runs/2d_burgers/xpinn/seed_2026/predictions/prediction_info.json,52,2026-07-05T05:38:52.014653+00:00,90b339f2467da3f7a5ee996c47eff61d7f733f0c6d870cfd7969d5e027f8c091
results/raw/runs/2d_burgers/xpinn/seed_2026/status.json,104,2026-07-05T05:38:52.042653+00:00,9b10521ff91e57ccc3ccb59434d5d8a9e46f8141418cd56145c1b9217211f8ae
results/raw/runs/2d_burgers/xpinn/seed_31415/_SUCCESS,8,2026-07-05T09:06:02.332684+00:00,81b2bd4ea98c8db66554fbc8d7637a1a69a130f331feb732b75caab4c4868fd5
results/raw/runs/2d_burgers/xpinn/seed_31415/config.json,1286,2026-07-05T08:18:54.913333+00:00,0f69acf63740284fbc82f4e36cdbc2817213109d911e041e4728cc0e3cac2154
results/raw/runs/2d_burgers/xpinn/seed_31415/diagnostics/xpinn_interface_history.csv,75470,2026-07-05T09:06:02.324684+00:00,1c161cebb79c62277b1e04f2aa39b6f840fcd0023d19021d0b42c39de9a3555b
results/raw/runs/2d_burgers/xpinn/seed_31415/diagnostics/xpinn_interface_points.npz,17862,2026-07-05T09:06:02.324684+00:00,b5d58071c5f3128e982e3156000c638dcbb245ff96d99ea8a55b75bc051e9af9
results/raw/runs/2d_burgers/xpinn/seed_31415/diagnostics/xpinn_interface_points_meta.json,514,2026-07-05T09:06:02.324684+00:00,951c679fd39f78c73617ea3b756eb34a0320ef143a95baa932cd8a7464ad1266
results/raw/runs/2d_burgers/xpinn/seed_31415/diagnostics/xpinn_loss_history.csv,56024,2026-07-05T09:06:02.320684+00:00,9b7f71b74fb4bdace8775329563858550c57d6b04fceb81427e3d19da1a62b4f
results/raw/runs/2d_burgers/xpinn/seed_31415/diagnostics/xpinn_subdomain_config.json,1310,2026-07-05T09:06:02.324684+00:00,4327efa958a6c06e40ac9441ec71782e13ccd751cc1dc5552f90002ac123f313
results/raw/runs/2d_burgers/xpinn/seed_31415/diagnostics/xpinn_submodel_state_dicts.pt,1352651,2026-07-05T09:06:02.332684+00:00,157e71ce7f5e953b9bb3b6db94e45fbdd4508f02c1140d244655baef80d5d491
results/raw/runs/2d_burgers/xpinn/seed_31415/env.json,244,2026-07-05T08:18:54.913333+00:00,3ea9611b4a501b9d8258401458ea7fbd12107e673f8ddeac71518e0ffecb3269
results/raw/runs/2d_burgers/xpinn/seed_31415/history.csv,56024,2026-07-05T09:06:02.272684+00:00,9b7f71b74fb4bdace8775329563858550c57d6b04fceb81427e3d19da1a62b4f
results/raw/runs/2d_burgers/xpinn/seed_31415/method.json,1015,2026-07-05T08:18:54.913333+00:00,8533799530a78b4007da7d6c4cff38e7cc0e009787b9e52a395a9842dde615dd
results/raw/runs/2d_burgers/xpinn/seed_31415/metrics_adamw.json,3207,2026-07-21T04:37:38.750168+00:00,b477e4148cd7a47a7f4a323247d8bf5c636b469f25dbed7c6c6666f27cd66466
results/raw/runs/2d_burgers/xpinn/seed_31415/metrics_final.json,3207,2026-07-21T04:37:38.750168+00:00,b477e4148cd7a47a7f4a323247d8bf5c636b469f25dbed7c6c6666f27cd66466
results/raw/runs/2d_burgers/xpinn/seed_31415/model_adamw_final.pt,1355165,2026-07-05T09:06:02.280684+00:00,a13ae5949952bfa9490ac317c321167f3206290e6b6b9776ab39e9ea4a3a65f3
results/raw/runs/2d_burgers/xpinn/seed_31415/model_final.pt,1354793,2026-07-05T09:06:02.288684+00:00,6cb62ce19352b980bb9d6e3f577d97fe054d44e98698d9ddf5a9cff63d481e2c
results/raw/runs/2d_burgers/xpinn/seed_31415/predictions/predict_xy_grid.npz,106899,2026-07-05T09:06:02.316684+00:00,39b39be98fa160f8a79a9ad6223fb1f5fc9c496982a7e2c0c7f2a5941e99b8d1
results/raw/runs/2d_burgers/xpinn/seed_31415/predictions/prediction_info.json,52,2026-07-05T09:06:02.316684+00:00,90b339f2467da3f7a5ee996c47eff61d7f733f0c6d870cfd7969d5e027f8c091
results/raw/runs/2d_burgers/xpinn/seed_31415/status.json,104,2026-07-05T09:06:02.332684+00:00,f9da1d0cb31e99b17b5fd452f1af12057f541705bc01ea0bd21482d765a20e28
results/raw/runs/2d_burgers/xpinn/seed_42/_SUCCESS,8,2026-07-05T07:28:31.974030+00:00,81b2bd4ea98c8db66554fbc8d7637a1a69a130f331feb732b75caab4c4868fd5
results/raw/runs/2d_burgers/xpinn/seed_42/config.json,1280,2026-07-05T06:33:28.849918+00:00,215096ebe5e224baf02db6ac9f685b27d369aa72d13787bf949326f5854967c0
results/raw/runs/2d_burgers/xpinn/seed_42/diagnostics/xpinn_interface_history.csv,75522,2026-07-05T07:28:31.962030+00:00,02e48516e63092cdd044df943d73239311ef6f93b5b2c85d5f671b42337e8347
results/raw/runs/2d_burgers/xpinn/seed_42/diagnostics/xpinn_interface_points.npz,17870,2026-07-05T07:28:31.966030+00:00,dfea1a32d5a490ccd80ecdbaa2b8a4820dc840285356b66ac33066fa6f551c11
results/raw/runs/2d_burgers/xpinn/seed_42/diagnostics/xpinn_interface_points_meta.json,514,2026-07-05T07:28:31.966030+00:00,951c679fd39f78c73617ea3b756eb34a0320ef143a95baa932cd8a7464ad1266
results/raw/runs/2d_burgers/xpinn/seed_42/diagnostics/xpinn_loss_history.csv,56030,2026-07-05T07:28:31.958030+00:00,e9d9b642ef7daea23895b93f44ad7a2ab3ae7dc6bed697848335f11311c51ccf
results/raw/runs/2d_burgers/xpinn/seed_42/diagnostics/xpinn_subdomain_config.json,1310,2026-07-05T07:28:31.962030+00:00,ebc831f06a7c4bf905d531faf75e8c4127fc81a8740b0cb993359a22ed902ae0
results/raw/runs/2d_burgers/xpinn/seed_42/diagnostics/xpinn_submodel_state_dicts.pt,1352651,2026-07-05T07:28:31.974030+00:00,835194430a33ecd1e09471a9eb29e43d3c51de3c7c2b4142a03580c6d675494c
results/raw/runs/2d_burgers/xpinn/seed_42/env.json,244,2026-07-05T06:33:28.849918+00:00,3ea9611b4a501b9d8258401458ea7fbd12107e673f8ddeac71518e0ffecb3269
results/raw/runs/2d_burgers/xpinn/seed_42/history.csv,56030,2026-07-05T07:28:31.914030+00:00,e9d9b642ef7daea23895b93f44ad7a2ab3ae7dc6bed697848335f11311c51ccf
results/raw/runs/2d_burgers/xpinn/seed_42/method.json,1015,2026-07-05T06:33:28.849918+00:00,8533799530a78b4007da7d6c4cff38e7cc0e009787b9e52a395a9842dde615dd
results/raw/runs/2d_burgers/xpinn/seed_42/metrics_adamw.json,3199,2026-07-21T04:37:38.754168+00:00,8989b4213a3cbf6797406303bc70701591c3a4381deb833958e4dd45e7f306cc
results/raw/runs/2d_burgers/xpinn/seed_42/metrics_final.json,3199,2026-07-21T04:37:38.754168+00:00,8989b4213a3cbf6797406303bc70701591c3a4381deb833958e4dd45e7f306cc
results/raw/runs/2d_burgers/xpinn/seed_42/model_adamw_final.pt,1355165,2026-07-05T07:28:31.922030+00:00,2ad043314fe8bec8206d32b083d9b8165ab35ca3ddb644ae49cb6414883bc1ea
results/raw/runs/2d_burgers/xpinn/seed_42/model_final.pt,1354793,2026-07-05T07:28:31.930030+00:00,4a35b6c39754c7f2f1e9fe7663248d889bae6883dbfcf2fd484b5b283535eedc
results/raw/runs/2d_burgers/xpinn/seed_42/predictions/predict_xy_grid.npz,107434,2026-07-05T07:28:31.954030+00:00,f2c4d0b104459eafb53bf76afa0c84fbbc58035b1087cdf52016d94af2684ac3
results/raw/runs/2d_burgers/xpinn/seed_42/predictions/prediction_info.json,52,2026-07-05T07:28:31.954030+00:00,90b339f2467da3f7a5ee996c47eff61d7f733f0c6d870cfd7969d5e027f8c091
results/raw/runs/2d_burgers/xpinn/seed_42/status.json,104,2026-07-05T07:28:31.974030+00:00,3fc531df3ef96b6df12cb8df31359ed07da9864328c5c4bae0eae980cd17dbb2
results/raw/runs/2d_burgers/xpinn/seed_7/_SUCCESS,8,2026-07-05T06:33:28.505922+00:00,81b2bd4ea98c8db66554fbc8d7637a1a69a130f331feb732b75caab4c4868fd5
results/raw/runs/2d_burgers/xpinn/seed_7/config.json,1278,2026-07-05T05:38:53.430640+00:00,62cf2a65e697f8e56b519f26f73964d23b9d437a1fd93d8888d76178143eae1b
results/raw/runs/2d_burgers/xpinn/seed_7/diagnostics/xpinn_interface_history.csv,75493,2026-07-05T06:33:28.489923+00:00,e87d88c74377aa92d00c2b6605cfdb77974af9d84c68112c276ad42cdc29943e
results/raw/runs/2d_burgers/xpinn/seed_7/diagnostics/xpinn_interface_points.npz,17866,2026-07-05T06:33:28.497922+00:00,d9dd4b660b3d165089b628eb9ad7dad8f68a666449f0b5ca6f766646a16cb612
results/raw/runs/2d_burgers/xpinn/seed_7/diagnostics/xpinn_interface_points_meta.json,514,2026-07-05T06:33:28.497922+00:00,951c679fd39f78c73617ea3b756eb34a0320ef143a95baa932cd8a7464ad1266
results/raw/runs/2d_burgers/xpinn/seed_7/diagnostics/xpinn_loss_history.csv,56075,2026-07-05T06:33:28.477923+00:00,26be7462a3537e740190b7f5a99bdc5f93f51206fa16fd6d4d8e860efb6b11c1
results/raw/runs/2d_burgers/xpinn/seed_7/diagnostics/xpinn_subdomain_config.json,1314,2026-07-05T06:33:28.489923+00:00,6095f2ab1f8e26a519ffe81e6f0eec9ea248cd93d65565ff07bc45e4a307f510
results/raw/runs/2d_burgers/xpinn/seed_7/diagnostics/xpinn_submodel_state_dicts.pt,1352651,2026-07-05T06:33:28.501922+00:00,17ac7c10548689e6393dcc03e31e0c5f30d2ace8e03f5d1e6035e03a78793fdc
results/raw/runs/2d_burgers/xpinn/seed_7/env.json,244,2026-07-05T05:38:53.434640+00:00,3ea9611b4a501b9d8258401458ea7fbd12107e673f8ddeac71518e0ffecb3269
results/raw/runs/2d_burgers/xpinn/seed_7/history.csv,56075,2026-07-05T06:33:28.397924+00:00,26be7462a3537e740190b7f5a99bdc5f93f51206fa16fd6d4d8e860efb6b11c1
results/raw/runs/2d_burgers/xpinn/seed_7/method.json,1015,2026-07-05T05:38:53.430640+00:00,8533799530a78b4007da7d6c4cff38e7cc0e009787b9e52a395a9842dde615dd
results/raw/runs/2d_burgers/xpinn/seed_7/metrics_adamw.json,3196,2026-07-21T04:37:38.754168+00:00,be3d643fd45e62794d7f2a0edddecb5d8bcd868a368fb2b3b5e8836b114b7ed6
results/raw/runs/2d_burgers/xpinn/seed_7/metrics_final.json,3196,2026-07-21T04:37:38.754168+00:00,be3d643fd45e62794d7f2a0edddecb5d8bcd868a368fb2b3b5e8836b114b7ed6
results/raw/runs/2d_burgers/xpinn/seed_7/model_adamw_final.pt,1355165,2026-07-05T06:33:28.405924+00:00,1cb12bdf72cdc862972be96b0487dbb13965ed8f9e8037b188059cf98875b6f7
results/raw/runs/2d_burgers/xpinn/seed_7/model_final.pt,1354793,2026-07-05T06:33:28.413924+00:00,c74560fd68e0c586246551b5cad142ae6475558a354841c080cb97121d98a59d
results/raw/runs/2d_burgers/xpinn/seed_7/predictions/predict_xy_grid.npz,106297,2026-07-05T06:33:28.461923+00:00,9abdd2be9ab39286d56f212a1af6de2ba55cfb14093f9f1d976fdafa373607bf
results/raw/runs/2d_burgers/xpinn/seed_7/predictions/prediction_info.json,52,2026-07-05T06:33:28.461923+00:00,90b339f2467da3f7a5ee996c47eff61d7f733f0c6d870cfd7969d5e027f8c091
results/raw/runs/2d_burgers/xpinn/seed_7/status.json,103,2026-07-05T06:33:28.505922+00:00,1d6e66ced049a1ee3c70dc07ca66e0362d156012b6ae23c5306cbbdaa25fa1a0
results/raw/runs/2d_euler/_shared_warmup/seed_100/_SUCCESS,8,2026-07-01T06:17:42.062279+00:00,81b2bd4ea98c8db66554fbc8d7637a1a69a130f331feb732b75caab4c4868fd5
results/raw/runs/2d_euler/_shared_warmup/seed_100/history_warmup.csv,8616,2026-07-01T06:17:42.058279+00:00,9bfa2ff1ca14ad40436a076272ea58e6a5e3949828b11c011da6ff161317cb34
results/raw/runs/2d_euler/_shared_warmup/seed_100/metrics_warmup.json,163,2026-07-01T06:17:42.058279+00:00,0e632b8f4b9dd0a5235a4b893a1904693d6e37a9fe6cf992161a1ab363dd2a1d
results/raw/runs/2d_euler/_shared_warmup/seed_100/model_warmup.pt,338699,2026-07-01T06:17:42.058279+00:00,191e1ff9bf9d05c82a5e3e11f97c20479d89432f2e7350348344fecf062cbced
results/raw/runs/2d_euler/_shared_warmup/seed_100/status.json,98,2026-07-01T06:17:42.062279+00:00,4207ae253e14d30b4d0321ca8836c4e30d4c27655e4b2220b1d319b799065a0f
results/raw/runs/2d_euler/_shared_warmup/seed_2026/_SUCCESS,8,2026-07-01T04:56:54.054116+00:00,81b2bd4ea98c8db66554fbc8d7637a1a69a130f331feb732b75caab4c4868fd5
results/raw/runs/2d_euler/_shared_warmup/seed_2026/history_warmup.csv,8612,2026-07-01T04:56:54.050116+00:00,86be42ca0202d8754b1ec22b9a99a1a2347b3117c52d8e274f1e0004c5347b8a
results/raw/runs/2d_euler/_shared_warmup/seed_2026/metrics_warmup.json,164,2026-07-01T04:56:54.054116+00:00,838541b59ad2f9b677618f6dff66a82545caef477ca7e4de9511217f756224f8
results/raw/runs/2d_euler/_shared_warmup/seed_2026/model_warmup.pt,338699,2026-07-01T04:56:54.054116+00:00,83e052e489d48dc96a35d2623c86d09513e037efe348fc4207fc5e1e74bcfb71
results/raw/runs/2d_euler/_shared_warmup/seed_2026/status.json,98,2026-07-01T04:56:54.054116+00:00,508ac81e342ceca2cfc7655136bba388e0bc8082a6f78994918d86e69f34b758
results/raw/runs/2d_euler/_shared_warmup/seed_31415/_SUCCESS,8,2026-07-01T06:43:52.344208+00:00,81b2bd4ea98c8db66554fbc8d7637a1a69a130f331feb732b75caab4c4868fd5
results/raw/runs/2d_euler/_shared_warmup/seed_31415/history_warmup.csv,8621,2026-07-01T06:43:52.340208+00:00,4787d327e78da3f95534b1e15e151bc8c6d49bc2c52dfdea80716c2e30ca543c
results/raw/runs/2d_euler/_shared_warmup/seed_31415/metrics_warmup.json,162,2026-07-01T06:43:52.344208+00:00,c75e2d0d6e7d61644595555f8c1a4e143891f9dc6aecf96df4d5a180eadda190
results/raw/runs/2d_euler/_shared_warmup/seed_31415/model_warmup.pt,338699,2026-07-01T06:43:52.344208+00:00,421951f7447c5cb4f6d87a7813b7392698ad6ad93eeab8763629c78cfec74f63
results/raw/runs/2d_euler/_shared_warmup/seed_31415/status.json,95,2026-07-01T06:43:52.344208+00:00,08ef419cd9026340b0a1766aa85fdea2d12b3f74f01056c8c10e9466cc836105
results/raw/runs/2d_euler/_shared_warmup/seed_42/_SUCCESS,8,2026-07-01T05:51:27.659816+00:00,81b2bd4ea98c8db66554fbc8d7637a1a69a130f331feb732b75caab4c4868fd5
results/raw/runs/2d_euler/_shared_warmup/seed_42/history_warmup.csv,8646,2026-07-01T05:51:27.655816+00:00,eef9a77d7cfc3e7421facda6cf26c3b01237efa3113b0bdd684be9a5192af48f
results/raw/runs/2d_euler/_shared_warmup/seed_42/metrics_warmup.json,161,2026-07-01T05:51:27.659816+00:00,b1021439e8e21d16082f30641a660081fd81d186523fc58ec03dafd4bf733d0f
results/raw/runs/2d_euler/_shared_warmup/seed_42/model_warmup.pt,338699,2026-07-01T05:51:27.659816+00:00,54a008fedda4fa2756b5ea26e920113fc59c960904b0ac02b1ea5e3d8eb4edd0
results/raw/runs/2d_euler/_shared_warmup/seed_42/status.json,97,2026-07-01T05:51:27.659816+00:00,fff81535df1727b6e80321681d9b056a580c0af44e32ee057a3e5760acaaec08
results/raw/runs/2d_euler/_shared_warmup/seed_7/_SUCCESS,8,2026-07-01T05:25:24.040290+00:00,81b2bd4ea98c8db66554fbc8d7637a1a69a130f331feb732b75caab4c4868fd5
results/raw/runs/2d_euler/_shared_warmup/seed_7/history_warmup.csv,8611,2026-07-01T05:25:24.036290+00:00,f2cb853d64c8a6e238d0142805cef70caeabcb7b4855d148ba596263ef326b3d
results/raw/runs/2d_euler/_shared_warmup/seed_7/metrics_warmup.json,161,2026-07-01T05:25:24.040290+00:00,d28e589b42d2547ddb448f8e671bd69fab062c0411db844bfffeef8e6960616f
results/raw/runs/2d_euler/_shared_warmup/seed_7/model_warmup.pt,338699,2026-07-01T05:25:24.040290+00:00,8291dc49dec3adecffd57913b7fdb28ad3783743c7b7ac6432135499028f40c6
results/raw/runs/2d_euler/_shared_warmup/seed_7/status.json,98,2026-07-01T05:25:24.040290+00:00,ff8ff6ddde17edb6db160dd80dfce2fca2e55559f7b18ec02bcb9838daaed41c
results/raw/runs/2d_euler/_summary/aaf_pinn_metrics.csv,10927,2026-07-21T04:37:39.098167+00:00,0e51c031ce3454f8eb7029c1f97b630ea279ca88db41fa298fc4452e641aa2e7
results/raw/runs/2d_euler/_summary/cpinn_metrics.csv,11148,2026-07-21T04:37:39.102167+00:00,f407e771c2293338c9af9f9ba9a5d3150316fccc70771ff69890c17d81db1651
results/raw/runs/2d_euler/_summary/gpinn_subsampled_metrics.csv,11010,2026-07-21T04:37:39.090167+00:00,092255981dbb2d4d9021bff39596bfb6a2f971a2fd0135cf4be78f3794662a84
results/raw/runs/2d_euler/_summary/lra_pinn_metrics.csv,10967,2026-07-21T04:37:39.082167+00:00,fc94e2b38330cb61e8f1d849cad5fc74c2fdfa9ed7ee6cd4df65d91d4ea23f78
results/raw/runs/2d_euler/_summary/pinn_ours_metrics.csv,21392,2026-08-04T09:14:12.066756+00:00,7d371b4d722f326f49505ec44c937a09611f4084258b4f75da7c96167a82390b
results/raw/runs/2d_euler/_summary/rad_pinn_metrics.csv,10699,2026-07-21T04:37:39.062167+00:00,c1ea0642d5c746653ab197e1906dcc0dc4e6a07e0c5b80b80828f899e493ab48
results/raw/runs/2d_euler/_summary/rar_d_pinn_metrics.csv,10813,2026-07-21T04:37:39.070167+00:00,ba694fec23bc9215e7b3475f516b9f2c2c72ffc6392ada46fad98c795cdde0f6
results/raw/runs/2d_euler/_summary/rerun_manifest_valid_mask_all_probe_bounds_v1.json,4030,2026-08-04T09:14:12.066756+00:00,cc59fdfdd189f4716c61c338a90fba7f62ca0adcb43074aabdd0564e55b1502b
results/raw/runs/2d_euler/_summary/sa_pinn_metrics.csv,11024,2026-07-21T04:37:39.078167+00:00,466063a257eb3b64f1ecef3beb3c5f1b255e008123d931fbe67d85decbb5f1d4
results/raw/runs/2d_euler/_summary/xpinn_metrics.csv,11169,2026-07-21T04:37:39.110167+00:00,5fb8e2c0ae2c786b0f0d024420f722c91fb7de7039e614c583639fdc6243144f
results/raw/runs/2d_euler/aaf_pinn/seed_100/_SUCCESS,8,2026-07-03T05:33:33.052379+00:00,81b2bd4ea98c8db66554fbc8d7637a1a69a130f331feb732b75caab4c4868fd5
results/raw/runs/2d_euler/aaf_pinn/seed_100/config.json,1537,2026-07-03T05:17:07.167743+00:00,be201a9d1466718851690afdf766db3bf9cd7331e17d6354ae4ea7a0fe4ba732
results/raw/runs/2d_euler/aaf_pinn/seed_100/diagnostics/aaf_activation_history.csv,38368,2026-07-03T05:33:33.048379+00:00,3e6fdeeece55defd0dc11dbd69231ed9e6f29f76e83ebfbbd1546c7ca49e0d1b
results/raw/runs/2d_euler/aaf_pinn/seed_100/diagnostics/aaf_final_state.pt,1091,2026-07-03T05:33:33.052379+00:00,a6bfa81e3375cd891627e4692f77931e0deae2a3f3ab4e11c05ac8680cf614ac
results/raw/runs/2d_euler/aaf_pinn/seed_100/diagnostics/aaf_settings.json,302,2026-07-03T05:33:33.052379+00:00,cdf06163283c69890813b536402207b2286c5f607a740ceb691ca0deb9a04fd9
results/raw/runs/2d_euler/aaf_pinn/seed_100/env.json,244,2026-07-03T05:17:07.167743+00:00,3ea9611b4a501b9d8258401458ea7fbd12107e673f8ddeac71518e0ffecb3269
results/raw/runs/2d_euler/aaf_pinn/seed_100/history.csv,38368,2026-07-03T05:33:32.932379+00:00,3e6fdeeece55defd0dc11dbd69231ed9e6f29f76e83ebfbbd1546c7ca49e0d1b
results/raw/runs/2d_euler/aaf_pinn/seed_100/method.json,528,2026-07-03T05:17:07.167743+00:00,53eb2837468438883959ba147e372a46666ee337b8fd12f762df6f02f98f88f8
results/raw/runs/2d_euler/aaf_pinn/seed_100/metrics_adamw.json,4500,2026-07-21T04:37:38.754168+00:00,3c5a4901338af09eb9511d9c785a7f6edb7d844e65a7cc506b2a1ac480c9e238
results/raw/runs/2d_euler/aaf_pinn/seed_100/metrics_final.json,4500,2026-07-21T04:37:38.754168+00:00,3c5a4901338af09eb9511d9c785a7f6edb7d844e65a7cc506b2a1ac480c9e238
results/raw/runs/2d_euler/aaf_pinn/seed_100/model_adamw_final.pt,342754,2026-07-03T05:33:32.936379+00:00,d3dc73ddec627d2b080137a975d2d838d0b0d93709e474df9c96eccb875a073d
results/raw/runs/2d_euler/aaf_pinn/seed_100/model_final.pt,342588,2026-07-03T05:33:32.940379+00:00,27b1f677a6ba139dfc1bfe1e6ee5d6d3ec1203d85f46e5e4940c0d97e3213f3d
results/raw/runs/2d_euler/aaf_pinn/seed_100/predictions/predict_final_grid.npz,890655,2026-07-03T05:33:33.044379+00:00,c4f4a1e5156f3f1e1b4ec9b9bbe50ac435f26ba523d05880a07daf9157aabb38
results/raw/runs/2d_euler/aaf_pinn/seed_100/predictions/prediction_info.json,55,2026-07-03T05:33:33.044379+00:00,3d885af4802f83f927195ab5160de2907b476aa803c21482b678ba53e2259d97
results/raw/runs/2d_euler/aaf_pinn/seed_100/status.json,103,2026-07-03T05:33:33.052379+00:00,c8897ca1045bfc6e51da240b87d3a26a9906be5b8968040c9a3735acccc4bed6
results/raw/runs/2d_euler/aaf_pinn/seed_2026/_SUCCESS,8,2026-07-03T04:43:29.078104+00:00,81b2bd4ea98c8db66554fbc8d7637a1a69a130f331feb732b75caab4c4868fd5
results/raw/runs/2d_euler/aaf_pinn/seed_2026/config.json,1539,2026-07-03T04:26:45.967242+00:00,87d6b0f36b974306691d7d4c1d567dd6eb7d793ec29912ea53ee43e81529e1f9
results/raw/runs/2d_euler/aaf_pinn/seed_2026/diagnostics/aaf_activation_history.csv,38349,2026-07-03T04:43:29.078104+00:00,ea739ddbe7d4e1706df789637fa5b620b43b278486bc8e1108d40d28be09f794
results/raw/runs/2d_euler/aaf_pinn/seed_2026/diagnostics/aaf_final_state.pt,1091,2026-07-03T04:43:29.078104+00:00,88c22479295c7a3ba6a4cc5b3e51bb8bb229f6e86c7a4bd38e57cce5ffc6a591
results/raw/runs/2d_euler/aaf_pinn/seed_2026/diagnostics/aaf_settings.json,303,2026-07-03T04:43:29.078104+00:00,15da4d7d7e3a8495e0bd114ad2d11987f8d9478d5289f402ff0a18633e1d1363
results/raw/runs/2d_euler/aaf_pinn/seed_2026/env.json,244,2026-07-03T04:26:45.967242+00:00,3ea9611b4a501b9d8258401458ea7fbd12107e673f8ddeac71518e0ffecb3269
results/raw/runs/2d_euler/aaf_pinn/seed_2026/history.csv,38349,2026-07-03T04:43:28.966104+00:00,ea739ddbe7d4e1706df789637fa5b620b43b278486bc8e1108d40d28be09f794
results/raw/runs/2d_euler/aaf_pinn/seed_2026/method.json,528,2026-07-03T04:26:45.967242+00:00,53eb2837468438883959ba147e372a46666ee337b8fd12f762df6f02f98f88f8
results/raw/runs/2d_euler/aaf_pinn/seed_2026/metrics_adamw.json,4505,2026-07-21T04:37:38.758168+00:00,9b6cf31e55ebfbb1bd0bb0d138cacc5789a3b2da6d671c7aa32ce54a4a450e50
results/raw/runs/2d_euler/aaf_pinn/seed_2026/metrics_final.json,4505,2026-07-21T04:37:38.758168+00:00,9b6cf31e55ebfbb1bd0bb0d138cacc5789a3b2da6d671c7aa32ce54a4a450e50
results/raw/runs/2d_euler/aaf_pinn/seed_2026/model_adamw_final.pt,342754,2026-07-03T04:43:28.970104+00:00,ad0c2b0dcf0b1ceb9abc51d8f322afee1be330c4bd5a45c4edd7d5bee5005719
results/raw/runs/2d_euler/aaf_pinn/seed_2026/model_final.pt,342588,2026-07-03T04:43:28.974104+00:00,c9d547d4a4dcd1e6c51aea0a6c0c9c41bda003f0053ac76d00e6add82fc8b341
results/raw/runs/2d_euler/aaf_pinn/seed_2026/predictions/predict_final_grid.npz,893996,2026-07-03T04:43:29.074104+00:00,564c695a2acf9cfa81d952b151f68a3ff76ea4d6087d5ef1e59077a6fe9780c0
results/raw/runs/2d_euler/aaf_pinn/seed_2026/predictions/prediction_info.json,55,2026-07-03T04:43:29.074104+00:00,3d885af4802f83f927195ab5160de2907b476aa803c21482b678ba53e2259d97
results/raw/runs/2d_euler/aaf_pinn/seed_2026/status.json,103,2026-07-03T04:43:29.078104+00:00,7634e9d14c0aa97e88673881fedc1b6dc7ff0608c923f2e4145fb2a5a3df1311
results/raw/runs/2d_euler/aaf_pinn/seed_31415/_SUCCESS,8,2026-07-03T05:49:53.593081+00:00,81b2bd4ea98c8db66554fbc8d7637a1a69a130f331feb732b75caab4c4868fd5
results/raw/runs/2d_euler/aaf_pinn/seed_31415/config.json,1541,2026-07-03T05:33:33.276377+00:00,9abe457b1c6cf8179d53ce6150988145d67bc3cef43703734925a2903f2da20a
results/raw/runs/2d_euler/aaf_pinn/seed_31415/diagnostics/aaf_activation_history.csv,38334,2026-07-03T05:49:53.593081+00:00,efe61af0f12d51c28b2e5f8ec931eb5f074551ae26b5ea6a00b9aabb388699fe
results/raw/runs/2d_euler/aaf_pinn/seed_31415/diagnostics/aaf_final_state.pt,1091,2026-07-03T05:49:53.593081+00:00,7cdb29d3083fd41800d10d63c644303425e2cab9aed4691348666502c9cf88b9
results/raw/runs/2d_euler/aaf_pinn/seed_31415/diagnostics/aaf_settings.json,302,2026-07-03T05:49:53.593081+00:00,93f99402dbcce10ab2f5d6ec30705b445730dc41842b7b7b88c12d7038788f11
results/raw/runs/2d_euler/aaf_pinn/seed_31415/env.json,244,2026-07-03T05:33:33.276377+00:00,3ea9611b4a501b9d8258401458ea7fbd12107e673f8ddeac71518e0ffecb3269
results/raw/runs/2d_euler/aaf_pinn/seed_31415/history.csv,38334,2026-07-03T05:49:53.481081+00:00,efe61af0f12d51c28b2e5f8ec931eb5f074551ae26b5ea6a00b9aabb388699fe
results/raw/runs/2d_euler/aaf_pinn/seed_31415/method.json,528,2026-07-03T05:33:33.276377+00:00,53eb2837468438883959ba147e372a46666ee337b8fd12f762df6f02f98f88f8
results/raw/runs/2d_euler/aaf_pinn/seed_31415/metrics_adamw.json,4498,2026-07-21T04:37:38.758168+00:00,09b2e331f85b9d56cd1cd6cc0ff3778a53a708eefc7be30563137e7c241fb199
results/raw/runs/2d_euler/aaf_pinn/seed_31415/metrics_final.json,4498,2026-07-21T04:37:38.758168+00:00,09b2e331f85b9d56cd1cd6cc0ff3778a53a708eefc7be30563137e7c241fb199
results/raw/runs/2d_euler/aaf_pinn/seed_31415/model_adamw_final.pt,342754,2026-07-03T05:49:53.485081+00:00,f1a4faab88baae08ec1537e9e0e6b764c48224603b52f35a2576d7b87e65e4f4
results/raw/runs/2d_euler/aaf_pinn/seed_31415/model_final.pt,342588,2026-07-03T05:49:53.485081+00:00,3e847b3a5387571379ca2b99868424b1bd6fbff22ac6bc1fb841938fd54a7c8d
results/raw/runs/2d_euler/aaf_pinn/seed_31415/predictions/predict_final_grid.npz,890393,2026-07-03T05:49:53.589081+00:00,b4897e1df61182acd56b47095c0721622876f7f76c84de3dcf6b62e17ada6c1d
results/raw/runs/2d_euler/aaf_pinn/seed_31415/predictions/prediction_info.json,55,2026-07-03T05:49:53.589081+00:00,3d885af4802f83f927195ab5160de2907b476aa803c21482b678ba53e2259d97
results/raw/runs/2d_euler/aaf_pinn/seed_31415/status.json,103,2026-07-03T05:49:53.593081+00:00,1102d5e948cfc7f03037d080a197202ff4f79d3810372cdae09cc4cf0c76b0b1
results/raw/runs/2d_euler/aaf_pinn/seed_42/_SUCCESS,8,2026-07-03T05:17:06.935745+00:00,81b2bd4ea98c8db66554fbc8d7637a1a69a130f331feb732b75caab4c4868fd5
results/raw/runs/2d_euler/aaf_pinn/seed_42/config.json,1535,2026-07-03T05:00:09.800166+00:00,5255e24e1fc840026fcd3bf6f877611c7f64c3b86fc9e19b94d523b95a95f358
results/raw/runs/2d_euler/aaf_pinn/seed_42/diagnostics/aaf_activation_history.csv,38390,2026-07-03T05:17:06.935745+00:00,35241524eccade2e66e7c9f765fccdd8303ae81cd0ec2652c84db4f138583615
results/raw/runs/2d_euler/aaf_pinn/seed_42/diagnostics/aaf_final_state.pt,1091,2026-07-03T05:17:06.935745+00:00,b73d9b9129d183119a7189fef1b84f5c508c462ee742189eb1f910aaa9b62765
results/raw/runs/2d_euler/aaf_pinn/seed_42/diagnostics/aaf_settings.json,303,2026-07-03T05:17:06.935745+00:00,a26f7d1e9f014f7d0cd01ff78bd54507e6c06605c43f671cf6ed0a1bf7c3190c
results/raw/runs/2d_euler/aaf_pinn/seed_42/env.json,244,2026-07-03T05:00:09.800166+00:00,3ea9611b4a501b9d8258401458ea7fbd12107e673f8ddeac71518e0ffecb3269
results/raw/runs/2d_euler/aaf_pinn/seed_42/history.csv,38390,2026-07-03T05:17:06.815747+00:00,35241524eccade2e66e7c9f765fccdd8303ae81cd0ec2652c84db4f138583615
results/raw/runs/2d_euler/aaf_pinn/seed_42/method.json,528,2026-07-03T05:00:09.800166+00:00,53eb2837468438883959ba147e372a46666ee337b8fd12f762df6f02f98f88f8
results/raw/runs/2d_euler/aaf_pinn/seed_42/metrics_adamw.json,4513,2026-07-21T04:37:38.758168+00:00,7cc1fc824c4f0382184e291f57a9a980efcab71dc98da83cadddaa6bb393dae3
results/raw/runs/2d_euler/aaf_pinn/seed_42/metrics_final.json,4513,2026-07-21T04:37:38.758168+00:00,7cc1fc824c4f0382184e291f57a9a980efcab71dc98da83cadddaa6bb393dae3
results/raw/runs/2d_euler/aaf_pinn/seed_42/model_adamw_final.pt,342754,2026-07-03T05:17:06.819747+00:00,38e12b32af3f6f70db8c3c2ca4423ef78a35f033ac9bdb29979432f1784f39e3
results/raw/runs/2d_euler/aaf_pinn/seed_42/model_final.pt,342588,2026-07-03T05:17:06.819747+00:00,0fc162179a18fd555e12a297f52c64cd1a3160c0df5ead9233fd7d12dddad9f4
results/raw/runs/2d_euler/aaf_pinn/seed_42/predictions/predict_final_grid.npz,889176,2026-07-03T05:17:06.927746+00:00,f1d57c58e72bcaf5a1f4409a875e6e240bbf00e3fd44d9497a13f62c9a8c4f47
results/raw/runs/2d_euler/aaf_pinn/seed_42/predictions/prediction_info.json,55,2026-07-03T05:17:06.927746+00:00,3d885af4802f83f927195ab5160de2907b476aa803c21482b678ba53e2259d97
results/raw/runs/2d_euler/aaf_pinn/seed_42/status.json,104,2026-07-03T05:17:06.935745+00:00,914b5a33681879dc36a02e0c4d8faf741bc4a957845eb47c3280d90185b4a0ea
results/raw/runs/2d_euler/aaf_pinn/seed_7/_SUCCESS,8,2026-07-03T05:00:09.592166+00:00,81b2bd4ea98c8db66554fbc8d7637a1a69a130f331feb732b75caab4c4868fd5
results/raw/runs/2d_euler/aaf_pinn/seed_7/config.json,1533,2026-07-03T04:43:29.326104+00:00,251122e583ef295e4882dd50e16ef74f183ee458c31dc8b5c3345d2cc99d0cd4
results/raw/runs/2d_euler/aaf_pinn/seed_7/diagnostics/aaf_activation_history.csv,38363,2026-07-03T05:00:09.592166+00:00,b04462fa7a5ff7009b50de0348b2b8098bc69885399dbba6c461cb539017cc0d
results/raw/runs/2d_euler/aaf_pinn/seed_7/diagnostics/aaf_final_state.pt,1091,2026-07-03T05:00:09.592166+00:00,128fd89942284edc04ab613647f1a96846405dd73e3b293b50778d8105e521d5
results/raw/runs/2d_euler/aaf_pinn/seed_7/diagnostics/aaf_settings.json,303,2026-07-03T05:00:09.592166+00:00,542bce82651ab57bc1a52e30fc3d7448849ff69e13cb81d2f1203e095fd2e304
results/raw/runs/2d_euler/aaf_pinn/seed_7/env.json,244,2026-07-03T04:43:29.326104+00:00,3ea9611b4a501b9d8258401458ea7fbd12107e673f8ddeac71518e0ffecb3269
results/raw/runs/2d_euler/aaf_pinn/seed_7/history.csv,38363,2026-07-03T05:00:09.504167+00:00,b04462fa7a5ff7009b50de0348b2b8098bc69885399dbba6c461cb539017cc0d
results/raw/runs/2d_euler/aaf_pinn/seed_7/method.json,528,2026-07-03T04:43:29.326104+00:00,53eb2837468438883959ba147e372a46666ee337b8fd12f762df6f02f98f88f8
results/raw/runs/2d_euler/aaf_pinn/seed_7/metrics_adamw.json,4501,2026-07-21T04:37:38.762168+00:00,cbce70ba918ffdda7c37786505a31e1cdd71a3c85ffaeecc6a08fc30b5ab8a74
results/raw/runs/2d_euler/aaf_pinn/seed_7/metrics_final.json,4501,2026-07-21T04:37:38.762168+00:00,cbce70ba918ffdda7c37786505a31e1cdd71a3c85ffaeecc6a08fc30b5ab8a74
results/raw/runs/2d_euler/aaf_pinn/seed_7/model_adamw_final.pt,342754,2026-07-03T05:00:09.504167+00:00,f6783a3e337c63bb83b70d032573e24c4331c344cf2b1baf9f3fe6ed61b658a9
results/raw/runs/2d_euler/aaf_pinn/seed_7/model_final.pt,342588,2026-07-03T05:00:09.508167+00:00,496486f6841c26aea7e6c49156953d7df57945344f1d75eee1f60997eadb5977
results/raw/runs/2d_euler/aaf_pinn/seed_7/predictions/predict_final_grid.npz,884237,2026-07-03T05:00:09.588166+00:00,ac176c790be9e610172069160a72b90ea9157f3e6d9e302cfabc8c0667db5b52
results/raw/runs/2d_euler/aaf_pinn/seed_7/predictions/prediction_info.json,55,2026-07-03T05:00:09.588166+00:00,3d885af4802f83f927195ab5160de2907b476aa803c21482b678ba53e2259d97
results/raw/runs/2d_euler/aaf_pinn/seed_7/status.json,102,2026-07-03T05:00:09.592166+00:00,10ea9ccc80a93750c4845b0de080f3186961fca22a6770534585ca9a02fa2e1c
results/raw/runs/2d_euler/cpinn/seed_100/_SUCCESS,8,2026-07-04T09:09:04.488081+00:00,81b2bd4ea98c8db66554fbc8d7637a1a69a130f331feb732b75caab4c4868fd5
results/raw/runs/2d_euler/cpinn/seed_100/config.json,1534,2026-07-04T08:06:52.739323+00:00,f8c9e71eb1f0bd4db195c0919766f6897757f9d62b8c7937f60d670c8717ddd1
results/raw/runs/2d_euler/cpinn/seed_100/diagnostics/cpinn_interface_history.csv,74847,2026-07-04T09:09:04.480081+00:00,d564313d01be0154863d1ff0d6419479bb902bee03a82a55d0f79ee8a2b8d38a
results/raw/runs/2d_euler/cpinn/seed_100/diagnostics/cpinn_interface_points.npz,31779,2026-07-04T09:09:04.480081+00:00,5991243ee91fb011df386a3bd18e1c5ed7a9e74629ed2ea9f91a8224c23a7835
results/raw/runs/2d_euler/cpinn/seed_100/diagnostics/cpinn_interface_points_meta.json,593,2026-07-04T09:09:04.480081+00:00,bc6c42255d87b62c29cec22c9b08c3ae184451edf7df45d02d1b8e83cf579254
results/raw/runs/2d_euler/cpinn/seed_100/diagnostics/cpinn_loss_history.csv,57370,2026-07-04T09:09:04.476081+00:00,c1b9bfa8f2f6a36dc97a4b845d6ca4ac8096f213cded07912c0b4e6835c790e2
results/raw/runs/2d_euler/cpinn/seed_100/diagnostics/cpinn_subdomain_config.json,1229,2026-07-04T09:09:04.480081+00:00,fac2db626727ca3cc87882934e031bd145c3fb7bf48b18cd40e92f8eec47b992
results/raw/runs/2d_euler/cpinn/seed_100/diagnostics/cpinn_submodel_state_dicts.pt,1358859,2026-07-04T09:09:04.488081+00:00,b317d06d5c1b1e009c578bddddf10e7724f16ed93cfa0907c77c0c0a18d562d2
results/raw/runs/2d_euler/cpinn/seed_100/env.json,244,2026-07-04T08:06:52.739323+00:00,3ea9611b4a501b9d8258401458ea7fbd12107e673f8ddeac71518e0ffecb3269
results/raw/runs/2d_euler/cpinn/seed_100/history.csv,57370,2026-07-04T09:09:04.380080+00:00,c1b9bfa8f2f6a36dc97a4b845d6ca4ac8096f213cded07912c0b4e6835c790e2
results/raw/runs/2d_euler/cpinn/seed_100/method.json,924,2026-07-04T08:06:52.739323+00:00,3d2120fc45309ed86938a053a9b845fe582f762cbcb9c8e683c0bff43a29d86f
results/raw/runs/2d_euler/cpinn/seed_100/metrics_adamw.json,4709,2026-07-21T04:37:38.762168+00:00,af244868362e3776c1866e380146d198b29a3917b0d2b09881bdfd809a003bf6
results/raw/runs/2d_euler/cpinn/seed_100/metrics_final.json,4709,2026-07-21T04:37:38.762168+00:00,af244868362e3776c1866e380146d198b29a3917b0d2b09881bdfd809a003bf6
results/raw/runs/2d_euler/cpinn/seed_100/model_adamw_final.pt,1362717,2026-07-04T09:09:04.384080+00:00,47ee8202369eca1dc939a03a2064b36184a4e06754356c80820ccb15d78cb2d9
results/raw/runs/2d_euler/cpinn/seed_100/model_final.pt,1362345,2026-07-04T09:09:04.392080+00:00,af6bd9325eddb4872e7ceb0c4726a17764ab6fc8940e3cae530bd6e2c2cedc8a
results/raw/runs/2d_euler/cpinn/seed_100/predictions/predict_final_grid.npz,889507,2026-07-04T09:09:04.468081+00:00,199069be8e08d2817d7d9b37a5e5880e91c97b4e64965024d27ad9f57a681989
results/raw/runs/2d_euler/cpinn/seed_100/predictions/prediction_info.json,55,2026-07-04T09:09:04.468081+00:00,3d885af4802f83f927195ab5160de2907b476aa803c21482b678ba53e2259d97
results/raw/runs/2d_euler/cpinn/seed_100/status.json,103,2026-07-04T09:09:04.488081+00:00,efe158e20e31dde4e8023801b632b2c7163dba0f6614007573909e540fa6735f
results/raw/runs/2d_euler/cpinn/seed_2026/_SUCCESS,8,2026-07-04T06:01:33.115386+00:00,81b2bd4ea98c8db66554fbc8d7637a1a69a130f331feb732b75caab4c4868fd5
results/raw/runs/2d_euler/cpinn/seed_2026/config.json,1536,2026-07-04T04:57:57.661258+00:00,c9849de5a9b194ba30de0a039ad8ef9f6a1072e8fde47ccda8740cd984178540
results/raw/runs/2d_euler/cpinn/seed_2026/diagnostics/cpinn_interface_history.csv,74812,2026-07-04T06:01:33.107386+00:00,a7ae06a9af908558863413cd9a51812ed5125f70bcaed25a573a9567290947a6
results/raw/runs/2d_euler/cpinn/seed_2026/diagnostics/cpinn_interface_points.npz,31775,2026-07-04T06:01:33.107386+00:00,a6c45f3994fb72e8003b1f7c43d3eee7c9184692e8390241c0bfade604c81b5b
results/raw/runs/2d_euler/cpinn/seed_2026/diagnostics/cpinn_interface_points_meta.json,593,2026-07-04T06:01:33.107386+00:00,bc6c42255d87b62c29cec22c9b08c3ae184451edf7df45d02d1b8e83cf579254
results/raw/runs/2d_euler/cpinn/seed_2026/diagnostics/cpinn_loss_history.csv,57302,2026-07-04T06:01:33.099386+00:00,4769095096c4de0778d6357062f5780c0403e6e02445b6909bf4db68ff04d894
results/raw/runs/2d_euler/cpinn/seed_2026/diagnostics/cpinn_subdomain_config.json,1230,2026-07-04T06:01:33.107386+00:00,c8466094c21d52c490e53ec2830d6a0f9d00233a8af71e8d5f70e21eb35d88fd
results/raw/runs/2d_euler/cpinn/seed_2026/diagnostics/cpinn_submodel_state_dicts.pt,1358859,2026-07-04T06:01:33.115386+00:00,8ff2d859e3ac1e551fa737aa9e2def67ecbe7cdacceefa883ee4ce74de507f91
results/raw/runs/2d_euler/cpinn/seed_2026/env.json,244,2026-07-04T04:57:57.661258+00:00,3ea9611b4a501b9d8258401458ea7fbd12107e673f8ddeac71518e0ffecb3269
results/raw/runs/2d_euler/cpinn/seed_2026/history.csv,57302,2026-07-04T06:01:32.999386+00:00,4769095096c4de0778d6357062f5780c0403e6e02445b6909bf4db68ff04d894
results/raw/runs/2d_euler/cpinn/seed_2026/method.json,924,2026-07-04T04:57:57.661258+00:00,3d2120fc45309ed86938a053a9b845fe582f762cbcb9c8e683c0bff43a29d86f
results/raw/runs/2d_euler/cpinn/seed_2026/metrics_adamw.json,4724,2026-07-21T04:37:38.762168+00:00,bcc3c06e2626f71e208c696917428553f2a5684dc0c88dd54f382e501732ee4c
results/raw/runs/2d_euler/cpinn/seed_2026/metrics_final.json,4724,2026-07-21T04:37:38.762168+00:00,bcc3c06e2626f71e208c696917428553f2a5684dc0c88dd54f382e501732ee4c
results/raw/runs/2d_euler/cpinn/seed_2026/model_adamw_final.pt,1362717,2026-07-04T06:01:33.007386+00:00,6895f0d802822b8375cf2a26099ac4f8c24f073143482658bc1d6f95174bb936
results/raw/runs/2d_euler/cpinn/seed_2026/model_final.pt,1362345,2026-07-04T06:01:33.011386+00:00,1ed37ed2b68595b6f6fa3d265c56adffde9d425f81bf7227a846cbbfc0e822b4
results/raw/runs/2d_euler/cpinn/seed_2026/predictions/predict_final_grid.npz,886442,2026-07-04T06:01:33.095386+00:00,f18e8741b0ac5b5ece8821ebcaf63d8852f4997d09e4a01855a2ca6bcc1d9e61
results/raw/runs/2d_euler/cpinn/seed_2026/predictions/prediction_info.json,55,2026-07-04T06:01:33.095386+00:00,3d885af4802f83f927195ab5160de2907b476aa803c21482b678ba53e2259d97
results/raw/runs/2d_euler/cpinn/seed_2026/status.json,104,2026-07-04T06:01:33.115386+00:00,599c8378e3c44050e12d2cf9746cb0a3f61ecdb72a0559066b8e1531e7136fc4
results/raw/runs/2d_euler/cpinn/seed_31415/_SUCCESS,8,2026-07-04T10:11:48.366828+00:00,81b2bd4ea98c8db66554fbc8d7637a1a69a130f331feb732b75caab4c4868fd5
results/raw/runs/2d_euler/cpinn/seed_31415/config.json,1538,2026-07-04T09:09:04.692082+00:00,f0f8a66db8e489e01776dd80918f24db77a4614b81db37140bcea9adfd42fa3b
results/raw/runs/2d_euler/cpinn/seed_31415/diagnostics/cpinn_interface_history.csv,74811,2026-07-04T10:11:48.358828+00:00,39dfa3eb14a0cf97c62030d9a1507e6089dfd3dac62fe59a9ae75e04e47eeefc
results/raw/runs/2d_euler/cpinn/seed_31415/diagnostics/cpinn_interface_points.npz,31784,2026-07-04T10:11:48.362828+00:00,1f1b9b1c800f25b4959b0dd8787d7391e99836dae1f00d147cdda5f8de787b00
results/raw/runs/2d_euler/cpinn/seed_31415/diagnostics/cpinn_interface_points_meta.json,593,2026-07-04T10:11:48.362828+00:00,bc6c42255d87b62c29cec22c9b08c3ae184451edf7df45d02d1b8e83cf579254
results/raw/runs/2d_euler/cpinn/seed_31415/diagnostics/cpinn_loss_history.csv,57230,2026-07-04T10:11:48.354828+00:00,10b23c22f295c23c6dd19a52d28826c9e25110d7f50d07f1813f86fe467a2ee9
results/raw/runs/2d_euler/cpinn/seed_31415/diagnostics/cpinn_subdomain_config.json,1234,2026-07-04T10:11:48.358828+00:00,464bf50155f592ac4c3be028948217ee1e813276b213f757a476255cf06d9783
results/raw/runs/2d_euler/cpinn/seed_31415/diagnostics/cpinn_submodel_state_dicts.pt,1358859,2026-07-04T10:11:48.366828+00:00,97c9d322ab4acb71034383586129c1441e2e0c60ee8c6d0afe566ce7496d1aca
results/raw/runs/2d_euler/cpinn/seed_31415/env.json,244,2026-07-04T09:09:04.692082+00:00,3ea9611b4a501b9d8258401458ea7fbd12107e673f8ddeac71518e0ffecb3269
results/raw/runs/2d_euler/cpinn/seed_31415/history.csv,57230,2026-07-04T10:11:48.254828+00:00,10b23c22f295c23c6dd19a52d28826c9e25110d7f50d07f1813f86fe467a2ee9
results/raw/runs/2d_euler/cpinn/seed_31415/method.json,924,2026-07-04T09:09:04.692082+00:00,3d2120fc45309ed86938a053a9b845fe582f762cbcb9c8e683c0bff43a29d86f
results/raw/runs/2d_euler/cpinn/seed_31415/metrics_adamw.json,4717,2026-07-21T04:37:38.766168+00:00,d1134684dc356a9bcf4bfc0d7d09451f65ebb631e88ef54afccdf19db4872f6c
results/raw/runs/2d_euler/cpinn/seed_31415/metrics_final.json,4717,2026-07-21T04:37:38.766168+00:00,d1134684dc356a9bcf4bfc0d7d09451f65ebb631e88ef54afccdf19db4872f6c
results/raw/runs/2d_euler/cpinn/seed_31415/model_adamw_final.pt,1362717,2026-07-04T10:11:48.262828+00:00,30aaace2050dfc9eac717c8aed4be591b3c73acde749609b33b60d839c3ff817
results/raw/runs/2d_euler/cpinn/seed_31415/model_final.pt,1362345,2026-07-04T10:11:48.266828+00:00,12fb21e005b76c9e8854ffb8a9cf4c5f60a618bf855b424f9b3c09f01ecf8847
results/raw/runs/2d_euler/cpinn/seed_31415/predictions/predict_final_grid.npz,889367,2026-07-04T10:11:48.350828+00:00,c533b197b67380f368b8ca11cff41fb899823a0af9b1815647d4dd87a657bf4b
results/raw/runs/2d_euler/cpinn/seed_31415/predictions/prediction_info.json,55,2026-07-04T10:11:48.350828+00:00,3d885af4802f83f927195ab5160de2907b476aa803c21482b678ba53e2259d97
results/raw/runs/2d_euler/cpinn/seed_31415/status.json,103,2026-07-04T10:11:48.366828+00:00,a3f0d97dd84083834bd3be0d69ba0d83a90ee11681fa2a7fdf135436ccebccef
results/raw/runs/2d_euler/cpinn/seed_42/_SUCCESS,8,2026-07-04T08:06:52.311326+00:00,81b2bd4ea98c8db66554fbc8d7637a1a69a130f331feb732b75caab4c4868fd5
results/raw/runs/2d_euler/cpinn/seed_42/config.json,1532,2026-07-04T07:04:38.088510+00:00,c68f2ac098dd595b5467ea7ceea06c921d1c45b9f068f045ca03f0999a0771f9
results/raw/runs/2d_euler/cpinn/seed_42/diagnostics/cpinn_interface_history.csv,74817,2026-07-04T08:06:52.299326+00:00,6a975be4bfac97e9c0e7c294b977eb72ee6e4acfb82202e6b8cdd304c8968a33
results/raw/runs/2d_euler/cpinn/seed_42/diagnostics/cpinn_interface_points.npz,31771,2026-07-04T08:06:52.303326+00:00,5724d68c6f4baf8cf88b3b95eea276695362a3efc65697309bb313e79173042e
results/raw/runs/2d_euler/cpinn/seed_42/diagnostics/cpinn_interface_points_meta.json,593,2026-07-04T08:06:52.303326+00:00,bc6c42255d87b62c29cec22c9b08c3ae184451edf7df45d02d1b8e83cf579254
results/raw/runs/2d_euler/cpinn/seed_42/diagnostics/cpinn_loss_history.csv,57287,2026-07-04T08:06:52.295326+00:00,cc723aeb3c413579489188cefb0d385b25babd641377a1d80075f359a6af1d07
results/raw/runs/2d_euler/cpinn/seed_42/diagnostics/cpinn_subdomain_config.json,1233,2026-07-04T08:06:52.299326+00:00,974b7032618e604e6d3a96cdc0e8f95eb949481760d948051dcc58a2dea510b5
results/raw/runs/2d_euler/cpinn/seed_42/diagnostics/cpinn_submodel_state_dicts.pt,1358859,2026-07-04T08:06:52.311326+00:00,7621b17eb3454fc84f4bc1d07b32a25f5299872d8f2ebc3dde364be8ecc6375e
results/raw/runs/2d_euler/cpinn/seed_42/env.json,244,2026-07-04T07:04:38.088510+00:00,3ea9611b4a501b9d8258401458ea7fbd12107e673f8ddeac71518e0ffecb3269
results/raw/runs/2d_euler/cpinn/seed_42/history.csv,57287,2026-07-04T08:06:52.199327+00:00,cc723aeb3c413579489188cefb0d385b25babd641377a1d80075f359a6af1d07
results/raw/runs/2d_euler/cpinn/seed_42/method.json,924,2026-07-04T07:04:38.088510+00:00,3d2120fc45309ed86938a053a9b845fe582f762cbcb9c8e683c0bff43a29d86f
results/raw/runs/2d_euler/cpinn/seed_42/metrics_adamw.json,4708,2026-07-21T04:37:38.766168+00:00,afabc4d11dfc9a325ad7d83d7f97422a4b5d6d78548bd8a25a8d66a500550d54
results/raw/runs/2d_euler/cpinn/seed_42/metrics_final.json,4708,2026-07-21T04:37:38.766168+00:00,afabc4d11dfc9a325ad7d83d7f97422a4b5d6d78548bd8a25a8d66a500550d54
results/raw/runs/2d_euler/cpinn/seed_42/model_adamw_final.pt,1362717,2026-07-04T08:06:52.207327+00:00,deca345612eb092d96d494bf2de5e5b9f07ec441ff4610f1848649d4b49e5523
results/raw/runs/2d_euler/cpinn/seed_42/model_final.pt,1362345,2026-07-04T08:06:52.211327+00:00,f9c5f0121c8ef6891253be320eeaa44c449bf26fb0cf63eb76004faf217bfbbd
results/raw/runs/2d_euler/cpinn/seed_42/predictions/predict_final_grid.npz,885188,2026-07-04T08:06:52.291326+00:00,97c647dbfc5649bd4ebabca308e7213ce4e7b714396e84e4d739b2e01976df5b
results/raw/runs/2d_euler/cpinn/seed_42/predictions/prediction_info.json,55,2026-07-04T08:06:52.291326+00:00,3d885af4802f83f927195ab5160de2907b476aa803c21482b678ba53e2259d97
results/raw/runs/2d_euler/cpinn/seed_42/status.json,104,2026-07-04T08:06:52.311326+00:00,dd2f44d77508d524cfadb4161bfd7bb563bdcb5aed86909922d1eb8d5d584aa0
results/raw/runs/2d_euler/cpinn/seed_7/_SUCCESS,8,2026-07-04T07:04:37.880511+00:00,81b2bd4ea98c8db66554fbc8d7637a1a69a130f331feb732b75caab4c4868fd5
results/raw/runs/2d_euler/cpinn/seed_7/config.json,1530,2026-07-04T06:01:33.327385+00:00,5c4098ed362ab5fd7bd224594a2449f1720f9eb6adc5315093b314ff43601d64
results/raw/runs/2d_euler/cpinn/seed_7/diagnostics/cpinn_interface_history.csv,74861,2026-07-04T07:04:37.872511+00:00,1cc7645d40c989419d4d44d3ea4edd703fc404ec9c379920a865e5a196667408
results/raw/runs/2d_euler/cpinn/seed_7/diagnostics/cpinn_interface_points.npz,31792,2026-07-04T07:04:37.872511+00:00,eaae9edd1045b4bd8d769477d52b6c3159295595ecf22a0a466ce4441e2bf9a3
results/raw/runs/2d_euler/cpinn/seed_7/diagnostics/cpinn_interface_points_meta.json,593,2026-07-04T07:04:37.876511+00:00,bc6c42255d87b62c29cec22c9b08c3ae184451edf7df45d02d1b8e83cf579254
results/raw/runs/2d_euler/cpinn/seed_7/diagnostics/cpinn_loss_history.csv,57290,2026-07-04T07:04:37.868511+00:00,10fffacda30f44315884d5a18730817a74921c07369c57531a1e7492bef34e39
results/raw/runs/2d_euler/cpinn/seed_7/diagnostics/cpinn_subdomain_config.json,1229,2026-07-04T07:04:37.872511+00:00,cc04985993ba87be8a0ce34d28af1260edaebe0d80e4779ccf7b361c1adfcf92
results/raw/runs/2d_euler/cpinn/seed_7/diagnostics/cpinn_submodel_state_dicts.pt,1358859,2026-07-04T07:04:37.880511+00:00,3607e715ab3cd7bf1db6e53e5d493759b4897c92b285ec77aec106e0c41d92c5
results/raw/runs/2d_euler/cpinn/seed_7/env.json,244,2026-07-04T06:01:33.327385+00:00,3ea9611b4a501b9d8258401458ea7fbd12107e673f8ddeac71518e0ffecb3269
results/raw/runs/2d_euler/cpinn/seed_7/history.csv,57290,2026-07-04T07:04:37.768511+00:00,10fffacda30f44315884d5a18730817a74921c07369c57531a1e7492bef34e39
results/raw/runs/2d_euler/cpinn/seed_7/method.json,924,2026-07-04T06:01:33.327385+00:00,3d2120fc45309ed86938a053a9b845fe582f762cbcb9c8e683c0bff43a29d86f
results/raw/runs/2d_euler/cpinn/seed_7/metrics_adamw.json,4717,2026-07-21T04:37:38.766168+00:00,632ee8cc7d4c7da05763f347d84b371615474e1733f8a37a4c44650a11b9b9fd
results/raw/runs/2d_euler/cpinn/seed_7/metrics_final.json,4717,2026-07-21T04:37:38.766168+00:00,632ee8cc7d4c7da05763f347d84b371615474e1733f8a37a4c44650a11b9b9fd
results/raw/runs/2d_euler/cpinn/seed_7/model_adamw_final.pt,1362717,2026-07-04T07:04:37.776511+00:00,bcf8e4bd54593ece00ca11ad0a8cfb71e84b7d310d53321dcf5d78d6b8885798
results/raw/runs/2d_euler/cpinn/seed_7/model_final.pt,1362345,2026-07-04T07:04:37.780511+00:00,0ae42eefeff9d683297664523cef53b1759e1258669bd6e3bd2a3b3f8a8e42c1
results/raw/runs/2d_euler/cpinn/seed_7/predictions/predict_final_grid.npz,878579,2026-07-04T07:04:37.860511+00:00,238bab6940dcd31f99c2df33199cb0c3658a6f7d8f521e30dc122eae03c86abb
results/raw/runs/2d_euler/cpinn/seed_7/predictions/prediction_info.json,55,2026-07-04T07:04:37.860511+00:00,3d885af4802f83f927195ab5160de2907b476aa803c21482b678ba53e2259d97
results/raw/runs/2d_euler/cpinn/seed_7/status.json,102,2026-07-04T07:04:37.880511+00:00,550d2443507aa71c6fb25e76a9745e65b1183c389fe465b2f21d8ace6c84f623
results/raw/runs/2d_euler/gpinn_subsampled/seed_100/_SUCCESS,8,2026-07-02T19:42:03.578599+00:00,81b2bd4ea98c8db66554fbc8d7637a1a69a130f331feb732b75caab4c4868fd5
results/raw/runs/2d_euler/gpinn_subsampled/seed_100/config.json,1545,2026-07-02T17:39:45.817278+00:00,11db9df2efaeaeb59c9646738bf68b55e1fc617b146d3193359f4eea360af17f
results/raw/runs/2d_euler/gpinn_subsampled/seed_100/diagnostics/gpinn_gradient_history.csv,45640,2026-07-02T19:42:03.574599+00:00,41ddf90af446a4c039b3704be1b87c55ce2c1909164d1881e8f73302eb0ffadf
results/raw/runs/2d_euler/gpinn_subsampled/seed_100/diagnostics/gpinn_gradient_stats.csv,17959,2026-07-02T19:42:03.578599+00:00,6539ac90cd306d9dd63980a9df8ebefcbf225725a7607a49f7a8c13f3c2bf4c5
results/raw/runs/2d_euler/gpinn_subsampled/seed_100/diagnostics/gpinn_settings.json,409,2026-07-02T19:42:03.574599+00:00,50e0971f1b101d25d5c6ff6a19530e75b0a5d1239d39bc484a2e80ed3ca4eeb6
results/raw/runs/2d_euler/gpinn_subsampled/seed_100/env.json,244,2026-07-02T17:39:45.817278+00:00,3ea9611b4a501b9d8258401458ea7fbd12107e673f8ddeac71518e0ffecb3269
results/raw/runs/2d_euler/gpinn_subsampled/seed_100/history.csv,45640,2026-07-02T19:42:03.466601+00:00,41ddf90af446a4c039b3704be1b87c55ce2c1909164d1881e8f73302eb0ffadf
results/raw/runs/2d_euler/gpinn_subsampled/seed_100/method.json,488,2026-07-02T17:39:45.817278+00:00,18c72092155b6970e31a206137b398967bc47c44a209f00d66d93aaa7b270823
results/raw/runs/2d_euler/gpinn_subsampled/seed_100/metrics_adamw.json,4551,2026-07-21T04:37:38.770168+00:00,9a58803a3078c97a0d7800cdbd9ab8738416fb04c7e83484aed977c70f83f7b0
results/raw/runs/2d_euler/gpinn_subsampled/seed_100/metrics_final.json,4551,2026-07-21T04:37:38.770168+00:00,9a58803a3078c97a0d7800cdbd9ab8738416fb04c7e83484aed977c70f83f7b0
results/raw/runs/2d_euler/gpinn_subsampled/seed_100/model_adamw_final.pt,342491,2026-07-02T19:42:03.470601+00:00,69815c6a8aef82b31d04f50be676aa1ebdd0fc36653670203c367735aa9d433f
results/raw/runs/2d_euler/gpinn_subsampled/seed_100/model_final.pt,342395,2026-07-02T19:42:03.470601+00:00,c84755ceec338b870aa0bbfac2d66510cd583a558d6f94f14ef2c568e5eb80ba
results/raw/runs/2d_euler/gpinn_subsampled/seed_100/predictions/predict_final_grid.npz,895661,2026-07-02T19:42:03.566599+00:00,54825f368a29f87421df6858a2a6a57d95cc44d7ee86654593f66b0729a2ffab
results/raw/runs/2d_euler/gpinn_subsampled/seed_100/predictions/prediction_info.json,55,2026-07-02T19:42:03.566599+00:00,3d885af4802f83f927195ab5160de2907b476aa803c21482b678ba53e2259d97
results/raw/runs/2d_euler/gpinn_subsampled/seed_100/status.json,103,2026-07-02T19:42:03.578599+00:00,7d758de8743278b0171def0b7263d1c55224f395f72c59dc8d14599c038a011e
results/raw/runs/2d_euler/gpinn_subsampled/seed_2026/_SUCCESS,8,2026-07-02T13:46:39.214967+00:00,81b2bd4ea98c8db66554fbc8d7637a1a69a130f331feb732b75caab4c4868fd5
results/raw/runs/2d_euler/gpinn_subsampled/seed_2026/config.json,1547,2026-07-02T11:43:32.258618+00:00,916ccc9b6ea38dc52fa78e3de08246d53357954daafa2ff3ef64d4c60a0da4a8
results/raw/runs/2d_euler/gpinn_subsampled/seed_2026/diagnostics/gpinn_gradient_history.csv,45616,2026-07-02T13:46:39.210968+00:00,31e896b4a1c42d88c8bc49a6093767992fc56b66007c40717329c4eb9125959a
results/raw/runs/2d_euler/gpinn_subsampled/seed_2026/diagnostics/gpinn_gradient_stats.csv,17940,2026-07-02T13:46:39.214967+00:00,9848ee0273dcbca735153e03d8739ca9bf1a2eb85db35c8266b1ccc5038ed89b
results/raw/runs/2d_euler/gpinn_subsampled/seed_2026/diagnostics/gpinn_settings.json,409,2026-07-02T13:46:39.210968+00:00,50e0971f1b101d25d5c6ff6a19530e75b0a5d1239d39bc484a2e80ed3ca4eeb6
results/raw/runs/2d_euler/gpinn_subsampled/seed_2026/env.json,244,2026-07-02T11:43:32.258618+00:00,3ea9611b4a501b9d8258401458ea7fbd12107e673f8ddeac71518e0ffecb3269
results/raw/runs/2d_euler/gpinn_subsampled/seed_2026/history.csv,45616,2026-07-02T13:46:39.122968+00:00,31e896b4a1c42d88c8bc49a6093767992fc56b66007c40717329c4eb9125959a
results/raw/runs/2d_euler/gpinn_subsampled/seed_2026/method.json,488,2026-07-02T11:43:32.258618+00:00,18c72092155b6970e31a206137b398967bc47c44a209f00d66d93aaa7b270823
results/raw/runs/2d_euler/gpinn_subsampled/seed_2026/metrics_adamw.json,4521,2026-07-21T04:37:38.770168+00:00,dd248bf9f975bcb10ce76abb14ec96def45448b6f236e1b944ead39358ea0a3f
results/raw/runs/2d_euler/gpinn_subsampled/seed_2026/metrics_final.json,4521,2026-07-21T04:37:38.770168+00:00,dd248bf9f975bcb10ce76abb14ec96def45448b6f236e1b944ead39358ea0a3f
results/raw/runs/2d_euler/gpinn_subsampled/seed_2026/model_adamw_final.pt,342491,2026-07-02T13:46:39.126968+00:00,584102f5a5b66c769a6a9a4bbd20c6d543aa757cfeaa12c7cca752720120f843
results/raw/runs/2d_euler/gpinn_subsampled/seed_2026/model_final.pt,342395,2026-07-02T13:46:39.130968+00:00,bb08292878b2d45fb9388ec086ec66510332dd1dc728b1cfc3f14c211e2dd692
results/raw/runs/2d_euler/gpinn_subsampled/seed_2026/predictions/predict_final_grid.npz,903417,2026-07-02T13:46:39.206968+00:00,c54301262a90167a0e0f87017fe16ee42a898d849bbd4bef074f0560a1bb395f
results/raw/runs/2d_euler/gpinn_subsampled/seed_2026/predictions/prediction_info.json,55,2026-07-02T13:46:39.206968+00:00,3d885af4802f83f927195ab5160de2907b476aa803c21482b678ba53e2259d97
results/raw/runs/2d_euler/gpinn_subsampled/seed_2026/status.json,103,2026-07-02T13:46:39.214967+00:00,39f939c5f69af2090c2bfc92ddf2b3f7ef686c2a09a4255c2194dcc22f3bd0e8
results/raw/runs/2d_euler/gpinn_subsampled/seed_31415/_SUCCESS,8,2026-07-02T21:38:51.586499+00:00,81b2bd4ea98c8db66554fbc8d7637a1a69a130f331feb732b75caab4c4868fd5
results/raw/runs/2d_euler/gpinn_subsampled/seed_31415/config.json,1549,2026-07-02T19:42:04.238589+00:00,9b6a7062381759adc00ee28c83d3cb3ea80f6a6d7f9c6c9bb3a754edc1432e90
results/raw/runs/2d_euler/gpinn_subsampled/seed_31415/diagnostics/gpinn_gradient_history.csv,45658,2026-07-02T21:38:51.582499+00:00,c67bb8be37dfd5c863083b33fff6c154e077c3409def230f159e82f19c5a8913
results/raw/runs/2d_euler/gpinn_subsampled/seed_31415/diagnostics/gpinn_gradient_stats.csv,17955,2026-07-02T21:38:51.586499+00:00,65f6a739cf04660c8e6a8af6187759a2781fa2688392d5c2511e92b6458f7c2e
results/raw/runs/2d_euler/gpinn_subsampled/seed_31415/diagnostics/gpinn_settings.json,409,2026-07-02T21:38:51.582499+00:00,50e0971f1b101d25d5c6ff6a19530e75b0a5d1239d39bc484a2e80ed3ca4eeb6
results/raw/runs/2d_euler/gpinn_subsampled/seed_31415/env.json,244,2026-07-02T19:42:04.238589+00:00,3ea9611b4a501b9d8258401458ea7fbd12107e673f8ddeac71518e0ffecb3269
results/raw/runs/2d_euler/gpinn_subsampled/seed_31415/history.csv,45658,2026-07-02T21:38:51.494499+00:00,c67bb8be37dfd5c863083b33fff6c154e077c3409def230f159e82f19c5a8913
results/raw/runs/2d_euler/gpinn_subsampled/seed_31415/method.json,488,2026-07-02T19:42:04.238589+00:00,18c72092155b6970e31a206137b398967bc47c44a209f00d66d93aaa7b270823
results/raw/runs/2d_euler/gpinn_subsampled/seed_31415/metrics_adamw.json,4562,2026-07-21T04:37:38.770168+00:00,fc7057e251c192d3053d5fa0def4ee8c1b5be24398d909621bfdaa2f9b7dcf1e
results/raw/runs/2d_euler/gpinn_subsampled/seed_31415/metrics_final.json,4562,2026-07-21T04:37:38.770168+00:00,fc7057e251c192d3053d5fa0def4ee8c1b5be24398d909621bfdaa2f9b7dcf1e
results/raw/runs/2d_euler/gpinn_subsampled/seed_31415/model_adamw_final.pt,342491,2026-07-02T21:38:51.498499+00:00,c566977ac9445ad567a34404fff48bfb7c40815ccb80186db1b39e166cb4845e
results/raw/runs/2d_euler/gpinn_subsampled/seed_31415/model_final.pt,342395,2026-07-02T21:38:51.498499+00:00,538152b97f889206780e5f3596578fb1a136d308bb0c1a64748737a48878180a
results/raw/runs/2d_euler/gpinn_subsampled/seed_31415/predictions/predict_final_grid.npz,895831,2026-07-02T21:38:51.578499+00:00,ed140c4bb86eaaaf5b9bc9a932b37e5e3da90856b9c0178a6052fff401fe8b24
results/raw/runs/2d_euler/gpinn_subsampled/seed_31415/predictions/prediction_info.json,55,2026-07-02T21:38:51.578499+00:00,3d885af4802f83f927195ab5160de2907b476aa803c21482b678ba53e2259d97
results/raw/runs/2d_euler/gpinn_subsampled/seed_31415/status.json,103,2026-07-02T21:38:51.586499+00:00,7e48c0718999ca2e07b1a1ac11eb851583b337e5058bb47d4180d4d15a093a6e
results/raw/runs/2d_euler/gpinn_subsampled/seed_42/_SUCCESS,8,2026-07-02T17:39:45.597280+00:00,81b2bd4ea98c8db66554fbc8d7637a1a69a130f331feb732b75caab4c4868fd5
results/raw/runs/2d_euler/gpinn_subsampled/seed_42/config.json,1543,2026-07-02T15:40:52.455398+00:00,9bde7cec2f0292fe2736abc04a606b5c56f47605eb4acd6a1ff03b9c247074b2
results/raw/runs/2d_euler/gpinn_subsampled/seed_42/diagnostics/gpinn_gradient_history.csv,45745,2026-07-02T17:39:45.593280+00:00,4e83b09ccb160743b49d4251237fabba8f8dc940f2040a634c0445ed35f79e5b
results/raw/runs/2d_euler/gpinn_subsampled/seed_42/diagnostics/gpinn_gradient_stats.csv,18023,2026-07-02T17:39:45.597280+00:00,13ae6d8ea62ec3829390b9bc406f0936422ea488e3bfbf3f7120fcb3cd63832f
results/raw/runs/2d_euler/gpinn_subsampled/seed_42/diagnostics/gpinn_settings.json,409,2026-07-02T17:39:45.593280+00:00,50e0971f1b101d25d5c6ff6a19530e75b0a5d1239d39bc484a2e80ed3ca4eeb6
results/raw/runs/2d_euler/gpinn_subsampled/seed_42/env.json,244,2026-07-02T15:40:52.455398+00:00,3ea9611b4a501b9d8258401458ea7fbd12107e673f8ddeac71518e0ffecb3269
results/raw/runs/2d_euler/gpinn_subsampled/seed_42/history.csv,45745,2026-07-02T17:39:45.493280+00:00,4e83b09ccb160743b49d4251237fabba8f8dc940f2040a634c0445ed35f79e5b
results/raw/runs/2d_euler/gpinn_subsampled/seed_42/method.json,488,2026-07-02T15:40:52.455398+00:00,18c72092155b6970e31a206137b398967bc47c44a209f00d66d93aaa7b270823
results/raw/runs/2d_euler/gpinn_subsampled/seed_42/metrics_adamw.json,4542,2026-07-21T04:37:38.774168+00:00,c1a2b3e756a1b03ed885c23f92273e2ec53b706c2ea34aaede961c25c8bbd64d
results/raw/runs/2d_euler/gpinn_subsampled/seed_42/metrics_final.json,4542,2026-07-21T04:37:38.774168+00:00,c1a2b3e756a1b03ed885c23f92273e2ec53b706c2ea34aaede961c25c8bbd64d
results/raw/runs/2d_euler/gpinn_subsampled/seed_42/model_adamw_final.pt,342491,2026-07-02T17:39:45.497280+00:00,5a18c20be03472c489c89320ab4c72032168e2f7c9360e722c719742c4c347fa
results/raw/runs/2d_euler/gpinn_subsampled/seed_42/model_final.pt,342395,2026-07-02T17:39:45.497280+00:00,3735c033ee93c5255a8b6fd796ff2dcefcf8989754629ba363c114739631bd40
results/raw/runs/2d_euler/gpinn_subsampled/seed_42/predictions/predict_final_grid.npz,892308,2026-07-02T17:39:45.589280+00:00,0e9112b698fc3aa5d41ee452e227df209fd1dd2518b8f62aba1489364c0497fe
results/raw/runs/2d_euler/gpinn_subsampled/seed_42/predictions/prediction_info.json,55,2026-07-02T17:39:45.589280+00:00,3d885af4802f83f927195ab5160de2907b476aa803c21482b678ba53e2259d97
results/raw/runs/2d_euler/gpinn_subsampled/seed_42/status.json,103,2026-07-02T17:39:45.597280+00:00,595f20ef94015e9840fa89ab224c3e9e3dc865725fefeed1959ccdcaa224dcd5
results/raw/runs/2d_euler/gpinn_subsampled/seed_7/_SUCCESS,8,2026-07-02T15:40:52.267398+00:00,81b2bd4ea98c8db66554fbc8d7637a1a69a130f331feb732b75caab4c4868fd5
results/raw/runs/2d_euler/gpinn_subsampled/seed_7/config.json,1541,2026-07-02T13:46:39.406965+00:00,5df14ec4df7f1a2dc3721f39526876e91e4bd28a587c00d09b29de6389ff8b8b
results/raw/runs/2d_euler/gpinn_subsampled/seed_7/diagnostics/gpinn_gradient_history.csv,45637,2026-07-02T15:40:52.263398+00:00,d3af47a8c8abab263cd800432442235196e8b675c2fc253dc4cac69795a0c7a6
results/raw/runs/2d_euler/gpinn_subsampled/seed_7/diagnostics/gpinn_gradient_stats.csv,17938,2026-07-02T15:40:52.267398+00:00,bf22ef390f461dbe2ffc606453be39d989d92ffcd0f96c3e2dff16f836a69ed9
results/raw/runs/2d_euler/gpinn_subsampled/seed_7/diagnostics/gpinn_settings.json,409,2026-07-02T15:40:52.263398+00:00,50e0971f1b101d25d5c6ff6a19530e75b0a5d1239d39bc484a2e80ed3ca4eeb6
results/raw/runs/2d_euler/gpinn_subsampled/seed_7/env.json,244,2026-07-02T13:46:39.406965+00:00,3ea9611b4a501b9d8258401458ea7fbd12107e673f8ddeac71518e0ffecb3269
results/raw/runs/2d_euler/gpinn_subsampled/seed_7/history.csv,45637,2026-07-02T15:40:52.179398+00:00,d3af47a8c8abab263cd800432442235196e8b675c2fc253dc4cac69795a0c7a6
results/raw/runs/2d_euler/gpinn_subsampled/seed_7/method.json,488,2026-07-02T13:46:39.406965+00:00,18c72092155b6970e31a206137b398967bc47c44a209f00d66d93aaa7b270823
results/raw/runs/2d_euler/gpinn_subsampled/seed_7/metrics_adamw.json,4557,2026-07-21T04:37:38.774168+00:00,309f415f6e32728846de31b8e4b32328b2d947a2b57975b7c9808f1c7581e39c
results/raw/runs/2d_euler/gpinn_subsampled/seed_7/metrics_final.json,4557,2026-07-21T04:37:38.774168+00:00,309f415f6e32728846de31b8e4b32328b2d947a2b57975b7c9808f1c7581e39c
results/raw/runs/2d_euler/gpinn_subsampled/seed_7/model_adamw_final.pt,342491,2026-07-02T15:40:52.183398+00:00,001eb1fd2c81a1a1a642d3c75f804419f8e2c5ef671b4d88518038497e676630
results/raw/runs/2d_euler/gpinn_subsampled/seed_7/model_final.pt,342395,2026-07-02T15:40:52.187398+00:00,ccf8b831626eff83a4fde9179ea91cc3a5928dc39dfe1f2df9761cf9125b526a
results/raw/runs/2d_euler/gpinn_subsampled/seed_7/predictions/predict_final_grid.npz,892929,2026-07-02T15:40:52.259398+00:00,34733564b96d294d4745c8062735c36983d505ffea7fa6397752615158005b44
results/raw/runs/2d_euler/gpinn_subsampled/seed_7/predictions/prediction_info.json,55,2026-07-02T15:40:52.259398+00:00,3d885af4802f83f927195ab5160de2907b476aa803c21482b678ba53e2259d97
results/raw/runs/2d_euler/gpinn_subsampled/seed_7/status.json,103,2026-07-02T15:40:52.267398+00:00,08b7dbdd619036d85ea100b89706912a39a75ec857a33da7de7825f173458e10
results/raw/runs/2d_euler/lra_pinn/seed_100/_SUCCESS,8,2026-07-02T02:34:12.429973+00:00,81b2bd4ea98c8db66554fbc8d7637a1a69a130f331feb732b75caab4c4868fd5
results/raw/runs/2d_euler/lra_pinn/seed_100/config.json,1537,2026-07-02T02:20:20.132372+00:00,eed4752811b6dbfbd7a5d808f60c2274b681272e782de109a13228bd6230d213
results/raw/runs/2d_euler/lra_pinn/seed_100/diagnostics/lra_final_lambdas.json,323,2026-07-02T02:34:12.429973+00:00,f26a5573235e1de079c03bf3b33dd006b5aa7d8c2e24a768b5b36eb6ef91ff1a
results/raw/runs/2d_euler/lra_pinn/seed_100/diagnostics/lra_gradient_stats.csv,5617,2026-07-02T02:34:12.429973+00:00,6aada225d79a02c69a3aef6ecd94233944c15d8752ef133865e2347d553bcc10
results/raw/runs/2d_euler/lra_pinn/seed_100/diagnostics/lra_lambda_history.csv,5617,2026-07-02T02:34:12.429973+00:00,6aada225d79a02c69a3aef6ecd94233944c15d8752ef133865e2347d553bcc10
results/raw/runs/2d_euler/lra_pinn/seed_100/env.json,244,2026-07-02T02:20:20.132372+00:00,3ea9611b4a501b9d8258401458ea7fbd12107e673f8ddeac71518e0ffecb3269
results/raw/runs/2d_euler/lra_pinn/seed_100/history.csv,46883,2026-07-02T02:34:12.345973+00:00,621f7620a2224dcc5697843733d6ab9d749c17b9adb6ef7bf769e09bc3121cc0
results/raw/runs/2d_euler/lra_pinn/seed_100/method.json,458,2026-07-02T02:20:20.132372+00:00,b0f30434975da8eddc853e7889ede5109a3600fe6012bc0e26e818e699f782ad
results/raw/runs/2d_euler/lra_pinn/seed_100/metrics_adamw.json,4561,2026-07-21T04:37:38.774168+00:00,013cbb1fec9b4d26049bf812e43e28a2579abc61c50a17ce93aef2f9a8c068d0
results/raw/runs/2d_euler/lra_pinn/seed_100/metrics_final.json,4561,2026-07-21T04:37:38.774168+00:00,013cbb1fec9b4d26049bf812e43e28a2579abc61c50a17ce93aef2f9a8c068d0
results/raw/runs/2d_euler/lra_pinn/seed_100/model_adamw_final.pt,342491,2026-07-02T02:34:12.349973+00:00,8bb95e0a64bc2bb151cf395bb83910d706920c18f0001211e4d0aa358bb5796d
results/raw/runs/2d_euler/lra_pinn/seed_100/model_final.pt,342395,2026-07-02T02:34:12.349973+00:00,b8a5ba2362224a09c9072b00ce994efc630cae4796179f7aeee0f3b6fa1d4592
results/raw/runs/2d_euler/lra_pinn/seed_100/predictions/predict_final_grid.npz,888943,2026-07-02T02:34:12.429973+00:00,6df191979120bbc652b4f8a600b7195c371e2bb51efe5cc91171cc8cb87aea7f
results/raw/runs/2d_euler/lra_pinn/seed_100/predictions/prediction_info.json,55,2026-07-02T02:34:12.429973+00:00,3d885af4802f83f927195ab5160de2907b476aa803c21482b678ba53e2259d97
results/raw/runs/2d_euler/lra_pinn/seed_100/status.json,103,2026-07-02T02:34:12.429973+00:00,68786cf9e4eadc0ab7950a78bbb3cb4b8b5f13f7c065fcb2b078db3396635147
results/raw/runs/2d_euler/lra_pinn/seed_2026/_SUCCESS,8,2026-07-02T01:53:45.970520+00:00,81b2bd4ea98c8db66554fbc8d7637a1a69a130f331feb732b75caab4c4868fd5
results/raw/runs/2d_euler/lra_pinn/seed_2026/config.json,1539,2026-07-02T01:39:30.892848+00:00,c6719be61b7229acca03d558dca9c86c633b97a972e741719211d9c8bf09b590
results/raw/runs/2d_euler/lra_pinn/seed_2026/diagnostics/lra_final_lambdas.json,322,2026-07-02T01:53:45.970520+00:00,60bccc1830f5d6b57c08b2761ffea63337d2264ff150ba67e228ee33ccc08c09
results/raw/runs/2d_euler/lra_pinn/seed_2026/diagnostics/lra_gradient_stats.csv,5524,2026-07-02T01:53:45.970520+00:00,fd00ae2a0df1955668a52f1483912dc9c29add5275ac977a2b1e5c292a5ffb90
results/raw/runs/2d_euler/lra_pinn/seed_2026/diagnostics/lra_lambda_history.csv,5524,2026-07-02T01:53:45.970520+00:00,fd00ae2a0df1955668a52f1483912dc9c29add5275ac977a2b1e5c292a5ffb90
results/raw/runs/2d_euler/lra_pinn/seed_2026/env.json,244,2026-07-02T01:39:30.896848+00:00,3ea9611b4a501b9d8258401458ea7fbd12107e673f8ddeac71518e0ffecb3269
results/raw/runs/2d_euler/lra_pinn/seed_2026/history.csv,46511,2026-07-02T01:53:45.894520+00:00,8c757580419bcf0fef358cd4f1ca708359e8908b9bdcc7a46dee01ff7ed66c2f
results/raw/runs/2d_euler/lra_pinn/seed_2026/method.json,458,2026-07-02T01:39:30.896848+00:00,b0f30434975da8eddc853e7889ede5109a3600fe6012bc0e26e818e699f782ad
results/raw/runs/2d_euler/lra_pinn/seed_2026/metrics_adamw.json,4558,2026-07-21T04:37:38.778168+00:00,415e89eca7fa52a884e26f7f041937c79a3f42f5564495803ed960802c653425
results/raw/runs/2d_euler/lra_pinn/seed_2026/metrics_final.json,4558,2026-07-21T04:37:38.778168+00:00,415e89eca7fa52a884e26f7f041937c79a3f42f5564495803ed960802c653425
results/raw/runs/2d_euler/lra_pinn/seed_2026/model_adamw_final.pt,342491,2026-07-02T01:53:45.894520+00:00,49eec3ef6f1a1dff0b50c4fe7fcb554e7645c1db8c27103b5e809215fbdd4e9f
results/raw/runs/2d_euler/lra_pinn/seed_2026/model_final.pt,342395,2026-07-02T01:53:45.898520+00:00,0be0760533d3d482f4f543067c10d681c8067949eb6735cae7618f4bd5504ad6
results/raw/runs/2d_euler/lra_pinn/seed_2026/predictions/predict_final_grid.npz,896570,2026-07-02T01:53:45.966520+00:00,1e5c3fee4d835a9548b6b02a525fa2552ec367431e941f209d369cb6bf0e35b2
results/raw/runs/2d_euler/lra_pinn/seed_2026/predictions/prediction_info.json,55,2026-07-02T01:53:45.966520+00:00,3d885af4802f83f927195ab5160de2907b476aa803c21482b678ba53e2259d97
results/raw/runs/2d_euler/lra_pinn/seed_2026/status.json,102,2026-07-02T01:53:45.970520+00:00,efd8b31d9bf66368f5a50048710ff2179a81d300a0f52e199b0c1b37ae6ab2d8
results/raw/runs/2d_euler/lra_pinn/seed_31415/_SUCCESS,8,2026-07-02T02:48:22.988994+00:00,81b2bd4ea98c8db66554fbc8d7637a1a69a130f331feb732b75caab4c4868fd5
results/raw/runs/2d_euler/lra_pinn/seed_31415/config.json,1541,2026-07-02T02:34:12.597972+00:00,52748777c107eecf68ddbd5b13a88004b55e0bccbf9e4eb01c361a9c47301c4c
results/raw/runs/2d_euler/lra_pinn/seed_31415/diagnostics/lra_final_lambdas.json,322,2026-07-02T02:48:22.988994+00:00,a2cc822d5e218d12a68050986b1019f2702e5921d89a06185e292015d2e05c92
results/raw/runs/2d_euler/lra_pinn/seed_31415/diagnostics/lra_gradient_stats.csv,5555,2026-07-02T02:48:22.988994+00:00,bdaa5593d5714e301cd3c9fa20eff8f88d3d9f9f037edeec844f5f7f0df59211
results/raw/runs/2d_euler/lra_pinn/seed_31415/diagnostics/lra_lambda_history.csv,5555,2026-07-02T02:48:22.988994+00:00,bdaa5593d5714e301cd3c9fa20eff8f88d3d9f9f037edeec844f5f7f0df59211
results/raw/runs/2d_euler/lra_pinn/seed_31415/env.json,244,2026-07-02T02:34:12.597972+00:00,3ea9611b4a501b9d8258401458ea7fbd12107e673f8ddeac71518e0ffecb3269
results/raw/runs/2d_euler/lra_pinn/seed_31415/history.csv,46573,2026-07-02T02:48:22.908995+00:00,d207b9e63677c34084a81c5a7c3a8d76d16c7056e9f3bb6ca2cb77450dace112
results/raw/runs/2d_euler/lra_pinn/seed_31415/method.json,458,2026-07-02T02:34:12.597972+00:00,b0f30434975da8eddc853e7889ede5109a3600fe6012bc0e26e818e699f782ad
results/raw/runs/2d_euler/lra_pinn/seed_31415/metrics_adamw.json,4547,2026-07-21T04:37:38.778168+00:00,f6666cf3deeba475819ce4291b16b7926978e8910801c0af6f7a3efe4eb66df8
results/raw/runs/2d_euler/lra_pinn/seed_31415/metrics_final.json,4547,2026-07-21T04:37:38.778168+00:00,f6666cf3deeba475819ce4291b16b7926978e8910801c0af6f7a3efe4eb66df8
results/raw/runs/2d_euler/lra_pinn/seed_31415/model_adamw_final.pt,342491,2026-07-02T02:48:22.912995+00:00,89a6cb8f87256f5a2ff2ce2abf5d3a808bd06265c7155a08ae0f7c9fc96cd5fc
results/raw/runs/2d_euler/lra_pinn/seed_31415/model_final.pt,342395,2026-07-02T02:48:22.912995+00:00,58e714771b581b0f8e8fff030f614028c1d71fed430b0ae093b5cab6f37e0497
results/raw/runs/2d_euler/lra_pinn/seed_31415/predictions/predict_final_grid.npz,901291,2026-07-02T02:48:22.984994+00:00,d66c4f8dacf9200efcb014aadbd646ee7a7304462ae53bdd811a3ef10689eff6
results/raw/runs/2d_euler/lra_pinn/seed_31415/predictions/prediction_info.json,55,2026-07-02T02:48:22.984994+00:00,3d885af4802f83f927195ab5160de2907b476aa803c21482b678ba53e2259d97
results/raw/runs/2d_euler/lra_pinn/seed_31415/status.json,103,2026-07-02T02:48:22.988994+00:00,feb9c6a46578fa83f7e40f2cb3efdc3067e9fa15227941761190ea4360f1bcb2
results/raw/runs/2d_euler/lra_pinn/seed_42/_SUCCESS,8,2026-07-02T02:20:19.964374+00:00,81b2bd4ea98c8db66554fbc8d7637a1a69a130f331feb732b75caab4c4868fd5
results/raw/runs/2d_euler/lra_pinn/seed_42/config.json,1535,2026-07-02T02:05:59.029194+00:00,e6f0a89e8f2c17d82d88e9778cadb6e6170e1038bcb731851e76f5bd54ef7650
results/raw/runs/2d_euler/lra_pinn/seed_42/diagnostics/lra_final_lambdas.json,322,2026-07-02T02:20:19.964374+00:00,f653c2c2e5e8a16bdaf47cfa8ce1bf122d8ff938deade580c502fb41700301fa
results/raw/runs/2d_euler/lra_pinn/seed_42/diagnostics/lra_gradient_stats.csv,5547,2026-07-02T02:20:19.964374+00:00,0490414117f3852ed1ce9b3884e07bc61cd4345a0a8d703d466d8ebfa04195fa
results/raw/runs/2d_euler/lra_pinn/seed_42/diagnostics/lra_lambda_history.csv,5547,2026-07-02T02:20:19.960374+00:00,0490414117f3852ed1ce9b3884e07bc61cd4345a0a8d703d466d8ebfa04195fa
results/raw/runs/2d_euler/lra_pinn/seed_42/env.json,244,2026-07-02T02:05:59.029194+00:00,3ea9611b4a501b9d8258401458ea7fbd12107e673f8ddeac71518e0ffecb3269
results/raw/runs/2d_euler/lra_pinn/seed_42/history.csv,46723,2026-07-02T02:20:19.876374+00:00,b320f67989744672f3069ae968238993ef293d391702c02c54c52e9288695806
results/raw/runs/2d_euler/lra_pinn/seed_42/method.json,458,2026-07-02T02:05:59.029194+00:00,b0f30434975da8eddc853e7889ede5109a3600fe6012bc0e26e818e699f782ad
results/raw/runs/2d_euler/lra_pinn/seed_42/metrics_adamw.json,4558,2026-07-21T04:37:38.778168+00:00,6253e1e11bf5c80513c76418472831029396c597a51dd36afab32a0871ae9bde
results/raw/runs/2d_euler/lra_pinn/seed_42/metrics_final.json,4558,2026-07-21T04:37:38.778168+00:00,6253e1e11bf5c80513c76418472831029396c597a51dd36afab32a0871ae9bde
results/raw/runs/2d_euler/lra_pinn/seed_42/model_adamw_final.pt,342491,2026-07-02T02:20:19.880374+00:00,75e516d295e246c8fea444460917c85a30b875a64adff2e155c6f488ee15a573
results/raw/runs/2d_euler/lra_pinn/seed_42/model_final.pt,342395,2026-07-02T02:20:19.884374+00:00,186a5015f746df05982ced61f35e83cf092e79edde1f8b15e5494ddb74a1d026
results/raw/runs/2d_euler/lra_pinn/seed_42/predictions/predict_final_grid.npz,885225,2026-07-02T02:20:19.960374+00:00,bb5c6d27cc46ede9d6219224adf696b3e620d1d6453a6e11a9abe0ac570bed21
results/raw/runs/2d_euler/lra_pinn/seed_42/predictions/prediction_info.json,55,2026-07-02T02:20:19.960374+00:00,3d885af4802f83f927195ab5160de2907b476aa803c21482b678ba53e2259d97
results/raw/runs/2d_euler/lra_pinn/seed_42/status.json,103,2026-07-02T02:20:19.964374+00:00,5a5d944b9cb028e61906f24f2d47ee62bcf42f2107e2ab6e648e4d122e2972ee
results/raw/runs/2d_euler/lra_pinn/seed_7/_SUCCESS,8,2026-07-02T02:05:58.865194+00:00,81b2bd4ea98c8db66554fbc8d7637a1a69a130f331feb732b75caab4c4868fd5
results/raw/runs/2d_euler/lra_pinn/seed_7/config.json,1533,2026-07-02T01:53:46.142519+00:00,e3756d872428e437b9b73ca78283224378b8e25b8efc32008f3b616198108463
results/raw/runs/2d_euler/lra_pinn/seed_7/diagnostics/lra_final_lambdas.json,322,2026-07-02T02:05:58.865194+00:00,7a9339812f0e6335e4bb51a95cb17d9d953047828a9fc3846b04cb3f0b6a7d42
results/raw/runs/2d_euler/lra_pinn/seed_7/diagnostics/lra_gradient_stats.csv,5497,2026-07-02T02:05:58.861194+00:00,0f350228f2df36882ca749125c3a304d7e8cc030d429933f0c98f6e1b70d489d
results/raw/runs/2d_euler/lra_pinn/seed_7/diagnostics/lra_lambda_history.csv,5497,2026-07-02T02:05:58.861194+00:00,0f350228f2df36882ca749125c3a304d7e8cc030d429933f0c98f6e1b70d489d
results/raw/runs/2d_euler/lra_pinn/seed_7/env.json,244,2026-07-02T01:53:46.142519+00:00,3ea9611b4a501b9d8258401458ea7fbd12107e673f8ddeac71518e0ffecb3269
results/raw/runs/2d_euler/lra_pinn/seed_7/history.csv,46640,2026-07-02T02:05:58.781194+00:00,645d4c29fc973f70efc74aa372789c1ad80837161c89b40d7c47ed1a2c8760ec
results/raw/runs/2d_euler/lra_pinn/seed_7/method.json,458,2026-07-02T01:53:46.142519+00:00,b0f30434975da8eddc853e7889ede5109a3600fe6012bc0e26e818e699f782ad
results/raw/runs/2d_euler/lra_pinn/seed_7/metrics_adamw.json,4545,2026-07-21T04:37:38.782168+00:00,5b8b78b71b9a66e4298bad58fb88c1939575a03f1d42b7dcb387676bc38bc2ec
results/raw/runs/2d_euler/lra_pinn/seed_7/metrics_final.json,4545,2026-07-21T04:37:38.782168+00:00,5b8b78b71b9a66e4298bad58fb88c1939575a03f1d42b7dcb387676bc38bc2ec
results/raw/runs/2d_euler/lra_pinn/seed_7/model_adamw_final.pt,342491,2026-07-02T02:05:58.785195+00:00,05942c392f4159d83386f93de1a25de9d5cf86df2a5047600bdf5c3ef42747d8
results/raw/runs/2d_euler/lra_pinn/seed_7/model_final.pt,342395,2026-07-02T02:05:58.785195+00:00,70626a6b34612c3cfa3f144577183c7e84c3d949629675c8f6cce8d5db59875d
results/raw/runs/2d_euler/lra_pinn/seed_7/predictions/predict_final_grid.npz,894375,2026-07-02T02:05:58.861194+00:00,c3c02ab4b86de1099111a05436afe1e6860bd18969aa8825b3edc052a5a77ecc
results/raw/runs/2d_euler/lra_pinn/seed_7/predictions/prediction_info.json,55,2026-07-02T02:05:58.861194+00:00,3d885af4802f83f927195ab5160de2907b476aa803c21482b678ba53e2259d97
results/raw/runs/2d_euler/lra_pinn/seed_7/status.json,103,2026-07-02T02:05:58.865194+00:00,b1eb67e642668387f55c678d0ea34fb90b902d98ae6cbdb866b4ae2b4da38657
results/raw/runs/2d_euler/ours/seed_100/_SUCCESS,8,2026-08-04T09:01:54.338700+00:00,81b2bd4ea98c8db66554fbc8d7637a1a69a130f331feb732b75caab4c4868fd5
results/raw/runs/2d_euler/ours/seed_100/config.json,1533,2026-08-04T08:49:59.118840+00:00,36eb27fd400b748c372e35b14650f6c34f7af9238413f3c7415c03df2b4793d9
results/raw/runs/2d_euler/ours/seed_100/diagnostics/continuation_rng_state.pt,20837,2026-08-04T08:49:59.130839+00:00,1d26ac2b17124bf69ab7361a7cb19d8416e530cba26ec4e17c0bcfa402a0349f
results/raw/runs/2d_euler/ours/seed_100/diagnostics/gate_diagnostics.json,462,2026-08-04T09:01:54.334700+00:00,050b173c8101922e22c4c9119f50e042fdb000fd632442d0fb96267a09cf5035
results/raw/runs/2d_euler/ours/seed_100/diagnostics/warmup_verification.json,297,2026-08-04T09:01:54.334700+00:00,5fc8b538761de042e50f1697af24c3816aeaf89ce9a6ff6f8ffe7f139d655862
results/raw/runs/2d_euler/ours/seed_100/env.json,244,2026-08-04T08:49:59.118840+00:00,3ea9611b4a501b9d8258401458ea7fbd12107e673f8ddeac71518e0ffecb3269
results/raw/runs/2d_euler/ours/seed_100/history.csv,59715,2026-08-04T09:01:54.238700+00:00,ee0cf370ad728303cba72727208bdeccdfa8b521c8a7cf14e52480905cf1a177
results/raw/runs/2d_euler/ours/seed_100/method.json,506,2026-08-04T08:49:59.118840+00:00,eaf24815fccf50c12a08e033c7b761c531dc320b193a4d51497e17a9ed4f4bae
results/raw/runs/2d_euler/ours/seed_100/metrics_adamw.json,4851,2026-08-14T09:09:48.240648+00:00,ab662150a21f6007bbf35fe0641c2f65637cf9c9cea969d4912f9b8cb06c43da
results/raw/runs/2d_euler/ours/seed_100/metrics_final.json,4851,2026-08-14T09:09:48.240648+00:00,ab662150a21f6007bbf35fe0641c2f65637cf9c9cea969d4912f9b8cb06c43da
results/raw/runs/2d_euler/ours/seed_100/model_adamw_final.pt,342811,2026-08-04T09:01:54.242700+00:00,dce4444427b320ab0b5ebf36e62e8478d361d648484ef2bf8ea230812079d24a
results/raw/runs/2d_euler/ours/seed_100/model_final.pt,342715,2026-08-04T09:01:54.242700+00:00,fa87ed1eebc872222270f33a6edeff5b9245f6fa40372b66abc4b38bfea45fd0
results/raw/runs/2d_euler/ours/seed_100/predictions/predict_final_grid.npz,892084,2026-08-04T09:01:54.314700+00:00,4d8ad499a5b26def64884533b47f7b5fded098cf20294ad69757a5e863c07c87
results/raw/runs/2d_euler/ours/seed_100/predictions/prediction_info.json,55,2026-08-04T09:01:54.314700+00:00,3d885af4802f83f927195ab5160de2907b476aa803c21482b678ba53e2259d97
results/raw/runs/2d_euler/ours/seed_100/status.json,166,2026-08-04T09:01:54.338700+00:00,9548394c99da47c15a774bf6bed21fbfd7da72836b6173b7131bbe024cfa0c97
results/raw/runs/2d_euler/ours/seed_2026/_SUCCESS,8,2026-08-04T08:25:44.398678+00:00,81b2bd4ea98c8db66554fbc8d7637a1a69a130f331feb732b75caab4c4868fd5
results/raw/runs/2d_euler/ours/seed_2026/config.json,1535,2026-08-04T08:13:38.853126+00:00,71b0703a041996c8b6cb6b9443978bf7e2b8b6d5f2b1410a2e6121fca808028a
results/raw/runs/2d_euler/ours/seed_2026/diagnostics/continuation_rng_state.pt,20837,2026-08-04T08:13:38.865125+00:00,9e456b25f2a30c73e804a4490c9fe3278f61370c214f03ecaf42377dae3b5682
results/raw/runs/2d_euler/ours/seed_2026/diagnostics/gate_diagnostics.json,445,2026-08-04T08:25:44.398678+00:00,8cbbc5c58c5b6d3e086c113312078b99952893384afe097950cf15118e3076ba
results/raw/runs/2d_euler/ours/seed_2026/diagnostics/warmup_verification.json,298,2026-08-04T08:25:44.398678+00:00,9fb4ecb20ad4ea44ef702ab74d23251e48684fc065beb26b0ddccfb22fa006b9
results/raw/runs/2d_euler/ours/seed_2026/env.json,244,2026-08-04T08:13:38.853126+00:00,3ea9611b4a501b9d8258401458ea7fbd12107e673f8ddeac71518e0ffecb3269
results/raw/runs/2d_euler/ours/seed_2026/history.csv,59603,2026-08-04T08:25:44.302679+00:00,f6bd3e7c558d8330192f5e6665ab5a5be5a8251efebddc09fe68a4c27855c96f
results/raw/runs/2d_euler/ours/seed_2026/method.json,506,2026-08-04T08:13:38.853126+00:00,eaf24815fccf50c12a08e033c7b761c531dc320b193a4d51497e17a9ed4f4bae
results/raw/runs/2d_euler/ours/seed_2026/metrics_adamw.json,4841,2026-08-14T09:09:48.232648+00:00,b9940923a39119f998d75af57bf2e4d35d65c21fc82d5d8f0566cbd173fb479a
results/raw/runs/2d_euler/ours/seed_2026/metrics_final.json,4841,2026-08-14T09:09:48.232648+00:00,b9940923a39119f998d75af57bf2e4d35d65c21fc82d5d8f0566cbd173fb479a
results/raw/runs/2d_euler/ours/seed_2026/model_adamw_final.pt,342811,2026-08-04T08:25:44.302679+00:00,da9012156b93ad7ca654ad2d679854100d1361956a5e972fc1008511ccb24aba
results/raw/runs/2d_euler/ours/seed_2026/model_final.pt,342715,2026-08-04T08:25:44.306679+00:00,7595ea2615c84feb92ea9076511928b97d44a8cf636f0f68fe961265518baeea
results/raw/runs/2d_euler/ours/seed_2026/predictions/predict_final_grid.npz,889831,2026-08-04T08:25:44.378678+00:00,ad372bcbc3aa449df389df416c3ebdbdff9cddb7e227cf5f06789b3077348a5c
results/raw/runs/2d_euler/ours/seed_2026/predictions/prediction_info.json,55,2026-08-04T08:25:44.378678+00:00,3d885af4802f83f927195ab5160de2907b476aa803c21482b678ba53e2259d97
results/raw/runs/2d_euler/ours/seed_2026/status.json,167,2026-08-04T08:25:44.398678+00:00,9b61d3efc4eaed18aed8db4cd9b6eb9dc37bfe17925b6223524df57263cc8b9b
results/raw/runs/2d_euler/ours/seed_31415/_SUCCESS,8,2026-08-04T09:14:11.874757+00:00,81b2bd4ea98c8db66554fbc8d7637a1a69a130f331feb732b75caab4c4868fd5
results/raw/runs/2d_euler/ours/seed_31415/config.json,1537,2026-08-04T09:01:54.498699+00:00,97339616eb22bb4c1375ce9156b6f1d1e57693eaa8ba6d08958c87a1fc6064d1
results/raw/runs/2d_euler/ours/seed_31415/diagnostics/continuation_rng_state.pt,20901,2026-08-04T09:01:54.506699+00:00,f9e15402cc18bc7e2a120fa51042a1ca76ecb0a5f947eff3b0ab3d05266e6651
results/raw/runs/2d_euler/ours/seed_31415/diagnostics/gate_diagnostics.json,460,2026-08-04T09:14:11.870757+00:00,4b5a124dd4f680a8ffe1f5dbbd573ac371b9786574f2fdb55fda11873b00242d
results/raw/runs/2d_euler/ours/seed_31415/diagnostics/warmup_verification.json,299,2026-08-04T09:14:11.870757+00:00,cfc94c44881332011f905127055f12813deb5ae1bae8ae421b5a14a04ee02201
results/raw/runs/2d_euler/ours/seed_31415/env.json,244,2026-08-04T09:01:54.498699+00:00,3ea9611b4a501b9d8258401458ea7fbd12107e673f8ddeac71518e0ffecb3269
results/raw/runs/2d_euler/ours/seed_31415/history.csv,59649,2026-08-04T09:14:11.770757+00:00,5424f353f42a7290d674d1b39a485daa9adb0deef9d8f7cbb750e87ea836b67c
results/raw/runs/2d_euler/ours/seed_31415/method.json,506,2026-08-04T09:01:54.498699+00:00,eaf24815fccf50c12a08e033c7b761c531dc320b193a4d51497e17a9ed4f4bae
results/raw/runs/2d_euler/ours/seed_31415/metrics_adamw.json,4853,2026-08-14T09:09:48.244648+00:00,cab47528c0a69cbb2e0b6ceaa4d9212c5c441ab03d4dca28fe46b84af7f0174c
results/raw/runs/2d_euler/ours/seed_31415/metrics_final.json,4853,2026-08-14T09:09:48.240648+00:00,cab47528c0a69cbb2e0b6ceaa4d9212c5c441ab03d4dca28fe46b84af7f0174c
results/raw/runs/2d_euler/ours/seed_31415/model_adamw_final.pt,342811,2026-08-04T09:14:11.774757+00:00,24ddae60d78208797a355760babbf31ce884fc0976ef89cf116013977dbf7a68
results/raw/runs/2d_euler/ours/seed_31415/model_final.pt,342715,2026-08-04T09:14:11.774757+00:00,a70cd081ab4ef4a590772ad77b5dd4bb61b8211826773d7a991d8f00c5bd0b47
results/raw/runs/2d_euler/ours/seed_31415/predictions/predict_final_grid.npz,886561,2026-08-04T09:14:11.850757+00:00,c9be93c597f189fb2e7841905a5b1d6044dc37b1d6f682ba005651820620ac81
results/raw/runs/2d_euler/ours/seed_31415/predictions/prediction_info.json,55,2026-08-04T09:14:11.850757+00:00,3d885af4802f83f927195ab5160de2907b476aa803c21482b678ba53e2259d97
results/raw/runs/2d_euler/ours/seed_31415/status.json,166,2026-08-04T09:14:11.870757+00:00,c5d855873bda41cd59678ed05b17d45cf6a145ab312c0a271e847a5d1d8eb900
results/raw/runs/2d_euler/ours/seed_42/_SUCCESS,8,2026-08-04T08:49:58.902841+00:00,81b2bd4ea98c8db66554fbc8d7637a1a69a130f331feb732b75caab4c4868fd5
results/raw/runs/2d_euler/ours/seed_42/config.json,1531,2026-08-04T08:37:43.643449+00:00,f3d086b37e68b05b9e90c98c5116079a8561e65ee47b98a73633d8c7803dac5e
results/raw/runs/2d_euler/ours/seed_42/diagnostics/continuation_rng_state.pt,20901,2026-08-04T08:37:43.647449+00:00,99d1740eefda4094059e6dc25ab5e6d278c439a7eed4caed5bd9dfecd407db34
results/raw/runs/2d_euler/ours/seed_42/diagnostics/gate_diagnostics.json,449,2026-08-04T08:49:58.902841+00:00,b8bfb722d2dd66a90c9dd8311674895bfa93ce35c2557c6b69b67ddb45e03849
results/raw/runs/2d_euler/ours/seed_42/diagnostics/warmup_verification.json,296,2026-08-04T08:49:58.902841+00:00,3744bd33190947b90d5acfcb4eab1d52715dd8134d4ec8cddfcad775e8dc7a18
results/raw/runs/2d_euler/ours/seed_42/env.json,244,2026-08-04T08:37:43.643449+00:00,3ea9611b4a501b9d8258401458ea7fbd12107e673f8ddeac71518e0ffecb3269
results/raw/runs/2d_euler/ours/seed_42/history.csv,59628,2026-08-04T08:49:58.738842+00:00,a2a51bb0637695e078b49f213195d370b2f90bdd0a389d3c5074fda2fda22132
results/raw/runs/2d_euler/ours/seed_42/method.json,506,2026-08-04T08:37:43.643449+00:00,eaf24815fccf50c12a08e033c7b761c531dc320b193a4d51497e17a9ed4f4bae
results/raw/runs/2d_euler/ours/seed_42/metrics_adamw.json,4841,2026-08-14T09:09:48.236648+00:00,ac35e9f1ec94fd7940180ad6bdd8fe20c0cb5a2d022dfc029894e4990e9486c3
results/raw/runs/2d_euler/ours/seed_42/metrics_final.json,4841,2026-08-14T09:09:48.236648+00:00,ac35e9f1ec94fd7940180ad6bdd8fe20c0cb5a2d022dfc029894e4990e9486c3
results/raw/runs/2d_euler/ours/seed_42/model_adamw_final.pt,342811,2026-08-04T08:49:58.746842+00:00,27d4fe14300a9a50e0cccf276eb262a699829fd7c1815a79c2c52d31b7f975ed
results/raw/runs/2d_euler/ours/seed_42/model_final.pt,342715,2026-08-04T08:49:58.746842+00:00,3787e8ebaacea8c775b598af5a5a053a2ad70c2b47ae699700832192ef0c5d89
results/raw/runs/2d_euler/ours/seed_42/predictions/predict_final_grid.npz,880067,2026-08-04T08:49:58.878841+00:00,49b36553e250fe521bf5b12978655fcee1e23f3178a217d744004875daf06078
results/raw/runs/2d_euler/ours/seed_42/predictions/prediction_info.json,55,2026-08-04T08:49:58.878841+00:00,3d885af4802f83f927195ab5160de2907b476aa803c21482b678ba53e2259d97
results/raw/runs/2d_euler/ours/seed_42/status.json,167,2026-08-04T08:49:58.902841+00:00,c1299622bd371a2bee0340f04c7ef1e285404bd4d0e14ab0e9f44b445a552eb0
results/raw/runs/2d_euler/ours/seed_7/_SUCCESS,8,2026-08-04T08:37:43.387450+00:00,81b2bd4ea98c8db66554fbc8d7637a1a69a130f331feb732b75caab4c4868fd5
results/raw/runs/2d_euler/ours/seed_7/config.json,1529,2026-08-04T08:25:44.574677+00:00,bdd301e817372dc19290ae78f9f8c3622b96b883d23abbec828b5e2dcb329abb
results/raw/runs/2d_euler/ours/seed_7/diagnostics/continuation_rng_state.pt,20837,2026-08-04T08:25:44.606678+00:00,2e18830b8eaf9a0425afc2225e241e86e4a105eea3b0a5eacbbf521405861f59
results/raw/runs/2d_euler/ours/seed_7/diagnostics/gate_diagnostics.json,462,2026-08-04T08:37:43.387450+00:00,15b00599ba0ae25a19652a2b1ec8b41c1a991b2eed52710bee850e469fa74de9
results/raw/runs/2d_euler/ours/seed_7/diagnostics/warmup_verification.json,295,2026-08-04T08:37:43.387450+00:00,c9d8eefa80ebec1feb3b969e9b37d205d6ff27c2ee493bc97f52a068c12b03fe
results/raw/runs/2d_euler/ours/seed_7/env.json,244,2026-08-04T08:25:44.574677+00:00,3ea9611b4a501b9d8258401458ea7fbd12107e673f8ddeac71518e0ffecb3269
results/raw/runs/2d_euler/ours/seed_7/history.csv,59649,2026-08-04T08:37:43.287450+00:00,f335a91bbbd1a8a627e09a0a8930ec5cffb3f52a4dfdadcc5922526ba346ce63
results/raw/runs/2d_euler/ours/seed_7/method.json,506,2026-08-04T08:25:44.574677+00:00,eaf24815fccf50c12a08e033c7b761c531dc320b193a4d51497e17a9ed4f4bae
results/raw/runs/2d_euler/ours/seed_7/metrics_adamw.json,4852,2026-08-14T09:09:48.236648+00:00,40008bffd94b8a530ba040b9353a82cd762a9cf66beaecdadccd7ded0868a224
results/raw/runs/2d_euler/ours/seed_7/metrics_final.json,4852,2026-08-14T09:09:48.236648+00:00,40008bffd94b8a530ba040b9353a82cd762a9cf66beaecdadccd7ded0868a224
results/raw/runs/2d_euler/ours/seed_7/model_adamw_final.pt,342811,2026-08-04T08:37:43.291450+00:00,8f2594783e5c3a3768293f8007769895d1ba1bec4c66b86983a920b121f8535f
results/raw/runs/2d_euler/ours/seed_7/model_final.pt,342715,2026-08-04T08:37:43.291450+00:00,2d1bc0a7d66aeaf28ba7945ee30f9d9ada35eb32e3da08f9fbfb1d212ed74811
results/raw/runs/2d_euler/ours/seed_7/predictions/predict_final_grid.npz,881248,2026-08-04T08:37:43.363450+00:00,1facb885acfd9c2c0110d8b8f7a60c9990db561d5ac9ae02e64169dd4c06f056
results/raw/runs/2d_euler/ours/seed_7/predictions/prediction_info.json,55,2026-08-04T08:37:43.367450+00:00,3d885af4802f83f927195ab5160de2907b476aa803c21482b678ba53e2259d97
results/raw/runs/2d_euler/ours/seed_7/status.json,167,2026-08-04T08:37:43.387450+00:00,142861dbad7b820428f3893e1e6ad8e1e424fcc0190d25f8c18b7ca48a3ed416
results/raw/runs/2d_euler/pinn/seed_100/_SUCCESS,8,2026-07-01T06:27:46.631947+00:00,81b2bd4ea98c8db66554fbc8d7637a1a69a130f331feb732b75caab4c4868fd5
results/raw/runs/2d_euler/pinn/seed_100/config.json,1533,2026-07-01T06:17:42.202277+00:00,b15454993908aac6c1412b38e49a48c0d95e358725c0e6fe7345a0054251e752
results/raw/runs/2d_euler/pinn/seed_100/env.json,244,2026-07-01T06:17:42.202277+00:00,3ea9611b4a501b9d8258401458ea7fbd12107e673f8ddeac71518e0ffecb3269
results/raw/runs/2d_euler/pinn/seed_100/history.csv,21822,2026-07-01T06:27:46.543948+00:00,648ffec5ead11a3a3409e3bcb2b247a4fc31bf2859f1423647ee696ecde8be01
results/raw/runs/2d_euler/pinn/seed_100/method.json,181,2026-07-01T06:17:42.202277+00:00,de010c025bcdb3a880b9116e67fd3ff7d8aabf3ba4129e968ac7fd6f2d972020
results/raw/runs/2d_euler/pinn/seed_100/metrics_adamw.json,4405,2026-07-21T04:37:38.790168+00:00,b98a838822ed52309c45efbfa1d76fd0df650d7410079c7cfae01f369c336542
results/raw/runs/2d_euler/pinn/seed_100/metrics_final.json,4405,2026-07-21T04:37:38.790168+00:00,b98a838822ed52309c45efbfa1d76fd0df650d7410079c7cfae01f369c336542
results/raw/runs/2d_euler/pinn/seed_100/model_adamw_final.pt,342363,2026-07-01T06:27:46.547948+00:00,37366ecec2830cf90a9ba9576544d605263a388f1791e572a43e5a4828dadcdd
results/raw/runs/2d_euler/pinn/seed_100/model_final.pt,342267,2026-07-01T06:27:46.555948+00:00,cbb716378daeddc7c82adedb2537c24a622bc855a358e508e89c3534ba70eef8
results/raw/runs/2d_euler/pinn/seed_100/predictions/predict_final_grid.npz,892933,2026-07-01T06:27:46.631947+00:00,793cc257badb099dbb2b1596704b40f9d8748fdb6cfb77e02e9cf9ad025ebced
results/raw/runs/2d_euler/pinn/seed_100/predictions/prediction_info.json,55,2026-07-01T06:27:46.631947+00:00,3d885af4802f83f927195ab5160de2907b476aa803c21482b678ba53e2259d97
results/raw/runs/2d_euler/pinn/seed_100/status.json,103,2026-07-01T06:27:46.631947+00:00,213029a18deb3aaf2b4aae31cd6fa4f899bc00130a08889b2af0b2f26dfd5cb2
results/raw/runs/2d_euler/pinn/seed_2026/_SUCCESS,8,2026-07-01T05:07:00.240932+00:00,81b2bd4ea98c8db66554fbc8d7637a1a69a130f331feb732b75caab4c4868fd5
results/raw/runs/2d_euler/pinn/seed_2026/config.json,1535,2026-07-01T04:56:55.230111+00:00,d048de818d682e5dd083c8cb696102c49763d7039300c404fc0221eaafea2c80
results/raw/runs/2d_euler/pinn/seed_2026/env.json,244,2026-07-01T04:56:55.230111+00:00,3ea9611b4a501b9d8258401458ea7fbd12107e673f8ddeac71518e0ffecb3269
results/raw/runs/2d_euler/pinn/seed_2026/history.csv,21800,2026-07-01T05:07:00.160931+00:00,83a60cb8b37ad08e9204aa3900bab6ef808be9c3c8c7dd92d25c19034f3fd701
results/raw/runs/2d_euler/pinn/seed_2026/method.json,181,2026-07-01T04:56:55.230111+00:00,de010c025bcdb3a880b9116e67fd3ff7d8aabf3ba4129e968ac7fd6f2d972020
results/raw/runs/2d_euler/pinn/seed_2026/metrics_adamw.json,4399,2026-07-21T04:37:38.790168+00:00,0272eb374c9f30100add96e6fb3083add84f5e840a71cb0fcc3d84447fbee0d4
results/raw/runs/2d_euler/pinn/seed_2026/metrics_final.json,4399,2026-07-21T04:37:38.790168+00:00,0272eb374c9f30100add96e6fb3083add84f5e840a71cb0fcc3d84447fbee0d4
results/raw/runs/2d_euler/pinn/seed_2026/model_adamw_final.pt,342363,2026-07-01T05:07:00.164931+00:00,658799781079afcdac5e6bdad8275838a0d0dbb651afcc651dc060be3b434966
results/raw/runs/2d_euler/pinn/seed_2026/model_final.pt,342267,2026-07-01T05:07:00.164931+00:00,878551941ab784a31b23056fa63218f0a3347c5936008a8f4d9a94ac0e055322
results/raw/runs/2d_euler/pinn/seed_2026/predictions/predict_final_grid.npz,901478,2026-07-01T05:07:00.236931+00:00,7b71de3bb6cce2421e6205fb3d08d40e19ece81a1e0679cdbcefdfba4bdb9d1e
results/raw/runs/2d_euler/pinn/seed_2026/predictions/prediction_info.json,55,2026-07-01T05:07:00.236931+00:00,3d885af4802f83f927195ab5160de2907b476aa803c21482b678ba53e2259d97
results/raw/runs/2d_euler/pinn/seed_2026/status.json,103,2026-07-01T05:07:00.236931+00:00,c48eb8a56104dda3fc27d1b8924633633e874fcbfe4fbbbe048b833600073dde
results/raw/runs/2d_euler/pinn/seed_31415/_SUCCESS,8,2026-07-01T06:53:48.565485+00:00,81b2bd4ea98c8db66554fbc8d7637a1a69a130f331feb732b75caab4c4868fd5
results/raw/runs/2d_euler/pinn/seed_31415/config.json,1537,2026-07-01T06:43:52.488207+00:00,0413b46c8231f23fdd114dbdff19a7acc3fc9eb9c40dfc638068d2a5c35740b6
results/raw/runs/2d_euler/pinn/seed_31415/env.json,244,2026-07-01T06:43:52.488207+00:00,3ea9611b4a501b9d8258401458ea7fbd12107e673f8ddeac71518e0ffecb3269
results/raw/runs/2d_euler/pinn/seed_31415/history.csv,21791,2026-07-01T06:53:48.485485+00:00,02fa0eeb3a5d131c1d48ce4178af977e64c827e6d16362190bf996fe7040a54b
results/raw/runs/2d_euler/pinn/seed_31415/method.json,181,2026-07-01T06:43:52.488207+00:00,de010c025bcdb3a880b9116e67fd3ff7d8aabf3ba4129e968ac7fd6f2d972020
results/raw/runs/2d_euler/pinn/seed_31415/metrics_adamw.json,4418,2026-07-21T04:37:38.790168+00:00,52b0bfa483df264fd314b7124302c8423a2f034c675f0b435b1e66d57bff5444
results/raw/runs/2d_euler/pinn/seed_31415/metrics_final.json,4418,2026-07-21T04:37:38.790168+00:00,52b0bfa483df264fd314b7124302c8423a2f034c675f0b435b1e66d57bff5444
results/raw/runs/2d_euler/pinn/seed_31415/model_adamw_final.pt,342363,2026-07-01T06:53:48.485485+00:00,84dd028b6e9206a1539aec80e0332f1645c59b88af880522e797f7d86aab74be
results/raw/runs/2d_euler/pinn/seed_31415/model_final.pt,342267,2026-07-01T06:53:48.489485+00:00,79dc38ceb80f8fd8a41b58f327c767f504a2d31b6707628642cc214e7ce5176c
results/raw/runs/2d_euler/pinn/seed_31415/predictions/predict_final_grid.npz,892273,2026-07-01T06:53:48.561485+00:00,4daee654facfbe9e06349314f70988fa03058121bf06b9f508e787e89943d6d9
results/raw/runs/2d_euler/pinn/seed_31415/predictions/prediction_info.json,55,2026-07-01T06:53:48.561485+00:00,3d885af4802f83f927195ab5160de2907b476aa803c21482b678ba53e2259d97
results/raw/runs/2d_euler/pinn/seed_31415/status.json,103,2026-07-01T06:53:48.561485+00:00,5c7629d4be9c0c3186bfef00a1037f57681d698b8e563a4291cfb7658d84a2ed
results/raw/runs/2d_euler/pinn/seed_42/_SUCCESS,8,2026-07-01T06:01:21.955235+00:00,81b2bd4ea98c8db66554fbc8d7637a1a69a130f331feb732b75caab4c4868fd5
results/raw/runs/2d_euler/pinn/seed_42/config.json,1531,2026-07-01T05:51:27.803815+00:00,12cf9fcca35aca8479b1244b318dc521ebbf29b8ab7e1ee83669f4bd5f7f137d
results/raw/runs/2d_euler/pinn/seed_42/env.json,244,2026-07-01T05:51:27.803815+00:00,3ea9611b4a501b9d8258401458ea7fbd12107e673f8ddeac71518e0ffecb3269
results/raw/runs/2d_euler/pinn/seed_42/history.csv,21857,2026-07-01T06:01:21.871235+00:00,e5858e8d53fb13f80916f07be77960c72db3d4f9f560cd4c61b1fec9e91a8b02
results/raw/runs/2d_euler/pinn/seed_42/method.json,181,2026-07-01T05:51:27.803815+00:00,de010c025bcdb3a880b9116e67fd3ff7d8aabf3ba4129e968ac7fd6f2d972020
results/raw/runs/2d_euler/pinn/seed_42/metrics_adamw.json,4420,2026-07-21T04:37:38.794168+00:00,fdd59c7aa2fd8c99a315352e48b22a2c6a42d22e339c4a1c72534d0d354e6f7a
results/raw/runs/2d_euler/pinn/seed_42/metrics_final.json,4420,2026-07-21T04:37:38.794168+00:00,fdd59c7aa2fd8c99a315352e48b22a2c6a42d22e339c4a1c72534d0d354e6f7a
results/raw/runs/2d_euler/pinn/seed_42/model_adamw_final.pt,342363,2026-07-01T06:01:21.875236+00:00,cb45bf1adc5aa56dd8c33f8cd294486d8a64a36feb7eeea84c7456dea04aa97e
results/raw/runs/2d_euler/pinn/seed_42/model_final.pt,342267,2026-07-01T06:01:21.879236+00:00,1807a9477ecedcfef12d85491076063864f60a2a632f3eaf986691d44deb1e20
results/raw/runs/2d_euler/pinn/seed_42/predictions/predict_final_grid.npz,883332,2026-07-01T06:01:21.955235+00:00,02574b15f38f0594be0fdfce83ef287beaafec779061f212658c8d095badbb18
results/raw/runs/2d_euler/pinn/seed_42/predictions/prediction_info.json,55,2026-07-01T06:01:21.955235+00:00,3d885af4802f83f927195ab5160de2907b476aa803c21482b678ba53e2259d97
results/raw/runs/2d_euler/pinn/seed_42/status.json,103,2026-07-01T06:01:21.955235+00:00,285284dfc828d239283ecdf7e51940b32b144eb9b46653bc61ecdedf79a63a4f
results/raw/runs/2d_euler/pinn/seed_7/_SUCCESS,8,2026-07-01T05:35:27.902469+00:00,81b2bd4ea98c8db66554fbc8d7637a1a69a130f331feb732b75caab4c4868fd5
results/raw/runs/2d_euler/pinn/seed_7/config.json,1529,2026-07-01T05:25:24.184289+00:00,15d5ea1364f3a5c553cdde2b04840794a9944245e25232f54846ffe96373fc6f
results/raw/runs/2d_euler/pinn/seed_7/env.json,244,2026-07-01T05:25:24.184289+00:00,3ea9611b4a501b9d8258401458ea7fbd12107e673f8ddeac71518e0ffecb3269
results/raw/runs/2d_euler/pinn/seed_7/history.csv,21808,2026-07-01T05:35:27.814470+00:00,7214f5f16f9f0449bddf333ec4caa74c58c02460c149edcfb3f4af21083bf914
results/raw/runs/2d_euler/pinn/seed_7/method.json,181,2026-07-01T05:25:24.184289+00:00,de010c025bcdb3a880b9116e67fd3ff7d8aabf3ba4129e968ac7fd6f2d972020
results/raw/runs/2d_euler/pinn/seed_7/metrics_adamw.json,4408,2026-07-21T04:37:38.794168+00:00,706bbdc6a501f01a650d9273209f7845c45e89f9bd309d07dcc0251f127eb840
results/raw/runs/2d_euler/pinn/seed_7/metrics_final.json,4408,2026-07-21T04:37:38.794168+00:00,706bbdc6a501f01a650d9273209f7845c45e89f9bd309d07dcc0251f127eb840
results/raw/runs/2d_euler/pinn/seed_7/model_adamw_final.pt,342363,2026-07-01T05:35:27.818470+00:00,93303a20716fb0a6e3b4038a6db8cbddcfab79821c8871dafe5f80e78a69f0b3
results/raw/runs/2d_euler/pinn/seed_7/model_final.pt,342267,2026-07-01T05:35:27.818470+00:00,386b294548a32e00896756d90206ea8a06edbb90e08315e3413a68ef671229b0
results/raw/runs/2d_euler/pinn/seed_7/predictions/predict_final_grid.npz,888091,2026-07-01T05:35:27.898469+00:00,e8df3e23e8d04ded231d8de235cad5b10bdc808ca796d530b5813c0f674512d6
results/raw/runs/2d_euler/pinn/seed_7/predictions/prediction_info.json,55,2026-07-01T05:35:27.902469+00:00,3d885af4802f83f927195ab5160de2907b476aa803c21482b678ba53e2259d97
results/raw/runs/2d_euler/pinn/seed_7/status.json,103,2026-07-01T05:35:27.902469+00:00,10806f594d7d0b61b8e9762da54d19f2fe5db2a0bdcc55c312bee2045fd762d0
results/raw/runs/2d_euler/rad_pinn/seed_100/_SUCCESS,8,2026-07-01T10:58:06.851216+00:00,81b2bd4ea98c8db66554fbc8d7637a1a69a130f331feb732b75caab4c4868fd5
results/raw/runs/2d_euler/rad_pinn/seed_100/config.json,1537,2026-07-01T10:43:39.292175+00:00,dd5ca1cfe659dbd32243fa5cade84ea567b8c1f63f17425224a9bbe005dcbf97
results/raw/runs/2d_euler/rad_pinn/seed_100/diagnostics/rad_sampling_history.csv,3144,2026-07-01T10:58:06.847216+00:00,8ffc0ac35ed3438abf48eba78e9560278b862c67559306080beeb559d56f4e3a
results/raw/runs/2d_euler/rad_pinn/seed_100/env.json,244,2026-07-01T10:43:39.296175+00:00,3ea9611b4a501b9d8258401458ea7fbd12107e673f8ddeac71518e0ffecb3269
results/raw/runs/2d_euler/rad_pinn/seed_100/history.csv,36120,2026-07-01T10:58:06.775217+00:00,fc3e444163da3f788f17a843027da0072257123b86eb91c48fade78f15a0c885
results/raw/runs/2d_euler/rad_pinn/seed_100/method.json,413,2026-07-01T10:43:39.292175+00:00,6536f6caeed14b1c98620960c58ece26df348fc5b6be06e474da01bab6de368c
results/raw/runs/2d_euler/rad_pinn/seed_100/metrics_adamw.json,4444,2026-07-21T04:37:38.794168+00:00,039d74bf254747deac951000e16c46d2c0f7f9b37a26d3650a35b297a562e062
results/raw/runs/2d_euler/rad_pinn/seed_100/metrics_final.json,4444,2026-07-21T04:37:38.794168+00:00,039d74bf254747deac951000e16c46d2c0f7f9b37a26d3650a35b297a562e062
results/raw/runs/2d_euler/rad_pinn/seed_100/model_adamw_final.pt,342427,2026-07-01T10:58:06.775217+00:00,7e3629394142161e563a4d04926a2b4d687db959543722d6ba16e5c96dde7fa3
results/raw/runs/2d_euler/rad_pinn/seed_100/model_final.pt,342267,2026-07-01T10:58:06.779217+00:00,fc668a2145d69c526c3ee0af6e83d036f091283dbabd1416e4a48af169e34949
results/raw/runs/2d_euler/rad_pinn/seed_100/predictions/predict_final_grid.npz,900016,2026-07-01T10:58:06.847216+00:00,3c46ed5ada79442af235ff7f22f9b42330d38c2d8146a9d9166e74520b2a4a1b
results/raw/runs/2d_euler/rad_pinn/seed_100/predictions/prediction_info.json,55,2026-07-01T10:58:06.847216+00:00,3d885af4802f83f927195ab5160de2907b476aa803c21482b678ba53e2259d97
results/raw/runs/2d_euler/rad_pinn/seed_100/status.json,103,2026-07-01T10:58:06.847216+00:00,62dd5034ce237da1aeeba10d1b3faeed7e334df5c268978e664269eeece8da3c
results/raw/runs/2d_euler/rad_pinn/seed_2026/_SUCCESS,8,2026-07-01T10:14:15.904294+00:00,81b2bd4ea98c8db66554fbc8d7637a1a69a130f331feb732b75caab4c4868fd5
results/raw/runs/2d_euler/rad_pinn/seed_2026/config.json,1539,2026-07-01T09:59:31.702645+00:00,1fcbe524ee980960d1b2640a90167f6b75a792422ffb1c6b1e8d5dc7b8175a1b
results/raw/runs/2d_euler/rad_pinn/seed_2026/diagnostics/rad_sampling_history.csv,3138,2026-07-01T10:14:15.904294+00:00,dee7becf2ec7d10403e536216f4cc89592f64a452793bc1992d1ea1d3b98e16d
results/raw/runs/2d_euler/rad_pinn/seed_2026/env.json,244,2026-07-01T09:59:31.702645+00:00,3ea9611b4a501b9d8258401458ea7fbd12107e673f8ddeac71518e0ffecb3269
results/raw/runs/2d_euler/rad_pinn/seed_2026/history.csv,36090,2026-07-01T10:14:15.828293+00:00,9ffa02ebe62929c665004f18bcfb2fa2665aa6647b4ac811488ac6456cd8d0f3
results/raw/runs/2d_euler/rad_pinn/seed_2026/method.json,413,2026-07-01T09:59:31.702645+00:00,6536f6caeed14b1c98620960c58ece26df348fc5b6be06e474da01bab6de368c
results/raw/runs/2d_euler/rad_pinn/seed_2026/metrics_adamw.json,4446,2026-07-21T04:37:38.798168+00:00,92cc6e21dea07ea994ba16a50355e5130d35fcc80146eb34fb6ade542dd664b1
results/raw/runs/2d_euler/rad_pinn/seed_2026/metrics_final.json,4446,2026-07-21T04:37:38.798168+00:00,92cc6e21dea07ea994ba16a50355e5130d35fcc80146eb34fb6ade542dd664b1
results/raw/runs/2d_euler/rad_pinn/seed_2026/model_adamw_final.pt,342427,2026-07-01T10:14:15.832293+00:00,c7fd6155887d0bd8eb1eb81800da8f140828a57c73fc6018359b224f29ffc2c8
results/raw/runs/2d_euler/rad_pinn/seed_2026/model_final.pt,342267,2026-07-01T10:14:15.832293+00:00,588a76aeb17d9f24e0f5a969568827842ca3e28cb4729eef52bbd6f3939dfc8f
results/raw/runs/2d_euler/rad_pinn/seed_2026/predictions/predict_final_grid.npz,903991,2026-07-01T10:14:15.904294+00:00,1d2668e34f7f1644016b11891a23fe0a9cf7179ddbf3f8bae9e4b0b49e0f609a
results/raw/runs/2d_euler/rad_pinn/seed_2026/predictions/prediction_info.json,55,2026-07-01T10:14:15.904294+00:00,3d885af4802f83f927195ab5160de2907b476aa803c21482b678ba53e2259d97
results/raw/runs/2d_euler/rad_pinn/seed_2026/status.json,103,2026-07-01T10:14:15.904294+00:00,2c921a1f1f70a9d76109b24e84245a9aed4d3669731195cd6a7e011306bda3a8
results/raw/runs/2d_euler/rad_pinn/seed_31415/_SUCCESS,8,2026-07-01T11:12:25.283332+00:00,81b2bd4ea98c8db66554fbc8d7637a1a69a130f331feb732b75caab4c4868fd5
results/raw/runs/2d_euler/rad_pinn/seed_31415/config.json,1541,2026-07-01T10:58:07.011214+00:00,5feef2f6a9c3f862a313f60ffc2d9c15ab8d4abdf707b86c91a66ccdc9249406
results/raw/runs/2d_euler/rad_pinn/seed_31415/diagnostics/rad_sampling_history.csv,3159,2026-07-01T11:12:25.283332+00:00,2c02c06ac24d9b12b27c3a89d8d07eec1ac8ea3e9719474c5331a2bd20b62d3c
results/raw/runs/2d_euler/rad_pinn/seed_31415/env.json,244,2026-07-01T10:58:07.011214+00:00,3ea9611b4a501b9d8258401458ea7fbd12107e673f8ddeac71518e0ffecb3269
results/raw/runs/2d_euler/rad_pinn/seed_31415/history.csv,36124,2026-07-01T11:12:25.203333+00:00,5527f97353d16f085f80bf5ce33694786c9bbb8ab54eb2e727b6257e4d053620
results/raw/runs/2d_euler/rad_pinn/seed_31415/method.json,413,2026-07-01T10:58:07.011214+00:00,6536f6caeed14b1c98620960c58ece26df348fc5b6be06e474da01bab6de368c
results/raw/runs/2d_euler/rad_pinn/seed_31415/metrics_adamw.json,4398,2026-07-21T04:37:38.798168+00:00,aa53fdff9788cf949b2cedaca5e3a5a5b5221570cc2341479aa1c86ce7911a09
results/raw/runs/2d_euler/rad_pinn/seed_31415/metrics_final.json,4398,2026-07-21T04:37:38.798168+00:00,aa53fdff9788cf949b2cedaca5e3a5a5b5221570cc2341479aa1c86ce7911a09
results/raw/runs/2d_euler/rad_pinn/seed_31415/model_adamw_final.pt,342427,2026-07-01T11:12:25.207333+00:00,72ae71ceb2dfbc931359ca1e0755ccbf8fe5d1bf3b9efe85fc8a04d09288182a
results/raw/runs/2d_euler/rad_pinn/seed_31415/model_final.pt,342267,2026-07-01T11:12:25.207333+00:00,2ae2d1f41aedfb39c2a3941c368660c8112983a3c7b7c314d3f824d025c3bd11
results/raw/runs/2d_euler/rad_pinn/seed_31415/predictions/predict_final_grid.npz,899324,2026-07-01T11:12:25.279332+00:00,e57c9a1deeccaba781d6a8f38058cf659d00016a9778316fdd987e1c9e4ece13
results/raw/runs/2d_euler/rad_pinn/seed_31415/predictions/prediction_info.json,55,2026-07-01T11:12:25.279332+00:00,3d885af4802f83f927195ab5160de2907b476aa803c21482b678ba53e2259d97
results/raw/runs/2d_euler/rad_pinn/seed_31415/status.json,103,2026-07-01T11:12:25.283332+00:00,284af987cbba48b92b8fce245e216e112bdcc5781105103d5157935f9de9a3f9
results/raw/runs/2d_euler/rad_pinn/seed_42/_SUCCESS,8,2026-07-01T10:43:39.128176+00:00,81b2bd4ea98c8db66554fbc8d7637a1a69a130f331feb732b75caab4c4868fd5
results/raw/runs/2d_euler/rad_pinn/seed_42/config.json,1535,2026-07-01T10:28:59.946453+00:00,e7e475e7d5fb9005369f02f55c1ac08b14178ec4745dd0ab6d7c3afdc5eb7abe
results/raw/runs/2d_euler/rad_pinn/seed_42/diagnostics/rad_sampling_history.csv,3158,2026-07-01T10:43:39.128176+00:00,9829f32ce2092c7cdad2fa3358ff6fb90bd6bd116f56a3da1b9648d32bf2be5d
results/raw/runs/2d_euler/rad_pinn/seed_42/env.json,244,2026-07-01T10:28:59.946453+00:00,3ea9611b4a501b9d8258401458ea7fbd12107e673f8ddeac71518e0ffecb3269
results/raw/runs/2d_euler/rad_pinn/seed_42/history.csv,36184,2026-07-01T10:43:39.044176+00:00,5a40b1428d76b45a43e76790e3a0c2b867d9da9f7b6037a74de00f15d313b080
results/raw/runs/2d_euler/rad_pinn/seed_42/method.json,413,2026-07-01T10:28:59.946453+00:00,6536f6caeed14b1c98620960c58ece26df348fc5b6be06e474da01bab6de368c
results/raw/runs/2d_euler/rad_pinn/seed_42/metrics_adamw.json,4440,2026-07-21T04:37:38.802168+00:00,bf0ec523e6f1793f55f1311548c3eb88b082607e98b41db9f7f1a75508f72ee7
results/raw/runs/2d_euler/rad_pinn/seed_42/metrics_final.json,4440,2026-07-21T04:37:38.798168+00:00,bf0ec523e6f1793f55f1311548c3eb88b082607e98b41db9f7f1a75508f72ee7
results/raw/runs/2d_euler/rad_pinn/seed_42/model_adamw_final.pt,342427,2026-07-01T10:43:39.048176+00:00,3c2d74166e12c829eaa28d443f5baaf9657edf3e1d451f124eb6e9b7710ffcbf
results/raw/runs/2d_euler/rad_pinn/seed_42/model_final.pt,342267,2026-07-01T10:43:39.052176+00:00,58b1667c84a22aec4b5da84d0702a5283b7ecd641929ce6a6d8283278afd0446
results/raw/runs/2d_euler/rad_pinn/seed_42/predictions/predict_final_grid.npz,892621,2026-07-01T10:43:39.128176+00:00,a29ddff544d615e97962010332ad85af5c2b7cf49e22a9216ad2b35bfa2900ff
results/raw/runs/2d_euler/rad_pinn/seed_42/predictions/prediction_info.json,55,2026-07-01T10:43:39.128176+00:00,3d885af4802f83f927195ab5160de2907b476aa803c21482b678ba53e2259d97
results/raw/runs/2d_euler/rad_pinn/seed_42/status.json,101,2026-07-01T10:43:39.128176+00:00,1c10472c15fd1f784c69b07364597a0ced97c334b5a685a4dbd4dcd17a10e8c9
results/raw/runs/2d_euler/rad_pinn/seed_7/_SUCCESS,8,2026-07-01T10:28:59.778453+00:00,81b2bd4ea98c8db66554fbc8d7637a1a69a130f331feb732b75caab4c4868fd5
results/raw/runs/2d_euler/rad_pinn/seed_7/config.json,1533,2026-07-01T10:14:16.072295+00:00,0326767b85d48bafc988a22a9ef4dd394e1187a433a0571106ed9fc74bc42a1b
results/raw/runs/2d_euler/rad_pinn/seed_7/diagnostics/rad_sampling_history.csv,3133,2026-07-01T10:28:59.778453+00:00,dcd0c1842052941a4dd8724cea8a7ecd5c89b6f52485bfcbcf0fdf3e81188fbf
results/raw/runs/2d_euler/rad_pinn/seed_7/env.json,244,2026-07-01T10:14:16.076295+00:00,3ea9611b4a501b9d8258401458ea7fbd12107e673f8ddeac71518e0ffecb3269
results/raw/runs/2d_euler/rad_pinn/seed_7/history.csv,36149,2026-07-01T10:28:59.686453+00:00,5f5302332c8d633d4efaac3d9a2ea62a97c6c9fabd0f11ef129a9835fef2749e
results/raw/runs/2d_euler/rad_pinn/seed_7/method.json,413,2026-07-01T10:14:16.076295+00:00,6536f6caeed14b1c98620960c58ece26df348fc5b6be06e474da01bab6de368c
results/raw/runs/2d_euler/rad_pinn/seed_7/metrics_adamw.json,4438,2026-07-21T04:37:38.802168+00:00,bdd9897580065494e9d8cd3b50b5c7ca5d90ea03c30222f94ab17ce18852ebef
results/raw/runs/2d_euler/rad_pinn/seed_7/metrics_final.json,4438,2026-07-21T04:37:38.802168+00:00,bdd9897580065494e9d8cd3b50b5c7ca5d90ea03c30222f94ab17ce18852ebef
results/raw/runs/2d_euler/rad_pinn/seed_7/model_adamw_final.pt,342427,2026-07-01T10:28:59.694453+00:00,df15b1ff80975f8704b02faa2c15c93f1818e1baaa50cf466907ecc0f5a18d01
results/raw/runs/2d_euler/rad_pinn/seed_7/model_final.pt,342267,2026-07-01T10:28:59.698453+00:00,fb8a5409ab830736330598ba63437aaf7813f6c7508ba1b60eaaa2defac782b4
results/raw/runs/2d_euler/rad_pinn/seed_7/predictions/predict_final_grid.npz,893885,2026-07-01T10:28:59.774453+00:00,cab10ec4edd6ff4fbbb82e1c41d08a1acc3fa7112ee8318bc706a0799b041371
results/raw/runs/2d_euler/rad_pinn/seed_7/predictions/prediction_info.json,55,2026-07-01T10:28:59.778453+00:00,3d885af4802f83f927195ab5160de2907b476aa803c21482b678ba53e2259d97
results/raw/runs/2d_euler/rad_pinn/seed_7/status.json,102,2026-07-01T10:28:59.778453+00:00,e1a02c68c2cb35c095a02fff0d168aa770edfe86ec045a7a473c9a88d61555c3
results/raw/runs/2d_euler/rar_d_pinn/seed_100/_SUCCESS,8,2026-07-01T12:26:31.468188+00:00,81b2bd4ea98c8db66554fbc8d7637a1a69a130f331feb732b75caab4c4868fd5
results/raw/runs/2d_euler/rar_d_pinn/seed_100/config.json,1539,2026-07-01T12:11:58.599056+00:00,68da3484c2c2a2d21698965e21fd7a880f80b47af1db8ad3cf75deeed9a4b776
results/raw/runs/2d_euler/rar_d_pinn/seed_100/diagnostics/rard_active_points_final.npz,219198,2026-07-01T12:26:31.468188+00:00,74eb3b0c1900d8b797c203a99afdbee10e24f9ac3ef91d9b5fe4c763b42fc7db
results/raw/runs/2d_euler/rar_d_pinn/seed_100/diagnostics/rard_refinement_history.csv,2784,2026-07-01T12:26:31.456188+00:00,7a63f6d0cc6cffd9af16e58ea7434350ea36d4b243605fd9e0924ad2d68f9ed9
results/raw/runs/2d_euler/rar_d_pinn/seed_100/env.json,244,2026-07-01T12:11:58.603056+00:00,3ea9611b4a501b9d8258401458ea7fbd12107e673f8ddeac71518e0ffecb3269
results/raw/runs/2d_euler/rar_d_pinn/seed_100/history.csv,30907,2026-07-01T12:26:31.376189+00:00,d6f7096a599ceb6495566b41c61804b957960d2f642018893d3af89ada4933eb
results/raw/runs/2d_euler/rar_d_pinn/seed_100/method.json,381,2026-07-01T12:11:58.603056+00:00,6f0ac248a434364415255e6eefd160c96a49283b35dabd65bb48cd7e27e7417a
results/raw/runs/2d_euler/rar_d_pinn/seed_100/metrics_adamw.json,4513,2026-07-21T04:37:38.802168+00:00,2401c4c02fa48b8a36e78028639ee41f19695c5c24a097856bb06632332db98d
results/raw/runs/2d_euler/rar_d_pinn/seed_100/metrics_final.json,4513,2026-07-21T04:37:38.802168+00:00,2401c4c02fa48b8a36e78028639ee41f19695c5c24a097856bb06632332db98d
results/raw/runs/2d_euler/rar_d_pinn/seed_100/model_adamw_final.pt,342491,2026-07-01T12:26:31.380188+00:00,7b6ae85a5d2aeb55252cc9f7d34ab2365922fcaf4551e8338980ebe02901c40c
results/raw/runs/2d_euler/rar_d_pinn/seed_100/model_final.pt,342395,2026-07-01T12:26:31.380188+00:00,7a0c24c216f31296fecec0e953ee706093cf0a0b99e05dbff886100b780a8d83
results/raw/runs/2d_euler/rar_d_pinn/seed_100/predictions/predict_final_grid.npz,898272,2026-07-01T12:26:31.456188+00:00,37db513362be7dd89c6c81a1832756299b47f7edcc0be947ea319fb17110233f
results/raw/runs/2d_euler/rar_d_pinn/seed_100/predictions/prediction_info.json,55,2026-07-01T12:26:31.456188+00:00,3d885af4802f83f927195ab5160de2907b476aa803c21482b678ba53e2259d97
results/raw/runs/2d_euler/rar_d_pinn/seed_100/status.json,103,2026-07-01T12:26:31.468188+00:00,dc21041c1b5ac06f4e2b7b08f39e2e0ff232b8998f849496c5f9c8722bfa45be
results/raw/runs/2d_euler/rar_d_pinn/seed_2026/_SUCCESS,8,2026-07-01T11:41:36.804029+00:00,81b2bd4ea98c8db66554fbc8d7637a1a69a130f331feb732b75caab4c4868fd5
results/raw/runs/2d_euler/rar_d_pinn/seed_2026/config.json,1541,2026-07-01T11:27:20.565513+00:00,72c77371add1e3e6f2efd98454f10b70a565b1455cd8888d73c036aa50f04653
results/raw/runs/2d_euler/rar_d_pinn/seed_2026/diagnostics/rard_active_points_final.npz,219255,2026-07-01T11:41:36.800029+00:00,9c34d3701393c31c1249c0ff573680fa334d85296bb0c999f24945d941d84c6b
results/raw/runs/2d_euler/rar_d_pinn/seed_2026/diagnostics/rard_refinement_history.csv,2780,2026-07-01T11:41:36.788029+00:00,53b280b97a332f9de292b681fa5b2099e5bfc1dc95bf88234150df7bfbf7d03c
results/raw/runs/2d_euler/rar_d_pinn/seed_2026/env.json,244,2026-07-01T11:27:20.569513+00:00,3ea9611b4a501b9d8258401458ea7fbd12107e673f8ddeac71518e0ffecb3269
results/raw/runs/2d_euler/rar_d_pinn/seed_2026/history.csv,30889,2026-07-01T11:41:36.708030+00:00,5d9ee90f109f97f08679a9452263f4c8c8a0d227ab274fc16a711e783b103d2f
results/raw/runs/2d_euler/rar_d_pinn/seed_2026/method.json,381,2026-07-01T11:27:20.565513+00:00,6f0ac248a434364415255e6eefd160c96a49283b35dabd65bb48cd7e27e7417a
results/raw/runs/2d_euler/rar_d_pinn/seed_2026/metrics_adamw.json,4510,2026-07-21T04:37:38.802168+00:00,aeff1dedb0a9fe5ead368df7553fec42c43c46550cd4ae396a388ac59b05211c
results/raw/runs/2d_euler/rar_d_pinn/seed_2026/metrics_final.json,4510,2026-07-21T04:37:38.802168+00:00,aeff1dedb0a9fe5ead368df7553fec42c43c46550cd4ae396a388ac59b05211c
results/raw/runs/2d_euler/rar_d_pinn/seed_2026/model_adamw_final.pt,342491,2026-07-01T11:41:36.712030+00:00,7ea317f47358064b852317f1980e14f6bb1dbab43a2022bbfa194df44d4f4342
results/raw/runs/2d_euler/rar_d_pinn/seed_2026/model_final.pt,342395,2026-07-01T11:41:36.712030+00:00,dbf19d6e3c3f92a92ce06766fea024174e89464d096fff83d865d92823f14d19
results/raw/runs/2d_euler/rar_d_pinn/seed_2026/predictions/predict_final_grid.npz,904170,2026-07-01T11:41:36.788029+00:00,ca2eabc4782683df73b0abe04e3037e8a4e47eeb2e6f94c166c9f8599aa7ccd5
results/raw/runs/2d_euler/rar_d_pinn/seed_2026/predictions/prediction_info.json,55,2026-07-01T11:41:36.788029+00:00,3d885af4802f83f927195ab5160de2907b476aa803c21482b678ba53e2259d97
results/raw/runs/2d_euler/rar_d_pinn/seed_2026/status.json,103,2026-07-01T11:41:36.804029+00:00,7b40d1489b6be64823d64ec045f44fe9147ac01ad830023424304dba47398bb6
results/raw/runs/2d_euler/rar_d_pinn/seed_31415/_SUCCESS,8,2026-07-01T12:40:57.366542+00:00,81b2bd4ea98c8db66554fbc8d7637a1a69a130f331feb732b75caab4c4868fd5
results/raw/runs/2d_euler/rar_d_pinn/seed_31415/config.json,1543,2026-07-01T12:26:31.636188+00:00,a80f2e29ca27d6f8ea1fcb90f8e563616506ce0d693c08c62032dc1b88f5cf6a
results/raw/runs/2d_euler/rar_d_pinn/seed_31415/diagnostics/rard_active_points_final.npz,219188,2026-07-01T12:40:57.366542+00:00,eeb248cb57bc19caeb2fd30bbfa179b00b47c248f98f2716b24e8dc9919a102e
results/raw/runs/2d_euler/rar_d_pinn/seed_31415/diagnostics/rard_refinement_history.csv,2788,2026-07-01T12:40:57.354542+00:00,966a2e1971dd300715308c3bd531c51a4f8bd50ede1b7006e3aa241a2ffb8fd6
results/raw/runs/2d_euler/rar_d_pinn/seed_31415/env.json,244,2026-07-01T12:26:31.636188+00:00,3ea9611b4a501b9d8258401458ea7fbd12107e673f8ddeac71518e0ffecb3269
results/raw/runs/2d_euler/rar_d_pinn/seed_31415/history.csv,30911,2026-07-01T12:40:57.270543+00:00,bddebce324766e349780c789a294cd163be745befbca456d81338274362d2811
results/raw/runs/2d_euler/rar_d_pinn/seed_31415/method.json,381,2026-07-01T12:26:31.636188+00:00,6f0ac248a434364415255e6eefd160c96a49283b35dabd65bb48cd7e27e7417a
results/raw/runs/2d_euler/rar_d_pinn/seed_31415/metrics_adamw.json,4516,2026-07-21T04:37:38.806168+00:00,c2681898f55e8c55f9fa72713504b2a9b97ab35bf9ae9f3a304d91e67713a75b
results/raw/runs/2d_euler/rar_d_pinn/seed_31415/metrics_final.json,4516,2026-07-21T04:37:38.806168+00:00,c2681898f55e8c55f9fa72713504b2a9b97ab35bf9ae9f3a304d91e67713a75b
results/raw/runs/2d_euler/rar_d_pinn/seed_31415/model_adamw_final.pt,342491,2026-07-01T12:40:57.274543+00:00,c20170dbbe9be976d9f477e937719299a5b97c59df38406254fd4588ff472d00
results/raw/runs/2d_euler/rar_d_pinn/seed_31415/model_final.pt,342395,2026-07-01T12:40:57.274543+00:00,38e37678de5dc316a4f90d7a34a8e388be627501393a63d5394da67bf3c8a62c
results/raw/runs/2d_euler/rar_d_pinn/seed_31415/predictions/predict_final_grid.npz,894915,2026-07-01T12:40:57.354542+00:00,bfa20d2cf19e874b15b62da313ea5dcd96318ed485cefc20a0a8a576f4b5d537
results/raw/runs/2d_euler/rar_d_pinn/seed_31415/predictions/prediction_info.json,55,2026-07-01T12:40:57.354542+00:00,3d885af4802f83f927195ab5160de2907b476aa803c21482b678ba53e2259d97
results/raw/runs/2d_euler/rar_d_pinn/seed_31415/status.json,103,2026-07-01T12:40:57.366542+00:00,acebe8ce02b224f3268ec0396083d6d028051b0ad4f7f0c40ce1e3fb7c605a6a
results/raw/runs/2d_euler/rar_d_pinn/seed_42/_SUCCESS,8,2026-07-01T12:11:58.267056+00:00,81b2bd4ea98c8db66554fbc8d7637a1a69a130f331feb732b75caab4c4868fd5
results/raw/runs/2d_euler/rar_d_pinn/seed_42/config.json,1537,2026-07-01T11:57:24.621491+00:00,e1479ca0bcb9f01a840c7b236186070f10173ac022bc0bc9ce403d34d4322010
results/raw/runs/2d_euler/rar_d_pinn/seed_42/diagnostics/rard_active_points_final.npz,219202,2026-07-01T12:11:58.267056+00:00,7189b49bea62ac5f9b8ae0c123194f1f3da476d8c8138d81dafd416433644f9b
results/raw/runs/2d_euler/rar_d_pinn/seed_42/diagnostics/rard_refinement_history.csv,2795,2026-07-01T12:11:58.251056+00:00,7038f068125b36c2349213347e5b39a89d1a5e62faa5f1e094c0d54ebd407ed5
results/raw/runs/2d_euler/rar_d_pinn/seed_42/env.json,244,2026-07-01T11:57:24.625491+00:00,3ea9611b4a501b9d8258401458ea7fbd12107e673f8ddeac71518e0ffecb3269
results/raw/runs/2d_euler/rar_d_pinn/seed_42/history.csv,30911,2026-07-01T12:11:58.167057+00:00,d30e0d90cacd48c73043f9e818484332562bec748d47370c8db91d7a169e73b6
results/raw/runs/2d_euler/rar_d_pinn/seed_42/method.json,381,2026-07-01T11:57:24.625491+00:00,6f0ac248a434364415255e6eefd160c96a49283b35dabd65bb48cd7e27e7417a
results/raw/runs/2d_euler/rar_d_pinn/seed_42/metrics_adamw.json,4543,2026-07-21T04:37:38.806168+00:00,969dcd8cd8eb4e54765023370c024a8698ac703cd0a6a155a66dd28903fc43cc
results/raw/runs/2d_euler/rar_d_pinn/seed_42/metrics_final.json,4543,2026-07-21T04:37:38.806168+00:00,969dcd8cd8eb4e54765023370c024a8698ac703cd0a6a155a66dd28903fc43cc
results/raw/runs/2d_euler/rar_d_pinn/seed_42/model_adamw_final.pt,342491,2026-07-01T12:11:58.171057+00:00,8f199f1d198ad39ccc53e501bbc5afe7b8506120ef36d3e2520c0851c83bb4ef
results/raw/runs/2d_euler/rar_d_pinn/seed_42/model_final.pt,342395,2026-07-01T12:11:58.175057+00:00,f6d3a4a59faf4993c6595ddb7655b94cb612756e945d75bb5082eedbb472b14a
results/raw/runs/2d_euler/rar_d_pinn/seed_42/predictions/predict_final_grid.npz,892260,2026-07-01T12:11:58.251056+00:00,627ec15c6494f8eb58b8a588faf591795d2bb35b3e86688ee6b4010b3294c2ac
results/raw/runs/2d_euler/rar_d_pinn/seed_42/predictions/prediction_info.json,55,2026-07-01T12:11:58.251056+00:00,3d885af4802f83f927195ab5160de2907b476aa803c21482b678ba53e2259d97
results/raw/runs/2d_euler/rar_d_pinn/seed_42/status.json,103,2026-07-01T12:11:58.267056+00:00,0a4a8ac91ab53f7a0e6d79f802965c4c87489f39292c59d6d670cb3dbdf388c0
results/raw/runs/2d_euler/rar_d_pinn/seed_7/_SUCCESS,8,2026-07-01T11:57:24.449490+00:00,81b2bd4ea98c8db66554fbc8d7637a1a69a130f331feb732b75caab4c4868fd5
results/raw/runs/2d_euler/rar_d_pinn/seed_7/config.json,1535,2026-07-01T11:42:52.735521+00:00,b2d4638277da94c2c00be6e428ac3e46479e858337e4ba26f732589b306cead2
results/raw/runs/2d_euler/rar_d_pinn/seed_7/diagnostics/rard_active_points_final.npz,219149,2026-07-01T11:57:24.449490+00:00,96fc7b25b5f1cd2b533be6fd9bf809924cdcbfdbfbdf054a113f93c8eae1e302
results/raw/runs/2d_euler/rar_d_pinn/seed_7/diagnostics/rard_refinement_history.csv,2786,2026-07-01T11:57:24.437490+00:00,56692a841d6d07f084934387068836d5d8b314a946fedad090619dc23d11db55
results/raw/runs/2d_euler/rar_d_pinn/seed_7/env.json,244,2026-07-01T11:42:52.735521+00:00,3ea9611b4a501b9d8258401458ea7fbd12107e673f8ddeac71518e0ffecb3269
results/raw/runs/2d_euler/rar_d_pinn/seed_7/history.csv,30872,2026-07-01T11:57:24.353489+00:00,b4f17eef92b3c7d296629469690d01b9afa851c467b4455d6ad4932ed1213226
results/raw/runs/2d_euler/rar_d_pinn/seed_7/method.json,381,2026-07-01T11:42:52.735521+00:00,6f0ac248a434364415255e6eefd160c96a49283b35dabd65bb48cd7e27e7417a
results/raw/runs/2d_euler/rar_d_pinn/seed_7/metrics_adamw.json,4522,2026-07-21T04:37:38.806168+00:00,46d5035b5f2705830a405050ac4948aebb4dcedea7b4201a4e59b0eaeba33c77
results/raw/runs/2d_euler/rar_d_pinn/seed_7/metrics_final.json,4522,2026-07-21T04:37:38.806168+00:00,46d5035b5f2705830a405050ac4948aebb4dcedea7b4201a4e59b0eaeba33c77
results/raw/runs/2d_euler/rar_d_pinn/seed_7/model_adamw_final.pt,342491,2026-07-01T11:57:24.357489+00:00,a3c828c829eabbefe193755ec767fa706b0c1b3583838cf1d68ef3c9fa768da1
results/raw/runs/2d_euler/rar_d_pinn/seed_7/model_final.pt,342395,2026-07-01T11:57:24.357489+00:00,6b6ad5b6cc7bd727a45e50af0dca0f7027a3091bb6c2e1b09a04acf366073040
results/raw/runs/2d_euler/rar_d_pinn/seed_7/predictions/predict_final_grid.npz,892048,2026-07-01T11:57:24.433490+00:00,19fa6582bafe683eb0c0e2568e9e0b75fd29190e133c557de8df83a68febaadf
results/raw/runs/2d_euler/rar_d_pinn/seed_7/predictions/prediction_info.json,55,2026-07-01T11:57:24.433490+00:00,3d885af4802f83f927195ab5160de2907b476aa803c21482b678ba53e2259d97
results/raw/runs/2d_euler/rar_d_pinn/seed_7/status.json,103,2026-07-01T11:57:24.449490+00:00,37c92cceb2ee2d2afd8b97f61e53aec1d3ae6f3e46379dc9b5bf2b495f6c7cfe
results/raw/runs/2d_euler/sa_pinn/seed_100/_SUCCESS,8,2026-07-01T14:11:45.713276+00:00,81b2bd4ea98c8db66554fbc8d7637a1a69a130f331feb732b75caab4c4868fd5
results/raw/runs/2d_euler/sa_pinn/seed_100/config.json,1536,2026-07-01T13:57:26.581574+00:00,70feefdafe163ef26a543afdbc8d21c0284160597f39e400cf22bd311c5ed34c
results/raw/runs/2d_euler/sa_pinn/seed_100/diagnostics/sa_training_points_fixed.npz,289845,2026-07-01T14:11:45.709276+00:00,34ff878a218ccd772dffaa3570b317b71247bbc3e1c649988ae36981f53f84a0
results/raw/runs/2d_euler/sa_pinn/seed_100/diagnostics/sa_weight_history.csv,55681,2026-07-01T14:11:45.689276+00:00,ec846a2c0affcd5d7ef8fac30063ee4b2c7c9ec084538296880c8ed6a88feb48
results/raw/runs/2d_euler/sa_pinn/seed_100/diagnostics/sa_weight_state_final.pt,115625,2026-07-01T14:11:45.709276+00:00,41f91b8189dc3f17831d3ddca40bd0155e3af62d80e9fcfff2415499ca9e5919
results/raw/runs/2d_euler/sa_pinn/seed_100/diagnostics/sa_weight_summary.json,240,2026-07-01T14:11:45.689276+00:00,565e6b28fbbca44c51ba0d28d2c6037f87386e8d7d02f6d57562963067476e18
results/raw/runs/2d_euler/sa_pinn/seed_100/diagnostics/sa_weights_final.npz,2537,2026-07-01T14:11:45.693276+00:00,cdccd4253f60a69c7ded563371247621322b6d0f2702bc45df88c7fb35ac4eb8
results/raw/runs/2d_euler/sa_pinn/seed_100/env.json,244,2026-07-01T13:57:26.581574+00:00,3ea9611b4a501b9d8258401458ea7fbd12107e673f8ddeac71518e0ffecb3269
results/raw/runs/2d_euler/sa_pinn/seed_100/history.csv,55681,2026-07-01T14:11:45.577279+00:00,ec846a2c0affcd5d7ef8fac30063ee4b2c7c9ec084538296880c8ed6a88feb48
results/raw/runs/2d_euler/sa_pinn/seed_100/method.json,417,2026-07-01T13:57:26.581574+00:00,91c63ead7b1a96027286e16826a87ce01a4209f918fd0f8ef0367308128d2fa8
results/raw/runs/2d_euler/sa_pinn/seed_100/metrics_adamw.json,4532,2026-07-21T04:37:38.810168+00:00,5212bd49c121ee671419fbb9e94cea9723d46960b6f8b80992455e9885f88b57
results/raw/runs/2d_euler/sa_pinn/seed_100/metrics_final.json,4532,2026-07-21T04:37:38.810168+00:00,5212bd49c121ee671419fbb9e94cea9723d46960b6f8b80992455e9885f88b57
results/raw/runs/2d_euler/sa_pinn/seed_100/model_adamw_final.pt,342555,2026-07-01T14:11:45.581279+00:00,c85077f01bc2e2dea5d1331f7c742ed409219d4d306a0dc4c3f9da1ce997d75f
results/raw/runs/2d_euler/sa_pinn/seed_100/model_final.pt,342459,2026-07-01T14:11:45.585278+00:00,fc720a576aec44616c082ccca3a4c92e5dfccbb20d632458534b99fd6f9b091e
results/raw/runs/2d_euler/sa_pinn/seed_100/predictions/predict_final_grid.npz,896678,2026-07-01T14:11:45.681277+00:00,7c63444e554ea84fc071e04036513460e9d50cbbc89533197bf5b30de8ce33c3
results/raw/runs/2d_euler/sa_pinn/seed_100/predictions/prediction_info.json,55,2026-07-01T14:11:45.681277+00:00,3d885af4802f83f927195ab5160de2907b476aa803c21482b678ba53e2259d97
results/raw/runs/2d_euler/sa_pinn/seed_100/status.json,101,2026-07-01T14:11:45.709276+00:00,bcc174282de07ad3033a3b0eddd2e970b7de8e5bfa70fc516bf42ceb6062921d
results/raw/runs/2d_euler/sa_pinn/seed_2026/_SUCCESS,8,2026-07-01T13:24:53.424574+00:00,81b2bd4ea98c8db66554fbc8d7637a1a69a130f331feb732b75caab4c4868fd5
results/raw/runs/2d_euler/sa_pinn/seed_2026/config.json,1538,2026-07-01T13:08:26.253843+00:00,5e49db3e09853ae2086a59909becd4d37f6ef3f8056a0e9167385e37d64d42a4
results/raw/runs/2d_euler/sa_pinn/seed_2026/diagnostics/sa_training_points_fixed.npz,289725,2026-07-01T13:24:53.424574+00:00,0f9983ce2ca44ae63c3215f55d9be4f824f3e892055ef4d37905fd9fe7f5abb6
results/raw/runs/2d_euler/sa_pinn/seed_2026/diagnostics/sa_weight_history.csv,55517,2026-07-01T13:24:53.400574+00:00,b4ea43d086273515bc96488f4031cd15588fc1a77dcac72f87553420b48c5a2f
results/raw/runs/2d_euler/sa_pinn/seed_2026/diagnostics/sa_weight_state_final.pt,115625,2026-07-01T13:24:53.424574+00:00,b068f2ee91ac813d0b92932bc5c9d4d5a9604ebd174519aa9b310aae09a4bd6b
results/raw/runs/2d_euler/sa_pinn/seed_2026/diagnostics/sa_weight_summary.json,240,2026-07-01T13:24:53.400574+00:00,ac2a554093201abd872531a59b0314d57aa19e171fa9c1b6d74c869cc1e51e37
results/raw/runs/2d_euler/sa_pinn/seed_2026/diagnostics/sa_weights_final.npz,3163,2026-07-01T13:24:53.404574+00:00,9d35c81925ed728a4ca0ab1967b48d15443e26840b4ea60ad83dd7ef2d8cd2f7
results/raw/runs/2d_euler/sa_pinn/seed_2026/env.json,244,2026-07-01T13:08:26.253843+00:00,3ea9611b4a501b9d8258401458ea7fbd12107e673f8ddeac71518e0ffecb3269
results/raw/runs/2d_euler/sa_pinn/seed_2026/history.csv,55517,2026-07-01T13:24:53.264575+00:00,b4ea43d086273515bc96488f4031cd15588fc1a77dcac72f87553420b48c5a2f
results/raw/runs/2d_euler/sa_pinn/seed_2026/method.json,417,2026-07-01T13:08:26.253843+00:00,91c63ead7b1a96027286e16826a87ce01a4209f918fd0f8ef0367308128d2fa8
results/raw/runs/2d_euler/sa_pinn/seed_2026/metrics_adamw.json,4566,2026-07-21T04:37:38.810168+00:00,95bc36342a3029cf40f2fa637a493aa5a0ac96138f992116ccd2872cce4ddac3
results/raw/runs/2d_euler/sa_pinn/seed_2026/metrics_final.json,4566,2026-07-21T04:37:38.810168+00:00,95bc36342a3029cf40f2fa637a493aa5a0ac96138f992116ccd2872cce4ddac3
results/raw/runs/2d_euler/sa_pinn/seed_2026/model_adamw_final.pt,342555,2026-07-01T13:24:53.272574+00:00,5b7373718d59f850f5c6b828576ccbed7c82b1e3c4117a3ae571f10e65c183ff
results/raw/runs/2d_euler/sa_pinn/seed_2026/model_final.pt,342459,2026-07-01T13:24:53.276575+00:00,57a111da998d9a906d3529caf0e3b618627c506b336d5c50430add1e645069f1
results/raw/runs/2d_euler/sa_pinn/seed_2026/predictions/predict_final_grid.npz,895750,2026-07-01T13:24:53.392574+00:00,8e31a5c761c42da44718a4f20888291a7c045057c5d0376da55b0005f3c9c48e
results/raw/runs/2d_euler/sa_pinn/seed_2026/predictions/prediction_info.json,55,2026-07-01T13:24:53.392574+00:00,3d885af4802f83f927195ab5160de2907b476aa803c21482b678ba53e2259d97
results/raw/runs/2d_euler/sa_pinn/seed_2026/status.json,102,2026-07-01T13:24:53.424574+00:00,6d887496aaf5367cab83865a3156bfc073042b685b64098e889b92ccc74a8d4a
results/raw/runs/2d_euler/sa_pinn/seed_31415/_SUCCESS,8,2026-07-01T14:25:56.050494+00:00,81b2bd4ea98c8db66554fbc8d7637a1a69a130f331feb732b75caab4c4868fd5
results/raw/runs/2d_euler/sa_pinn/seed_31415/config.json,1540,2026-07-01T14:11:45.949271+00:00,7f41ed31c902edd63e3e933ef7b3a8c60aaba22ca23df4f6faed3ac69a213f95
results/raw/runs/2d_euler/sa_pinn/seed_31415/diagnostics/sa_training_points_fixed.npz,289926,2026-07-01T14:25:56.050494+00:00,a754690e070b95041995a59e3288e36180a6868442cb38cfaf408e9f99fc7305
results/raw/runs/2d_euler/sa_pinn/seed_31415/diagnostics/sa_weight_history.csv,56665,2026-07-01T14:25:56.026495+00:00,725adf5709c840301951265b317b473314a8eacde6cc461d238315062b12443a
results/raw/runs/2d_euler/sa_pinn/seed_31415/diagnostics/sa_weight_state_final.pt,115625,2026-07-01T14:25:56.050494+00:00,e3b7fa7a2fa4487f9692d0447346d0690cd6880f7335c3750ded4eb92d224e79
results/raw/runs/2d_euler/sa_pinn/seed_31415/diagnostics/sa_weight_summary.json,262,2026-07-01T14:25:56.026495+00:00,b062b8ebd2187e79b1712675ffa0a74bcd3d56ce615d5c98cb27804c34d42a0e
results/raw/runs/2d_euler/sa_pinn/seed_31415/diagnostics/sa_weights_final.npz,49621,2026-07-01T14:25:56.030495+00:00,258cbdc7bcb46d311fd71fa1c996a12a5d1e997687ac61be1d978291b2b7e90e
results/raw/runs/2d_euler/sa_pinn/seed_31415/env.json,244,2026-07-01T14:11:45.949271+00:00,3ea9611b4a501b9d8258401458ea7fbd12107e673f8ddeac71518e0ffecb3269
results/raw/runs/2d_euler/sa_pinn/seed_31415/history.csv,56665,2026-07-01T14:25:55.934495+00:00,725adf5709c840301951265b317b473314a8eacde6cc461d238315062b12443a
results/raw/runs/2d_euler/sa_pinn/seed_31415/method.json,417,2026-07-01T14:11:45.949271+00:00,91c63ead7b1a96027286e16826a87ce01a4209f918fd0f8ef0367308128d2fa8
results/raw/runs/2d_euler/sa_pinn/seed_31415/metrics_adamw.json,4602,2026-07-21T04:37:38.810168+00:00,347f63ae5c31c00503ddb92bbff78307b0620b9a478837cb658dc00ed16f7311
results/raw/runs/2d_euler/sa_pinn/seed_31415/metrics_final.json,4602,2026-07-21T04:37:38.810168+00:00,347f63ae5c31c00503ddb92bbff78307b0620b9a478837cb658dc00ed16f7311
results/raw/runs/2d_euler/sa_pinn/seed_31415/model_adamw_final.pt,342555,2026-07-01T14:25:55.938496+00:00,1b2e3d8cb6403c7180042bcf802f68917fabb9f318756791b82629e12fb69341
results/raw/runs/2d_euler/sa_pinn/seed_31415/model_final.pt,342459,2026-07-01T14:25:55.942496+00:00,f6c8bd541167880aa38e5560c56e20c0d8976b0d101614cdee73fca40d85fad6
results/raw/runs/2d_euler/sa_pinn/seed_31415/predictions/predict_final_grid.npz,888599,2026-07-01T14:25:56.018495+00:00,c1ba693b75a63582c8ec23b151923aae5d75d6308a6b8eff76e16ddadc1f8d2a
results/raw/runs/2d_euler/sa_pinn/seed_31415/predictions/prediction_info.json,55,2026-07-01T14:25:56.018495+00:00,3d885af4802f83f927195ab5160de2907b476aa803c21482b678ba53e2259d97
results/raw/runs/2d_euler/sa_pinn/seed_31415/status.json,103,2026-07-01T14:25:56.050494+00:00,5f371269824adc4b8e34cab51e5f872de875493046504782d5ba18015aaf824d
results/raw/runs/2d_euler/sa_pinn/seed_42/_SUCCESS,8,2026-07-01T13:57:26.329575+00:00,81b2bd4ea98c8db66554fbc8d7637a1a69a130f331feb732b75caab4c4868fd5
results/raw/runs/2d_euler/sa_pinn/seed_42/config.json,1534,2026-07-01T13:41:28.394751+00:00,ca19fdecf3a4b9e051e7235b3787aa9d7d50bce6eebeb81e95d10ba3e0656228
results/raw/runs/2d_euler/sa_pinn/seed_42/diagnostics/sa_training_points_fixed.npz,289714,2026-07-01T13:57:26.325575+00:00,9dbe171e2bb504300ecbaf5ed1fa7bf469f93f2c6ac924071a5ac5c3454600f3
results/raw/runs/2d_euler/sa_pinn/seed_42/diagnostics/sa_weight_history.csv,56779,2026-07-01T13:57:26.305575+00:00,51691362c335dacb55cd2dead46ee99bc171e6f29352396170453a0c8feaaf5f
results/raw/runs/2d_euler/sa_pinn/seed_42/diagnostics/sa_weight_state_final.pt,115625,2026-07-01T13:57:26.325575+00:00,348167ed22132d310d412e445448c4e2a5f6190e2e94ea99c435566e3e14f8a5
results/raw/runs/2d_euler/sa_pinn/seed_42/diagnostics/sa_weight_summary.json,264,2026-07-01T13:57:26.305575+00:00,52a66c05fac16f3c15ddeaf9ae8443630ef76485100614fefa6ff5832b26d90d
results/raw/runs/2d_euler/sa_pinn/seed_42/diagnostics/sa_weights_final.npz,7626,2026-07-01T13:57:26.309575+00:00,0ddb207f06f89cc9454a9d9eee8cc370486393fd2fff0e8733a4141a00fea942
results/raw/runs/2d_euler/sa_pinn/seed_42/env.json,244,2026-07-01T13:41:28.394751+00:00,3ea9611b4a501b9d8258401458ea7fbd12107e673f8ddeac71518e0ffecb3269
results/raw/runs/2d_euler/sa_pinn/seed_42/history.csv,56779,2026-07-01T13:57:26.213575+00:00,51691362c335dacb55cd2dead46ee99bc171e6f29352396170453a0c8feaaf5f
results/raw/runs/2d_euler/sa_pinn/seed_42/method.json,417,2026-07-01T13:41:28.394751+00:00,91c63ead7b1a96027286e16826a87ce01a4209f918fd0f8ef0367308128d2fa8
results/raw/runs/2d_euler/sa_pinn/seed_42/metrics_adamw.json,4579,2026-07-21T04:37:38.814168+00:00,a30da17f71c63f89bad7548079cd65ca9e789d8baea3817625e0b0992c09c392
results/raw/runs/2d_euler/sa_pinn/seed_42/metrics_final.json,4579,2026-07-21T04:37:38.814168+00:00,a30da17f71c63f89bad7548079cd65ca9e789d8baea3817625e0b0992c09c392
results/raw/runs/2d_euler/sa_pinn/seed_42/model_adamw_final.pt,342555,2026-07-01T13:57:26.221575+00:00,f687de97d86c2fb4f895b2030590013dca394413838b73f4a2b0f0323a7ce015
results/raw/runs/2d_euler/sa_pinn/seed_42/model_final.pt,342459,2026-07-01T13:57:26.225575+00:00,1145045b5a403e971f8c474958804f994483511a5756503f077697e47ca7bd43
results/raw/runs/2d_euler/sa_pinn/seed_42/predictions/predict_final_grid.npz,887845,2026-07-01T13:57:26.297575+00:00,08338d876380578ba5fec83fa41b3eeeb5f1a86f262ce2afada7ef081b173336
results/raw/runs/2d_euler/sa_pinn/seed_42/predictions/prediction_info.json,55,2026-07-01T13:57:26.297575+00:00,3d885af4802f83f927195ab5160de2907b476aa803c21482b678ba53e2259d97
results/raw/runs/2d_euler/sa_pinn/seed_42/status.json,103,2026-07-01T13:57:26.329575+00:00,48c7d66e532428e2ebb25545392eece9b433f91345ad85ccad8b410734ffc157
results/raw/runs/2d_euler/sa_pinn/seed_7/_SUCCESS,8,2026-07-01T13:41:28.078751+00:00,81b2bd4ea98c8db66554fbc8d7637a1a69a130f331feb732b75caab4c4868fd5
results/raw/runs/2d_euler/sa_pinn/seed_7/config.json,1532,2026-07-01T13:24:53.652573+00:00,374198121dd36bc79ce864cfdc5c55b550551c6da601ac14d981c54a1536ae78
results/raw/runs/2d_euler/sa_pinn/seed_7/diagnostics/sa_training_points_fixed.npz,289738,2026-07-01T13:41:28.078751+00:00,4543ea650bbb34df4e3d160a87b991ecb91e2e559931e95a0798062ec9432888
results/raw/runs/2d_euler/sa_pinn/seed_7/diagnostics/sa_weight_history.csv,55898,2026-07-01T13:41:28.046751+00:00,abc0efb4185fd03811db7e49acb1a6929d219ac9df9687476ff4bd29b03a92d5
results/raw/runs/2d_euler/sa_pinn/seed_7/diagnostics/sa_weight_state_final.pt,115625,2026-07-01T13:41:28.078751+00:00,100fa97cf3e9c72cd06b5532e66ba7661b5030c629876606409087fcc217d1e4
results/raw/runs/2d_euler/sa_pinn/seed_7/diagnostics/sa_weight_summary.json,252,2026-07-01T13:41:28.046751+00:00,b1955262b4f58e96f85169ca43864e1ac4a90eca13695a4ca7f9d14e979e8ade
results/raw/runs/2d_euler/sa_pinn/seed_7/diagnostics/sa_weights_final.npz,13832,2026-07-01T13:41:28.050750+00:00,f51951755d1dfa382c3719d12a38036560b81528f084df79226a2fbc91ea22de
results/raw/runs/2d_euler/sa_pinn/seed_7/env.json,244,2026-07-01T13:24:53.656573+00:00,3ea9611b4a501b9d8258401458ea7fbd12107e673f8ddeac71518e0ffecb3269
results/raw/runs/2d_euler/sa_pinn/seed_7/history.csv,55898,2026-07-01T13:41:27.914750+00:00,abc0efb4185fd03811db7e49acb1a6929d219ac9df9687476ff4bd29b03a92d5
results/raw/runs/2d_euler/sa_pinn/seed_7/method.json,417,2026-07-01T13:24:53.656573+00:00,91c63ead7b1a96027286e16826a87ce01a4209f918fd0f8ef0367308128d2fa8
results/raw/runs/2d_euler/sa_pinn/seed_7/metrics_adamw.json,4587,2026-07-21T04:37:38.814168+00:00,455f09887e3e1708486e8acca62c77c5f645f4c0b3bf4a28090d5149db7e2ab3
results/raw/runs/2d_euler/sa_pinn/seed_7/metrics_final.json,4587,2026-07-21T04:37:38.814168+00:00,455f09887e3e1708486e8acca62c77c5f645f4c0b3bf4a28090d5149db7e2ab3
results/raw/runs/2d_euler/sa_pinn/seed_7/model_adamw_final.pt,342555,2026-07-01T13:41:27.918750+00:00,f2de4f670469650a51af8f972699485b84cab4ce4b7cfd559a07e2f702eb470d
results/raw/runs/2d_euler/sa_pinn/seed_7/model_final.pt,342459,2026-07-01T13:41:27.918750+00:00,0bfaec8b045a7f8c405bd73ad777cc873466008ca4d49123a6dcb759b87b740e
results/raw/runs/2d_euler/sa_pinn/seed_7/predictions/predict_final_grid.npz,880335,2026-07-01T13:41:28.038750+00:00,a6aad32186d8759bca749357a020484339b21af35b5cd31e373292594d13f149
results/raw/runs/2d_euler/sa_pinn/seed_7/predictions/prediction_info.json,55,2026-07-01T13:41:28.038750+00:00,3d885af4802f83f927195ab5160de2907b476aa803c21482b678ba53e2259d97
results/raw/runs/2d_euler/sa_pinn/seed_7/status.json,103,2026-07-01T13:41:28.078751+00:00,6626dc364fc8269bd401baf49ba38ba6d17ffc9713a79cc87abb7240e4118745
results/raw/runs/2d_euler/xpinn/seed_100/_SUCCESS,8,2026-07-05T15:13:32.836291+00:00,81b2bd4ea98c8db66554fbc8d7637a1a69a130f331feb732b75caab4c4868fd5
results/raw/runs/2d_euler/xpinn/seed_100/config.json,1534,2026-07-05T12:50:25.018635+00:00,cbbf28bbcf03a4e90550ed285506248249dc9ab8ea9e810078ec57d66ea06c03
results/raw/runs/2d_euler/xpinn/seed_100/diagnostics/xpinn_interface_history.csv,75682,2026-07-05T15:13:32.828290+00:00,f3963be682514c2e7de9cadce83d866c3950bbcb48dc1326b8df7e5a5b492220
results/raw/runs/2d_euler/xpinn/seed_100/diagnostics/xpinn_interface_points.npz,17900,2026-07-05T15:13:32.832291+00:00,33ec290995242eb2e5da2729c4cbe390c97e6754fe232ae51d50f8103f615378
results/raw/runs/2d_euler/xpinn/seed_100/diagnostics/xpinn_interface_points_meta.json,514,2026-07-05T15:13:32.832291+00:00,951c679fd39f78c73617ea3b756eb34a0320ef143a95baa932cd8a7464ad1266
results/raw/runs/2d_euler/xpinn/seed_100/diagnostics/xpinn_loss_history.csv,56742,2026-07-05T15:13:32.824291+00:00,89c21cc775938567d1a5a0f9809b00c12b8542e8ebead63f3f4601ca44e81950
results/raw/runs/2d_euler/xpinn/seed_100/diagnostics/xpinn_subdomain_config.json,1310,2026-07-05T15:13:32.828290+00:00,d62cb48a5290a1ec1c91114e13620eb6ee51b882c9255d65bf5c567d668bc650
results/raw/runs/2d_euler/xpinn/seed_100/diagnostics/xpinn_submodel_state_dicts.pt,1358987,2026-07-05T15:13:32.836291+00:00,de60de91752ef0109df545285ed78c8a705db1f7f8637f13014a3952b28657a9
results/raw/runs/2d_euler/xpinn/seed_100/env.json,244,2026-07-05T12:50:25.018635+00:00,3ea9611b4a501b9d8258401458ea7fbd12107e673f8ddeac71518e0ffecb3269
results/raw/runs/2d_euler/xpinn/seed_100/history.csv,56742,2026-07-05T15:13:32.736291+00:00,89c21cc775938567d1a5a0f9809b00c12b8542e8ebead63f3f4601ca44e81950
results/raw/runs/2d_euler/xpinn/seed_100/method.json,1014,2026-07-05T12:50:25.018635+00:00,77d4f20b3e24d444de75121b7d2e59f2c89c26128aa91e9b4ec5c2aa4272d6a0
results/raw/runs/2d_euler/xpinn/seed_100/metrics_adamw.json,4726,2026-07-21T04:37:38.818168+00:00,a83b004ad60387ca7af079996d846b715e4c32119b8bdd3f0fe676911b5e94cf
results/raw/runs/2d_euler/xpinn/seed_100/metrics_final.json,4726,2026-07-21T04:37:38.814168+00:00,a83b004ad60387ca7af079996d846b715e4c32119b8bdd3f0fe676911b5e94cf
results/raw/runs/2d_euler/xpinn/seed_100/model_adamw_final.pt,1362717,2026-07-05T15:13:32.744291+00:00,327fc51c159303040325a907c0bcdeb7c4182597f6bbcf23f27685d62664184b
results/raw/runs/2d_euler/xpinn/seed_100/model_final.pt,1362345,2026-07-05T15:13:32.752291+00:00,3d10783e9ab103cb4adf212c4325671f54e62d68e9450da2eff1ebc9611485f7
results/raw/runs/2d_euler/xpinn/seed_100/predictions/predict_final_grid.npz,900513,2026-07-05T15:13:32.820291+00:00,6cb4aff6bb0acf9fa802da1552a4183b33e540ada67a4e594d318e0220b461cb
results/raw/runs/2d_euler/xpinn/seed_100/predictions/prediction_info.json,55,2026-07-05T15:13:32.820291+00:00,3d885af4802f83f927195ab5160de2907b476aa803c21482b678ba53e2259d97
results/raw/runs/2d_euler/xpinn/seed_100/status.json,102,2026-07-05T15:13:32.836291+00:00,15336ef39e4b647655a5b7273142e1c19f5e8c26ef3577501fd30d3c2c46eddd
results/raw/runs/2d_euler/xpinn/seed_2026/_SUCCESS,8,2026-07-05T07:45:11.307945+00:00,81b2bd4ea98c8db66554fbc8d7637a1a69a130f331feb732b75caab4c4868fd5
results/raw/runs/2d_euler/xpinn/seed_2026/config.json,1536,2026-07-05T04:43:02.208390+00:00,ef2393db9d669803c776bfd8fc5529243972873b5b928d3c94877d5469785ba9
results/raw/runs/2d_euler/xpinn/seed_2026/diagnostics/xpinn_interface_history.csv,75669,2026-07-05T07:45:11.295945+00:00,3f5f3856254c5326745184650f0d1509b6b29fe04b39f46908eb5ddbf33aca77
results/raw/runs/2d_euler/xpinn/seed_2026/diagnostics/xpinn_interface_points.npz,17899,2026-07-05T07:45:11.299945+00:00,519db584b5d3fd767b2ca786cc9a21f3b03a30ccd92f4acb03e48addc274362d
results/raw/runs/2d_euler/xpinn/seed_2026/diagnostics/xpinn_interface_points_meta.json,514,2026-07-05T07:45:11.299945+00:00,951c679fd39f78c73617ea3b756eb34a0320ef143a95baa932cd8a7464ad1266
results/raw/runs/2d_euler/xpinn/seed_2026/diagnostics/xpinn_loss_history.csv,56723,2026-07-05T07:45:11.291945+00:00,a3cbfdbfac728c1ae5a5c6a8379caea10072aa5127be65826383df83a084df01
results/raw/runs/2d_euler/xpinn/seed_2026/diagnostics/xpinn_subdomain_config.json,1312,2026-07-05T07:45:11.295945+00:00,190ec38f5a884de8163e6351379428cabcbaa7d05830ea185621fa873fc00acb
results/raw/runs/2d_euler/xpinn/seed_2026/diagnostics/xpinn_submodel_state_dicts.pt,1358987,2026-07-05T07:45:11.303945+00:00,d67d1cd9c8d37a27358b053bc95e6d72a5b1ca6124546eff8864a3b516f10ed0
results/raw/runs/2d_euler/xpinn/seed_2026/env.json,244,2026-07-05T04:43:02.208390+00:00,3ea9611b4a501b9d8258401458ea7fbd12107e673f8ddeac71518e0ffecb3269
results/raw/runs/2d_euler/xpinn/seed_2026/history.csv,56723,2026-07-05T07:45:11.187945+00:00,a3cbfdbfac728c1ae5a5c6a8379caea10072aa5127be65826383df83a084df01
results/raw/runs/2d_euler/xpinn/seed_2026/method.json,1014,2026-07-05T04:43:02.208390+00:00,77d4f20b3e24d444de75121b7d2e59f2c89c26128aa91e9b4ec5c2aa4272d6a0
results/raw/runs/2d_euler/xpinn/seed_2026/metrics_adamw.json,4734,2026-07-21T04:37:38.818168+00:00,be53a8b2328ea996e045159206c082fbaaf954f41fcd14ff769eaae404e94b7b
results/raw/runs/2d_euler/xpinn/seed_2026/metrics_final.json,4734,2026-07-21T04:37:38.818168+00:00,be53a8b2328ea996e045159206c082fbaaf954f41fcd14ff769eaae404e94b7b
results/raw/runs/2d_euler/xpinn/seed_2026/model_adamw_final.pt,1362717,2026-07-05T07:45:11.199945+00:00,afeedd6aa931894efa458b85856a3038ba80d8a65b87f3270e4c78420d58cfb3
results/raw/runs/2d_euler/xpinn/seed_2026/model_final.pt,1362345,2026-07-05T07:45:11.207945+00:00,ceefd68851d5b2632270aa710b3083aac9ede290cd5881b5579b738e6173969a
results/raw/runs/2d_euler/xpinn/seed_2026/predictions/predict_final_grid.npz,902669,2026-07-05T07:45:11.287945+00:00,e8af1677a575d05993193e6420b9df36256837db614614eaf39d00cd5b735ed5
results/raw/runs/2d_euler/xpinn/seed_2026/predictions/prediction_info.json,55,2026-07-05T07:45:11.287945+00:00,3d885af4802f83f927195ab5160de2907b476aa803c21482b678ba53e2259d97
results/raw/runs/2d_euler/xpinn/seed_2026/status.json,104,2026-07-05T07:45:11.303945+00:00,cfc1341d7165c531102fd3f8b6aa8fdb2e2e03a8b1892ce8c4940c0d840fea7e
results/raw/runs/2d_euler/xpinn/seed_31415/_SUCCESS,8,2026-07-05T17:46:53.994363+00:00,81b2bd4ea98c8db66554fbc8d7637a1a69a130f331feb732b75caab4c4868fd5
results/raw/runs/2d_euler/xpinn/seed_31415/config.json,1538,2026-07-05T15:13:33.056290+00:00,11c5a503cadb08f584050b47fc6298a6f43b251ebf32062bba6fd253f9751d9a
results/raw/runs/2d_euler/xpinn/seed_31415/diagnostics/xpinn_interface_history.csv,75636,2026-07-05T17:46:53.986363+00:00,be3c41bba0c5413692ac0e9cc47bb4f06afecb9ce0b9bbd36a5d28856b468d75
results/raw/runs/2d_euler/xpinn/seed_31415/diagnostics/xpinn_interface_points.npz,17877,2026-07-05T17:46:53.986363+00:00,b49a1431e83e8f8732ea63ee1836ef4edad858ae6b342cbdf3ce4793831a71eb
results/raw/runs/2d_euler/xpinn/seed_31415/diagnostics/xpinn_interface_points_meta.json,514,2026-07-05T17:46:53.990363+00:00,951c679fd39f78c73617ea3b756eb34a0320ef143a95baa932cd8a7464ad1266
results/raw/runs/2d_euler/xpinn/seed_31415/diagnostics/xpinn_loss_history.csv,56791,2026-07-05T17:46:53.982363+00:00,87686868cf7fbe7d1d2ecb2e8ff3a618d5e6fb161c45e944705ed9e1b4f7efc8
results/raw/runs/2d_euler/xpinn/seed_31415/diagnostics/xpinn_subdomain_config.json,1313,2026-07-05T17:46:53.986363+00:00,06317948346d50ce5c72fac00e5bf695e003fbe45b6a432872f6c6aabdf5be44
results/raw/runs/2d_euler/xpinn/seed_31415/diagnostics/xpinn_submodel_state_dicts.pt,1358987,2026-07-05T17:46:53.994363+00:00,9613215f923ad32f8e21f0b6e0f8dded04627fafb7c0a3a099f01b79f977d533
results/raw/runs/2d_euler/xpinn/seed_31415/env.json,244,2026-07-05T15:13:33.056290+00:00,3ea9611b4a501b9d8258401458ea7fbd12107e673f8ddeac71518e0ffecb3269
results/raw/runs/2d_euler/xpinn/seed_31415/history.csv,56791,2026-07-05T17:46:53.894362+00:00,87686868cf7fbe7d1d2ecb2e8ff3a618d5e6fb161c45e944705ed9e1b4f7efc8
results/raw/runs/2d_euler/xpinn/seed_31415/method.json,1014,2026-07-05T15:13:33.056290+00:00,77d4f20b3e24d444de75121b7d2e59f2c89c26128aa91e9b4ec5c2aa4272d6a0
results/raw/runs/2d_euler/xpinn/seed_31415/metrics_adamw.json,4727,2026-07-21T04:37:38.818168+00:00,8ede5c3c8056901f471c55998951a6af8ba417daa033226467ff7b707546edd8
results/raw/runs/2d_euler/xpinn/seed_31415/metrics_final.json,4727,2026-07-21T04:37:38.818168+00:00,8ede5c3c8056901f471c55998951a6af8ba417daa033226467ff7b707546edd8
results/raw/runs/2d_euler/xpinn/seed_31415/model_adamw_final.pt,1362717,2026-07-05T17:46:53.902362+00:00,48a5cfb0b15539f52e90af87476d97ffeed5e66162e685804ff78b0cd474c34e
results/raw/runs/2d_euler/xpinn/seed_31415/model_final.pt,1362345,2026-07-05T17:46:53.906362+00:00,afe9cbf7c56f5b99c1ecb0c7b4a8dce3e2903d5035160a82cd974d78a6034d6d
results/raw/runs/2d_euler/xpinn/seed_31415/predictions/predict_final_grid.npz,897754,2026-07-05T17:46:53.978363+00:00,fd8942fdea1407ff0b5efeb28eeb19fc15238ffbc793fb8080cd8b4f867baed6
results/raw/runs/2d_euler/xpinn/seed_31415/predictions/prediction_info.json,55,2026-07-05T17:46:53.978363+00:00,3d885af4802f83f927195ab5160de2907b476aa803c21482b678ba53e2259d97
results/raw/runs/2d_euler/xpinn/seed_31415/status.json,103,2026-07-05T17:46:53.994363+00:00,235954f6ef72e5375a5b70ecfd5d8411d11f140f215247b606e6ca5d8d0c60d2
results/raw/runs/2d_euler/xpinn/seed_42/_SUCCESS,8,2026-07-05T12:50:24.794636+00:00,81b2bd4ea98c8db66554fbc8d7637a1a69a130f331feb732b75caab4c4868fd5
results/raw/runs/2d_euler/xpinn/seed_42/config.json,1532,2026-07-05T10:19:54.427846+00:00,e6d2c21a3cd2335c6b2d82eeba36f966e468670daa8955758587881d19c86976
results/raw/runs/2d_euler/xpinn/seed_42/diagnostics/xpinn_interface_history.csv,75619,2026-07-05T12:50:24.786636+00:00,0edfe511164315cd2bd025992b3df72b628035138c8a2f431ea4ec1fb8559c51
results/raw/runs/2d_euler/xpinn/seed_42/diagnostics/xpinn_interface_points.npz,17896,2026-07-05T12:50:24.786636+00:00,73c4f9120ecd8cefb9ed17105517a82d9c627bbaf599182e4d253d53c61ee57b
results/raw/runs/2d_euler/xpinn/seed_42/diagnostics/xpinn_interface_points_meta.json,514,2026-07-05T12:50:24.786636+00:00,951c679fd39f78c73617ea3b756eb34a0320ef143a95baa932cd8a7464ad1266
results/raw/runs/2d_euler/xpinn/seed_42/diagnostics/xpinn_loss_history.csv,56754,2026-07-05T12:50:24.782636+00:00,eab14116c5c57fc4afc587692b6404d5d2b6786b52b0f81d540b14c7a683da3b
results/raw/runs/2d_euler/xpinn/seed_42/diagnostics/xpinn_subdomain_config.json,1309,2026-07-05T12:50:24.786636+00:00,1f438b49e0177048c18c00f3278946f830999c6374cfaf983e375a4f84f559fd
results/raw/runs/2d_euler/xpinn/seed_42/diagnostics/xpinn_submodel_state_dicts.pt,1358987,2026-07-05T12:50:24.794636+00:00,f78deb60100196821a8fdbe444c3ab6f174a0a8371d6b51723d5e2fa38f39fe9
results/raw/runs/2d_euler/xpinn/seed_42/env.json,244,2026-07-05T10:19:54.427846+00:00,3ea9611b4a501b9d8258401458ea7fbd12107e673f8ddeac71518e0ffecb3269
results/raw/runs/2d_euler/xpinn/seed_42/history.csv,56754,2026-07-05T12:50:24.694637+00:00,eab14116c5c57fc4afc587692b6404d5d2b6786b52b0f81d540b14c7a683da3b
results/raw/runs/2d_euler/xpinn/seed_42/method.json,1014,2026-07-05T10:19:54.427846+00:00,77d4f20b3e24d444de75121b7d2e59f2c89c26128aa91e9b4ec5c2aa4272d6a0
results/raw/runs/2d_euler/xpinn/seed_42/metrics_adamw.json,4739,2026-07-21T04:37:38.822168+00:00,7cb643e1d7b5de7bef2ef2a048ebdecc1ab255b800a6823008dcee525a191624
results/raw/runs/2d_euler/xpinn/seed_42/metrics_final.json,4739,2026-07-21T04:37:38.818168+00:00,7cb643e1d7b5de7bef2ef2a048ebdecc1ab255b800a6823008dcee525a191624
results/raw/runs/2d_euler/xpinn/seed_42/model_adamw_final.pt,1362717,2026-07-05T12:50:24.698637+00:00,6f2c13125b29accf7b974cb3b00909b28dd00f8299020b83df18445e03eab2b3
results/raw/runs/2d_euler/xpinn/seed_42/model_final.pt,1362345,2026-07-05T12:50:24.706636+00:00,3661509f7347c9791a9013fc9fb213b7496ac90f3cf514e38568c55569685825
results/raw/runs/2d_euler/xpinn/seed_42/predictions/predict_final_grid.npz,902721,2026-07-05T12:50:24.774636+00:00,a215606bdbc5d738f8effb01e13b46335aafb3bcee5fddc4e0e18082474cfe18
results/raw/runs/2d_euler/xpinn/seed_42/predictions/prediction_info.json,55,2026-07-05T12:50:24.774636+00:00,3d885af4802f83f927195ab5160de2907b476aa803c21482b678ba53e2259d97
results/raw/runs/2d_euler/xpinn/seed_42/status.json,103,2026-07-05T12:50:24.794636+00:00,6a0f5a541282a9f8704ffabb1c17779a3398e3fdf04c144adec534d94e41c7a1
results/raw/runs/2d_euler/xpinn/seed_7/_SUCCESS,8,2026-07-05T10:19:54.059849+00:00,81b2bd4ea98c8db66554fbc8d7637a1a69a130f331feb732b75caab4c4868fd5
results/raw/runs/2d_euler/xpinn/seed_7/config.json,1530,2026-07-05T07:45:12.591944+00:00,419f76a32fba2ea485ebed71e1543ea36b6a0ebd39d43f7275fe155d0dd4be57
results/raw/runs/2d_euler/xpinn/seed_7/diagnostics/xpinn_interface_history.csv,75663,2026-07-05T10:19:54.051849+00:00,9a15148b66ca09654912ef0b5f303a075bbf066b7b36a9a1664b829406b2b887
results/raw/runs/2d_euler/xpinn/seed_7/diagnostics/xpinn_interface_points.npz,17910,2026-07-05T10:19:54.055849+00:00,19c786fb407b5d1575ad4c6aaeb387a10245d0b369fca696bc22f10ed4365ce4
results/raw/runs/2d_euler/xpinn/seed_7/diagnostics/xpinn_interface_points_meta.json,514,2026-07-05T10:19:54.055849+00:00,951c679fd39f78c73617ea3b756eb34a0320ef143a95baa932cd8a7464ad1266
results/raw/runs/2d_euler/xpinn/seed_7/diagnostics/xpinn_loss_history.csv,56759,2026-07-05T10:19:54.047849+00:00,d4e50e5a499b3bbab4b75b3b4cb9a32dff4db95b6302070e5e1792b8809dc6f5
results/raw/runs/2d_euler/xpinn/seed_7/diagnostics/xpinn_subdomain_config.json,1308,2026-07-05T10:19:54.051849+00:00,5376a26c6b94e7b0d4b700bd85152885f4511831a9a3d3010f82b931aec3fd75
results/raw/runs/2d_euler/xpinn/seed_7/diagnostics/xpinn_submodel_state_dicts.pt,1358987,2026-07-05T10:19:54.059849+00:00,0b5273daca7631f324b989a84e443ed00219c0fad4ba788f27fdb4dc04a42f29
results/raw/runs/2d_euler/xpinn/seed_7/env.json,244,2026-07-05T07:45:12.591944+00:00,3ea9611b4a501b9d8258401458ea7fbd12107e673f8ddeac71518e0ffecb3269
results/raw/runs/2d_euler/xpinn/seed_7/history.csv,56759,2026-07-05T10:19:53.955849+00:00,d4e50e5a499b3bbab4b75b3b4cb9a32dff4db95b6302070e5e1792b8809dc6f5
results/raw/runs/2d_euler/xpinn/seed_7/method.json,1014,2026-07-05T07:45:12.591944+00:00,77d4f20b3e24d444de75121b7d2e59f2c89c26128aa91e9b4ec5c2aa4272d6a0
results/raw/runs/2d_euler/xpinn/seed_7/metrics_adamw.json,4731,2026-07-21T04:37:38.822168+00:00,a95d88d10656d9e93b3bd3316ce818c83074c894f2ae543e3920e66f0257f979
results/raw/runs/2d_euler/xpinn/seed_7/metrics_final.json,4731,2026-07-21T04:37:38.822168+00:00,a95d88d10656d9e93b3bd3316ce818c83074c894f2ae543e3920e66f0257f979
results/raw/runs/2d_euler/xpinn/seed_7/model_adamw_final.pt,1362717,2026-07-05T10:19:53.963849+00:00,d0128576e92db5696b3c200338b188ca7846f39dd97e81b1c96e1675405f13fa
results/raw/runs/2d_euler/xpinn/seed_7/model_final.pt,1362345,2026-07-05T10:19:53.967849+00:00,c85b2755026674e6fc05437b2ccabef7b4d69d70975067e1380bf7260460f06a
results/raw/runs/2d_euler/xpinn/seed_7/predictions/predict_final_grid.npz,904022,2026-07-05T10:19:54.043849+00:00,80529392c54bf514e8ddd91d547d19b7f33edc4e809920c0681cc160fd434bff
results/raw/runs/2d_euler/xpinn/seed_7/predictions/prediction_info.json,55,2026-07-05T10:19:54.043849+00:00,3d885af4802f83f927195ab5160de2907b476aa803c21482b678ba53e2259d97
results/raw/runs/2d_euler/xpinn/seed_7/status.json,103,2026-07-05T10:19:54.059849+00:00,d371adbf0477056d912ff56d09ebe0b793d23a798ed7ceea7cfdf47da1e0d9bd
results/raw/runs/2d_shallowwater/_shared_warmup/seed_100/_SUCCESS,8,2026-07-01T06:04:47.861846+00:00,81b2bd4ea98c8db66554fbc8d7637a1a69a130f331feb732b75caab4c4868fd5
results/raw/runs/2d_shallowwater/_shared_warmup/seed_100/history_warmup.csv,8724,2026-07-01T06:04:47.857846+00:00,eda06c95e9397b0bd6cb98b93bc452dfaf08ff554bca5f5b841a0c7e353ec135
results/raw/runs/2d_shallowwater/_shared_warmup/seed_100/metrics_warmup.json,169,2026-07-01T06:04:47.861846+00:00,eb3defee885d2d6acd9d7084983b834281a0bb0511addd1c57af1979b04a7df4
results/raw/runs/2d_shallowwater/_shared_warmup/seed_100/model_warmup.pt,338187,2026-07-01T06:04:47.861846+00:00,eacb182121a8d747a80392f220f6c89c2a0be6a2e5d3a4a19c53e85a2de58d57
results/raw/runs/2d_shallowwater/_shared_warmup/seed_100/status.json,97,2026-07-01T06:04:47.861846+00:00,9169e2e410a97813d7ab6c9a814a89dbdd6fa6a05c89bb7e650e468805e4b9bb
results/raw/runs/2d_shallowwater/_shared_warmup/seed_2026/_SUCCESS,8,2026-07-01T04:58:30.589683+00:00,81b2bd4ea98c8db66554fbc8d7637a1a69a130f331feb732b75caab4c4868fd5
results/raw/runs/2d_shallowwater/_shared_warmup/seed_2026/history_warmup.csv,8730,2026-07-01T04:58:30.585683+00:00,85fa29697661ff9e8ff9c06d21354e7328e9a2c6b4cdf6720667f77bb36aea5d
results/raw/runs/2d_shallowwater/_shared_warmup/seed_2026/metrics_warmup.json,170,2026-07-01T04:58:30.589683+00:00,3a7de9b7f8de4825d4988ab68da9214a4ee51cb98e87757e703cbab161465448
results/raw/runs/2d_shallowwater/_shared_warmup/seed_2026/model_warmup.pt,338187,2026-07-01T04:58:30.589683+00:00,63f4e0f4f547cda354a9417647cd04a3ff9cfb2106b1cc924a04aa6b36767158
results/raw/runs/2d_shallowwater/_shared_warmup/seed_2026/status.json,97,2026-07-01T04:58:30.589683+00:00,627cda5c5fed1ad92dd1884a0809c8c8d8e3eb51ccc0b3a9114429ed27e57050
results/raw/runs/2d_shallowwater/_shared_warmup/seed_31415/_SUCCESS,8,2026-07-01T06:24:51.097573+00:00,81b2bd4ea98c8db66554fbc8d7637a1a69a130f331feb732b75caab4c4868fd5
results/raw/runs/2d_shallowwater/_shared_warmup/seed_31415/history_warmup.csv,8740,2026-07-01T06:24:51.093573+00:00,7144d07d1893fdfde8291d46a6df441b1a22349b80446cd987656892643984c7
results/raw/runs/2d_shallowwater/_shared_warmup/seed_31415/metrics_warmup.json,172,2026-07-01T06:24:51.097573+00:00,a5f7e1d3d7f721dbe69b726504009410198dd5a109e0754ddd44caad2d71ec0f
results/raw/runs/2d_shallowwater/_shared_warmup/seed_31415/model_warmup.pt,338187,2026-07-01T06:24:51.097573+00:00,4355469e3cd8bd7a5d662d551d1f1d3226e0364b52cef528871426392a115d06
results/raw/runs/2d_shallowwater/_shared_warmup/seed_31415/status.json,98,2026-07-01T06:24:51.097573+00:00,7709fc0c8125ed1284356cc9ef71c6c7002d5a7721d3ec657dc04d33d8afde91
results/raw/runs/2d_shallowwater/_shared_warmup/seed_42/_SUCCESS,8,2026-07-01T05:44:31.796164+00:00,81b2bd4ea98c8db66554fbc8d7637a1a69a130f331feb732b75caab4c4868fd5
results/raw/runs/2d_shallowwater/_shared_warmup/seed_42/history_warmup.csv,8745,2026-07-01T05:44:31.792164+00:00,e1f0d8ba72de4f48aab3ebe61fb523df298d4c445140c54fb182e68a44bd968f
results/raw/runs/2d_shallowwater/_shared_warmup/seed_42/metrics_warmup.json,168,2026-07-01T05:44:31.796164+00:00,a2514335f5b8838c522f77588d1adecce732aa4e526e0fc65057a01984eea7c6
results/raw/runs/2d_shallowwater/_shared_warmup/seed_42/model_warmup.pt,338187,2026-07-01T05:44:31.796164+00:00,0d7685669a44ecafb90e3730637da1fa31545b17ddc9faaac05f46fee06a8efb
results/raw/runs/2d_shallowwater/_shared_warmup/seed_42/status.json,97,2026-07-01T05:44:31.796164+00:00,099bd991a5d5659f8387cd7f370c0c8b8a10571f47bb2354b55fd13bcfba9d9b
results/raw/runs/2d_shallowwater/_shared_warmup/seed_7/_SUCCESS,8,2026-07-01T05:24:20.748456+00:00,81b2bd4ea98c8db66554fbc8d7637a1a69a130f331feb732b75caab4c4868fd5
results/raw/runs/2d_shallowwater/_shared_warmup/seed_7/history_warmup.csv,8736,2026-07-01T05:24:20.744456+00:00,3865d1b0f830b9f2362b0bc1a5f7743578ba96220ed210755a29027753408b7b
results/raw/runs/2d_shallowwater/_shared_warmup/seed_7/metrics_warmup.json,168,2026-07-01T05:24:20.748456+00:00,8b91b74baad4b81904cffdba62fc9d30ce7ac90622d8ae3058f5a07cb9e8da42
results/raw/runs/2d_shallowwater/_shared_warmup/seed_7/model_warmup.pt,338187,2026-07-01T05:24:20.748456+00:00,ed384e607078987ef4728f21369e7de5d47c8920499bfd2d14e175fbd8585feb
results/raw/runs/2d_shallowwater/_shared_warmup/seed_7/status.json,98,2026-07-01T05:24:20.748456+00:00,f031c1f664c8db4a3afbc97e5e63b3bd22a6fcb6620fe92c6dd16532442b8f18
results/raw/runs/2d_shallowwater/_summary/aaf_pinn_metrics.csv,12208,2026-07-20T13:46:59.483786+00:00,19fbb85ad8a1c5ffa984115817cae8c921654e4a8fc0d5c5324c91f2ded0fe0e
results/raw/runs/2d_shallowwater/_summary/cpinn_metrics.csv,12456,2026-07-20T13:46:59.483786+00:00,18758fc8a5b4d5af982737473e688b82a603fac3af7cd5eab54b100520e69872
results/raw/runs/2d_shallowwater/_summary/gpinn_subsampled_metrics.csv,12412,2026-07-20T13:46:59.487786+00:00,d42375e1e0f8802022a1be13a9cd31d5c2ccddb25005f08969c04227c098bed5
results/raw/runs/2d_shallowwater/_summary/lra_pinn_metrics.csv,11979,2026-07-20T13:46:59.487786+00:00,77f2d94cca6b80268e53f3f4da43d2dd5fbc80dd0166b3f8d9ee4e58f5e89e66
results/raw/runs/2d_shallowwater/_summary/pinn_ours_metrics.csv,23412,2026-08-04T11:59:38.214750+00:00,2b784a98459806d25aac7b3e9e75c7751241c218bd6ad662924343157ad93a24
results/raw/runs/2d_shallowwater/_summary/rad_pinn_metrics.csv,11950,2026-07-20T13:46:59.491786+00:00,7e25649f9fcdebc740d44f703ef78458a178dca545759b9daab83a7a79f048a7
results/raw/runs/2d_shallowwater/_summary/rar_d_pinn_metrics.csv,12148,2026-07-20T13:46:59.495786+00:00,d9b6f7ea651b863cb82f3af854a3a0078ebf86deb9c245e14f6a59b01247ed99
results/raw/runs/2d_shallowwater/_summary/rerun_manifest_valid_mask_all_probe_bounds_v1.json,6212,2026-08-04T11:59:38.330749+00:00,43e713e388c67a735ae6625191562c99fa94629917df2b697bc582a6156a0263
results/raw/runs/2d_shallowwater/_summary/sa_pinn_metrics.csv,12332,2026-07-20T13:46:59.495786+00:00,5bbe4df6ddd81a0b8943484d343cb8855a2db4ee371269a249ee4c959fe5a2f1
results/raw/runs/2d_shallowwater/_summary/xpinn_metrics.csv,12371,2026-07-20T13:46:59.495786+00:00,05b048f21143a457e66fb543d7a01dd79033d456500b5a9dd780ccc007913dd5
results/raw/runs/2d_shallowwater/aaf_pinn/seed_100/_SUCCESS,8,2026-07-03T05:19:35.070317+00:00,81b2bd4ea98c8db66554fbc8d7637a1a69a130f331feb732b75caab4c4868fd5
results/raw/runs/2d_shallowwater/aaf_pinn/seed_100/config.json,1624,2026-07-03T05:05:27.511162+00:00,8b1f5dfed0ceda99297ee6558fefc5f831a3e73c2b5b1ccc7b8a9cc2fe57ebfe
results/raw/runs/2d_shallowwater/aaf_pinn/seed_100/diagnostics/aaf_activation_history.csv,38731,2026-07-03T05:19:35.070317+00:00,d4ed76a78fcabad201bd4bca46cd37abd873f0e1aee171e716380698b86c66d0
results/raw/runs/2d_shallowwater/aaf_pinn/seed_100/diagnostics/aaf_final_state.pt,1091,2026-07-03T05:19:35.070317+00:00,d052d93a31143a2665e8cbada717bdb7f66e6ae3a296ddf0cf46f3c9ad840b47
results/raw/runs/2d_shallowwater/aaf_pinn/seed_100/diagnostics/aaf_settings.json,302,2026-07-03T05:19:35.070317+00:00,6ad258ad930c7e3a3fc4eb230de567c26216e8c6628f7c9bfadff6976d43701f
results/raw/runs/2d_shallowwater/aaf_pinn/seed_100/env.json,244,2026-07-03T05:05:27.511162+00:00,3ea9611b4a501b9d8258401458ea7fbd12107e673f8ddeac71518e0ffecb3269
results/raw/runs/2d_shallowwater/aaf_pinn/seed_100/history.csv,38731,2026-07-03T05:19:34.986318+00:00,d4ed76a78fcabad201bd4bca46cd37abd873f0e1aee171e716380698b86c66d0
results/raw/runs/2d_shallowwater/aaf_pinn/seed_100/method.json,528,2026-07-03T05:05:27.511162+00:00,53eb2837468438883959ba147e372a46666ee337b8fd12f762df6f02f98f88f8
results/raw/runs/2d_shallowwater/aaf_pinn/seed_100/metrics_adamw.json,4402,2026-07-20T13:46:59.471786+00:00,48633ccb07106580197940d35a0b266f39e26ddb2beaa59b08ff30eed2906ec2
results/raw/runs/2d_shallowwater/aaf_pinn/seed_100/metrics_final.json,4402,2026-07-20T13:46:59.467786+00:00,48633ccb07106580197940d35a0b266f39e26ddb2beaa59b08ff30eed2906ec2
results/raw/runs/2d_shallowwater/aaf_pinn/seed_100/model_adamw_final.pt,342335,2026-07-20T13:46:58.651791+00:00,89a6bd61d2e07b10acd1208620bc7cd99c1ad721ef8b19dfc8251736a0b7bef9
results/raw/runs/2d_shallowwater/aaf_pinn/seed_100/model_final.pt,342233,2026-07-20T13:46:58.647791+00:00,4e9209d2d4bbc474054799993825bf33461e75c262d16a89ca241df3f202fe64
results/raw/runs/2d_shallowwater/aaf_pinn/seed_100/predictions/predict_eval_grid.npz,512711,2026-07-03T05:19:35.062317+00:00,5f7e0f780c49625352c988d527b928941825b886d3be86966a12aa3498ff41be
results/raw/runs/2d_shallowwater/aaf_pinn/seed_100/predictions/prediction_info.json,54,2026-07-03T05:19:35.062317+00:00,be9eb1b19f00de13ae49553f33024f53f3b120b21b90af981463d8b23af99bc9
results/raw/runs/2d_shallowwater/aaf_pinn/seed_100/status.json,103,2026-07-03T05:19:35.070317+00:00,dcf9ac2911bf4f1bf9260ca61df0ed0c196f333a5d580d7c25efe3b9dcad98ab
results/raw/runs/2d_shallowwater/aaf_pinn/seed_2026/_SUCCESS,8,2026-07-03T04:39:30.349835+00:00,81b2bd4ea98c8db66554fbc8d7637a1a69a130f331feb732b75caab4c4868fd5
results/raw/runs/2d_shallowwater/aaf_pinn/seed_2026/config.json,1626,2026-07-03T04:26:38.499282+00:00,1c31f6cad38e513e237d7bb18297a1ae572f5e75c4e8414527949294923cb5d2
results/raw/runs/2d_shallowwater/aaf_pinn/seed_2026/diagnostics/aaf_activation_history.csv,38771,2026-07-03T04:39:30.349835+00:00,d7ae461a5e5b29a946763dfe34c1311f32a76f3787096befcdae2041f4abfbfa
results/raw/runs/2d_shallowwater/aaf_pinn/seed_2026/diagnostics/aaf_final_state.pt,1091,2026-07-03T04:39:30.349835+00:00,287f11a1d2f0d07e3a4b8067a8c778015a990f057f8860f24c9b791e9c8e54c8
results/raw/runs/2d_shallowwater/aaf_pinn/seed_2026/diagnostics/aaf_settings.json,302,2026-07-03T04:39:30.349835+00:00,3b0209148b375307bc815d9b1390d87d8281ead923266493762ac55006d8e57f
results/raw/runs/2d_shallowwater/aaf_pinn/seed_2026/env.json,244,2026-07-03T04:26:38.499282+00:00,3ea9611b4a501b9d8258401458ea7fbd12107e673f8ddeac71518e0ffecb3269
results/raw/runs/2d_shallowwater/aaf_pinn/seed_2026/history.csv,38771,2026-07-03T04:39:30.281835+00:00,d7ae461a5e5b29a946763dfe34c1311f32a76f3787096befcdae2041f4abfbfa
results/raw/runs/2d_shallowwater/aaf_pinn/seed_2026/method.json,528,2026-07-03T04:26:38.499282+00:00,53eb2837468438883959ba147e372a46666ee337b8fd12f762df6f02f98f88f8
results/raw/runs/2d_shallowwater/aaf_pinn/seed_2026/metrics_adamw.json,4404,2026-07-20T13:46:59.467786+00:00,4baa15c965bce499084a4e831fe1e34f01bed27e27895dc9e1c9f38999b5329e
results/raw/runs/2d_shallowwater/aaf_pinn/seed_2026/metrics_final.json,4404,2026-07-20T13:46:59.467786+00:00,4baa15c965bce499084a4e831fe1e34f01bed27e27895dc9e1c9f38999b5329e
results/raw/runs/2d_shallowwater/aaf_pinn/seed_2026/model_adamw_final.pt,342335,2026-07-20T13:46:58.615791+00:00,fde87d659b8a85cd38b2f94059101fb62fdb16d32d95e368e49aef4c529ef58d
results/raw/runs/2d_shallowwater/aaf_pinn/seed_2026/model_final.pt,342233,2026-07-20T13:46:58.611791+00:00,a09025a2119aa97150bd12082f2d033bb1d95079edd6ab5b467a05cb4bf161b8
results/raw/runs/2d_shallowwater/aaf_pinn/seed_2026/predictions/predict_eval_grid.npz,508942,2026-07-03T04:39:30.345835+00:00,c3840523ac64fcffe40078b5f5b90502076a79ff5f3d9cf56518d6a06ccb9aaf
results/raw/runs/2d_shallowwater/aaf_pinn/seed_2026/predictions/prediction_info.json,54,2026-07-03T04:39:30.345835+00:00,be9eb1b19f00de13ae49553f33024f53f3b120b21b90af981463d8b23af99bc9
results/raw/runs/2d_shallowwater/aaf_pinn/seed_2026/status.json,103,2026-07-03T04:39:30.349835+00:00,aab0187b8ec199c987171d99c97df5e6fcd1d969d2509533ae0c2572abb612b7
results/raw/runs/2d_shallowwater/aaf_pinn/seed_31415/_SUCCESS,8,2026-07-03T05:32:07.016896+00:00,81b2bd4ea98c8db66554fbc8d7637a1a69a130f331feb732b75caab4c4868fd5
results/raw/runs/2d_shallowwater/aaf_pinn/seed_31415/config.json,1628,2026-07-03T05:19:35.290315+00:00,e70ffdcf0b1d1ef72125461621521fc2138aff7665a33e36efe2d58ac58251ab
results/raw/runs/2d_shallowwater/aaf_pinn/seed_31415/diagnostics/aaf_activation_history.csv,38765,2026-07-03T05:32:07.016896+00:00,bcf334b505c55e626ff9108a9330fab9567164b871e9855c9279b9cd6feeae63
results/raw/runs/2d_shallowwater/aaf_pinn/seed_31415/diagnostics/aaf_final_state.pt,1091,2026-07-03T05:32:07.016896+00:00,78266ef54f1a573c125954621f8994e8b36e3708bab06cd45785eb6d1a76ff86
results/raw/runs/2d_shallowwater/aaf_pinn/seed_31415/diagnostics/aaf_settings.json,303,2026-07-03T05:32:07.016896+00:00,5ea029403f1a87c754b3a6c6affebe8df92538af99fcba02a814baa6a784335c
results/raw/runs/2d_shallowwater/aaf_pinn/seed_31415/env.json,244,2026-07-03T05:19:35.290315+00:00,3ea9611b4a501b9d8258401458ea7fbd12107e673f8ddeac71518e0ffecb3269
results/raw/runs/2d_shallowwater/aaf_pinn/seed_31415/history.csv,38765,2026-07-03T05:32:06.932897+00:00,bcf334b505c55e626ff9108a9330fab9567164b871e9855c9279b9cd6feeae63
results/raw/runs/2d_shallowwater/aaf_pinn/seed_31415/method.json,528,2026-07-03T05:19:35.290315+00:00,53eb2837468438883959ba147e372a46666ee337b8fd12f762df6f02f98f88f8
results/raw/runs/2d_shallowwater/aaf_pinn/seed_31415/metrics_adamw.json,4406,2026-07-20T13:46:59.471786+00:00,016036591b5306854db2ac7a4a4a233a39191ad9b83e0cf8aa3ec44420911232
results/raw/runs/2d_shallowwater/aaf_pinn/seed_31415/metrics_final.json,4406,2026-07-20T13:46:59.471786+00:00,016036591b5306854db2ac7a4a4a233a39191ad9b83e0cf8aa3ec44420911232
results/raw/runs/2d_shallowwater/aaf_pinn/seed_31415/model_adamw_final.pt,342335,2026-07-20T13:46:58.663791+00:00,855202ca4fcae44f1e9628dde94ccbfea358cc8940a03fd9214f7ce55eedb32b
results/raw/runs/2d_shallowwater/aaf_pinn/seed_31415/model_final.pt,342233,2026-07-20T13:46:58.655791+00:00,99f551f99c31c8ce19f39777e4dd60d1e536c14624ff0afeee42c68606f3aa56
results/raw/runs/2d_shallowwater/aaf_pinn/seed_31415/predictions/predict_eval_grid.npz,514548,2026-07-03T05:32:07.012896+00:00,1858f7e2b662f01dbe3efaace1206b643f2376a5eca28e45c822edf1317690e0
results/raw/runs/2d_shallowwater/aaf_pinn/seed_31415/predictions/prediction_info.json,54,2026-07-03T05:32:07.012896+00:00,be9eb1b19f00de13ae49553f33024f53f3b120b21b90af981463d8b23af99bc9
results/raw/runs/2d_shallowwater/aaf_pinn/seed_31415/status.json,103,2026-07-03T05:32:07.016896+00:00,d5e14729fd3b17b50836c892aab229e9ec6ac2fbb9186199ab2c059262402089
results/raw/runs/2d_shallowwater/aaf_pinn/seed_42/_SUCCESS,8,2026-07-03T05:05:27.251163+00:00,81b2bd4ea98c8db66554fbc8d7637a1a69a130f331feb732b75caab4c4868fd5
results/raw/runs/2d_shallowwater/aaf_pinn/seed_42/config.json,1622,2026-07-03T04:52:24.097423+00:00,dd8b7a90d385921e1e656df0d34d825f33108d4d73616038b39f578ac9bcbbea
results/raw/runs/2d_shallowwater/aaf_pinn/seed_42/diagnostics/aaf_activation_history.csv,38750,2026-07-03T05:05:27.247163+00:00,9c7c770d3fc265198e5951826ad2d453303794fcb1c2bc722144629f4da3b62b
results/raw/runs/2d_shallowwater/aaf_pinn/seed_42/diagnostics/aaf_final_state.pt,1091,2026-07-03T05:05:27.247163+00:00,548f7dfa6816aa32553a1dbdd351119c5dc9ce125ebfe851f8f7a8e602627f19
results/raw/runs/2d_shallowwater/aaf_pinn/seed_42/diagnostics/aaf_settings.json,302,2026-07-03T05:05:27.247163+00:00,983be839c9ab206046cf10e013176a99a6bf4ed684d93fd644a504675ea4a367
results/raw/runs/2d_shallowwater/aaf_pinn/seed_42/env.json,244,2026-07-03T04:52:24.097423+00:00,3ea9611b4a501b9d8258401458ea7fbd12107e673f8ddeac71518e0ffecb3269
results/raw/runs/2d_shallowwater/aaf_pinn/seed_42/history.csv,38750,2026-07-03T05:05:27.155163+00:00,9c7c770d3fc265198e5951826ad2d453303794fcb1c2bc722144629f4da3b62b
results/raw/runs/2d_shallowwater/aaf_pinn/seed_42/method.json,528,2026-07-03T04:52:24.097423+00:00,53eb2837468438883959ba147e372a46666ee337b8fd12f762df6f02f98f88f8
results/raw/runs/2d_shallowwater/aaf_pinn/seed_42/metrics_adamw.json,4400,2026-07-20T13:46:59.467786+00:00,20eafe6ce4804e423ac103eb9b67e6494a9970300562db83addbec2de080a3a1
results/raw/runs/2d_shallowwater/aaf_pinn/seed_42/metrics_final.json,4400,2026-07-20T13:46:59.467786+00:00,20eafe6ce4804e423ac103eb9b67e6494a9970300562db83addbec2de080a3a1
results/raw/runs/2d_shallowwater/aaf_pinn/seed_42/model_adamw_final.pt,342335,2026-07-20T13:46:58.639791+00:00,862fed6e0a5d1c8e1f0d2839763ec4582c43254d61da01616c2bc8c15cc0e21d
results/raw/runs/2d_shallowwater/aaf_pinn/seed_42/model_final.pt,342233,2026-07-20T13:46:58.635791+00:00,55e1b3ed8bf258085f0d49f23bf0f2e7edee1f556d307e18071f2f07587e08c5
results/raw/runs/2d_shallowwater/aaf_pinn/seed_42/predictions/predict_eval_grid.npz,502060,2026-07-03T05:05:27.243163+00:00,bde45bb1f5b700f6653977207882179f6dd0b07cbec8604f5cc963458e0690a4
results/raw/runs/2d_shallowwater/aaf_pinn/seed_42/predictions/prediction_info.json,54,2026-07-03T05:05:27.243163+00:00,be9eb1b19f00de13ae49553f33024f53f3b120b21b90af981463d8b23af99bc9
results/raw/runs/2d_shallowwater/aaf_pinn/seed_42/status.json,103,2026-07-03T05:05:27.251163+00:00,fb6e232f4d8acff58fa1e3d017fbcd0da6ff185d4037b458bae5ca1ad838294e
results/raw/runs/2d_shallowwater/aaf_pinn/seed_7/_SUCCESS,8,2026-07-03T04:52:23.893424+00:00,81b2bd4ea98c8db66554fbc8d7637a1a69a130f331feb732b75caab4c4868fd5
results/raw/runs/2d_shallowwater/aaf_pinn/seed_7/config.json,1620,2026-07-03T04:39:30.629836+00:00,06456611b83b9f6203580933cee639c7e8987f2fe71140419d5269f4da0b757d
results/raw/runs/2d_shallowwater/aaf_pinn/seed_7/diagnostics/aaf_activation_history.csv,38772,2026-07-03T04:52:23.889424+00:00,f2284231eac6908c1bec0ee123462831b3ed648b2815a6d21b1ec55face486af
results/raw/runs/2d_shallowwater/aaf_pinn/seed_7/diagnostics/aaf_final_state.pt,1091,2026-07-03T04:52:23.889424+00:00,4c0e9d6bb1d7b70a0efb1d00ab1f169fffab7fc413b09f7aa72b95b0379d6fcc
results/raw/runs/2d_shallowwater/aaf_pinn/seed_7/diagnostics/aaf_settings.json,303,2026-07-03T04:52:23.889424+00:00,787918fed16aa5a8ea0b9b49af181bb6b7054c2d65de55843594afa89bcac8c7
results/raw/runs/2d_shallowwater/aaf_pinn/seed_7/env.json,244,2026-07-03T04:39:30.629836+00:00,3ea9611b4a501b9d8258401458ea7fbd12107e673f8ddeac71518e0ffecb3269
results/raw/runs/2d_shallowwater/aaf_pinn/seed_7/history.csv,38772,2026-07-03T04:52:23.813424+00:00,f2284231eac6908c1bec0ee123462831b3ed648b2815a6d21b1ec55face486af
results/raw/runs/2d_shallowwater/aaf_pinn/seed_7/method.json,528,2026-07-03T04:39:30.629836+00:00,53eb2837468438883959ba147e372a46666ee337b8fd12f762df6f02f98f88f8
results/raw/runs/2d_shallowwater/aaf_pinn/seed_7/metrics_adamw.json,4402,2026-07-20T13:46:59.467786+00:00,ab786ba46ddc3e472d37af32d5404ee9e735ab0c36b1c320492481cd42ee5094
results/raw/runs/2d_shallowwater/aaf_pinn/seed_7/metrics_final.json,4402,2026-07-20T13:46:59.467786+00:00,ab786ba46ddc3e472d37af32d5404ee9e735ab0c36b1c320492481cd42ee5094
results/raw/runs/2d_shallowwater/aaf_pinn/seed_7/model_adamw_final.pt,342335,2026-07-20T13:46:58.627791+00:00,f0076f3b633a64b4d178a1a0254994ad04a55be7670f3e6c3ee928082680640b
results/raw/runs/2d_shallowwater/aaf_pinn/seed_7/model_final.pt,342233,2026-07-20T13:46:58.623791+00:00,fd43d8acf50b553c3f7394b9d24dcd01ca67ca52490f5721e780b0ef36d1daf0
results/raw/runs/2d_shallowwater/aaf_pinn/seed_7/predictions/predict_eval_grid.npz,510415,2026-07-03T04:52:23.885424+00:00,5db22adafa2f6227beaf379ae3738b2401db18e0b4ea308d703c0b4d3e0594b5
results/raw/runs/2d_shallowwater/aaf_pinn/seed_7/predictions/prediction_info.json,54,2026-07-03T04:52:23.885424+00:00,be9eb1b19f00de13ae49553f33024f53f3b120b21b90af981463d8b23af99bc9
results/raw/runs/2d_shallowwater/aaf_pinn/seed_7/status.json,103,2026-07-03T04:52:23.889424+00:00,0c7d36da56d7c9d2bfcfd60a77c257f1c4738f91d9f22300737272b6e2f50da9
results/raw/runs/2d_shallowwater/cpinn/seed_100/_SUCCESS,8,2026-07-04T08:06:25.811505+00:00,81b2bd4ea98c8db66554fbc8d7637a1a69a130f331feb732b75caab4c4868fd5
results/raw/runs/2d_shallowwater/cpinn/seed_100/config.json,1621,2026-07-04T07:23:45.475893+00:00,7f032f25fdc4b7ab81e5ce03d239471112448fa8a8daddcec74b95c7b104c06e
results/raw/runs/2d_shallowwater/cpinn/seed_100/diagnostics/cpinn_interface_history.csv,74928,2026-07-04T08:06:25.799505+00:00,e07af4b9bdfdc9ca46cb4ec43de19d14a75be5e1770bfd124ba8b291629f4d93
results/raw/runs/2d_shallowwater/cpinn/seed_100/diagnostics/cpinn_interface_points.npz,31779,2026-07-04T08:06:25.803505+00:00,5991243ee91fb011df386a3bd18e1c5ed7a9e74629ed2ea9f91a8224c23a7835
results/raw/runs/2d_shallowwater/cpinn/seed_100/diagnostics/cpinn_interface_points_meta.json,593,2026-07-04T08:06:25.803505+00:00,bc6c42255d87b62c29cec22c9b08c3ae184451edf7df45d02d1b8e83cf579254
results/raw/runs/2d_shallowwater/cpinn/seed_100/diagnostics/cpinn_loss_history.csv,57990,2026-07-04T08:06:25.795505+00:00,9793bb51523d321b1f13393740bb7861ad53efdd4f1db2417003aff7d324cd93
results/raw/runs/2d_shallowwater/cpinn/seed_100/diagnostics/cpinn_subdomain_config.json,1230,2026-07-04T08:06:25.799505+00:00,2b5def67701106d2c7b9ee70611dd513576df93d120f63f2a7cf511985735119
results/raw/runs/2d_shallowwater/cpinn/seed_100/diagnostics/cpinn_submodel_state_dicts.pt,1356811,2026-07-04T08:06:25.807505+00:00,28da9e10ce7e8037b16b24c98b5d6855d77783ef054e38c9b33fbc542b7a38a1
results/raw/runs/2d_shallowwater/cpinn/seed_100/env.json,244,2026-07-04T07:23:45.475893+00:00,3ea9611b4a501b9d8258401458ea7fbd12107e673f8ddeac71518e0ffecb3269
results/raw/runs/2d_shallowwater/cpinn/seed_100/history.csv,57990,2026-07-04T08:06:25.723506+00:00,9793bb51523d321b1f13393740bb7861ad53efdd4f1db2417003aff7d324cd93
results/raw/runs/2d_shallowwater/cpinn/seed_100/method.json,924,2026-07-04T07:23:45.475893+00:00,3d2120fc45309ed86938a053a9b845fe582f762cbcb9c8e683c0bff43a29d86f
results/raw/runs/2d_shallowwater/cpinn/seed_100/metrics_adamw.json,4617,2026-07-20T13:46:59.475786+00:00,17e326e365644f1dcedcd48a4b33e5dcadda520550bea1c29bd3f72c1f9e7585
results/raw/runs/2d_shallowwater/cpinn/seed_100/metrics_final.json,4617,2026-07-20T13:46:59.475786+00:00,17e326e365644f1dcedcd48a4b33e5dcadda520550bea1c29bd3f72c1f9e7585
results/raw/runs/2d_shallowwater/cpinn/seed_100/model_adamw_final.pt,1360771,2026-07-20T13:46:58.819790+00:00,f5c4ea058056495a2a4d85bfea9b77c1ffcf88a662b7f33fa0b56a75513124ac
results/raw/runs/2d_shallowwater/cpinn/seed_100/model_final.pt,1360399,2026-07-20T13:46:58.799790+00:00,c7ac4fe23f01bea3da0c4f3e90bfa66de1d76f9b7f62ee628a90fc338b522a6b
results/raw/runs/2d_shallowwater/cpinn/seed_100/predictions/predict_eval_grid.npz,511174,2026-07-04T08:06:25.791505+00:00,2f1ddf07471dbeb833f65ae6424f45f97272c0505ef490da84590af28ced6f9a
results/raw/runs/2d_shallowwater/cpinn/seed_100/predictions/prediction_info.json,54,2026-07-04T08:06:25.791505+00:00,be9eb1b19f00de13ae49553f33024f53f3b120b21b90af981463d8b23af99bc9
results/raw/runs/2d_shallowwater/cpinn/seed_100/status.json,102,2026-07-04T08:06:25.811505+00:00,3df8e96340a370a9d0083ea079f51f624bbd95e39ed6231050bce090c1e7420b
results/raw/runs/2d_shallowwater/cpinn/seed_2026/_SUCCESS,8,2026-07-04T05:47:47.590187+00:00,81b2bd4ea98c8db66554fbc8d7637a1a69a130f331feb732b75caab4c4868fd5
results/raw/runs/2d_shallowwater/cpinn/seed_2026/config.json,1623,2026-07-04T04:57:40.357382+00:00,499d640b8a5e8f6174c4fa20f15c45577fb867347adf6786c5babf344d8d5377
results/raw/runs/2d_shallowwater/cpinn/seed_2026/diagnostics/cpinn_interface_history.csv,74956,2026-07-04T05:47:47.578187+00:00,54fdfcbad9974d749c05921504a1ed1c9c72a6575795062b297c657520bcf8cf
results/raw/runs/2d_shallowwater/cpinn/seed_2026/diagnostics/cpinn_interface_points.npz,31775,2026-07-04T05:47:47.582187+00:00,a6c45f3994fb72e8003b1f7c43d3eee7c9184692e8390241c0bfade604c81b5b
results/raw/runs/2d_shallowwater/cpinn/seed_2026/diagnostics/cpinn_interface_points_meta.json,593,2026-07-04T05:47:47.582187+00:00,bc6c42255d87b62c29cec22c9b08c3ae184451edf7df45d02d1b8e83cf579254
results/raw/runs/2d_shallowwater/cpinn/seed_2026/diagnostics/cpinn_loss_history.csv,57984,2026-07-04T05:47:47.574187+00:00,4ee24d5d77f7780376dd9ae74f19547de1faa16c30d87ee87020e265c6745523
results/raw/runs/2d_shallowwater/cpinn/seed_2026/diagnostics/cpinn_subdomain_config.json,1231,2026-07-04T05:47:47.578187+00:00,080b6756487e69fd5eff2746a517448afffcccfaaf71364282c38e936969b740
results/raw/runs/2d_shallowwater/cpinn/seed_2026/diagnostics/cpinn_submodel_state_dicts.pt,1356811,2026-07-04T05:47:47.590187+00:00,1abd4875bdd81b1be155901372dee30c9b38f13fef0ed3d454e606015e6dd3f3
results/raw/runs/2d_shallowwater/cpinn/seed_2026/env.json,244,2026-07-04T04:57:40.361382+00:00,3ea9611b4a501b9d8258401458ea7fbd12107e673f8ddeac71518e0ffecb3269
results/raw/runs/2d_shallowwater/cpinn/seed_2026/history.csv,57984,2026-07-04T05:47:47.498188+00:00,4ee24d5d77f7780376dd9ae74f19547de1faa16c30d87ee87020e265c6745523
results/raw/runs/2d_shallowwater/cpinn/seed_2026/method.json,924,2026-07-04T04:57:40.357382+00:00,3d2120fc45309ed86938a053a9b845fe582f762cbcb9c8e683c0bff43a29d86f
results/raw/runs/2d_shallowwater/cpinn/seed_2026/metrics_adamw.json,4623,2026-07-20T13:46:59.471786+00:00,557d68759cc5173ac8c29ebfad9f50fe7a5a250de21a2bb2f7a276965690b6dc
results/raw/runs/2d_shallowwater/cpinn/seed_2026/metrics_final.json,4623,2026-07-20T13:46:59.471786+00:00,557d68759cc5173ac8c29ebfad9f50fe7a5a250de21a2bb2f7a276965690b6dc
results/raw/runs/2d_shallowwater/cpinn/seed_2026/model_adamw_final.pt,1360771,2026-07-20T13:46:58.695791+00:00,729f16b880525a2168b0c675a3d18af824c2d88373a4d68bb9bc87f89d42a7f8
results/raw/runs/2d_shallowwater/cpinn/seed_2026/model_final.pt,1360399,2026-07-20T13:46:58.675791+00:00,a5671f80906775621ebcfffbbd71bde6c298736dea0c67fd3579ee4341f7a2ea
results/raw/runs/2d_shallowwater/cpinn/seed_2026/predictions/predict_eval_grid.npz,515208,2026-07-04T05:47:47.570187+00:00,084df3fb0e65ba34a531aab711c48df6e9f6f3f182aa89874cd57c7caecf8bef
results/raw/runs/2d_shallowwater/cpinn/seed_2026/predictions/prediction_info.json,54,2026-07-04T05:47:47.570187+00:00,be9eb1b19f00de13ae49553f33024f53f3b120b21b90af981463d8b23af99bc9
results/raw/runs/2d_shallowwater/cpinn/seed_2026/status.json,104,2026-07-04T05:47:47.590187+00:00,fe74158a3f8f360a0c556fea981f0fff1adb273888d9d21d78f3cbf4cea4daac
results/raw/runs/2d_shallowwater/cpinn/seed_31415/_SUCCESS,8,2026-07-04T08:55:18.549284+00:00,81b2bd4ea98c8db66554fbc8d7637a1a69a130f331feb732b75caab4c4868fd5
results/raw/runs/2d_shallowwater/cpinn/seed_31415/config.json,1625,2026-07-04T08:06:26.243502+00:00,4b2e29dba9b7c6308c7b838b682a4541f90537cae71bee6e187296db291e3828
results/raw/runs/2d_shallowwater/cpinn/seed_31415/diagnostics/cpinn_interface_history.csv,74967,2026-07-04T08:55:18.541284+00:00,05a93a3e54c74e47c8ef367b832a9c12b85f0175011544aa1e6f2cd1fae1f7e2
results/raw/runs/2d_shallowwater/cpinn/seed_31415/diagnostics/cpinn_interface_points.npz,31784,2026-07-04T08:55:18.545284+00:00,1f1b9b1c800f25b4959b0dd8787d7391e99836dae1f00d147cdda5f8de787b00
results/raw/runs/2d_shallowwater/cpinn/seed_31415/diagnostics/cpinn_interface_points_meta.json,593,2026-07-04T08:55:18.545284+00:00,bc6c42255d87b62c29cec22c9b08c3ae184451edf7df45d02d1b8e83cf579254
results/raw/runs/2d_shallowwater/cpinn/seed_31415/diagnostics/cpinn_loss_history.csv,57994,2026-07-04T08:55:18.537284+00:00,f674feca342e4fef8085e09348757526836193a8373860c55c17a9c58e407261
results/raw/runs/2d_shallowwater/cpinn/seed_31415/diagnostics/cpinn_subdomain_config.json,1231,2026-07-04T08:55:18.541284+00:00,7ed92abecc414cd437008c0bb69d72b0b856daa913d867f39bf0d4ae5009710c
results/raw/runs/2d_shallowwater/cpinn/seed_31415/diagnostics/cpinn_submodel_state_dicts.pt,1356811,2026-07-04T08:55:18.549284+00:00,c1783e1c98fff43cf5c293fd9cbfea1414c4a92af0a3f40dcb49a3b40d91932e
results/raw/runs/2d_shallowwater/cpinn/seed_31415/env.json,244,2026-07-04T08:06:26.243502+00:00,3ea9611b4a501b9d8258401458ea7fbd12107e673f8ddeac71518e0ffecb3269
results/raw/runs/2d_shallowwater/cpinn/seed_31415/history.csv,57994,2026-07-04T08:55:18.465284+00:00,f674feca342e4fef8085e09348757526836193a8373860c55c17a9c58e407261
results/raw/runs/2d_shallowwater/cpinn/seed_31415/method.json,924,2026-07-04T08:06:26.243502+00:00,3d2120fc45309ed86938a053a9b845fe582f762cbcb9c8e683c0bff43a29d86f
results/raw/runs/2d_shallowwater/cpinn/seed_31415/metrics_adamw.json,4628,2026-07-20T13:46:59.475786+00:00,2d697ffb8288089dad08729fcbd436427a6a1577ac64d241432b0ac0dda77a3a
results/raw/runs/2d_shallowwater/cpinn/seed_31415/metrics_final.json,4628,2026-07-20T13:46:59.475786+00:00,2d697ffb8288089dad08729fcbd436427a6a1577ac64d241432b0ac0dda77a3a
results/raw/runs/2d_shallowwater/cpinn/seed_31415/model_adamw_final.pt,1360771,2026-07-20T13:46:58.859790+00:00,2d479d1972a9d8208ea47303215ea1cf68974c4450cd4f7464a9bf6fb4231d31
results/raw/runs/2d_shallowwater/cpinn/seed_31415/model_final.pt,1360399,2026-07-20T13:46:58.839790+00:00,55a0ac712cbe025b5884d6b1f6d2e8c0505ec8ad3778a52a68fb28c9c0ccfc82
results/raw/runs/2d_shallowwater/cpinn/seed_31415/predictions/predict_eval_grid.npz,511620,2026-07-04T08:55:18.533284+00:00,1043af8a93affcc0381543bab217a1da33154d680a787776ad9f3264a094b72c
results/raw/runs/2d_shallowwater/cpinn/seed_31415/predictions/prediction_info.json,54,2026-07-04T08:55:18.533284+00:00,be9eb1b19f00de13ae49553f33024f53f3b120b21b90af981463d8b23af99bc9
results/raw/runs/2d_shallowwater/cpinn/seed_31415/status.json,103,2026-07-04T08:55:18.549284+00:00,9aaaf0016b7f4fcc331faf2eddf26fe19f626911d481aa753e4d6b9255ec6323
results/raw/runs/2d_shallowwater/cpinn/seed_42/_SUCCESS,8,2026-07-04T07:23:45.267896+00:00,81b2bd4ea98c8db66554fbc8d7637a1a69a130f331feb732b75caab4c4868fd5
results/raw/runs/2d_shallowwater/cpinn/seed_42/config.json,1619,2026-07-04T06:37:27.969463+00:00,6dfbcb4b10604fd327c48cd0e01b8ff671195743c04efaad4aedaa59b7f1715f
results/raw/runs/2d_shallowwater/cpinn/seed_42/diagnostics/cpinn_interface_history.csv,74942,2026-07-04T07:23:45.259896+00:00,570d9ce252ec03794e7e8a9f7314b58468845f952210e962ed899a65e12ef1f6
results/raw/runs/2d_shallowwater/cpinn/seed_42/diagnostics/cpinn_interface_points.npz,31771,2026-07-04T07:23:45.263896+00:00,5724d68c6f4baf8cf88b3b95eea276695362a3efc65697309bb313e79173042e
results/raw/runs/2d_shallowwater/cpinn/seed_42/diagnostics/cpinn_interface_points_meta.json,593,2026-07-04T07:23:45.263896+00:00,bc6c42255d87b62c29cec22c9b08c3ae184451edf7df45d02d1b8e83cf579254
results/raw/runs/2d_shallowwater/cpinn/seed_42/diagnostics/cpinn_loss_history.csv,57988,2026-07-04T07:23:45.255896+00:00,32a14534f7c795703c76d2a02332c51d1bc6aec601500071dc55931f8537dcd9
results/raw/runs/2d_shallowwater/cpinn/seed_42/diagnostics/cpinn_subdomain_config.json,1228,2026-07-04T07:23:45.259896+00:00,4cf1a09b0edf0cfe282b45f7dc7fde5fa2e8731b6b98b05591d022a9ef07fcfa
results/raw/runs/2d_shallowwater/cpinn/seed_42/diagnostics/cpinn_submodel_state_dicts.pt,1356811,2026-07-04T07:23:45.267896+00:00,7f6d6e3ff57086222741ddb19444f8405fedb23dd2c39bf7ae2d5083eccfed06
results/raw/runs/2d_shallowwater/cpinn/seed_42/env.json,244,2026-07-04T06:37:27.969463+00:00,3ea9611b4a501b9d8258401458ea7fbd12107e673f8ddeac71518e0ffecb3269
results/raw/runs/2d_shallowwater/cpinn/seed_42/history.csv,57988,2026-07-04T07:23:45.183897+00:00,32a14534f7c795703c76d2a02332c51d1bc6aec601500071dc55931f8537dcd9
results/raw/runs/2d_shallowwater/cpinn/seed_42/method.json,924,2026-07-04T06:37:27.969463+00:00,3d2120fc45309ed86938a053a9b845fe582f762cbcb9c8e683c0bff43a29d86f
results/raw/runs/2d_shallowwater/cpinn/seed_42/metrics_adamw.json,4618,2026-07-20T13:46:59.475786+00:00,3531fb845397a378c55f6c52461fdb3b392c6f5adf842b736430763f3bd2809f
results/raw/runs/2d_shallowwater/cpinn/seed_42/metrics_final.json,4618,2026-07-20T13:46:59.475786+00:00,3531fb845397a378c55f6c52461fdb3b392c6f5adf842b736430763f3bd2809f
results/raw/runs/2d_shallowwater/cpinn/seed_42/model_adamw_final.pt,1360771,2026-07-20T13:46:58.779790+00:00,549fe7ce1450676effa767b573a56a57f39dc762f41bc165073a3ac310fa5870
results/raw/runs/2d_shallowwater/cpinn/seed_42/model_final.pt,1360399,2026-07-20T13:46:58.759790+00:00,ae6ad1366151559547193c9130b183392e26cfa6973301e1c6966bf104e6d6ef
results/raw/runs/2d_shallowwater/cpinn/seed_42/predictions/predict_eval_grid.npz,511513,2026-07-04T07:23:45.247896+00:00,984f32ea6a06f8bec8e82d3e8b78467a19eb62570247df81dba4b069905f3411
results/raw/runs/2d_shallowwater/cpinn/seed_42/predictions/prediction_info.json,54,2026-07-04T07:23:45.251896+00:00,be9eb1b19f00de13ae49553f33024f53f3b120b21b90af981463d8b23af99bc9
results/raw/runs/2d_shallowwater/cpinn/seed_42/status.json,104,2026-07-04T07:23:45.267896+00:00,729c1d5f4452c675b02b4f44879830460d4827740ff8ed79fa899c6bda3a9532
results/raw/runs/2d_shallowwater/cpinn/seed_7/_SUCCESS,8,2026-07-04T06:37:27.541465+00:00,81b2bd4ea98c8db66554fbc8d7637a1a69a130f331feb732b75caab4c4868fd5
results/raw/runs/2d_shallowwater/cpinn/seed_7/config.json,1617,2026-07-04T05:47:48.030186+00:00,c34e4b50735334de2e645cb5fb1571be71eae09d37c5bed5c978c4b056ad5675
results/raw/runs/2d_shallowwater/cpinn/seed_7/diagnostics/cpinn_interface_history.csv,74893,2026-07-04T06:37:27.529465+00:00,20ef2b0524e82858e0e5be8bec0228c656144fc351bf109b59b0033cb81b88b0
results/raw/runs/2d_shallowwater/cpinn/seed_7/diagnostics/cpinn_interface_points.npz,31792,2026-07-04T06:37:27.533465+00:00,eaae9edd1045b4bd8d769477d52b6c3159295595ecf22a0a466ce4441e2bf9a3
results/raw/runs/2d_shallowwater/cpinn/seed_7/diagnostics/cpinn_interface_points_meta.json,593,2026-07-04T06:37:27.533465+00:00,bc6c42255d87b62c29cec22c9b08c3ae184451edf7df45d02d1b8e83cf579254
results/raw/runs/2d_shallowwater/cpinn/seed_7/diagnostics/cpinn_loss_history.csv,57896,2026-07-04T06:37:27.525465+00:00,f83958ae3b3acca47d4be2ff5e55c5e1c856e2138e8c6317e6bf04bd40f15258
results/raw/runs/2d_shallowwater/cpinn/seed_7/diagnostics/cpinn_subdomain_config.json,1230,2026-07-04T06:37:27.533465+00:00,073fc06dc1f3f8faff5fe7b2b693c0e4df8eef072262e716ba27f003457bcf44
results/raw/runs/2d_shallowwater/cpinn/seed_7/diagnostics/cpinn_submodel_state_dicts.pt,1356811,2026-07-04T06:37:27.541465+00:00,e50588b49015fcbee51749d458815240ccdd9b5b214ccfa4eecd9fa4712e0377
results/raw/runs/2d_shallowwater/cpinn/seed_7/env.json,244,2026-07-04T05:47:48.034186+00:00,3ea9611b4a501b9d8258401458ea7fbd12107e673f8ddeac71518e0ffecb3269
results/raw/runs/2d_shallowwater/cpinn/seed_7/history.csv,57896,2026-07-04T06:37:27.453465+00:00,f83958ae3b3acca47d4be2ff5e55c5e1c856e2138e8c6317e6bf04bd40f15258
results/raw/runs/2d_shallowwater/cpinn/seed_7/method.json,924,2026-07-04T05:47:48.034186+00:00,3d2120fc45309ed86938a053a9b845fe582f762cbcb9c8e683c0bff43a29d86f
results/raw/runs/2d_shallowwater/cpinn/seed_7/metrics_adamw.json,4616,2026-07-20T13:46:59.471786+00:00,5a32993e64c8bbb71e0bfaf6d4eff6a7db1d109e90e1c3f9ab290392b22ac50d
results/raw/runs/2d_shallowwater/cpinn/seed_7/metrics_final.json,4616,2026-07-20T13:46:59.471786+00:00,5a32993e64c8bbb71e0bfaf6d4eff6a7db1d109e90e1c3f9ab290392b22ac50d
results/raw/runs/2d_shallowwater/cpinn/seed_7/model_adamw_final.pt,1360771,2026-07-20T13:46:58.739790+00:00,51ddda96581d8403679fb83cc561f0cb16f7be78dc84834d8f9c3344756836e6
results/raw/runs/2d_shallowwater/cpinn/seed_7/model_final.pt,1360399,2026-07-20T13:46:58.719790+00:00,6af3e5e94f0a39ebf028bd03cf1c19bc6e445192e6a384518b48318c6091833b
results/raw/runs/2d_shallowwater/cpinn/seed_7/predictions/predict_eval_grid.npz,515376,2026-07-04T06:37:27.521465+00:00,c84de3ebb4ac60a76c124a54db2fd26e159df92c7455a83cd16abf73ff4110ba
results/raw/runs/2d_shallowwater/cpinn/seed_7/predictions/prediction_info.json,54,2026-07-04T06:37:27.521465+00:00,be9eb1b19f00de13ae49553f33024f53f3b120b21b90af981463d8b23af99bc9
results/raw/runs/2d_shallowwater/cpinn/seed_7/status.json,103,2026-07-04T06:37:27.541465+00:00,1fc08f6e3045afe56354fac147bdfb046e0bd8017006d871177d2b07aa4f81fb
results/raw/runs/2d_shallowwater/gpinn_subsampled/seed_100/_SUCCESS,8,2026-07-02T17:03:17.400148+00:00,81b2bd4ea98c8db66554fbc8d7637a1a69a130f331feb732b75caab4c4868fd5
results/raw/runs/2d_shallowwater/gpinn_subsampled/seed_100/config.json,1632,2026-07-02T15:45:24.959422+00:00,0f725ee0498de251d759002d7261f9ba126554429269b832d0223b1c66b0390c
results/raw/runs/2d_shallowwater/gpinn_subsampled/seed_100/diagnostics/gpinn_gradient_history.csv,46170,2026-07-02T17:03:17.396148+00:00,61d96dbcefc7ba9d5217e8da9433a28d6d841aff89490d6046da29075cb0e485
results/raw/runs/2d_shallowwater/gpinn_subsampled/seed_100/diagnostics/gpinn_gradient_stats.csv,18162,2026-07-02T17:03:17.400148+00:00,5052b7620e101497c923e07fbaa6f6d17f5b2eadb73f2dd0e547d3c4b798a04e
results/raw/runs/2d_shallowwater/gpinn_subsampled/seed_100/diagnostics/gpinn_settings.json,409,2026-07-02T17:03:17.396148+00:00,50e0971f1b101d25d5c6ff6a19530e75b0a5d1239d39bc484a2e80ed3ca4eeb6
results/raw/runs/2d_shallowwater/gpinn_subsampled/seed_100/env.json,244,2026-07-02T15:45:24.959422+00:00,3ea9611b4a501b9d8258401458ea7fbd12107e673f8ddeac71518e0ffecb3269
results/raw/runs/2d_shallowwater/gpinn_subsampled/seed_100/history.csv,46170,2026-07-02T17:03:17.296148+00:00,61d96dbcefc7ba9d5217e8da9433a28d6d841aff89490d6046da29075cb0e485
results/raw/runs/2d_shallowwater/gpinn_subsampled/seed_100/method.json,488,2026-07-02T15:45:24.959422+00:00,18c72092155b6970e31a206137b398967bc47c44a209f00d66d93aaa7b270823
results/raw/runs/2d_shallowwater/gpinn_subsampled/seed_100/metrics_adamw.json,4482,2026-07-20T13:46:59.463786+00:00,c7f2441a29fe164cf1606ba77c8c209c0efba69d19d62d4f1fd473626a96454f
results/raw/runs/2d_shallowwater/gpinn_subsampled/seed_100/metrics_final.json,4482,2026-07-20T13:46:59.463786+00:00,c7f2441a29fe164cf1606ba77c8c209c0efba69d19d62d4f1fd473626a96454f
results/raw/runs/2d_shallowwater/gpinn_subsampled/seed_100/model_adamw_final.pt,342123,2026-07-20T13:46:58.591791+00:00,76b2c1fbb83269ab7946a07a6d6b0cb8d2b98cb5c20d3acda4478cc4e68014ed
results/raw/runs/2d_shallowwater/gpinn_subsampled/seed_100/model_final.pt,342027,2026-07-20T13:46:58.587791+00:00,6a7019fcfdec32e192500c1c08c1082a41556430a87bcb6dadfa29d84fe76bf7
results/raw/runs/2d_shallowwater/gpinn_subsampled/seed_100/predictions/predict_eval_grid.npz,511882,2026-07-02T17:03:17.392148+00:00,f1e9749e1b773dc3adce43a02a7c28c7d0d5539e8b2f9c03f6c8ee7a7c76de21
results/raw/runs/2d_shallowwater/gpinn_subsampled/seed_100/predictions/prediction_info.json,54,2026-07-02T17:03:17.392148+00:00,be9eb1b19f00de13ae49553f33024f53f3b120b21b90af981463d8b23af99bc9
results/raw/runs/2d_shallowwater/gpinn_subsampled/seed_100/status.json,103,2026-07-02T17:03:17.400148+00:00,4e32f79c949b973728547f370985dc63067031fc305795af55875cabfc4ededa
results/raw/runs/2d_shallowwater/gpinn_subsampled/seed_2026/_SUCCESS,8,2026-07-02T13:11:01.013808+00:00,81b2bd4ea98c8db66554fbc8d7637a1a69a130f331feb732b75caab4c4868fd5
results/raw/runs/2d_shallowwater/gpinn_subsampled/seed_2026/config.json,1634,2026-07-02T11:43:41.750559+00:00,cb105e2faf1f8db4407f1cc631115dd1d3e33841779894184d66de266b7faf54
results/raw/runs/2d_shallowwater/gpinn_subsampled/seed_2026/diagnostics/gpinn_gradient_history.csv,46169,2026-07-02T13:11:01.009809+00:00,0b53c71f0ba3d5471a0b3e056fc566092215b956ea00b1af96e481d921dd4368
results/raw/runs/2d_shallowwater/gpinn_subsampled/seed_2026/diagnostics/gpinn_gradient_stats.csv,18140,2026-07-02T13:11:01.013808+00:00,56533626ea7706f78e0cff915ad26208bfdaf6ec34d3d3d8cdac84ca2a17c614
results/raw/runs/2d_shallowwater/gpinn_subsampled/seed_2026/diagnostics/gpinn_settings.json,409,2026-07-02T13:11:01.009809+00:00,50e0971f1b101d25d5c6ff6a19530e75b0a5d1239d39bc484a2e80ed3ca4eeb6
results/raw/runs/2d_shallowwater/gpinn_subsampled/seed_2026/env.json,244,2026-07-02T11:43:41.750559+00:00,3ea9611b4a501b9d8258401458ea7fbd12107e673f8ddeac71518e0ffecb3269
results/raw/runs/2d_shallowwater/gpinn_subsampled/seed_2026/history.csv,46169,2026-07-02T13:11:00.945809+00:00,0b53c71f0ba3d5471a0b3e056fc566092215b956ea00b1af96e481d921dd4368
results/raw/runs/2d_shallowwater/gpinn_subsampled/seed_2026/method.json,488,2026-07-02T11:43:41.750559+00:00,18c72092155b6970e31a206137b398967bc47c44a209f00d66d93aaa7b270823
results/raw/runs/2d_shallowwater/gpinn_subsampled/seed_2026/metrics_adamw.json,4482,2026-07-20T13:46:59.463786+00:00,aa9b2d24fb1428fefa47edc3b4e886b469b9ae268beecb157ba1a004ce2be79b
results/raw/runs/2d_shallowwater/gpinn_subsampled/seed_2026/metrics_final.json,4482,2026-07-20T13:46:59.459786+00:00,aa9b2d24fb1428fefa47edc3b4e886b469b9ae268beecb157ba1a004ce2be79b
results/raw/runs/2d_shallowwater/gpinn_subsampled/seed_2026/model_adamw_final.pt,342123,2026-07-20T13:46:58.555791+00:00,3dae1c42953e1be7e6bba63686e7da21797d4fc126aeabc986544a3b133e3c8d
results/raw/runs/2d_shallowwater/gpinn_subsampled/seed_2026/model_final.pt,342027,2026-07-20T13:46:58.551791+00:00,aebaa09d905360cb1f3762570e816f5cef3c749092e3c2200593b81459c42718
results/raw/runs/2d_shallowwater/gpinn_subsampled/seed_2026/predictions/predict_eval_grid.npz,508305,2026-07-02T13:11:01.005809+00:00,d0eb1254ab1d89fd019d29a1b9c5b87e5334f6a1c96b04c61f7d7f87c60b34cc
results/raw/runs/2d_shallowwater/gpinn_subsampled/seed_2026/predictions/prediction_info.json,54,2026-07-02T13:11:01.005809+00:00,be9eb1b19f00de13ae49553f33024f53f3b120b21b90af981463d8b23af99bc9
results/raw/runs/2d_shallowwater/gpinn_subsampled/seed_2026/status.json,103,2026-07-02T13:11:01.013808+00:00,a8bce4619cbd23c38ed05c4d1f25c5f09de97aef83ea319837cca455adf8bff3
results/raw/runs/2d_shallowwater/gpinn_subsampled/seed_31415/_SUCCESS,8,2026-07-02T18:28:44.490853+00:00,81b2bd4ea98c8db66554fbc8d7637a1a69a130f331feb732b75caab4c4868fd5
results/raw/runs/2d_shallowwater/gpinn_subsampled/seed_31415/config.json,1636,2026-07-02T17:03:17.604147+00:00,cbdb784651ba3460692c46652a6a36412e1c27de36d8ef859aa4c0b825821f02
results/raw/runs/2d_shallowwater/gpinn_subsampled/seed_31415/diagnostics/gpinn_gradient_history.csv,46174,2026-07-02T18:28:44.486853+00:00,9d3ff70bcfb396a9d6a4b0371afec6159aee778b3a84f1fdd00224803e0333f0
results/raw/runs/2d_shallowwater/gpinn_subsampled/seed_31415/diagnostics/gpinn_gradient_stats.csv,18173,2026-07-02T18:28:44.490853+00:00,71a27e823d6befad5bfe583324fd53b8e3e1482659244fbf56986d730112b73f
results/raw/runs/2d_shallowwater/gpinn_subsampled/seed_31415/diagnostics/gpinn_settings.json,409,2026-07-02T18:28:44.486853+00:00,50e0971f1b101d25d5c6ff6a19530e75b0a5d1239d39bc484a2e80ed3ca4eeb6
results/raw/runs/2d_shallowwater/gpinn_subsampled/seed_31415/env.json,244,2026-07-02T17:03:17.604147+00:00,3ea9611b4a501b9d8258401458ea7fbd12107e673f8ddeac71518e0ffecb3269
results/raw/runs/2d_shallowwater/gpinn_subsampled/seed_31415/history.csv,46174,2026-07-02T18:28:44.394854+00:00,9d3ff70bcfb396a9d6a4b0371afec6159aee778b3a84f1fdd00224803e0333f0
results/raw/runs/2d_shallowwater/gpinn_subsampled/seed_31415/method.json,488,2026-07-02T17:03:17.604147+00:00,18c72092155b6970e31a206137b398967bc47c44a209f00d66d93aaa7b270823
results/raw/runs/2d_shallowwater/gpinn_subsampled/seed_31415/metrics_adamw.json,4481,2026-07-20T13:46:59.467786+00:00,6bb5399d395545d72ff121fece6d4be4162b96162537905cd3204ee65f376af2
results/raw/runs/2d_shallowwater/gpinn_subsampled/seed_31415/metrics_final.json,4481,2026-07-20T13:46:59.463786+00:00,6bb5399d395545d72ff121fece6d4be4162b96162537905cd3204ee65f376af2
results/raw/runs/2d_shallowwater/gpinn_subsampled/seed_31415/model_adamw_final.pt,342123,2026-07-20T13:46:58.603791+00:00,cfc24af417e776d743e965dd7e2cd710316ac6daa6e3f6893567329e20477cf9
results/raw/runs/2d_shallowwater/gpinn_subsampled/seed_31415/model_final.pt,342027,2026-07-20T13:46:58.595791+00:00,7b28f067d5a3f5249794eb974799059658db2d78a20f7a26a13559c408f6d532
results/raw/runs/2d_shallowwater/gpinn_subsampled/seed_31415/predictions/predict_eval_grid.npz,511981,2026-07-02T18:28:44.478853+00:00,79508a4ed570160dc5dfd18b75fe53d14cdae00614de21295ed0b2077b866e1c
results/raw/runs/2d_shallowwater/gpinn_subsampled/seed_31415/predictions/prediction_info.json,54,2026-07-02T18:28:44.478853+00:00,be9eb1b19f00de13ae49553f33024f53f3b120b21b90af981463d8b23af99bc9
results/raw/runs/2d_shallowwater/gpinn_subsampled/seed_31415/status.json,103,2026-07-02T18:28:44.490853+00:00,7973327e053159ba76c7a4e688a936689609b8fe987860a11cf94f4277859d9e
results/raw/runs/2d_shallowwater/gpinn_subsampled/seed_42/_SUCCESS,8,2026-07-02T15:45:24.787422+00:00,81b2bd4ea98c8db66554fbc8d7637a1a69a130f331feb732b75caab4c4868fd5
results/raw/runs/2d_shallowwater/gpinn_subsampled/seed_42/config.json,1630,2026-07-02T14:28:29.072476+00:00,2eceb16f3602f19e76703cf46e9acc093dcb0268e847f3e7138eb7828207b8ed
results/raw/runs/2d_shallowwater/gpinn_subsampled/seed_42/diagnostics/gpinn_gradient_history.csv,46179,2026-07-02T15:45:24.783422+00:00,a29fea99a24e8b2e90e18276d66a07911733d42d851744caef87513bd961094c
results/raw/runs/2d_shallowwater/gpinn_subsampled/seed_42/diagnostics/gpinn_gradient_stats.csv,18140,2026-07-02T15:45:24.783422+00:00,59412901440310a5535fd14debcb5ce8e198689a951be24ca99c157c365b086b
results/raw/runs/2d_shallowwater/gpinn_subsampled/seed_42/diagnostics/gpinn_settings.json,409,2026-07-02T15:45:24.783422+00:00,50e0971f1b101d25d5c6ff6a19530e75b0a5d1239d39bc484a2e80ed3ca4eeb6
results/raw/runs/2d_shallowwater/gpinn_subsampled/seed_42/env.json,244,2026-07-02T14:28:29.072476+00:00,3ea9611b4a501b9d8258401458ea7fbd12107e673f8ddeac71518e0ffecb3269
results/raw/runs/2d_shallowwater/gpinn_subsampled/seed_42/history.csv,46179,2026-07-02T15:45:24.719422+00:00,a29fea99a24e8b2e90e18276d66a07911733d42d851744caef87513bd961094c
results/raw/runs/2d_shallowwater/gpinn_subsampled/seed_42/method.json,488,2026-07-02T14:28:29.072476+00:00,18c72092155b6970e31a206137b398967bc47c44a209f00d66d93aaa7b270823
results/raw/runs/2d_shallowwater/gpinn_subsampled/seed_42/metrics_adamw.json,4473,2026-07-20T13:46:59.463786+00:00,7213cf0852f78d8b6a72b949e4395aa91ccdf66d4dc202dba72fbe78ec1118f9
results/raw/runs/2d_shallowwater/gpinn_subsampled/seed_42/metrics_final.json,4473,2026-07-20T13:46:59.463786+00:00,7213cf0852f78d8b6a72b949e4395aa91ccdf66d4dc202dba72fbe78ec1118f9
results/raw/runs/2d_shallowwater/gpinn_subsampled/seed_42/model_adamw_final.pt,342123,2026-07-20T13:46:58.579791+00:00,08aa7864930f15a7d9deda8142419cc6258865c17d8cbfa56bbfbfa3f1f72262
results/raw/runs/2d_shallowwater/gpinn_subsampled/seed_42/model_final.pt,342027,2026-07-20T13:46:58.575791+00:00,03cf899d1930b26aaadda6dc9f44eb723aaa9f0fcaf7981f3bcd359a51c08e9c
results/raw/runs/2d_shallowwater/gpinn_subsampled/seed_42/predictions/predict_eval_grid.npz,501505,2026-07-02T15:45:24.779422+00:00,f49f44bc1ebe4e4a84705ae1bfe84f8fc80618216710353c86f2f0ad7abefa97
results/raw/runs/2d_shallowwater/gpinn_subsampled/seed_42/predictions/prediction_info.json,54,2026-07-02T15:45:24.779422+00:00,be9eb1b19f00de13ae49553f33024f53f3b120b21b90af981463d8b23af99bc9
results/raw/runs/2d_shallowwater/gpinn_subsampled/seed_42/status.json,103,2026-07-02T15:45:24.783422+00:00,320d5f550fc989796c17a8f86060f8f7361baa2d29657762aefae2444b9da5a0
results/raw/runs/2d_shallowwater/gpinn_subsampled/seed_7/_SUCCESS,8,2026-07-02T14:28:28.892476+00:00,81b2bd4ea98c8db66554fbc8d7637a1a69a130f331feb732b75caab4c4868fd5
results/raw/runs/2d_shallowwater/gpinn_subsampled/seed_7/config.json,1628,2026-07-02T13:11:01.261808+00:00,cf7f9ed495c9e880e8ba5c4dcaed5a17eeedab23e42517432cf214082abe12fb
results/raw/runs/2d_shallowwater/gpinn_subsampled/seed_7/diagnostics/gpinn_gradient_history.csv,46157,2026-07-02T14:28:28.892476+00:00,03e3317f8ee3b4e9da2de48daf8f8598dee6ca74f63b7abbf74d4b231de699e4
results/raw/runs/2d_shallowwater/gpinn_subsampled/seed_7/diagnostics/gpinn_gradient_stats.csv,18145,2026-07-02T14:28:28.892476+00:00,fe4da4ef312720ee173ec935f5e2797800f60767e42ab54da33b25b252ba1627
results/raw/runs/2d_shallowwater/gpinn_subsampled/seed_7/diagnostics/gpinn_settings.json,409,2026-07-02T14:28:28.892476+00:00,50e0971f1b101d25d5c6ff6a19530e75b0a5d1239d39bc484a2e80ed3ca4eeb6
results/raw/runs/2d_shallowwater/gpinn_subsampled/seed_7/env.json,244,2026-07-02T13:11:01.261808+00:00,3ea9611b4a501b9d8258401458ea7fbd12107e673f8ddeac71518e0ffecb3269
results/raw/runs/2d_shallowwater/gpinn_subsampled/seed_7/history.csv,46157,2026-07-02T14:28:28.828477+00:00,03e3317f8ee3b4e9da2de48daf8f8598dee6ca74f63b7abbf74d4b231de699e4
results/raw/runs/2d_shallowwater/gpinn_subsampled/seed_7/method.json,488,2026-07-02T13:11:01.261808+00:00,18c72092155b6970e31a206137b398967bc47c44a209f00d66d93aaa7b270823
results/raw/runs/2d_shallowwater/gpinn_subsampled/seed_7/metrics_adamw.json,4466,2026-07-20T13:46:59.463786+00:00,425bf3ca18aa9cfb3e814d4834e5b79be518acf07d3cb124330ef54ee6c8f029
results/raw/runs/2d_shallowwater/gpinn_subsampled/seed_7/metrics_final.json,4466,2026-07-20T13:46:59.463786+00:00,425bf3ca18aa9cfb3e814d4834e5b79be518acf07d3cb124330ef54ee6c8f029
results/raw/runs/2d_shallowwater/gpinn_subsampled/seed_7/model_adamw_final.pt,342123,2026-07-20T13:46:58.567791+00:00,d9fe8ca1dc1b4fb9eca76c35696775edeee78a3362cb875721cb889f972320a2
results/raw/runs/2d_shallowwater/gpinn_subsampled/seed_7/model_final.pt,342027,2026-07-20T13:46:58.563791+00:00,e2874881d7348679163e878b51bd069258ed04a463106bc0242fa376786d0060
results/raw/runs/2d_shallowwater/gpinn_subsampled/seed_7/predictions/predict_eval_grid.npz,512072,2026-07-02T14:28:28.888476+00:00,7d18d172ed02c5b7be8beb1a21fba1ea189d6d2994b3dd9cda172c35821e5f7a
results/raw/runs/2d_shallowwater/gpinn_subsampled/seed_7/predictions/prediction_info.json,54,2026-07-02T14:28:28.888476+00:00,be9eb1b19f00de13ae49553f33024f53f3b120b21b90af981463d8b23af99bc9
results/raw/runs/2d_shallowwater/gpinn_subsampled/seed_7/status.json,103,2026-07-02T14:28:28.892476+00:00,3c49d788ae5f65ec0c3d14820d8d3d78fa204cd6ac74187827dda618fcc7299e
results/raw/runs/2d_shallowwater/lra_pinn/seed_100/_SUCCESS,8,2026-07-02T02:24:04.894317+00:00,81b2bd4ea98c8db66554fbc8d7637a1a69a130f331feb732b75caab4c4868fd5
results/raw/runs/2d_shallowwater/lra_pinn/seed_100/config.json,1624,2026-07-02T02:12:58.110002+00:00,30a2db49c9084f743915b2872773670b3a69a1ff63b9f8a3c0cf5aa07544507d
results/raw/runs/2d_shallowwater/lra_pinn/seed_100/diagnostics/lra_final_lambdas.json,324,2026-07-02T02:24:04.894317+00:00,546f02e229dfc014024687073980d474ea8a6057427fe5d1dc6797518352dbe2
results/raw/runs/2d_shallowwater/lra_pinn/seed_100/diagnostics/lra_gradient_stats.csv,5518,2026-07-02T02:24:04.894317+00:00,8a2aea7c212eef5fa6bb1b908fdb4c13d56c451277e586ad8a88baadc7b54151
results/raw/runs/2d_shallowwater/lra_pinn/seed_100/diagnostics/lra_lambda_history.csv,5518,2026-07-02T02:24:04.890317+00:00,8a2aea7c212eef5fa6bb1b908fdb4c13d56c451277e586ad8a88baadc7b54151
results/raw/runs/2d_shallowwater/lra_pinn/seed_100/env.json,244,2026-07-02T02:12:58.110002+00:00,3ea9611b4a501b9d8258401458ea7fbd12107e673f8ddeac71518e0ffecb3269
results/raw/runs/2d_shallowwater/lra_pinn/seed_100/history.csv,47043,2026-07-02T02:24:04.834318+00:00,a1ce2f0e354334011d6d47a344fcb00d98c2a591147d11868d53606c37f16dbb
results/raw/runs/2d_shallowwater/lra_pinn/seed_100/method.json,459,2026-07-02T02:12:58.110002+00:00,ef607cf9703e5f4461366e1c6842e839179b9a8c117b4e2b56f24ce0f650e527
results/raw/runs/2d_shallowwater/lra_pinn/seed_100/metrics_adamw.json,4380,2026-07-20T13:46:59.459786+00:00,b035d32f70613feb0332866d319c342ee877698b2fff3798261790c7247930bc
results/raw/runs/2d_shallowwater/lra_pinn/seed_100/metrics_final.json,4380,2026-07-20T13:46:59.459786+00:00,b035d32f70613feb0332866d319c342ee877698b2fff3798261790c7247930bc
results/raw/runs/2d_shallowwater/lra_pinn/seed_100/model_adamw_final.pt,342123,2026-07-20T13:46:58.531791+00:00,9d961b6cc05b71549cd1a3d493ff3f27549150c140564a4978ce40b41715b986
results/raw/runs/2d_shallowwater/lra_pinn/seed_100/model_final.pt,342027,2026-07-20T13:46:58.527792+00:00,0ca36e1b128b716496ec2cf3271ad96fdaa595a07d52a597e0849a8d8b685bcf
results/raw/runs/2d_shallowwater/lra_pinn/seed_100/predictions/predict_eval_grid.npz,510492,2026-07-02T02:24:04.890317+00:00,e10d43b7ed905c55efb19563b8e05df634ef1c6d9998b6dc5debae40bf86b168
results/raw/runs/2d_shallowwater/lra_pinn/seed_100/predictions/prediction_info.json,54,2026-07-02T02:24:04.890317+00:00,be9eb1b19f00de13ae49553f33024f53f3b120b21b90af981463d8b23af99bc9
results/raw/runs/2d_shallowwater/lra_pinn/seed_100/status.json,103,2026-07-02T02:24:04.894317+00:00,d41610b2edf949883e7412e5abeddd57b5351c157d661f780169693ca60884f0
results/raw/runs/2d_shallowwater/lra_pinn/seed_2026/_SUCCESS,8,2026-07-02T01:50:58.502622+00:00,81b2bd4ea98c8db66554fbc8d7637a1a69a130f331feb732b75caab4c4868fd5
results/raw/runs/2d_shallowwater/lra_pinn/seed_2026/config.json,1626,2026-07-02T01:39:19.484767+00:00,7e54d15aeadcd1f12f109d3950ddb9566d668c95b5611278b0dce7b158e536af
results/raw/runs/2d_shallowwater/lra_pinn/seed_2026/diagnostics/lra_final_lambdas.json,324,2026-07-02T01:50:58.502622+00:00,2353264785b6091b5d7c52ca9639b1e4a413364fdf8738c20b81f36feef0442d
results/raw/runs/2d_shallowwater/lra_pinn/seed_2026/diagnostics/lra_gradient_stats.csv,5536,2026-07-02T01:50:58.502622+00:00,f0bde912a7bcfcd668508410bfc0c2d441eff2d86a07bde2ec570bae82585750
results/raw/runs/2d_shallowwater/lra_pinn/seed_2026/diagnostics/lra_lambda_history.csv,5536,2026-07-02T01:50:58.502622+00:00,f0bde912a7bcfcd668508410bfc0c2d441eff2d86a07bde2ec570bae82585750
results/raw/runs/2d_shallowwater/lra_pinn/seed_2026/env.json,244,2026-07-02T01:39:19.488767+00:00,3ea9611b4a501b9d8258401458ea7fbd12107e673f8ddeac71518e0ffecb3269
results/raw/runs/2d_shallowwater/lra_pinn/seed_2026/history.csv,46916,2026-07-02T01:50:58.442622+00:00,b751552820ab4e7a5c43dd82aa6db12a948900471037a423bd2eafcdb02545d6
results/raw/runs/2d_shallowwater/lra_pinn/seed_2026/method.json,459,2026-07-02T01:39:19.488767+00:00,ef607cf9703e5f4461366e1c6842e839179b9a8c117b4e2b56f24ce0f650e527
results/raw/runs/2d_shallowwater/lra_pinn/seed_2026/metrics_adamw.json,4387,2026-07-20T13:46:59.455786+00:00,01d076e111953036a83e5c1463c797ce69b1d882c185d9bf3781c92a3dc6b88e
results/raw/runs/2d_shallowwater/lra_pinn/seed_2026/metrics_final.json,4387,2026-07-20T13:46:59.455786+00:00,01d076e111953036a83e5c1463c797ce69b1d882c185d9bf3781c92a3dc6b88e
results/raw/runs/2d_shallowwater/lra_pinn/seed_2026/model_adamw_final.pt,342123,2026-07-20T13:46:58.499792+00:00,d9f222f112133fde484c911f088d36935d99fe76877487b3dcf2b4b58bd9009c
results/raw/runs/2d_shallowwater/lra_pinn/seed_2026/model_final.pt,342027,2026-07-20T13:46:58.491792+00:00,3ff32a0016b875bf7f6ae08efce31d3c9bec7df65cf566cbab87306d2ae67963
results/raw/runs/2d_shallowwater/lra_pinn/seed_2026/predictions/predict_eval_grid.npz,508438,2026-07-02T01:50:58.498622+00:00,7c21fb17b171d5a427d157606da324ce921e40713397b09519676a6de32764ec
results/raw/runs/2d_shallowwater/lra_pinn/seed_2026/predictions/prediction_info.json,54,2026-07-02T01:50:58.498622+00:00,be9eb1b19f00de13ae49553f33024f53f3b120b21b90af981463d8b23af99bc9
results/raw/runs/2d_shallowwater/lra_pinn/seed_2026/status.json,103,2026-07-02T01:50:58.502622+00:00,56f7a284c5e578defec33f1c7fa00f01d44329ad4ed366a1e7fb722f237e37df
results/raw/runs/2d_shallowwater/lra_pinn/seed_31415/_SUCCESS,8,2026-07-02T02:35:02.773657+00:00,81b2bd4ea98c8db66554fbc8d7637a1a69a130f331feb732b75caab4c4868fd5
results/raw/runs/2d_shallowwater/lra_pinn/seed_31415/config.json,1628,2026-07-02T02:24:05.042316+00:00,f191712ed97b441e14421c6b19db95595ce16943b4a49e7527341c5de55f4bc7
results/raw/runs/2d_shallowwater/lra_pinn/seed_31415/diagnostics/lra_final_lambdas.json,324,2026-07-02T02:35:02.773657+00:00,77b3bceeaa61c9983bad78da1827e7a228579f71148dcb8edf049d5a0772c18f
results/raw/runs/2d_shallowwater/lra_pinn/seed_31415/diagnostics/lra_gradient_stats.csv,5645,2026-07-02T02:35:02.773657+00:00,9089d913a47f8688304efe17dc51ff0afdaf8e518167f6582d8e872af3c8dd6c
results/raw/runs/2d_shallowwater/lra_pinn/seed_31415/diagnostics/lra_lambda_history.csv,5645,2026-07-02T02:35:02.773657+00:00,9089d913a47f8688304efe17dc51ff0afdaf8e518167f6582d8e872af3c8dd6c
results/raw/runs/2d_shallowwater/lra_pinn/seed_31415/env.json,244,2026-07-02T02:24:05.042316+00:00,3ea9611b4a501b9d8258401458ea7fbd12107e673f8ddeac71518e0ffecb3269
results/raw/runs/2d_shallowwater/lra_pinn/seed_31415/history.csv,47229,2026-07-02T02:35:02.721658+00:00,30b8fa43193659603b41bc844d9042ff2fcdc40814a61c082995629d9a0df2d9
results/raw/runs/2d_shallowwater/lra_pinn/seed_31415/method.json,459,2026-07-02T02:24:05.042316+00:00,ef607cf9703e5f4461366e1c6842e839179b9a8c117b4e2b56f24ce0f650e527
results/raw/runs/2d_shallowwater/lra_pinn/seed_31415/metrics_adamw.json,4386,2026-07-20T13:46:59.459786+00:00,8d91aec299d36417835787d3c9519f9c2a6ed5b4370b226123b50c959254299d
results/raw/runs/2d_shallowwater/lra_pinn/seed_31415/metrics_final.json,4386,2026-07-20T13:46:59.459786+00:00,8d91aec299d36417835787d3c9519f9c2a6ed5b4370b226123b50c959254299d
results/raw/runs/2d_shallowwater/lra_pinn/seed_31415/model_adamw_final.pt,342123,2026-07-20T13:46:58.543792+00:00,24a51f428275aaaa86dd97b10bd78a33be599991010e34e558747f10313b8eda
results/raw/runs/2d_shallowwater/lra_pinn/seed_31415/model_final.pt,342027,2026-07-20T13:46:58.539792+00:00,15848ed3a9410aec51599abd4e7094b3aaf061b01b0e980d242194c310b1ec1c
results/raw/runs/2d_shallowwater/lra_pinn/seed_31415/predictions/predict_eval_grid.npz,520014,2026-07-02T02:35:02.773657+00:00,ba43448bd2a466e9ae9e0f4c1b82f948c70ba77e8fdba6e8e910f28baac21d88
results/raw/runs/2d_shallowwater/lra_pinn/seed_31415/predictions/prediction_info.json,54,2026-07-02T02:35:02.773657+00:00,be9eb1b19f00de13ae49553f33024f53f3b120b21b90af981463d8b23af99bc9
results/raw/runs/2d_shallowwater/lra_pinn/seed_31415/status.json,103,2026-07-02T02:35:02.773657+00:00,7f2a95ec4cbb3bb1600321e5729d76faedfc238e11a7bef126b4a85c0d3e4cdc
results/raw/runs/2d_shallowwater/lra_pinn/seed_42/_SUCCESS,8,2026-07-02T02:12:57.954004+00:00,81b2bd4ea98c8db66554fbc8d7637a1a69a130f331feb732b75caab4c4868fd5
results/raw/runs/2d_shallowwater/lra_pinn/seed_42/config.json,1622,2026-07-02T02:02:01.881722+00:00,c89185a63948f0a293d76121a9c546f1c343a7be7f8a702b8b5a86661ea16945
results/raw/runs/2d_shallowwater/lra_pinn/seed_42/diagnostics/lra_final_lambdas.json,324,2026-07-02T02:12:57.954004+00:00,487943b8da799f27d7ae5bf48166f23cbcde526321e529cd942c66a510cdd921
results/raw/runs/2d_shallowwater/lra_pinn/seed_42/diagnostics/lra_gradient_stats.csv,5516,2026-07-02T02:12:57.954004+00:00,117a4a747951a68cd6555ef8ec370dffc8733b7e0b50b0b7562b286da0b4103f
results/raw/runs/2d_shallowwater/lra_pinn/seed_42/diagnostics/lra_lambda_history.csv,5516,2026-07-02T02:12:57.954004+00:00,117a4a747951a68cd6555ef8ec370dffc8733b7e0b50b0b7562b286da0b4103f
results/raw/runs/2d_shallowwater/lra_pinn/seed_42/env.json,244,2026-07-02T02:02:01.881722+00:00,3ea9611b4a501b9d8258401458ea7fbd12107e673f8ddeac71518e0ffecb3269
results/raw/runs/2d_shallowwater/lra_pinn/seed_42/history.csv,47046,2026-07-02T02:12:57.894005+00:00,5177aa6da2acca376681d58faaf0ebdd4a0d6c3b844829a290e715062050335e
results/raw/runs/2d_shallowwater/lra_pinn/seed_42/method.json,459,2026-07-02T02:02:01.881722+00:00,ef607cf9703e5f4461366e1c6842e839179b9a8c117b4e2b56f24ce0f650e527
results/raw/runs/2d_shallowwater/lra_pinn/seed_42/metrics_adamw.json,4382,2026-07-20T13:46:59.459786+00:00,ab48e4cde27c1e8c10fba81527e7690f0ae28260011c9e4745afb17ad432ffba
results/raw/runs/2d_shallowwater/lra_pinn/seed_42/metrics_final.json,4382,2026-07-20T13:46:59.459786+00:00,ab48e4cde27c1e8c10fba81527e7690f0ae28260011c9e4745afb17ad432ffba
results/raw/runs/2d_shallowwater/lra_pinn/seed_42/model_adamw_final.pt,342123,2026-07-20T13:46:58.519792+00:00,46ce94c9a9e8ee2b321c9baabfd7f7b7d905413917945cf6f4f15a152c3fb078
results/raw/runs/2d_shallowwater/lra_pinn/seed_42/model_final.pt,342027,2026-07-20T13:46:58.515792+00:00,a464ade4326c697f16cbd1b41a2351130bbff6b816e2cbec851cf1475cb83fdd
results/raw/runs/2d_shallowwater/lra_pinn/seed_42/predictions/predict_eval_grid.npz,503639,2026-07-02T02:12:57.954004+00:00,ac0b853c3aa0b93677ea399e2326afa66e5fe95b618708ac269d7ceea3e7c279
results/raw/runs/2d_shallowwater/lra_pinn/seed_42/predictions/prediction_info.json,54,2026-07-02T02:12:57.954004+00:00,be9eb1b19f00de13ae49553f33024f53f3b120b21b90af981463d8b23af99bc9
results/raw/runs/2d_shallowwater/lra_pinn/seed_42/status.json,103,2026-07-02T02:12:57.954004+00:00,9af286b9b3dafd46fd2e631adfe4a48e0f81b88a96719b7b23d1c6ca4371b511
results/raw/runs/2d_shallowwater/lra_pinn/seed_7/_SUCCESS,8,2026-07-02T02:02:01.717722+00:00,81b2bd4ea98c8db66554fbc8d7637a1a69a130f331feb732b75caab4c4868fd5
results/raw/runs/2d_shallowwater/lra_pinn/seed_7/config.json,1620,2026-07-02T01:50:58.674622+00:00,1c0b01df7475a58e632b0cd5baae7bc789293cf9c72ccab32cb1b2832fe485a1
results/raw/runs/2d_shallowwater/lra_pinn/seed_7/diagnostics/lra_final_lambdas.json,344,2026-07-02T02:02:01.717722+00:00,5873239fa65b64d83a97b5345dd656fd949f5a330f1b5d36e2d338670af1c79a
results/raw/runs/2d_shallowwater/lra_pinn/seed_7/diagnostics/lra_gradient_stats.csv,5684,2026-07-02T02:02:01.717722+00:00,309c2cc2f5014c11dd2fe34b5d55cdae621ad2dd2a811a9c842843b012067d1f
results/raw/runs/2d_shallowwater/lra_pinn/seed_7/diagnostics/lra_lambda_history.csv,5684,2026-07-02T02:02:01.717722+00:00,309c2cc2f5014c11dd2fe34b5d55cdae621ad2dd2a811a9c842843b012067d1f
results/raw/runs/2d_shallowwater/lra_pinn/seed_7/env.json,244,2026-07-02T01:50:58.674622+00:00,3ea9611b4a501b9d8258401458ea7fbd12107e673f8ddeac71518e0ffecb3269
results/raw/runs/2d_shallowwater/lra_pinn/seed_7/history.csv,47124,2026-07-02T02:02:01.657722+00:00,2e7ba8637d263a44b79d40d06791e8f53c00c00d7d32e081b0a12566700916fc
results/raw/runs/2d_shallowwater/lra_pinn/seed_7/method.json,459,2026-07-02T01:50:58.674622+00:00,ef607cf9703e5f4461366e1c6842e839179b9a8c117b4e2b56f24ce0f650e527
results/raw/runs/2d_shallowwater/lra_pinn/seed_7/metrics_adamw.json,4394,2026-07-20T13:46:59.459786+00:00,d192922401b99bdbdb081e1a8c7dd12d7ca57ce1186b180431b16ae6d24a03f4
results/raw/runs/2d_shallowwater/lra_pinn/seed_7/metrics_final.json,4394,2026-07-20T13:46:59.455786+00:00,d192922401b99bdbdb081e1a8c7dd12d7ca57ce1186b180431b16ae6d24a03f4
results/raw/runs/2d_shallowwater/lra_pinn/seed_7/model_adamw_final.pt,342123,2026-07-20T13:46:58.507792+00:00,3a64d98d2c955b5d150add51175c0ffb5447be3a7995177ba9177c3361174e4e
results/raw/runs/2d_shallowwater/lra_pinn/seed_7/model_final.pt,342027,2026-07-20T13:46:58.503792+00:00,9ae53bb1c09c72602af7b2020fe4af2db709fdc330f59ae1b0e827b23ef14ea3
results/raw/runs/2d_shallowwater/lra_pinn/seed_7/predictions/predict_eval_grid.npz,511730,2026-07-02T02:02:01.717722+00:00,606386d00fdebc466a0d978fefe998de030f2add0ad0eece3eedb76719784a23
results/raw/runs/2d_shallowwater/lra_pinn/seed_7/predictions/prediction_info.json,54,2026-07-02T02:02:01.717722+00:00,be9eb1b19f00de13ae49553f33024f53f3b120b21b90af981463d8b23af99bc9
results/raw/runs/2d_shallowwater/lra_pinn/seed_7/status.json,103,2026-07-02T02:02:01.717722+00:00,aa8303e3c25ffea9fb6cc0a11e1e34e23b918c7d5a831db20604b172947edb3e
results/raw/runs/2d_shallowwater/ours/seed_100/_SUCCESS,8,2026-08-04T11:50:59.989749+00:00,81b2bd4ea98c8db66554fbc8d7637a1a69a130f331feb732b75caab4c4868fd5
results/raw/runs/2d_shallowwater/ours/seed_100/config.json,1620,2026-08-04T11:42:57.776469+00:00,4346c1e98668fd2ed66964584f2f03491625dd8d4f87161695e1a603090f5a58
results/raw/runs/2d_shallowwater/ours/seed_100/diagnostics/continuation_rng_state.pt,20837,2026-08-04T11:42:57.780469+00:00,2a78718c418f14267fde5fad71d3c4b60da878d22431a5039ec03f69be5d2d28
results/raw/runs/2d_shallowwater/ours/seed_100/diagnostics/gate_diagnostics.json,286,2026-08-04T11:50:59.989749+00:00,d86036ad907f976937920832fac377d5ffd75765af932c8e7881e1cce37f5be6
results/raw/runs/2d_shallowwater/ours/seed_100/diagnostics/warmup_verification.json,326,2026-08-04T11:50:59.989749+00:00,8f36eef7b97166dfab8063ad78156733c8682fa310c7fde6506d68cd34b9d891
results/raw/runs/2d_shallowwater/ours/seed_100/env.json,244,2026-08-04T11:42:57.776469+00:00,3ea9611b4a501b9d8258401458ea7fbd12107e673f8ddeac71518e0ffecb3269
results/raw/runs/2d_shallowwater/ours/seed_100/history.csv,58293,2026-08-04T11:50:59.897749+00:00,04a6679e94b86dc4788294fc65fb26e60960928e6ec41130294379bfeaf4957b
results/raw/runs/2d_shallowwater/ours/seed_100/method.json,506,2026-08-04T11:42:57.776469+00:00,eaf24815fccf50c12a08e033c7b761c531dc320b193a4d51497e17a9ed4f4bae
results/raw/runs/2d_shallowwater/ours/seed_100/metrics_adamw.json,4742,2026-08-04T11:59:38.210750+00:00,caff4b7a4af00cdb6ee213dc85cdda3b8035ca182bc8ba116d51af9ff75f8b19
results/raw/runs/2d_shallowwater/ours/seed_100/metrics_final.json,4742,2026-08-04T11:59:38.210750+00:00,caff4b7a4af00cdb6ee213dc85cdda3b8035ca182bc8ba116d51af9ff75f8b19
results/raw/runs/2d_shallowwater/ours/seed_100/model_adamw_final.pt,342379,2026-08-04T11:59:38.162750+00:00,4dde6bbdfc1fc4f9898722f0e0e198c78223d958e484e52931a9e7468c4894c3
results/raw/runs/2d_shallowwater/ours/seed_100/model_final.pt,342283,2026-08-04T11:59:38.158750+00:00,c005485e4cb3303bc0826d700b521180a28b961006048b6f70924f0dae9cd9c7
results/raw/runs/2d_shallowwater/ours/seed_100/predictions/predict_eval_grid.npz,509201,2026-08-04T11:50:59.969749+00:00,ea6684ea90d6eabbe9c469a407abd0573e05e63c3921f4153463f8a9812fbb12
results/raw/runs/2d_shallowwater/ours/seed_100/predictions/prediction_info.json,54,2026-08-04T11:50:59.969749+00:00,be9eb1b19f00de13ae49553f33024f53f3b120b21b90af981463d8b23af99bc9
results/raw/runs/2d_shallowwater/ours/seed_100/status.json,166,2026-08-04T11:50:59.989749+00:00,3e678a89f7c93c4a1c3b4d1fc305e0c61450255c9cbd1f724d03ef0e5f0b1ccb
results/raw/runs/2d_shallowwater/ours/seed_2026/_SUCCESS,8,2026-08-04T11:26:42.585955+00:00,81b2bd4ea98c8db66554fbc8d7637a1a69a130f331feb732b75caab4c4868fd5
results/raw/runs/2d_shallowwater/ours/seed_2026/config.json,1622,2026-08-04T11:18:32.317401+00:00,84367d0caed940af84f1e22cdb9ed5d074584e16bab20078c65757f548758d78
results/raw/runs/2d_shallowwater/ours/seed_2026/diagnostics/continuation_rng_state.pt,20837,2026-08-04T11:18:32.321401+00:00,7a227fc93ca2cdb7993d1bf49e09716164d8e0dc5999b8392daa5cb56e81584b
results/raw/runs/2d_shallowwater/ours/seed_2026/diagnostics/gate_diagnostics.json,284,2026-08-04T11:26:42.585955+00:00,a08dc776229a3f1f28578e233443396e70010c19b37c6b75eeae697f69f3ae9a
results/raw/runs/2d_shallowwater/ours/seed_2026/diagnostics/warmup_verification.json,327,2026-08-04T11:26:42.585955+00:00,9d6801800aadfad3f0d7d7d15ea2165f710c57292ac6e7101981e7e16ffae4f6
results/raw/runs/2d_shallowwater/ours/seed_2026/env.json,244,2026-08-04T11:18:32.317401+00:00,3ea9611b4a501b9d8258401458ea7fbd12107e673f8ddeac71518e0ffecb3269
results/raw/runs/2d_shallowwater/ours/seed_2026/history.csv,58540,2026-08-04T11:26:42.489956+00:00,76e459fbc80762dc5e367f4ff7f733ee3aaca4ea80b28c5d67c6e4b3dda38d4c
results/raw/runs/2d_shallowwater/ours/seed_2026/method.json,506,2026-08-04T11:18:32.317401+00:00,eaf24815fccf50c12a08e033c7b761c531dc320b193a4d51497e17a9ed4f4bae
results/raw/runs/2d_shallowwater/ours/seed_2026/metrics_adamw.json,4746,2026-08-04T11:59:38.210750+00:00,3f79588511a4bcc469ace485845dd12fe9cd4d501968838e72972e70ac0c6b82
results/raw/runs/2d_shallowwater/ours/seed_2026/metrics_final.json,4746,2026-08-04T11:59:38.206750+00:00,3f79588511a4bcc469ace485845dd12fe9cd4d501968838e72972e70ac0c6b82
results/raw/runs/2d_shallowwater/ours/seed_2026/model_adamw_final.pt,342379,2026-08-04T11:59:38.126750+00:00,5ca4ca0ff92cbe5afb41aae311fc98ec01ac7d4f708d7511e116968afdf164a2
results/raw/runs/2d_shallowwater/ours/seed_2026/model_final.pt,342283,2026-08-04T11:59:38.118751+00:00,a4b2c6d33212be9426d9339d9125d1fe97351d359c28a0cdff91b011be57e141
results/raw/runs/2d_shallowwater/ours/seed_2026/predictions/predict_eval_grid.npz,505365,2026-08-04T11:26:42.557955+00:00,17e6d609c6c5bf287494e727b5f962de3ac0cb9e05dee5355c92cb646d914323
results/raw/runs/2d_shallowwater/ours/seed_2026/predictions/prediction_info.json,54,2026-08-04T11:26:42.557955+00:00,be9eb1b19f00de13ae49553f33024f53f3b120b21b90af981463d8b23af99bc9
results/raw/runs/2d_shallowwater/ours/seed_2026/status.json,166,2026-08-04T11:26:42.585955+00:00,c761ecd538f2d220a731649eaeb894c4328af8de1df811836e90671c96a9711f
results/raw/runs/2d_shallowwater/ours/seed_31415/_SUCCESS,8,2026-08-04T11:59:17.018873+00:00,81b2bd4ea98c8db66554fbc8d7637a1a69a130f331feb732b75caab4c4868fd5
results/raw/runs/2d_shallowwater/ours/seed_31415/config.json,1624,2026-08-04T11:51:00.153748+00:00,fbf60631efbc8df485f39d720f5a27496c5be800bb42ec50fb65c289598dc5f4
results/raw/runs/2d_shallowwater/ours/seed_31415/diagnostics/continuation_rng_state.pt,20901,2026-08-04T11:51:00.157748+00:00,dbb591af7ef4f4142a2eb46f5252da1c94352121d6042fc6c83ef7d1de0b1827
results/raw/runs/2d_shallowwater/ours/seed_31415/diagnostics/gate_diagnostics.json,287,2026-08-04T11:59:17.018873+00:00,e41e17cdd99b1a76f5531561442f2216b83cf577640d919214a87bc68ed35fcd
results/raw/runs/2d_shallowwater/ours/seed_31415/diagnostics/warmup_verification.json,328,2026-08-04T11:59:17.018873+00:00,ffe216980c432b19da6e79e328b926ae435eee0961a51f5bb491ae444da57828
results/raw/runs/2d_shallowwater/ours/seed_31415/env.json,244,2026-08-04T11:51:00.153748+00:00,3ea9611b4a501b9d8258401458ea7fbd12107e673f8ddeac71518e0ffecb3269
results/raw/runs/2d_shallowwater/ours/seed_31415/history.csv,58895,2026-08-04T11:59:16.922874+00:00,3e4c24d177552f16e1bde34f5ef7c0f7809085413550da9b1ddf319da171e245
results/raw/runs/2d_shallowwater/ours/seed_31415/method.json,506,2026-08-04T11:51:00.153748+00:00,eaf24815fccf50c12a08e033c7b761c531dc320b193a4d51497e17a9ed4f4bae
results/raw/runs/2d_shallowwater/ours/seed_31415/metrics_adamw.json,4749,2026-08-04T11:59:38.214750+00:00,cac0b3ac2cf724c16c15f7d241542951e218ded7b0d5e66659a3b7a635f4f211
results/raw/runs/2d_shallowwater/ours/seed_31415/metrics_final.json,4749,2026-08-04T11:59:38.214750+00:00,cac0b3ac2cf724c16c15f7d241542951e218ded7b0d5e66659a3b7a635f4f211
results/raw/runs/2d_shallowwater/ours/seed_31415/model_adamw_final.pt,342379,2026-08-04T11:59:38.174750+00:00,06012ec38d6e28715d65be1c948d4bdcb40cea07e5ce94d0baa4255d7108581a
results/raw/runs/2d_shallowwater/ours/seed_31415/model_final.pt,342283,2026-08-04T11:59:38.170750+00:00,da1f6141e9cca6bfa279f692722a027d3b9887fc1a9149513b66a91401b5b2d7
results/raw/runs/2d_shallowwater/ours/seed_31415/predictions/predict_eval_grid.npz,504224,2026-08-04T11:59:16.990874+00:00,4aabf6f8712906030c706b71b78a910cb02522e0b78bab90df8fe352de0d75a3
results/raw/runs/2d_shallowwater/ours/seed_31415/predictions/prediction_info.json,54,2026-08-04T11:59:16.990874+00:00,be9eb1b19f00de13ae49553f33024f53f3b120b21b90af981463d8b23af99bc9
results/raw/runs/2d_shallowwater/ours/seed_31415/status.json,166,2026-08-04T11:59:17.018873+00:00,894c66e4f5f45ca2d984b01710097a6734dd79faed41e3297be6f2b7261969ac
results/raw/runs/2d_shallowwater/ours/seed_42/_SUCCESS,8,2026-08-04T11:42:57.616470+00:00,81b2bd4ea98c8db66554fbc8d7637a1a69a130f331feb732b75caab4c4868fd5
results/raw/runs/2d_shallowwater/ours/seed_42/config.json,1618,2026-08-04T11:34:50.759038+00:00,fe2e1678d3bde90d79c52a038b004b14744d1bf8a61715ad2a57a7309bf021da
results/raw/runs/2d_shallowwater/ours/seed_42/diagnostics/continuation_rng_state.pt,20901,2026-08-04T11:34:50.767038+00:00,ef916dd79831246371ad0d5ea56dec7bdd5b209eb0c6ea0e101434d257760a79
results/raw/runs/2d_shallowwater/ours/seed_42/diagnostics/gate_diagnostics.json,285,2026-08-04T11:42:57.616470+00:00,07344845b91c58d7f254fe2a30fea0f8afaa5f1dee7050ac80d5502496e4e5ae
results/raw/runs/2d_shallowwater/ours/seed_42/diagnostics/warmup_verification.json,325,2026-08-04T11:42:57.616470+00:00,b3ea90fc970a21d79aa6ca32d79bd0ceb64f30880644541a076f19645f592e04
results/raw/runs/2d_shallowwater/ours/seed_42/env.json,244,2026-08-04T11:34:50.759038+00:00,3ea9611b4a501b9d8258401458ea7fbd12107e673f8ddeac71518e0ffecb3269
results/raw/runs/2d_shallowwater/ours/seed_42/history.csv,58939,2026-08-04T11:42:57.528471+00:00,c0b98f2e1776f85b09c91546b3f58585231846fd798045b9248e8fa25868e541
results/raw/runs/2d_shallowwater/ours/seed_42/method.json,506,2026-08-04T11:34:50.759038+00:00,eaf24815fccf50c12a08e033c7b761c531dc320b193a4d51497e17a9ed4f4bae
results/raw/runs/2d_shallowwater/ours/seed_42/metrics_adamw.json,4736,2026-08-04T11:59:38.210750+00:00,e1761d2a742fc9ae9a0b64f3f2b0fe04378ba9a1580fc191d4b784b5e6290d4f
results/raw/runs/2d_shallowwater/ours/seed_42/metrics_final.json,4736,2026-08-04T11:59:38.210750+00:00,e1761d2a742fc9ae9a0b64f3f2b0fe04378ba9a1580fc191d4b784b5e6290d4f
results/raw/runs/2d_shallowwater/ours/seed_42/model_adamw_final.pt,342379,2026-08-04T11:59:38.150750+00:00,5562830e02898ca27f1623ef2bc0a37da5de997f06695df0e94905ce176ff646
results/raw/runs/2d_shallowwater/ours/seed_42/model_final.pt,342283,2026-08-04T11:59:38.146750+00:00,31b665a2f3abf0d59850cbf5e89fef632cd5f321a43acd8c5fe05da1daf2617e
results/raw/runs/2d_shallowwater/ours/seed_42/predictions/predict_eval_grid.npz,499008,2026-08-04T11:42:57.596470+00:00,dbc7d1393f9410916ba5a75fa8de89a8a3a5bf42e6e23e359aeeaac640975af1
results/raw/runs/2d_shallowwater/ours/seed_42/predictions/prediction_info.json,54,2026-08-04T11:42:57.596470+00:00,be9eb1b19f00de13ae49553f33024f53f3b120b21b90af981463d8b23af99bc9
results/raw/runs/2d_shallowwater/ours/seed_42/status.json,166,2026-08-04T11:42:57.616470+00:00,f385d3c741e67894cef80546f62c9183dba1283b3ce614fd951de0fb6125c62c
results/raw/runs/2d_shallowwater/ours/seed_7/_SUCCESS,8,2026-08-04T11:34:50.599039+00:00,81b2bd4ea98c8db66554fbc8d7637a1a69a130f331feb732b75caab4c4868fd5
results/raw/runs/2d_shallowwater/ours/seed_7/config.json,1616,2026-08-04T11:26:42.745954+00:00,eb2172a265d58df194781688f3f139ae9a8212bfbb212aeea47df73274ba85f8
results/raw/runs/2d_shallowwater/ours/seed_7/diagnostics/continuation_rng_state.pt,20837,2026-08-04T11:26:42.749954+00:00,b4c5f277caec11f3390edb5138b44dd3e905f21e14d829977a06e63862b77594
results/raw/runs/2d_shallowwater/ours/seed_7/diagnostics/gate_diagnostics.json,285,2026-08-04T11:34:50.599039+00:00,74c459206cb3afebf87b03b888d84cf30efae7c5c1fd166a5c9675d4bbcbc160
results/raw/runs/2d_shallowwater/ours/seed_7/diagnostics/warmup_verification.json,324,2026-08-04T11:34:50.599039+00:00,d15838a795d6f53020d4a9974ae9a12d0d34c0f92a974b43c38868aca7ca1ce3
results/raw/runs/2d_shallowwater/ours/seed_7/env.json,244,2026-08-04T11:26:42.745954+00:00,3ea9611b4a501b9d8258401458ea7fbd12107e673f8ddeac71518e0ffecb3269
results/raw/runs/2d_shallowwater/ours/seed_7/history.csv,58763,2026-08-04T11:34:50.491039+00:00,b8f925e87d38373fa13a1fb3e287c9a2466d5d5909186b38650dc272ccf26931
results/raw/runs/2d_shallowwater/ours/seed_7/method.json,506,2026-08-04T11:26:42.745954+00:00,eaf24815fccf50c12a08e033c7b761c531dc320b193a4d51497e17a9ed4f4bae
results/raw/runs/2d_shallowwater/ours/seed_7/metrics_adamw.json,4729,2026-08-04T11:59:38.210750+00:00,bda5aedc4773d2c26f37b2e5894a4354376c77c25be1bc7a2a3a0b0a5400afe6
results/raw/runs/2d_shallowwater/ours/seed_7/metrics_final.json,4729,2026-08-04T11:59:38.210750+00:00,bda5aedc4773d2c26f37b2e5894a4354376c77c25be1bc7a2a3a0b0a5400afe6
results/raw/runs/2d_shallowwater/ours/seed_7/model_adamw_final.pt,342379,2026-08-04T11:59:38.138750+00:00,9bf457310edec4baedb767f8b680025f912271d5fecb72382418b7f2dc9c0852
results/raw/runs/2d_shallowwater/ours/seed_7/model_final.pt,342283,2026-08-04T11:59:38.130750+00:00,5a654d23dfc64d339e01922e5fa989d868b3e710930a312818bc085052945f8e
results/raw/runs/2d_shallowwater/ours/seed_7/predictions/predict_eval_grid.npz,505651,2026-08-04T11:34:50.571039+00:00,af4169fffb3665c487b06b3481cdc5dbe43e6b96704bcb234e10880c921924cb
results/raw/runs/2d_shallowwater/ours/seed_7/predictions/prediction_info.json,54,2026-08-04T11:34:50.571039+00:00,be9eb1b19f00de13ae49553f33024f53f3b120b21b90af981463d8b23af99bc9
results/raw/runs/2d_shallowwater/ours/seed_7/status.json,166,2026-08-04T11:34:50.599039+00:00,6eac6a856613c9d5a3bab3abac622e5da290540e831e270558e34b55febc7202
results/raw/runs/2d_shallowwater/pinn/seed_100/_SUCCESS,8,2026-07-01T06:12:07.059032+00:00,81b2bd4ea98c8db66554fbc8d7637a1a69a130f331feb732b75caab4c4868fd5
results/raw/runs/2d_shallowwater/pinn/seed_100/config.json,1620,2026-07-01T06:04:48.193844+00:00,f7d238eb55551ac67cd37278d24c33649794eef1c1a68fd6cce9b1c2625cdc3a
results/raw/runs/2d_shallowwater/pinn/seed_100/env.json,244,2026-07-01T06:04:48.193844+00:00,3ea9611b4a501b9d8258401458ea7fbd12107e673f8ddeac71518e0ffecb3269
results/raw/runs/2d_shallowwater/pinn/seed_100/history.csv,22058,2026-07-01T06:12:06.999032+00:00,54cdcc149d7dd62564b3378967399c4b1c952a895094fd835327a29b400eebc2
results/raw/runs/2d_shallowwater/pinn/seed_100/method.json,181,2026-07-01T06:04:48.193844+00:00,de010c025bcdb3a880b9116e67fd3ff7d8aabf3ba4129e968ac7fd6f2d972020
results/raw/runs/2d_shallowwater/pinn/seed_100/metrics_adamw.json,4307,2026-07-20T13:46:59.435786+00:00,0b5a9e939cbc0dfdbf5f30f3d91e195f9bdac323087e046ba6ba65e42ebc3dec
results/raw/runs/2d_shallowwater/pinn/seed_100/metrics_final.json,4307,2026-07-20T13:46:59.435786+00:00,0b5a9e939cbc0dfdbf5f30f3d91e195f9bdac323087e046ba6ba65e42ebc3dec
results/raw/runs/2d_shallowwater/pinn/seed_100/model_adamw_final.pt,341995,2026-07-20T13:08:54.234239+00:00,0e722a5aa173ec3722dd18a42590de33c98f7ce6630c19b7c2832e3bea92b36a
results/raw/runs/2d_shallowwater/pinn/seed_100/model_final.pt,341899,2026-07-20T13:08:54.226239+00:00,bb2ec8002b4c6062c4ee1fc6e70b9693ee0ed789e31f9bf99c2fa5f6e9c15508
results/raw/runs/2d_shallowwater/pinn/seed_100/predictions/predict_eval_grid.npz,510952,2026-07-01T06:12:07.059032+00:00,26e2a9b83cdafef70fa7bc06afc68bc94c5e207d00b3c83f3498e5993efb06b1
results/raw/runs/2d_shallowwater/pinn/seed_100/predictions/prediction_info.json,54,2026-07-01T06:12:07.059032+00:00,be9eb1b19f00de13ae49553f33024f53f3b120b21b90af981463d8b23af99bc9
results/raw/runs/2d_shallowwater/pinn/seed_100/status.json,103,2026-07-01T06:12:07.059032+00:00,f3d586147248bbdbc1564ce9a1479a95de8d4ce81d1fa25d44b94045dd72a27d
results/raw/runs/2d_shallowwater/pinn/seed_2026/_SUCCESS,8,2026-07-01T05:05:55.612667+00:00,81b2bd4ea98c8db66554fbc8d7637a1a69a130f331feb732b75caab4c4868fd5
results/raw/runs/2d_shallowwater/pinn/seed_2026/config.json,1622,2026-07-01T04:58:31.525679+00:00,7e9674cb11fe884284b4a5d2483bd0e807f04d95391e0b36e709b29cb7b351f7
results/raw/runs/2d_shallowwater/pinn/seed_2026/env.json,244,2026-07-01T04:58:31.525679+00:00,3ea9611b4a501b9d8258401458ea7fbd12107e673f8ddeac71518e0ffecb3269
results/raw/runs/2d_shallowwater/pinn/seed_2026/history.csv,22068,2026-07-01T05:05:55.548667+00:00,830096611f06cc0b01221e41a196fe72ac60312909f1c3b95f7823e711d9c0ce
results/raw/runs/2d_shallowwater/pinn/seed_2026/method.json,181,2026-07-01T04:58:31.525679+00:00,de010c025bcdb3a880b9116e67fd3ff7d8aabf3ba4129e968ac7fd6f2d972020
results/raw/runs/2d_shallowwater/pinn/seed_2026/metrics_adamw.json,4304,2026-07-20T13:46:59.431787+00:00,27f2cb5463a9145aea2906cce1bdf44069bf38ec3e04c116651934cc2f5e0326
results/raw/runs/2d_shallowwater/pinn/seed_2026/metrics_final.json,4304,2026-07-20T13:46:59.431787+00:00,27f2cb5463a9145aea2906cce1bdf44069bf38ec3e04c116651934cc2f5e0326
results/raw/runs/2d_shallowwater/pinn/seed_2026/model_adamw_final.pt,341995,2026-07-20T13:08:54.198239+00:00,2e973f6243fb10b1f0b3f353ff4f540a0065c7c1f4fc664c62bbd5d6e6490b4e
results/raw/runs/2d_shallowwater/pinn/seed_2026/model_final.pt,341899,2026-07-20T13:08:54.194239+00:00,91f2d092cea10d12e9ba2633bf1c96832ca3632a82a97707821c90557527f4c7
results/raw/runs/2d_shallowwater/pinn/seed_2026/predictions/predict_eval_grid.npz,509726,2026-07-01T05:05:55.612667+00:00,9e92aa12cdf17175aebf07be7b4d54d3522fc23d1bb1c158d8f1e8b66c1e2c45
results/raw/runs/2d_shallowwater/pinn/seed_2026/predictions/prediction_info.json,54,2026-07-01T05:05:55.612667+00:00,be9eb1b19f00de13ae49553f33024f53f3b120b21b90af981463d8b23af99bc9
results/raw/runs/2d_shallowwater/pinn/seed_2026/status.json,103,2026-07-01T05:05:55.612667+00:00,91be681fa77704c04bf46b74d2a6f7c0c9fa070e0f4eb9aec8b9357dd3c7fe43
results/raw/runs/2d_shallowwater/pinn/seed_31415/_SUCCESS,8,2026-07-01T06:32:14.765650+00:00,81b2bd4ea98c8db66554fbc8d7637a1a69a130f331feb732b75caab4c4868fd5
results/raw/runs/2d_shallowwater/pinn/seed_31415/config.json,1624,2026-07-01T06:24:51.265572+00:00,886753382daa7b288dd3ddd8d36a022af3dc1b743354c4612ada2430b4eab2a6
results/raw/runs/2d_shallowwater/pinn/seed_31415/env.json,244,2026-07-01T06:24:51.265572+00:00,3ea9611b4a501b9d8258401458ea7fbd12107e673f8ddeac71518e0ffecb3269
results/raw/runs/2d_shallowwater/pinn/seed_31415/history.csv,22073,2026-07-01T06:32:14.705651+00:00,af5c52320e1c2000fdc595374c4f0e9927617b1298879734dfe4e6abc4807db1
results/raw/runs/2d_shallowwater/pinn/seed_31415/method.json,181,2026-07-01T06:24:51.265572+00:00,de010c025bcdb3a880b9116e67fd3ff7d8aabf3ba4129e968ac7fd6f2d972020
results/raw/runs/2d_shallowwater/pinn/seed_31415/metrics_adamw.json,4309,2026-07-20T13:46:59.435786+00:00,cc9ad6e3f18c02eba40e47dac07c176dcf13bff3c929506d58fed40a8b19539f
results/raw/runs/2d_shallowwater/pinn/seed_31415/metrics_final.json,4309,2026-07-20T13:46:59.435786+00:00,cc9ad6e3f18c02eba40e47dac07c176dcf13bff3c929506d58fed40a8b19539f
results/raw/runs/2d_shallowwater/pinn/seed_31415/model_adamw_final.pt,341995,2026-07-20T13:08:54.246238+00:00,5b6f281b18e49520607c9b78c531b31e6dab963de994be6553110a3bfc560850
results/raw/runs/2d_shallowwater/pinn/seed_31415/model_final.pt,341899,2026-07-20T13:08:54.238239+00:00,5970822152842a17311b6d64e8ee2fa0680b68b26ae51a36950767b766868325
results/raw/runs/2d_shallowwater/pinn/seed_31415/predictions/predict_eval_grid.npz,505566,2026-07-01T06:32:14.761650+00:00,09898d9ccf7d884cd71082a04701d7e8af087ccafff40c32f34d86b257cb7558
results/raw/runs/2d_shallowwater/pinn/seed_31415/predictions/prediction_info.json,54,2026-07-01T06:32:14.761650+00:00,be9eb1b19f00de13ae49553f33024f53f3b120b21b90af981463d8b23af99bc9
results/raw/runs/2d_shallowwater/pinn/seed_31415/status.json,103,2026-07-01T06:32:14.765650+00:00,5c80d2ad47d01ab15c7e98e323d25519e5feb0b8b0e5770b13e85e22196679cb
results/raw/runs/2d_shallowwater/pinn/seed_42/_SUCCESS,8,2026-07-01T05:52:00.215530+00:00,81b2bd4ea98c8db66554fbc8d7637a1a69a130f331feb732b75caab4c4868fd5
results/raw/runs/2d_shallowwater/pinn/seed_42/config.json,1618,2026-07-01T05:44:31.944162+00:00,02829a4c0b76387a5748d68908aa53bc9230c11755a3234f03ae738e0a583eae
results/raw/runs/2d_shallowwater/pinn/seed_42/env.json,244,2026-07-01T05:44:31.944162+00:00,3ea9611b4a501b9d8258401458ea7fbd12107e673f8ddeac71518e0ffecb3269
results/raw/runs/2d_shallowwater/pinn/seed_42/history.csv,22092,2026-07-01T05:52:00.155530+00:00,ce9ed39bb9148a7a4c511517a7dbfd066e9f9cb45b73c305676b124514508f34
results/raw/runs/2d_shallowwater/pinn/seed_42/method.json,181,2026-07-01T05:44:31.944162+00:00,de010c025bcdb3a880b9116e67fd3ff7d8aabf3ba4129e968ac7fd6f2d972020
results/raw/runs/2d_shallowwater/pinn/seed_42/metrics_adamw.json,4305,2026-07-20T13:46:59.431787+00:00,3db38a340785df2226d4376fb315dabc0acabed35b64ad40689c8248939f8ffb
results/raw/runs/2d_shallowwater/pinn/seed_42/metrics_final.json,4305,2026-07-20T13:46:59.431787+00:00,3db38a340785df2226d4376fb315dabc0acabed35b64ad40689c8248939f8ffb
results/raw/runs/2d_shallowwater/pinn/seed_42/model_adamw_final.pt,341995,2026-07-20T13:08:54.222239+00:00,46429c92c7735b10aa5afafe865eceb1192ffba263593a769b86c78bf67694b2
results/raw/runs/2d_shallowwater/pinn/seed_42/model_final.pt,341899,2026-07-20T13:08:54.214239+00:00,b1ffdf81efcbf07db51bec6f86b0d40dfca38f89bc8d28c6bad6a768b201bd2f
results/raw/runs/2d_shallowwater/pinn/seed_42/predictions/predict_eval_grid.npz,502141,2026-07-01T05:52:00.215530+00:00,1c8229dd339208b8754ed7d193685d37d5eaccf6b773cd011287c9c3707769ad
results/raw/runs/2d_shallowwater/pinn/seed_42/predictions/prediction_info.json,54,2026-07-01T05:52:00.215530+00:00,be9eb1b19f00de13ae49553f33024f53f3b120b21b90af981463d8b23af99bc9
results/raw/runs/2d_shallowwater/pinn/seed_42/status.json,103,2026-07-01T05:52:00.215530+00:00,e0b0f9c501aeb956e770089c9c1845a491cd0a48f54f484795848fe990279be9
results/raw/runs/2d_shallowwater/pinn/seed_7/_SUCCESS,8,2026-07-01T05:31:48.339168+00:00,81b2bd4ea98c8db66554fbc8d7637a1a69a130f331feb732b75caab4c4868fd5
results/raw/runs/2d_shallowwater/pinn/seed_7/config.json,1616,2026-07-01T05:24:20.992455+00:00,239defbccb16391420a97d50282274af8fd4cbbb33e42a999b73af804c716b16
results/raw/runs/2d_shallowwater/pinn/seed_7/env.json,244,2026-07-01T05:24:20.992455+00:00,3ea9611b4a501b9d8258401458ea7fbd12107e673f8ddeac71518e0ffecb3269
results/raw/runs/2d_shallowwater/pinn/seed_7/history.csv,22080,2026-07-01T05:31:48.279168+00:00,fedbc376f986540d5f54ef57694300dd22b59c53914b317acf111dcaf3079e2f
results/raw/runs/2d_shallowwater/pinn/seed_7/method.json,181,2026-07-01T05:24:20.992455+00:00,de010c025bcdb3a880b9116e67fd3ff7d8aabf3ba4129e968ac7fd6f2d972020
results/raw/runs/2d_shallowwater/pinn/seed_7/metrics_adamw.json,4299,2026-07-20T13:46:59.431787+00:00,59f8b99f3c8f5eb6a22cef7664a5b607438dbab51dee76ec28a76da6fd83e9ee
results/raw/runs/2d_shallowwater/pinn/seed_7/metrics_final.json,4299,2026-07-20T13:46:59.431787+00:00,59f8b99f3c8f5eb6a22cef7664a5b607438dbab51dee76ec28a76da6fd83e9ee
results/raw/runs/2d_shallowwater/pinn/seed_7/model_adamw_final.pt,341995,2026-07-20T13:08:54.210239+00:00,2b35b301f9b4bba78e24e76a15f042e4bb9381d03459a49a231c9964888f74d3
results/raw/runs/2d_shallowwater/pinn/seed_7/model_final.pt,341899,2026-07-20T13:08:54.206239+00:00,3b9178b4c5635212351cf3ebb6a04104a93801d893a1cc7cb7b26098ab6707cd
results/raw/runs/2d_shallowwater/pinn/seed_7/predictions/predict_eval_grid.npz,508145,2026-07-01T05:31:48.339168+00:00,9c6f7d3f7953a59d76a39d58b164f213a57b11ef5248f5d3782d6a89433920b3
results/raw/runs/2d_shallowwater/pinn/seed_7/predictions/prediction_info.json,54,2026-07-01T05:31:48.339168+00:00,be9eb1b19f00de13ae49553f33024f53f3b120b21b90af981463d8b23af99bc9
results/raw/runs/2d_shallowwater/pinn/seed_7/status.json,103,2026-07-01T05:31:48.339168+00:00,9527a04819e265241bdc89ac45028dda65fda3d997c3a4335b4423f545945f8c
results/raw/runs/2d_shallowwater/rad_pinn/seed_100/_SUCCESS,8,2026-07-01T10:42:07.460472+00:00,81b2bd4ea98c8db66554fbc8d7637a1a69a130f331feb732b75caab4c4868fd5
results/raw/runs/2d_shallowwater/rad_pinn/seed_100/config.json,1624,2026-07-01T10:31:26.654204+00:00,774abe03d8992863d6c5351db6db428cd8fbf243b97b7f7cbcb69c1770593ca9
results/raw/runs/2d_shallowwater/rad_pinn/seed_100/diagnostics/rad_sampling_history.csv,3166,2026-07-01T10:42:07.460472+00:00,a8b2d56d5793360615e69edb667ad493a6489ae2ba6e050245bd17ada9216ae2
results/raw/runs/2d_shallowwater/rad_pinn/seed_100/env.json,244,2026-07-01T10:31:26.654204+00:00,3ea9611b4a501b9d8258401458ea7fbd12107e673f8ddeac71518e0ffecb3269
results/raw/runs/2d_shallowwater/rad_pinn/seed_100/history.csv,36556,2026-07-01T10:42:07.400472+00:00,250ce902e3a0e8b45028b1f16035be5314472f78b8bce9893eded506a8435283
results/raw/runs/2d_shallowwater/rad_pinn/seed_100/method.json,413,2026-07-01T10:31:26.654204+00:00,6536f6caeed14b1c98620960c58ece26df348fc5b6be06e474da01bab6de368c
results/raw/runs/2d_shallowwater/rad_pinn/seed_100/metrics_adamw.json,4337,2026-07-20T13:46:59.443787+00:00,0148ec3bd087634ee7c6e9f7852884e0b33aff8bd66f0cd00cbaa331e68c59d8
results/raw/runs/2d_shallowwater/rad_pinn/seed_100/metrics_final.json,4337,2026-07-20T13:46:59.443787+00:00,0148ec3bd087634ee7c6e9f7852884e0b33aff8bd66f0cd00cbaa331e68c59d8
results/raw/runs/2d_shallowwater/rad_pinn/seed_100/model_adamw_final.pt,342059,2026-07-20T13:46:58.351793+00:00,eafef3daf5c5bcc05badf3fb884b4862b7f43669d6324858c9101b987e61788a
results/raw/runs/2d_shallowwater/rad_pinn/seed_100/model_final.pt,341899,2026-07-20T13:46:58.347793+00:00,ef65c1d7b55933538f581c9ca72a98fdc5775609769ad0997156add33b4dc910
results/raw/runs/2d_shallowwater/rad_pinn/seed_100/predictions/predict_eval_grid.npz,514649,2026-07-01T10:42:07.456472+00:00,87857a21d9e564e6d8cedbaefc0fa8538882bb181098740ec4ed1d11e3f89ef9
results/raw/runs/2d_shallowwater/rad_pinn/seed_100/predictions/prediction_info.json,54,2026-07-01T10:42:07.460472+00:00,be9eb1b19f00de13ae49553f33024f53f3b120b21b90af981463d8b23af99bc9
results/raw/runs/2d_shallowwater/rad_pinn/seed_100/status.json,103,2026-07-01T10:42:07.460472+00:00,b3e5354c59c3992e26d22fee81ba3a2f9077bcc14a341b6b17c7f70ad3ad2b01
results/raw/runs/2d_shallowwater/rad_pinn/seed_2026/_SUCCESS,8,2026-07-01T10:10:16.334800+00:00,81b2bd4ea98c8db66554fbc8d7637a1a69a130f331feb732b75caab4c4868fd5
results/raw/runs/2d_shallowwater/rad_pinn/seed_2026/config.json,1626,2026-07-01T09:59:34.938626+00:00,06be83eb559968eb8603fddf3dc41f86b6459f0a44444ea4ce6c59143ab1c542
results/raw/runs/2d_shallowwater/rad_pinn/seed_2026/diagnostics/rad_sampling_history.csv,3156,2026-07-01T10:10:16.334800+00:00,b324ac0ee05aca86478927dc0c1c6b1605fc133158e813bb2dedb53e177c7a7b
results/raw/runs/2d_shallowwater/rad_pinn/seed_2026/env.json,244,2026-07-01T09:59:34.938626+00:00,3ea9611b4a501b9d8258401458ea7fbd12107e673f8ddeac71518e0ffecb3269
results/raw/runs/2d_shallowwater/rad_pinn/seed_2026/history.csv,36548,2026-07-01T10:10:16.270800+00:00,530ca949fa71ca93df0f0c8a40f0d580e44c2bbdd64844191192b1901abad608
results/raw/runs/2d_shallowwater/rad_pinn/seed_2026/method.json,413,2026-07-01T09:59:34.938626+00:00,6536f6caeed14b1c98620960c58ece26df348fc5b6be06e474da01bab6de368c
results/raw/runs/2d_shallowwater/rad_pinn/seed_2026/metrics_adamw.json,4331,2026-07-20T13:46:59.439786+00:00,c690168ec3dfe6436a9d5394cd503463a567b6c9705d2d49addafdf9c02e367e
results/raw/runs/2d_shallowwater/rad_pinn/seed_2026/metrics_final.json,4331,2026-07-20T13:46:59.439786+00:00,c690168ec3dfe6436a9d5394cd503463a567b6c9705d2d49addafdf9c02e367e
results/raw/runs/2d_shallowwater/rad_pinn/seed_2026/model_adamw_final.pt,342059,2026-07-20T13:46:58.315793+00:00,ce20152d08141d0b3f68ce0faeaec936784e75c0e06fbdd81dd2a8024ea6f418
results/raw/runs/2d_shallowwater/rad_pinn/seed_2026/model_final.pt,341899,2026-07-20T13:46:58.311793+00:00,22041e67cb5f48f35682186233cc1c6d051fa0b5d2f3a379f27720df261c8042
results/raw/runs/2d_shallowwater/rad_pinn/seed_2026/predictions/predict_eval_grid.npz,512117,2026-07-01T10:10:16.330800+00:00,d2282b04f4057e914a46b12ca984ab4596642f3f87022b63360b3a5330504aa5
results/raw/runs/2d_shallowwater/rad_pinn/seed_2026/predictions/prediction_info.json,54,2026-07-01T10:10:16.330800+00:00,be9eb1b19f00de13ae49553f33024f53f3b120b21b90af981463d8b23af99bc9
results/raw/runs/2d_shallowwater/rad_pinn/seed_2026/status.json,103,2026-07-01T10:10:16.334800+00:00,a66487d2c6d732af8271e90ddf70e452400d88702f13fa7c893a2695c82b8c1b
results/raw/runs/2d_shallowwater/rad_pinn/seed_31415/_SUCCESS,8,2026-07-01T10:52:45.639405+00:00,81b2bd4ea98c8db66554fbc8d7637a1a69a130f331feb732b75caab4c4868fd5
results/raw/runs/2d_shallowwater/rad_pinn/seed_31415/config.json,1628,2026-07-01T10:42:07.612472+00:00,41bb956390e614536fb0b8aa9dbdde3d9e99d26481281a051e3a4a97174d02ad
results/raw/runs/2d_shallowwater/rad_pinn/seed_31415/diagnostics/rad_sampling_history.csv,3181,2026-07-01T10:52:45.639405+00:00,dc2635a89222c9d411c1b8a7ecc15453bb902434cf13a7fa3b5bc390936912b1
results/raw/runs/2d_shallowwater/rad_pinn/seed_31415/env.json,244,2026-07-01T10:42:07.616472+00:00,3ea9611b4a501b9d8258401458ea7fbd12107e673f8ddeac71518e0ffecb3269
results/raw/runs/2d_shallowwater/rad_pinn/seed_31415/history.csv,36602,2026-07-01T10:52:45.579406+00:00,9252288ca9e18924ff0a3d65079cc304e93e664f928666994dc91d6e9a2136ad
results/raw/runs/2d_shallowwater/rad_pinn/seed_31415/method.json,413,2026-07-01T10:42:07.616472+00:00,6536f6caeed14b1c98620960c58ece26df348fc5b6be06e474da01bab6de368c
results/raw/runs/2d_shallowwater/rad_pinn/seed_31415/metrics_adamw.json,4339,2026-07-20T13:46:59.443787+00:00,901584cc8c7357f612bf958bb07d65c6ff03fecfaadf599661a43c471583a48c
results/raw/runs/2d_shallowwater/rad_pinn/seed_31415/metrics_final.json,4339,2026-07-20T13:46:59.443787+00:00,901584cc8c7357f612bf958bb07d65c6ff03fecfaadf599661a43c471583a48c
results/raw/runs/2d_shallowwater/rad_pinn/seed_31415/model_adamw_final.pt,342059,2026-07-20T13:46:58.363792+00:00,a6d4d44f1351abd2620b521d28153bf4492f95eae5a033e14b71659c9f7ed325
results/raw/runs/2d_shallowwater/rad_pinn/seed_31415/model_final.pt,341899,2026-07-20T13:46:58.359792+00:00,512fb3214aff084b721d50593322823ac66b221573044c4d589babff5867640d
results/raw/runs/2d_shallowwater/rad_pinn/seed_31415/predictions/predict_eval_grid.npz,510970,2026-07-01T10:52:45.635405+00:00,117a0acdb29df9eceaffd2adc182e1b7b4c24453df42821463daa10f0ef19511
results/raw/runs/2d_shallowwater/rad_pinn/seed_31415/predictions/prediction_info.json,54,2026-07-01T10:52:45.639405+00:00,be9eb1b19f00de13ae49553f33024f53f3b120b21b90af981463d8b23af99bc9
results/raw/runs/2d_shallowwater/rad_pinn/seed_31415/status.json,103,2026-07-01T10:52:45.639405+00:00,31c9b7cc0f2bdff6e64a724d480654cdc85a0b4e5465ea74e324e8cc60ecc2cb
results/raw/runs/2d_shallowwater/rad_pinn/seed_42/_SUCCESS,8,2026-07-01T10:31:26.498204+00:00,81b2bd4ea98c8db66554fbc8d7637a1a69a130f331feb732b75caab4c4868fd5
results/raw/runs/2d_shallowwater/rad_pinn/seed_42/config.json,1622,2026-07-01T10:20:46.770371+00:00,bb24d2ddd0607dfc778e0f36ddf4e4043f382490be1f152f8d686e8f31d09192
results/raw/runs/2d_shallowwater/rad_pinn/seed_42/diagnostics/rad_sampling_history.csv,3191,2026-07-01T10:31:26.494204+00:00,1ae99a5f5ccf211153d14300271b66c462218d9d27fdba2ca5a91d3ad25f9bc6
results/raw/runs/2d_shallowwater/rad_pinn/seed_42/env.json,244,2026-07-01T10:20:46.770371+00:00,3ea9611b4a501b9d8258401458ea7fbd12107e673f8ddeac71518e0ffecb3269
results/raw/runs/2d_shallowwater/rad_pinn/seed_42/history.csv,36601,2026-07-01T10:31:26.438205+00:00,b9f383b14d1cd4b8a3d9cd9d1fd1a0ebbf1847b7e2b90d41ac9d608c47a7990f
results/raw/runs/2d_shallowwater/rad_pinn/seed_42/method.json,413,2026-07-01T10:20:46.770371+00:00,6536f6caeed14b1c98620960c58ece26df348fc5b6be06e474da01bab6de368c
results/raw/runs/2d_shallowwater/rad_pinn/seed_42/metrics_adamw.json,4330,2026-07-20T13:46:59.443787+00:00,009b32295ef14f39ac33622521edc5ed65733c304a5fe7f79488dd1e6f862847
results/raw/runs/2d_shallowwater/rad_pinn/seed_42/metrics_final.json,4330,2026-07-20T13:46:59.443787+00:00,009b32295ef14f39ac33622521edc5ed65733c304a5fe7f79488dd1e6f862847
results/raw/runs/2d_shallowwater/rad_pinn/seed_42/model_adamw_final.pt,342059,2026-07-20T13:46:58.339792+00:00,ac7c74d915e56d0aeb9f2cfe147b6ae4b2ff741311ef141f796bac75b99e56cc
results/raw/runs/2d_shallowwater/rad_pinn/seed_42/model_final.pt,341899,2026-07-20T13:46:58.335793+00:00,73f18421cb1bd174e11fc724c2356f8097ba8ec963cbc6cc10026e9e3ec17c08
results/raw/runs/2d_shallowwater/rad_pinn/seed_42/predictions/predict_eval_grid.npz,506674,2026-07-01T10:31:26.494204+00:00,33dc19ba235c0b361f25d701a571719f0fa3ef6751c6c699f4999143c04d6d5e
results/raw/runs/2d_shallowwater/rad_pinn/seed_42/predictions/prediction_info.json,54,2026-07-01T10:31:26.494204+00:00,be9eb1b19f00de13ae49553f33024f53f3b120b21b90af981463d8b23af99bc9
results/raw/runs/2d_shallowwater/rad_pinn/seed_42/status.json,103,2026-07-01T10:31:26.494204+00:00,e3b2a3cc8283bf18c5428d7fba8210e6f39cb6be0bfd1c43626d7cad9107c4a8
results/raw/runs/2d_shallowwater/rad_pinn/seed_7/_SUCCESS,8,2026-07-01T10:20:46.610371+00:00,81b2bd4ea98c8db66554fbc8d7637a1a69a130f331feb732b75caab4c4868fd5
results/raw/runs/2d_shallowwater/rad_pinn/seed_7/config.json,1620,2026-07-01T10:10:16.490799+00:00,74a1b3760a244670f346ec4359bc15be3441e8ba4bbf655bdac62fead291d69f
results/raw/runs/2d_shallowwater/rad_pinn/seed_7/diagnostics/rad_sampling_history.csv,3188,2026-07-01T10:20:46.610371+00:00,de0fa64eaa857dac30e10d2bea465fe152e5e1d9710a600faccfa8857765360d
results/raw/runs/2d_shallowwater/rad_pinn/seed_7/env.json,244,2026-07-01T10:10:16.490799+00:00,3ea9611b4a501b9d8258401458ea7fbd12107e673f8ddeac71518e0ffecb3269
results/raw/runs/2d_shallowwater/rad_pinn/seed_7/history.csv,36592,2026-07-01T10:20:46.554371+00:00,71953943f21bbaa8c1344a7a87532c103ed58d4876869b7a940d687607525b8a
results/raw/runs/2d_shallowwater/rad_pinn/seed_7/method.json,413,2026-07-01T10:10:16.490799+00:00,6536f6caeed14b1c98620960c58ece26df348fc5b6be06e474da01bab6de368c
results/raw/runs/2d_shallowwater/rad_pinn/seed_7/metrics_adamw.json,4331,2026-07-20T13:46:59.443787+00:00,078171b24acbd47087dc90987196756c9f8bef4134dae9c2d182e682e8635f15
results/raw/runs/2d_shallowwater/rad_pinn/seed_7/metrics_final.json,4331,2026-07-20T13:46:59.443787+00:00,078171b24acbd47087dc90987196756c9f8bef4134dae9c2d182e682e8635f15
results/raw/runs/2d_shallowwater/rad_pinn/seed_7/model_adamw_final.pt,342059,2026-07-20T13:46:58.327793+00:00,27f1864f1557966579f9d52d3fc63a45db302592e4d2649d84e212bdc80399ab
results/raw/runs/2d_shallowwater/rad_pinn/seed_7/model_final.pt,341899,2026-07-20T13:46:58.323793+00:00,4f4d9b70c367240e5050528cd6e31362a9a8ddaf4244776b7cd6f47dd978516b
results/raw/runs/2d_shallowwater/rad_pinn/seed_7/predictions/predict_eval_grid.npz,511599,2026-07-01T10:20:46.610371+00:00,1dc1b12a558a34f05c76cb2379255b020dd585a787e2da09d9ff782064fe65a0
results/raw/runs/2d_shallowwater/rad_pinn/seed_7/predictions/prediction_info.json,54,2026-07-01T10:20:46.610371+00:00,be9eb1b19f00de13ae49553f33024f53f3b120b21b90af981463d8b23af99bc9
results/raw/runs/2d_shallowwater/rad_pinn/seed_7/status.json,103,2026-07-01T10:20:46.610371+00:00,19f55b0c482eec3bbd113b1dc26cfd68be0653ed924b9993b5660b40638b858c
results/raw/runs/2d_shallowwater/rar_d_pinn/seed_100/_SUCCESS,8,2026-07-01T12:12:18.871013+00:00,81b2bd4ea98c8db66554fbc8d7637a1a69a130f331feb732b75caab4c4868fd5
results/raw/runs/2d_shallowwater/rar_d_pinn/seed_100/config.json,1626,2026-07-01T12:01:32.694940+00:00,beb040bd6e2c7f70ad837e48ac1eafbf33ff8dc98bac11584742b3dd721e1a44
results/raw/runs/2d_shallowwater/rar_d_pinn/seed_100/diagnostics/rard_active_points_final.npz,218908,2026-07-01T12:12:18.871013+00:00,94017e30d5d33fefc307a89e7d325952cebccffe2d81036117236605ce8b1eb3
results/raw/runs/2d_shallowwater/rar_d_pinn/seed_100/diagnostics/rard_refinement_history.csv,2785,2026-07-01T12:12:18.859013+00:00,c084aef9dbf6688ffa48006dc9ff5767b1a80bd12fa776defe77b167a16c7460
results/raw/runs/2d_shallowwater/rar_d_pinn/seed_100/env.json,244,2026-07-01T12:01:32.694940+00:00,3ea9611b4a501b9d8258401458ea7fbd12107e673f8ddeac71518e0ffecb3269
results/raw/runs/2d_shallowwater/rar_d_pinn/seed_100/history.csv,31379,2026-07-01T12:12:18.803013+00:00,e10dbc6907ee90078bdf06b89919d9ea2aab129e8a27c7976240879aa3898a3f
results/raw/runs/2d_shallowwater/rar_d_pinn/seed_100/method.json,381,2026-07-01T12:01:32.694940+00:00,6f0ac248a434364415255e6eefd160c96a49283b35dabd65bb48cd7e27e7417a
results/raw/runs/2d_shallowwater/rar_d_pinn/seed_100/metrics_adamw.json,4453,2026-07-20T13:46:59.447787+00:00,8c106ede3aa1dd314406db98efda06356fb9929dc177dfaedefae533031ac107
results/raw/runs/2d_shallowwater/rar_d_pinn/seed_100/metrics_final.json,4453,2026-07-20T13:46:59.447787+00:00,8c106ede3aa1dd314406db98efda06356fb9929dc177dfaedefae533031ac107
results/raw/runs/2d_shallowwater/rar_d_pinn/seed_100/model_adamw_final.pt,342123,2026-07-20T13:46:58.415792+00:00,05bd85334a231001ebca6cbaca9f45622c27646937f019e5e4e0f6578a41e08b
results/raw/runs/2d_shallowwater/rar_d_pinn/seed_100/model_final.pt,342027,2026-07-20T13:46:58.407792+00:00,d591c915017a7bcdf13432b90eea4cdb578f66f1e05284175da5f14f3dd19fc6
results/raw/runs/2d_shallowwater/rar_d_pinn/seed_100/predictions/predict_eval_grid.npz,521756,2026-07-01T12:12:18.859013+00:00,c652c0515b53105410c26e2f7fc19a9e6ec3898f88c8bd7f3490a5949d974464
results/raw/runs/2d_shallowwater/rar_d_pinn/seed_100/predictions/prediction_info.json,54,2026-07-01T12:12:18.859013+00:00,be9eb1b19f00de13ae49553f33024f53f3b120b21b90af981463d8b23af99bc9
results/raw/runs/2d_shallowwater/rar_d_pinn/seed_100/status.json,103,2026-07-01T12:12:18.871013+00:00,e3aa26623713ea15724a6b1d575a42caa0efa3b601ab50d80668a726713126f0
results/raw/runs/2d_shallowwater/rar_d_pinn/seed_2026/_SUCCESS,8,2026-07-01T11:38:09.969402+00:00,81b2bd4ea98c8db66554fbc8d7637a1a69a130f331feb732b75caab4c4868fd5
results/raw/runs/2d_shallowwater/rar_d_pinn/seed_2026/config.json,1628,2026-07-01T11:27:32.213444+00:00,e3bef38a6c03b8266635253243f9cd452e76bc50213224d7346cf01a3cf62441
results/raw/runs/2d_shallowwater/rar_d_pinn/seed_2026/diagnostics/rard_active_points_final.npz,218946,2026-07-01T11:38:09.969402+00:00,0f8147a2348dfa430f1e5eda175abd195cf7f1521152c8efb87bd517cc92d4bd
results/raw/runs/2d_shallowwater/rar_d_pinn/seed_2026/diagnostics/rard_refinement_history.csv,2800,2026-07-01T11:38:09.957402+00:00,fe2121a4f419f32f70d87560d14b911128820747bbfd4c4be71679b28792623c
results/raw/runs/2d_shallowwater/rar_d_pinn/seed_2026/env.json,244,2026-07-01T11:27:32.217444+00:00,3ea9611b4a501b9d8258401458ea7fbd12107e673f8ddeac71518e0ffecb3269
results/raw/runs/2d_shallowwater/rar_d_pinn/seed_2026/history.csv,31395,2026-07-01T11:38:09.897402+00:00,2cad7b250e7273243dcf60e5f36c3fd29bdf658c7189f702871d906284f332b5
results/raw/runs/2d_shallowwater/rar_d_pinn/seed_2026/method.json,381,2026-07-01T11:27:32.217444+00:00,6f0ac248a434364415255e6eefd160c96a49283b35dabd65bb48cd7e27e7417a
results/raw/runs/2d_shallowwater/rar_d_pinn/seed_2026/metrics_adamw.json,4450,2026-07-20T13:46:59.447787+00:00,a8d2757649ab88a5a088063d9584e7d590957baadc46a750ea018d6ac8d63536
results/raw/runs/2d_shallowwater/rar_d_pinn/seed_2026/metrics_final.json,4450,2026-07-20T13:46:59.447787+00:00,a8d2757649ab88a5a088063d9584e7d590957baadc46a750ea018d6ac8d63536
results/raw/runs/2d_shallowwater/rar_d_pinn/seed_2026/model_adamw_final.pt,342123,2026-07-20T13:46:58.375792+00:00,e572bdc6cb461a4d0107166b3b380c4c59ac9602ec82df41e72704c4ee00c996
results/raw/runs/2d_shallowwater/rar_d_pinn/seed_2026/model_final.pt,342027,2026-07-20T13:46:58.371792+00:00,1327e36070ec20e44370ca9effba92914b94e29efbc91254338edc15c496878b
results/raw/runs/2d_shallowwater/rar_d_pinn/seed_2026/predictions/predict_eval_grid.npz,515545,2026-07-01T11:38:09.953402+00:00,64d2a0f14e72f255ae2f3fbd2822080afbaad32862ee77ff5af3412fd486ae37
results/raw/runs/2d_shallowwater/rar_d_pinn/seed_2026/predictions/prediction_info.json,54,2026-07-01T11:38:09.953402+00:00,be9eb1b19f00de13ae49553f33024f53f3b120b21b90af981463d8b23af99bc9
results/raw/runs/2d_shallowwater/rar_d_pinn/seed_2026/status.json,103,2026-07-01T11:38:09.969402+00:00,aeb351101f9c504792421e86d1f203345223647ded4bd576bf61bfdf66e0f23e
results/raw/runs/2d_shallowwater/rar_d_pinn/seed_31415/_SUCCESS,8,2026-07-01T12:22:52.761036+00:00,81b2bd4ea98c8db66554fbc8d7637a1a69a130f331feb732b75caab4c4868fd5
results/raw/runs/2d_shallowwater/rar_d_pinn/seed_31415/config.json,1630,2026-07-01T12:12:19.187012+00:00,2e6ecf050b29f5d6461c8a62a1b7a369b89e04e4bf13d04c4b6042e66a93e222
results/raw/runs/2d_shallowwater/rar_d_pinn/seed_31415/diagnostics/rard_active_points_final.npz,219010,2026-07-01T12:22:52.761036+00:00,a5f9bde16aa0e437c6733d2a0768ae465bdebf2e8b57d70982ea54904b51a64f
results/raw/runs/2d_shallowwater/rar_d_pinn/seed_31415/diagnostics/rard_refinement_history.csv,2800,2026-07-01T12:22:52.749037+00:00,557419827fcd0e4fda47d38e522eef33e1c2c269f590f447b45a04ad7e63d7d0
results/raw/runs/2d_shallowwater/rar_d_pinn/seed_31415/env.json,244,2026-07-01T12:12:19.187012+00:00,3ea9611b4a501b9d8258401458ea7fbd12107e673f8ddeac71518e0ffecb3269
results/raw/runs/2d_shallowwater/rar_d_pinn/seed_31415/history.csv,31412,2026-07-01T12:22:52.693037+00:00,dc315308829202d728ebf8513ba453d0de86c2687f1d6e7fc5c9dfc7116414c7
results/raw/runs/2d_shallowwater/rar_d_pinn/seed_31415/method.json,381,2026-07-01T12:12:19.187012+00:00,6f0ac248a434364415255e6eefd160c96a49283b35dabd65bb48cd7e27e7417a
results/raw/runs/2d_shallowwater/rar_d_pinn/seed_31415/metrics_adamw.json,4444,2026-07-20T13:46:59.451787+00:00,143f1f3445b7511b0423af681f0c186c5e84a41f92588674bd96c63973f06248
results/raw/runs/2d_shallowwater/rar_d_pinn/seed_31415/metrics_final.json,4444,2026-07-20T13:46:59.451787+00:00,143f1f3445b7511b0423af681f0c186c5e84a41f92588674bd96c63973f06248
results/raw/runs/2d_shallowwater/rar_d_pinn/seed_31415/model_adamw_final.pt,342123,2026-07-20T13:46:58.427792+00:00,5d3fc06144366725b92e3108bc79a41589a859399d137d2acce12caf08c309c0
results/raw/runs/2d_shallowwater/rar_d_pinn/seed_31415/model_final.pt,342027,2026-07-20T13:46:58.419792+00:00,b97d036ea23531b5b94c9e776873bbf00c740f6494296a8e18ce475153fc029a
results/raw/runs/2d_shallowwater/rar_d_pinn/seed_31415/predictions/predict_eval_grid.npz,511530,2026-07-01T12:22:52.749037+00:00,d4c488ae195dafc15d8946cc2dc6c8af406a6fd97ce43bc864c2bf512577f2f5
results/raw/runs/2d_shallowwater/rar_d_pinn/seed_31415/predictions/prediction_info.json,54,2026-07-01T12:22:52.749037+00:00,be9eb1b19f00de13ae49553f33024f53f3b120b21b90af981463d8b23af99bc9
results/raw/runs/2d_shallowwater/rar_d_pinn/seed_31415/status.json,103,2026-07-01T12:22:52.761036+00:00,326ef96797e1e051d12dfc75549e434d774dd8ed9472b1f6a150535a2171118b
results/raw/runs/2d_shallowwater/rar_d_pinn/seed_42/_SUCCESS,8,2026-07-01T12:01:32.530939+00:00,81b2bd4ea98c8db66554fbc8d7637a1a69a130f331feb732b75caab4c4868fd5
results/raw/runs/2d_shallowwater/rar_d_pinn/seed_42/config.json,1624,2026-07-01T11:50:44.088339+00:00,96670ece662c706700caba8bd25f336028b9f7667f3f3cb8ae5c0493d2ca8c44
results/raw/runs/2d_shallowwater/rar_d_pinn/seed_42/diagnostics/rard_active_points_final.npz,219003,2026-07-01T12:01:32.530939+00:00,6ab56b42e710d0019f8eee110b527094f79732c48cdd0cbdc0b9f1ad8d87a97d
results/raw/runs/2d_shallowwater/rar_d_pinn/seed_42/diagnostics/rard_refinement_history.csv,2794,2026-07-01T12:01:32.510939+00:00,332f42cbe7e74229888054393957536ebf0d287eb58d62093e5be2e43602a690
results/raw/runs/2d_shallowwater/rar_d_pinn/seed_42/env.json,244,2026-07-01T11:50:44.088339+00:00,3ea9611b4a501b9d8258401458ea7fbd12107e673f8ddeac71518e0ffecb3269
results/raw/runs/2d_shallowwater/rar_d_pinn/seed_42/history.csv,31385,2026-07-01T12:01:32.442939+00:00,5a1e745e6603d34120a97c1636a8bd403851d32f452a3c28ffe2f563adbe6a3f
results/raw/runs/2d_shallowwater/rar_d_pinn/seed_42/method.json,381,2026-07-01T11:50:44.088339+00:00,6f0ac248a434364415255e6eefd160c96a49283b35dabd65bb48cd7e27e7417a
results/raw/runs/2d_shallowwater/rar_d_pinn/seed_42/metrics_adamw.json,4441,2026-07-20T13:46:59.447787+00:00,b6842428b5b147078e3a75a2a8996eddfa7169e6055b5782eefa9a19d7f62ed5
results/raw/runs/2d_shallowwater/rar_d_pinn/seed_42/metrics_final.json,4441,2026-07-20T13:46:59.447787+00:00,b6842428b5b147078e3a75a2a8996eddfa7169e6055b5782eefa9a19d7f62ed5
results/raw/runs/2d_shallowwater/rar_d_pinn/seed_42/model_adamw_final.pt,342123,2026-07-20T13:46:58.399792+00:00,34d6efc1a3868b5301576723b7ecaf7d72774affe94c62ef419ee1ed093b902b
results/raw/runs/2d_shallowwater/rar_d_pinn/seed_42/model_final.pt,342027,2026-07-20T13:46:58.395792+00:00,1b1b7ba69ef792cc9d25f330f065406992c7e88442700fb70927c4beb55209d0
results/raw/runs/2d_shallowwater/rar_d_pinn/seed_42/predictions/predict_eval_grid.npz,508144,2026-07-01T12:01:32.510939+00:00,177caa5be47e642223c18ed3a7cafb59babd3c57e8b692c059b64058e3876f82
results/raw/runs/2d_shallowwater/rar_d_pinn/seed_42/predictions/prediction_info.json,54,2026-07-01T12:01:32.510939+00:00,be9eb1b19f00de13ae49553f33024f53f3b120b21b90af981463d8b23af99bc9
results/raw/runs/2d_shallowwater/rar_d_pinn/seed_42/status.json,103,2026-07-01T12:01:32.530939+00:00,b7430ae5518ddc28248a7220f47c22dac859c4bdbb10b12a541e3c1f27edeccd
results/raw/runs/2d_shallowwater/rar_d_pinn/seed_7/_SUCCESS,8,2026-07-01T11:50:43.924340+00:00,81b2bd4ea98c8db66554fbc8d7637a1a69a130f331feb732b75caab4c4868fd5
results/raw/runs/2d_shallowwater/rar_d_pinn/seed_7/config.json,1622,2026-07-01T11:40:05.072640+00:00,3313507deb0ff3ad15cdc43eb2023f08a024b728427a050b66cfdd0ffb9848e7
results/raw/runs/2d_shallowwater/rar_d_pinn/seed_7/diagnostics/rard_active_points_final.npz,218973,2026-07-01T11:50:43.924340+00:00,8062ae2510f6071bb472f7548fb46a80b39bb8a4d23a4bebc731d883a74df6f8
results/raw/runs/2d_shallowwater/rar_d_pinn/seed_7/diagnostics/rard_refinement_history.csv,2796,2026-07-01T11:50:43.912340+00:00,f3b1c143b5f97c8c256c2d6b9236d5aa304e4f8dd070d6bfa19c93968fea86d4
results/raw/runs/2d_shallowwater/rar_d_pinn/seed_7/env.json,244,2026-07-01T11:40:05.072640+00:00,3ea9611b4a501b9d8258401458ea7fbd12107e673f8ddeac71518e0ffecb3269
results/raw/runs/2d_shallowwater/rar_d_pinn/seed_7/history.csv,31430,2026-07-01T11:50:43.856341+00:00,a0f2abb59ac3704326d733a1fd8336ca4ea99722c948e5f7bd344ea6032c6b16
results/raw/runs/2d_shallowwater/rar_d_pinn/seed_7/method.json,381,2026-07-01T11:40:05.072640+00:00,6f0ac248a434364415255e6eefd160c96a49283b35dabd65bb48cd7e27e7417a
results/raw/runs/2d_shallowwater/rar_d_pinn/seed_7/metrics_adamw.json,4440,2026-07-20T13:46:59.447787+00:00,bc1d0366f86b6922f50a6be7d1a2b6b4937001daba49c0de2171219521155b47
results/raw/runs/2d_shallowwater/rar_d_pinn/seed_7/metrics_final.json,4440,2026-07-20T13:46:59.447787+00:00,bc1d0366f86b6922f50a6be7d1a2b6b4937001daba49c0de2171219521155b47
results/raw/runs/2d_shallowwater/rar_d_pinn/seed_7/model_adamw_final.pt,342123,2026-07-20T13:46:58.387792+00:00,4d6bfbd3bcfb7fc058998c77b19cbf170ef256e8ff44b2ae9b61a6ed31a6c629
results/raw/runs/2d_shallowwater/rar_d_pinn/seed_7/model_final.pt,342027,2026-07-20T13:46:58.383792+00:00,61bd51e74193511b4f17976e7e13562d73140c2f7d9a880b43293889125be369
results/raw/runs/2d_shallowwater/rar_d_pinn/seed_7/predictions/predict_eval_grid.npz,513026,2026-07-01T11:50:43.912340+00:00,ec08b604be36c38d4aa60a84fe3fdd238de5a143b55a9d352f91dbdc80db4db7
results/raw/runs/2d_shallowwater/rar_d_pinn/seed_7/predictions/prediction_info.json,54,2026-07-01T11:50:43.912340+00:00,be9eb1b19f00de13ae49553f33024f53f3b120b21b90af981463d8b23af99bc9
results/raw/runs/2d_shallowwater/rar_d_pinn/seed_7/status.json,102,2026-07-01T11:50:43.924340+00:00,26a63c6dc5ab96511d7fe18750825f7b9d1f6c8508793b5d4b757a56a571c4eb
results/raw/runs/2d_shallowwater/sa_pinn/seed_100/_SUCCESS,8,2026-07-01T14:03:56.560273+00:00,81b2bd4ea98c8db66554fbc8d7637a1a69a130f331feb732b75caab4c4868fd5
results/raw/runs/2d_shallowwater/sa_pinn/seed_100/config.json,1623,2026-07-01T13:52:14.350417+00:00,6cb369c85a28437e4afcc433a85a4cda09cde8d17668fb14d66c009617c904b7
results/raw/runs/2d_shallowwater/sa_pinn/seed_100/diagnostics/sa_training_points_fixed.npz,287799,2026-07-01T14:03:56.556273+00:00,d2235f83f7f63150a71614df0f912070cc4ef1db045117ecb94ac88fe1434408
results/raw/runs/2d_shallowwater/sa_pinn/seed_100/diagnostics/sa_weight_history.csv,57780,2026-07-01T14:03:56.524274+00:00,d0bda257bf961b1ddb6a3d818f3e199000eef71c70dd41f5495033aa31022944
results/raw/runs/2d_shallowwater/sa_pinn/seed_100/diagnostics/sa_weight_state_final.pt,115625,2026-07-01T14:03:56.560273+00:00,d54cd8e9d2edf6f84958ff57f8dd9cd68b20e3a95f744769feac679df95e351e
results/raw/runs/2d_shallowwater/sa_pinn/seed_100/diagnostics/sa_weight_summary.json,264,2026-07-01T14:03:56.524274+00:00,ab3b3dda7934c4376edd50e5d763efc919b90099023cac3676c9e93adb1ea125
results/raw/runs/2d_shallowwater/sa_pinn/seed_100/diagnostics/sa_weights_final.npz,17429,2026-07-01T14:03:56.532274+00:00,b5bbdaabd055966ded1b64382c9c78ecafee47a6f83fe5959787c5d38daabcb1
results/raw/runs/2d_shallowwater/sa_pinn/seed_100/env.json,244,2026-07-01T13:52:14.350417+00:00,3ea9611b4a501b9d8258401458ea7fbd12107e673f8ddeac71518e0ffecb3269
results/raw/runs/2d_shallowwater/sa_pinn/seed_100/history.csv,57780,2026-07-01T14:03:56.436274+00:00,d0bda257bf961b1ddb6a3d818f3e199000eef71c70dd41f5495033aa31022944
results/raw/runs/2d_shallowwater/sa_pinn/seed_100/method.json,417,2026-07-01T13:52:14.350417+00:00,91c63ead7b1a96027286e16826a87ce01a4209f918fd0f8ef0367308128d2fa8
results/raw/runs/2d_shallowwater/sa_pinn/seed_100/metrics_adamw.json,4483,2026-07-20T13:46:59.455786+00:00,4009b9b833e3d26efec8749aa42789733ecfed58dd2a292a13f81192390cc06d
results/raw/runs/2d_shallowwater/sa_pinn/seed_100/metrics_final.json,4483,2026-07-20T13:46:59.455786+00:00,4009b9b833e3d26efec8749aa42789733ecfed58dd2a292a13f81192390cc06d
results/raw/runs/2d_shallowwater/sa_pinn/seed_100/model_adamw_final.pt,342187,2026-07-20T13:46:58.475792+00:00,433327967541e5280e5400253f47c6537b453021e1f30832ba518dc26fe4c0c7
results/raw/runs/2d_shallowwater/sa_pinn/seed_100/model_final.pt,342091,2026-07-20T13:46:58.467792+00:00,95a7ce50a8b45b397cec1ccb4c9559485a9fa617674d9f00349d69d23d54afea
results/raw/runs/2d_shallowwater/sa_pinn/seed_100/predictions/predict_eval_grid.npz,500988,2026-07-01T14:03:56.520274+00:00,2ac5dcd89a6200aa8b060b3f29274252dbbaab1f5c04175c1ce6797aa48b9444
results/raw/runs/2d_shallowwater/sa_pinn/seed_100/predictions/prediction_info.json,54,2026-07-01T14:03:56.520274+00:00,be9eb1b19f00de13ae49553f33024f53f3b120b21b90af981463d8b23af99bc9
results/raw/runs/2d_shallowwater/sa_pinn/seed_100/status.json,103,2026-07-01T14:03:56.560273+00:00,4724a040f6ada3299e2362bfac217cb814a77c496cb3488420832cbf3945756a
results/raw/runs/2d_shallowwater/sa_pinn/seed_2026/_SUCCESS,8,2026-07-01T13:22:41.705082+00:00,81b2bd4ea98c8db66554fbc8d7637a1a69a130f331feb732b75caab4c4868fd5
results/raw/runs/2d_shallowwater/sa_pinn/seed_2026/config.json,1625,2026-07-01T13:08:33.169870+00:00,8caf29b34796d6a02aac64da5aaba69081a87f18016b90f553457e6d69e6762f
results/raw/runs/2d_shallowwater/sa_pinn/seed_2026/diagnostics/sa_training_points_fixed.npz,287817,2026-07-01T13:22:41.705082+00:00,b28e38fbe447189b7dca32abc7c9981e2c721c3860c295e702459d7267759cd0
results/raw/runs/2d_shallowwater/sa_pinn/seed_2026/diagnostics/sa_weight_history.csv,57723,2026-07-01T13:22:41.673082+00:00,8d1d15993bee843912dff9acef4ca95c61008076494e5043124d06d9acefda91
results/raw/runs/2d_shallowwater/sa_pinn/seed_2026/diagnostics/sa_weight_state_final.pt,115625,2026-07-01T13:22:41.705082+00:00,a9bc44cc8a1eda267e760a966d07ca27dd2bdf03bf67e8798bdba4b853a3bfff
results/raw/runs/2d_shallowwater/sa_pinn/seed_2026/diagnostics/sa_weight_summary.json,264,2026-07-01T13:22:41.673082+00:00,f1e1970676bd8b272610e0f9be9b9cb875ca87221097325a8a7bf62caadad49d
results/raw/runs/2d_shallowwater/sa_pinn/seed_2026/diagnostics/sa_weights_final.npz,18278,2026-07-01T13:22:41.681082+00:00,e46c5d9d6b5b92bce31405c645dc03be93ded5f1245f009de675a3b1a0312650
results/raw/runs/2d_shallowwater/sa_pinn/seed_2026/env.json,244,2026-07-01T13:08:33.169870+00:00,3ea9611b4a501b9d8258401458ea7fbd12107e673f8ddeac71518e0ffecb3269
results/raw/runs/2d_shallowwater/sa_pinn/seed_2026/history.csv,57723,2026-07-01T13:22:41.585083+00:00,8d1d15993bee843912dff9acef4ca95c61008076494e5043124d06d9acefda91
results/raw/runs/2d_shallowwater/sa_pinn/seed_2026/method.json,417,2026-07-01T13:08:33.169870+00:00,91c63ead7b1a96027286e16826a87ce01a4209f918fd0f8ef0367308128d2fa8
results/raw/runs/2d_shallowwater/sa_pinn/seed_2026/metrics_adamw.json,4484,2026-07-20T13:46:59.451787+00:00,a56ec452f78f54dc91ca6c296102ecd3aa1ac733e3c693daeda88c51273cdf3f
results/raw/runs/2d_shallowwater/sa_pinn/seed_2026/metrics_final.json,4484,2026-07-20T13:46:59.451787+00:00,a56ec452f78f54dc91ca6c296102ecd3aa1ac733e3c693daeda88c51273cdf3f
results/raw/runs/2d_shallowwater/sa_pinn/seed_2026/model_adamw_final.pt,342187,2026-07-20T13:46:58.439792+00:00,55dae3443122e2050d87c3f11ce8a8d3a3ba426d52aff7f2dc9af6f06034c00d
results/raw/runs/2d_shallowwater/sa_pinn/seed_2026/model_final.pt,342091,2026-07-20T13:46:58.431792+00:00,f92914ddce23073ef4e550666beb50c0d6a0310194465077bd9892d05bc6382d
results/raw/runs/2d_shallowwater/sa_pinn/seed_2026/predictions/predict_eval_grid.npz,510146,2026-07-01T13:22:41.665082+00:00,937c9fdc836d90486a0de10c16106e7f4c77dcc68507a222c731050c9d9d8989
results/raw/runs/2d_shallowwater/sa_pinn/seed_2026/predictions/prediction_info.json,54,2026-07-01T13:22:41.665082+00:00,be9eb1b19f00de13ae49553f33024f53f3b120b21b90af981463d8b23af99bc9
results/raw/runs/2d_shallowwater/sa_pinn/seed_2026/status.json,103,2026-07-01T13:22:41.705082+00:00,1d3b4bd4bdc8f7cf601a730ea33646382f7c1dc990c700e72f4a3005add18078
results/raw/runs/2d_shallowwater/sa_pinn/seed_31415/_SUCCESS,8,2026-07-01T14:15:32.049513+00:00,81b2bd4ea98c8db66554fbc8d7637a1a69a130f331feb732b75caab4c4868fd5
results/raw/runs/2d_shallowwater/sa_pinn/seed_31415/config.json,1627,2026-07-01T14:03:56.740273+00:00,3ea3ba3b37d00509e34856263ad3413bc42a6b2f958ac6749fc07ca2a7539bba
results/raw/runs/2d_shallowwater/sa_pinn/seed_31415/diagnostics/sa_training_points_fixed.npz,287864,2026-07-01T14:15:32.045513+00:00,e40403bdad7d80a80a67b287e15223fc1101afb10e063ebd45eb28e39cf40f51
results/raw/runs/2d_shallowwater/sa_pinn/seed_31415/diagnostics/sa_weight_history.csv,57707,2026-07-01T14:15:32.017513+00:00,706b72b1898d43b21fe3dd59bb78ae60a35d4ace138f7dd840259d912f908770
results/raw/runs/2d_shallowwater/sa_pinn/seed_31415/diagnostics/sa_weight_state_final.pt,115625,2026-07-01T14:15:32.049513+00:00,a65061c75f08dc7915b2491b6b1ccf173826818321f7b87c450ed871f4abfd61
results/raw/runs/2d_shallowwater/sa_pinn/seed_31415/diagnostics/sa_weight_summary.json,263,2026-07-01T14:15:32.017513+00:00,a2f5f78303d8c592ff3f12faeaf930cb6d805148f169fc963d39604ad0ad38b7
results/raw/runs/2d_shallowwater/sa_pinn/seed_31415/diagnostics/sa_weights_final.npz,16875,2026-07-01T14:15:32.021513+00:00,e227930eb3511f81ff5f199574e46165de0e89a81dcd966576e072c95bf055cf
results/raw/runs/2d_shallowwater/sa_pinn/seed_31415/env.json,244,2026-07-01T14:03:56.740273+00:00,3ea9611b4a501b9d8258401458ea7fbd12107e673f8ddeac71518e0ffecb3269
results/raw/runs/2d_shallowwater/sa_pinn/seed_31415/history.csv,57707,2026-07-01T14:15:31.937514+00:00,706b72b1898d43b21fe3dd59bb78ae60a35d4ace138f7dd840259d912f908770
results/raw/runs/2d_shallowwater/sa_pinn/seed_31415/method.json,417,2026-07-01T14:03:56.740273+00:00,91c63ead7b1a96027286e16826a87ce01a4209f918fd0f8ef0367308128d2fa8
results/raw/runs/2d_shallowwater/sa_pinn/seed_31415/metrics_adamw.json,4480,2026-07-20T13:46:59.455786+00:00,8169cafb79a4910e8048550373cd2680598398897479ec57077c6c31e4dc019c
results/raw/runs/2d_shallowwater/sa_pinn/seed_31415/metrics_final.json,4480,2026-07-20T13:46:59.455786+00:00,8169cafb79a4910e8048550373cd2680598398897479ec57077c6c31e4dc019c
results/raw/runs/2d_shallowwater/sa_pinn/seed_31415/model_adamw_final.pt,342187,2026-07-20T13:46:58.487792+00:00,d7bd4a27e56b41d1e3114d2856a1a9750bdfd297bc0098a6a9d5aad6ab29003b
results/raw/runs/2d_shallowwater/sa_pinn/seed_31415/model_final.pt,342091,2026-07-20T13:46:58.479792+00:00,bfe3273887d3d2f3ded10273d501155b56438399a1c3335b33ce3cfc4c97f156
results/raw/runs/2d_shallowwater/sa_pinn/seed_31415/predictions/predict_eval_grid.npz,504244,2026-07-01T14:15:32.009513+00:00,a7cd46e8cfd0f22a3dbdf84a9723c1feb03aa62aa1c8d4cc404db7f96b89d15b
results/raw/runs/2d_shallowwater/sa_pinn/seed_31415/predictions/prediction_info.json,54,2026-07-01T14:15:32.009513+00:00,be9eb1b19f00de13ae49553f33024f53f3b120b21b90af981463d8b23af99bc9
results/raw/runs/2d_shallowwater/sa_pinn/seed_31415/status.json,103,2026-07-01T14:15:32.049513+00:00,3c98f5ccefceab5a37461ddd10633a4188e26a96a355adca9de115e491566599
results/raw/runs/2d_shallowwater/sa_pinn/seed_42/_SUCCESS,8,2026-07-01T13:52:13.938418+00:00,81b2bd4ea98c8db66554fbc8d7637a1a69a130f331feb732b75caab4c4868fd5
results/raw/runs/2d_shallowwater/sa_pinn/seed_42/config.json,1621,2026-07-01T13:37:20.965792+00:00,f465c72025f76d8c3e11f6fdbc1c18b8b661017a574757ced4fc1e9a496f2ac0
results/raw/runs/2d_shallowwater/sa_pinn/seed_42/diagnostics/sa_training_points_fixed.npz,287809,2026-07-01T13:52:13.934417+00:00,cf94225730a9da58cb21000ca32ec7d314262275ead30161f8ec5f8edae2efdd
results/raw/runs/2d_shallowwater/sa_pinn/seed_42/diagnostics/sa_weight_history.csv,57828,2026-07-01T13:52:13.910418+00:00,4560300825285a5f52694e33d6eb80c745102792ce51028781b4daf71fd5e4a0
results/raw/runs/2d_shallowwater/sa_pinn/seed_42/diagnostics/sa_weight_state_final.pt,115625,2026-07-01T13:52:13.934417+00:00,4d9863370c3ec25cabba64a2bb654bbceef7c20564f02f5d3854b86eb9d4e332
results/raw/runs/2d_shallowwater/sa_pinn/seed_42/diagnostics/sa_weight_summary.json,264,2026-07-01T13:52:13.910418+00:00,f69701081ebabe47f1352f83811259380658dd012ac0d25675161a4d36075e53
results/raw/runs/2d_shallowwater/sa_pinn/seed_42/diagnostics/sa_weights_final.npz,5734,2026-07-01T13:52:13.914418+00:00,603d31474f97a35dd3371984ddcc76c940e2044e112a12b6b6e0dda1b6039af6
results/raw/runs/2d_shallowwater/sa_pinn/seed_42/env.json,244,2026-07-01T13:37:20.965792+00:00,3ea9611b4a501b9d8258401458ea7fbd12107e673f8ddeac71518e0ffecb3269
results/raw/runs/2d_shallowwater/sa_pinn/seed_42/history.csv,57828,2026-07-01T13:52:13.818418+00:00,4560300825285a5f52694e33d6eb80c745102792ce51028781b4daf71fd5e4a0
results/raw/runs/2d_shallowwater/sa_pinn/seed_42/method.json,417,2026-07-01T13:37:20.965792+00:00,91c63ead7b1a96027286e16826a87ce01a4209f918fd0f8ef0367308128d2fa8
results/raw/runs/2d_shallowwater/sa_pinn/seed_42/metrics_adamw.json,4462,2026-07-20T13:46:59.451787+00:00,b99dd52803466f270519b1a5ff28f6ca344e2497e77e8d122e43b4a0e287d273
results/raw/runs/2d_shallowwater/sa_pinn/seed_42/metrics_final.json,4462,2026-07-20T13:46:59.451787+00:00,b99dd52803466f270519b1a5ff28f6ca344e2497e77e8d122e43b4a0e287d273
results/raw/runs/2d_shallowwater/sa_pinn/seed_42/model_adamw_final.pt,342187,2026-07-20T13:46:58.463792+00:00,f880cddb424ef07566ff3c042080c10b528bcd70074647cec45138769d8740e5
results/raw/runs/2d_shallowwater/sa_pinn/seed_42/model_final.pt,342091,2026-07-20T13:46:58.455792+00:00,572c32d83b3f81ac83b21d20c8d96822d1b4063537086c836310ad5d29664a7b
results/raw/runs/2d_shallowwater/sa_pinn/seed_42/predictions/predict_eval_grid.npz,499633,2026-07-01T13:52:13.902418+00:00,6da013d8354381bcb87fc7a48126ad48ac7d0b45796e837d4d3ebcd769df2185
results/raw/runs/2d_shallowwater/sa_pinn/seed_42/predictions/prediction_info.json,54,2026-07-01T13:52:13.902418+00:00,be9eb1b19f00de13ae49553f33024f53f3b120b21b90af981463d8b23af99bc9
results/raw/runs/2d_shallowwater/sa_pinn/seed_42/status.json,103,2026-07-01T13:52:13.934417+00:00,b74042b9fea1277e61011dfab08e7edd8aab82bbc99e0b2dde28ef8a4fb65e74
results/raw/runs/2d_shallowwater/sa_pinn/seed_7/_SUCCESS,8,2026-07-01T13:37:20.737791+00:00,81b2bd4ea98c8db66554fbc8d7637a1a69a130f331feb732b75caab4c4868fd5
results/raw/runs/2d_shallowwater/sa_pinn/seed_7/config.json,1619,2026-07-01T13:22:41.985081+00:00,d5f8bf6d861240378566b18bb0244176451bb638ee911ae38be52d029a6488a5
results/raw/runs/2d_shallowwater/sa_pinn/seed_7/diagnostics/sa_training_points_fixed.npz,287700,2026-07-01T13:37:20.737791+00:00,dde34bb6462b2fddd3b22c59d8633423a10d9072d7d19edc01a090fd71e896eb
results/raw/runs/2d_shallowwater/sa_pinn/seed_7/diagnostics/sa_weight_history.csv,57784,2026-07-01T13:37:20.709790+00:00,4310e9230a153c5e4e5751a6388b42ca752ab6edb37dd267636979cf775bcbb1
results/raw/runs/2d_shallowwater/sa_pinn/seed_7/diagnostics/sa_weight_state_final.pt,115625,2026-07-01T13:37:20.737791+00:00,3e66d8310acd3b824cb21c37df1152e677953123a23dc68e2ad172fdfab11651
results/raw/runs/2d_shallowwater/sa_pinn/seed_7/diagnostics/sa_weight_summary.json,262,2026-07-01T13:37:20.709790+00:00,d3be50993f24dc35c674b1afeca11fee3f1aceffdacc8b70562724add802a440
results/raw/runs/2d_shallowwater/sa_pinn/seed_7/diagnostics/sa_weights_final.npz,18640,2026-07-01T13:37:20.713790+00:00,47391319df9f33f96a0a98b1d37fbadac8494d813b3e7281323f707b70fd7776
results/raw/runs/2d_shallowwater/sa_pinn/seed_7/env.json,244,2026-07-01T13:22:41.985081+00:00,3ea9611b4a501b9d8258401458ea7fbd12107e673f8ddeac71518e0ffecb3269
results/raw/runs/2d_shallowwater/sa_pinn/seed_7/history.csv,57784,2026-07-01T13:37:20.617790+00:00,4310e9230a153c5e4e5751a6388b42ca752ab6edb37dd267636979cf775bcbb1
results/raw/runs/2d_shallowwater/sa_pinn/seed_7/method.json,417,2026-07-01T13:22:41.985081+00:00,91c63ead7b1a96027286e16826a87ce01a4209f918fd0f8ef0367308128d2fa8
results/raw/runs/2d_shallowwater/sa_pinn/seed_7/metrics_adamw.json,4471,2026-07-20T13:46:59.451787+00:00,c3f046ed5ba4a24f5ae7539465e308457ab858fb3b91941dbbed367f9fe6bf70
results/raw/runs/2d_shallowwater/sa_pinn/seed_7/metrics_final.json,4471,2026-07-20T13:46:59.451787+00:00,c3f046ed5ba4a24f5ae7539465e308457ab858fb3b91941dbbed367f9fe6bf70
results/raw/runs/2d_shallowwater/sa_pinn/seed_7/model_adamw_final.pt,342187,2026-07-20T13:46:58.451792+00:00,c4ee32253bc4a6c73d3736f669a293911a99bd33adfbe13f74e8ccb13b7e681f
results/raw/runs/2d_shallowwater/sa_pinn/seed_7/model_final.pt,342091,2026-07-20T13:46:58.443792+00:00,267ed2d2319c7801a010be0435e06cedcf42e765bae226bf735233995b361ac0
results/raw/runs/2d_shallowwater/sa_pinn/seed_7/predictions/predict_eval_grid.npz,514442,2026-07-01T13:37:20.705790+00:00,5afba7fdd73d5910c3b808a624ee00f589b8b5c24dac17dc1fd55e9a1b2b2440
results/raw/runs/2d_shallowwater/sa_pinn/seed_7/predictions/prediction_info.json,54,2026-07-01T13:37:20.705790+00:00,be9eb1b19f00de13ae49553f33024f53f3b120b21b90af981463d8b23af99bc9
results/raw/runs/2d_shallowwater/sa_pinn/seed_7/status.json,103,2026-07-01T13:37:20.737791+00:00,d17c31ff0b20f35eff34096f367b984eea106011ca4dc5d66897be7e31709b6c
results/raw/runs/2d_shallowwater/xpinn/seed_100/_SUCCESS,8,2026-07-05T13:10:11.276201+00:00,81b2bd4ea98c8db66554fbc8d7637a1a69a130f331feb732b75caab4c4868fd5
results/raw/runs/2d_shallowwater/xpinn/seed_100/config.json,1621,2026-07-05T10:30:01.638142+00:00,c9f0826a62c20e55e0ceae34efa17ee1deb915df74a4126ae74ac756012ca46c
results/raw/runs/2d_shallowwater/xpinn/seed_100/diagnostics/xpinn_interface_history.csv,76034,2026-07-05T13:10:11.268201+00:00,63345498c093cf998023190c33b13bff87bfda95f18a4938f25aac28d7e48f7b
results/raw/runs/2d_shallowwater/xpinn/seed_100/diagnostics/xpinn_interface_points.npz,17900,2026-07-05T13:10:11.272201+00:00,33ec290995242eb2e5da2729c4cbe390c97e6754fe232ae51d50f8103f615378
results/raw/runs/2d_shallowwater/xpinn/seed_100/diagnostics/xpinn_interface_points_meta.json,514,2026-07-05T13:10:11.272201+00:00,951c679fd39f78c73617ea3b756eb34a0320ef143a95baa932cd8a7464ad1266
results/raw/runs/2d_shallowwater/xpinn/seed_100/diagnostics/xpinn_loss_history.csv,57465,2026-07-05T13:10:11.264201+00:00,3fbf6c9834ccaf905988ffea07ee24d4c3fbe44bc2bddf561f0758f5976f4ecb
results/raw/runs/2d_shallowwater/xpinn/seed_100/diagnostics/xpinn_subdomain_config.json,1310,2026-07-05T13:10:11.268201+00:00,ae5ba7483b5a158b4aac2d8880cd1d9438bd2bd704874015eeebafd9e3c4c4b6
results/raw/runs/2d_shallowwater/xpinn/seed_100/diagnostics/xpinn_submodel_state_dicts.pt,1356939,2026-07-05T13:10:11.276201+00:00,78d06d73378ab1b1abcac9faa0fe7ac48b9619d72c83fe6f5887e0cdcb5ba4f0
results/raw/runs/2d_shallowwater/xpinn/seed_100/env.json,244,2026-07-05T10:30:01.642142+00:00,3ea9611b4a501b9d8258401458ea7fbd12107e673f8ddeac71518e0ffecb3269
results/raw/runs/2d_shallowwater/xpinn/seed_100/history.csv,57465,2026-07-05T13:10:11.176201+00:00,3fbf6c9834ccaf905988ffea07ee24d4c3fbe44bc2bddf561f0758f5976f4ecb
results/raw/runs/2d_shallowwater/xpinn/seed_100/method.json,1014,2026-07-05T10:30:01.642142+00:00,77d4f20b3e24d444de75121b7d2e59f2c89c26128aa91e9b4ec5c2aa4272d6a0
results/raw/runs/2d_shallowwater/xpinn/seed_100/metrics_adamw.json,4610,2026-07-20T13:46:59.479786+00:00,fc8439241b72e8b322f0542193d17c333eaf65e330e98b618a2dc384d9ca7610
results/raw/runs/2d_shallowwater/xpinn/seed_100/metrics_final.json,4610,2026-07-20T13:46:59.479786+00:00,fc8439241b72e8b322f0542193d17c333eaf65e330e98b618a2dc384d9ca7610
results/raw/runs/2d_shallowwater/xpinn/seed_100/model_adamw_final.pt,1360771,2026-07-20T13:46:59.027789+00:00,c9a3467df54176b7c4118b6e96a544f4dcbc48f332856f572df9caef69fdc68b
results/raw/runs/2d_shallowwater/xpinn/seed_100/model_final.pt,1360399,2026-07-20T13:46:59.003789+00:00,13f1d7c951b6b74c6434b1bdcf00eedd8280412d6258b441451198723ad06869
results/raw/runs/2d_shallowwater/xpinn/seed_100/predictions/predict_eval_grid.npz,519841,2026-07-05T13:10:11.256201+00:00,6fdc569f6e57634741fd97d972180ed643f3c0872fbae526a85c3098ae84e152
results/raw/runs/2d_shallowwater/xpinn/seed_100/predictions/prediction_info.json,54,2026-07-05T13:10:11.256201+00:00,be9eb1b19f00de13ae49553f33024f53f3b120b21b90af981463d8b23af99bc9
results/raw/runs/2d_shallowwater/xpinn/seed_100/status.json,103,2026-07-05T13:10:11.276201+00:00,508644ac1c6252fd928d4482469638149392e1af9e8d45722e1d81fad93eec27
results/raw/runs/2d_shallowwater/xpinn/seed_2026/_SUCCESS,8,2026-07-05T06:54:44.015583+00:00,81b2bd4ea98c8db66554fbc8d7637a1a69a130f331feb732b75caab4c4868fd5
results/raw/runs/2d_shallowwater/xpinn/seed_2026/config.json,1623,2026-07-05T04:53:55.335723+00:00,e0da2daae6ef31d3023372b2b20d30ea8c3e422b170d3bf599802d07de9e0f96
results/raw/runs/2d_shallowwater/xpinn/seed_2026/diagnostics/xpinn_interface_history.csv,76030,2026-07-05T06:54:44.007583+00:00,ab4b79118fca5e51ddb8cc3dbc793899e841ddc46aa2f2836cb8017ed9b9897f
results/raw/runs/2d_shallowwater/xpinn/seed_2026/diagnostics/xpinn_interface_points.npz,17899,2026-07-05T06:54:44.007583+00:00,519db584b5d3fd767b2ca786cc9a21f3b03a30ccd92f4acb03e48addc274362d
results/raw/runs/2d_shallowwater/xpinn/seed_2026/diagnostics/xpinn_interface_points_meta.json,514,2026-07-05T06:54:44.007583+00:00,951c679fd39f78c73617ea3b756eb34a0320ef143a95baa932cd8a7464ad1266
results/raw/runs/2d_shallowwater/xpinn/seed_2026/diagnostics/xpinn_loss_history.csv,57485,2026-07-05T06:54:43.999583+00:00,5d69019b3f049ed608ca7eeaccd691b2aafff1db58374707215bdac5c61280ff
results/raw/runs/2d_shallowwater/xpinn/seed_2026/diagnostics/xpinn_subdomain_config.json,1308,2026-07-05T06:54:44.007583+00:00,2a0f4f9cf496bf49733759c149fe8b591ec7cbcef1de004485567903debbcfb2
results/raw/runs/2d_shallowwater/xpinn/seed_2026/diagnostics/xpinn_submodel_state_dicts.pt,1356939,2026-07-05T06:54:44.015583+00:00,90cb48ceee3e4de578c1921a91a230084abf0f886d64d610e99718f417b54ab4
results/raw/runs/2d_shallowwater/xpinn/seed_2026/env.json,244,2026-07-05T04:53:55.335723+00:00,3ea9611b4a501b9d8258401458ea7fbd12107e673f8ddeac71518e0ffecb3269
results/raw/runs/2d_shallowwater/xpinn/seed_2026/history.csv,57485,2026-07-05T06:54:43.911584+00:00,5d69019b3f049ed608ca7eeaccd691b2aafff1db58374707215bdac5c61280ff
results/raw/runs/2d_shallowwater/xpinn/seed_2026/method.json,1014,2026-07-05T04:53:55.335723+00:00,77d4f20b3e24d444de75121b7d2e59f2c89c26128aa91e9b4ec5c2aa4272d6a0
results/raw/runs/2d_shallowwater/xpinn/seed_2026/metrics_adamw.json,4618,2026-07-20T13:46:59.475786+00:00,b0cdc962f490b4ac39f7ec68e15e5aa0388dd7ed7c9bbf3ea11196a2263bace0
results/raw/runs/2d_shallowwater/xpinn/seed_2026/metrics_final.json,4618,2026-07-20T13:46:59.475786+00:00,b0cdc962f490b4ac39f7ec68e15e5aa0388dd7ed7c9bbf3ea11196a2263bace0
results/raw/runs/2d_shallowwater/xpinn/seed_2026/model_adamw_final.pt,1360771,2026-07-20T13:46:58.903790+00:00,118b239762b8b7ad11acdeb6bffcea2bc396fa61fe54a74e2fa0a5c682130536
results/raw/runs/2d_shallowwater/xpinn/seed_2026/model_final.pt,1360399,2026-07-20T13:46:58.879790+00:00,f576b55c5f33d4e3859d677c88d45075f89ec57faa802672baf02cec4796fc90
results/raw/runs/2d_shallowwater/xpinn/seed_2026/predictions/predict_eval_grid.npz,519330,2026-07-05T06:54:43.995584+00:00,65081510c71fbc7bb1a313569202229953eb18f8378876921aade5741271ca2e
results/raw/runs/2d_shallowwater/xpinn/seed_2026/predictions/prediction_info.json,54,2026-07-05T06:54:43.995584+00:00,be9eb1b19f00de13ae49553f33024f53f3b120b21b90af981463d8b23af99bc9
results/raw/runs/2d_shallowwater/xpinn/seed_2026/status.json,102,2026-07-05T06:54:44.015583+00:00,2ec955564f511d6bcf3faee364abe25c1f47d6c6ee17b3b7bc253c91920d249d
results/raw/runs/2d_shallowwater/xpinn/seed_31415/_SUCCESS,8,2026-07-05T15:13:05.960339+00:00,81b2bd4ea98c8db66554fbc8d7637a1a69a130f331feb732b75caab4c4868fd5
results/raw/runs/2d_shallowwater/xpinn/seed_31415/config.json,1625,2026-07-05T13:10:11.596199+00:00,25923ec2df2231574776e6dbe90155b4882d5b4bfbfd13996cb8b89da09c2a87
results/raw/runs/2d_shallowwater/xpinn/seed_31415/diagnostics/xpinn_interface_history.csv,76076,2026-07-05T15:13:05.952339+00:00,1f21b9c936cabd566d5d95cd00926e8e41cb808f48faea7a1cc43a65ba361cbe
results/raw/runs/2d_shallowwater/xpinn/seed_31415/diagnostics/xpinn_interface_points.npz,17877,2026-07-05T15:13:05.952339+00:00,b49a1431e83e8f8732ea63ee1836ef4edad858ae6b342cbdf3ce4793831a71eb
results/raw/runs/2d_shallowwater/xpinn/seed_31415/diagnostics/xpinn_interface_points_meta.json,514,2026-07-05T15:13:05.956339+00:00,951c679fd39f78c73617ea3b756eb34a0320ef143a95baa932cd8a7464ad1266
results/raw/runs/2d_shallowwater/xpinn/seed_31415/diagnostics/xpinn_loss_history.csv,57453,2026-07-05T15:13:05.948339+00:00,bc1b242a5dadd8c8865cc70314ef994bdc7193554dae05e562a2db93eecac2d0
results/raw/runs/2d_shallowwater/xpinn/seed_31415/diagnostics/xpinn_subdomain_config.json,1307,2026-07-05T15:13:05.952339+00:00,c8794c415f40228b0d776ecbe9b9c6f190b9b022b428030bbd0e1c3657d084ea
results/raw/runs/2d_shallowwater/xpinn/seed_31415/diagnostics/xpinn_submodel_state_dicts.pt,1356939,2026-07-05T15:13:05.960339+00:00,0eeda63dad0ab83eef83f9b7da63c7eced4623daf076b7cce6a915f34fc09838
results/raw/runs/2d_shallowwater/xpinn/seed_31415/env.json,244,2026-07-05T13:10:11.596199+00:00,3ea9611b4a501b9d8258401458ea7fbd12107e673f8ddeac71518e0ffecb3269
results/raw/runs/2d_shallowwater/xpinn/seed_31415/history.csv,57453,2026-07-05T15:13:05.880339+00:00,bc1b242a5dadd8c8865cc70314ef994bdc7193554dae05e562a2db93eecac2d0
results/raw/runs/2d_shallowwater/xpinn/seed_31415/method.json,1014,2026-07-05T13:10:11.596199+00:00,77d4f20b3e24d444de75121b7d2e59f2c89c26128aa91e9b4ec5c2aa4272d6a0
results/raw/runs/2d_shallowwater/xpinn/seed_31415/metrics_adamw.json,4614,2026-07-20T13:46:59.483786+00:00,4f20c2fc069e6696df5e6757d82da78631b89e513f6ec0777861ba2ba6ae1c77
results/raw/runs/2d_shallowwater/xpinn/seed_31415/metrics_final.json,4614,2026-07-20T13:46:59.479786+00:00,4f20c2fc069e6696df5e6757d82da78631b89e513f6ec0777861ba2ba6ae1c77
results/raw/runs/2d_shallowwater/xpinn/seed_31415/model_adamw_final.pt,1360771,2026-07-20T13:46:59.067789+00:00,6f5144c3efdbe6c0b7ecb9ff00ee9651e07f5718cf2e3d8f769958d22dd1f4e7
results/raw/runs/2d_shallowwater/xpinn/seed_31415/model_final.pt,1360399,2026-07-20T13:46:59.047789+00:00,3917c7d8c91fe0e8477ef2e14d8fc8a87e1b6d55ea3f3e259b302296f6b796dd
results/raw/runs/2d_shallowwater/xpinn/seed_31415/predictions/predict_eval_grid.npz,521439,2026-07-05T15:13:05.940339+00:00,8230d4c43be4c25083df8e3d1099b09b8116454d01d85acf21c563236dcea951
results/raw/runs/2d_shallowwater/xpinn/seed_31415/predictions/prediction_info.json,54,2026-07-05T15:13:05.944339+00:00,be9eb1b19f00de13ae49553f33024f53f3b120b21b90af981463d8b23af99bc9
results/raw/runs/2d_shallowwater/xpinn/seed_31415/status.json,103,2026-07-05T15:13:05.960339+00:00,1f4fa31d7d215fb334d770cface6b033684bfecff9d5b99983dfb066875cb067
results/raw/runs/2d_shallowwater/xpinn/seed_42/_SUCCESS,8,2026-07-05T10:30:01.342143+00:00,81b2bd4ea98c8db66554fbc8d7637a1a69a130f331feb732b75caab4c4868fd5
results/raw/runs/2d_shallowwater/xpinn/seed_42/config.json,1619,2026-07-05T08:43:40.571122+00:00,942e45eb4314c2e17bc961b16045fdd121644302f95bce2e81516a61793cbc30
results/raw/runs/2d_shallowwater/xpinn/seed_42/diagnostics/xpinn_interface_history.csv,76086,2026-07-05T10:30:01.334143+00:00,ac5cb1e4658e87892822718f5e385c7eb70e4c94423bc8dd73374941551b1e7b
results/raw/runs/2d_shallowwater/xpinn/seed_42/diagnostics/xpinn_interface_points.npz,17896,2026-07-05T10:30:01.334143+00:00,73c4f9120ecd8cefb9ed17105517a82d9c627bbaf599182e4d253d53c61ee57b
results/raw/runs/2d_shallowwater/xpinn/seed_42/diagnostics/xpinn_interface_points_meta.json,514,2026-07-05T10:30:01.334143+00:00,951c679fd39f78c73617ea3b756eb34a0320ef143a95baa932cd8a7464ad1266
results/raw/runs/2d_shallowwater/xpinn/seed_42/diagnostics/xpinn_loss_history.csv,57428,2026-07-05T10:30:01.326143+00:00,824aba619e5f7f7b610058058e81235e4436c9404a45aec552435d0de4702e47
results/raw/runs/2d_shallowwater/xpinn/seed_42/diagnostics/xpinn_subdomain_config.json,1311,2026-07-05T10:30:01.334143+00:00,2f979e782d5b374e062de6ff08420c6bd64df5e3162896f838faef7b8cfc2b74
results/raw/runs/2d_shallowwater/xpinn/seed_42/diagnostics/xpinn_submodel_state_dicts.pt,1356939,2026-07-05T10:30:01.342143+00:00,955de4113acd729d192cb518d28efad1e69ee820fdaf1579fd47c7aaf399368c
results/raw/runs/2d_shallowwater/xpinn/seed_42/env.json,244,2026-07-05T08:43:40.571122+00:00,3ea9611b4a501b9d8258401458ea7fbd12107e673f8ddeac71518e0ffecb3269
results/raw/runs/2d_shallowwater/xpinn/seed_42/history.csv,57428,2026-07-05T10:30:01.242143+00:00,824aba619e5f7f7b610058058e81235e4436c9404a45aec552435d0de4702e47
results/raw/runs/2d_shallowwater/xpinn/seed_42/method.json,1014,2026-07-05T08:43:40.571122+00:00,77d4f20b3e24d444de75121b7d2e59f2c89c26128aa91e9b4ec5c2aa4272d6a0
results/raw/runs/2d_shallowwater/xpinn/seed_42/metrics_adamw.json,4608,2026-07-20T13:46:59.479786+00:00,eb98378902b587423102fea79c8ae64c619a6e477cbc61c737d58b201ab14b00
results/raw/runs/2d_shallowwater/xpinn/seed_42/metrics_final.json,4608,2026-07-20T13:46:59.479786+00:00,eb98378902b587423102fea79c8ae64c619a6e477cbc61c737d58b201ab14b00
results/raw/runs/2d_shallowwater/xpinn/seed_42/model_adamw_final.pt,1360771,2026-07-20T13:46:58.983789+00:00,99a7e10726006ea95089f7a1933427d8042fd6127fa2bb6a754f474aa64de29b
results/raw/runs/2d_shallowwater/xpinn/seed_42/model_final.pt,1360399,2026-07-20T13:46:58.963789+00:00,2ae46355a8467a7af35215dfaebd3b31b01b313d7c8ed2c399b8e6817ed088d0
results/raw/runs/2d_shallowwater/xpinn/seed_42/predictions/predict_eval_grid.npz,515403,2026-07-05T10:30:01.322143+00:00,320d88802a6a96c821dbd99023a46962eb69987a76057e89bf2b62a5887a3a10
results/raw/runs/2d_shallowwater/xpinn/seed_42/predictions/prediction_info.json,54,2026-07-05T10:30:01.322143+00:00,be9eb1b19f00de13ae49553f33024f53f3b120b21b90af981463d8b23af99bc9
results/raw/runs/2d_shallowwater/xpinn/seed_42/status.json,103,2026-07-05T10:30:01.342143+00:00,fc0d002a35fd497fa8cb29d8cdaf5fe619f245750d4f3f8c982c6f28d39b6d31
results/raw/runs/2d_shallowwater/xpinn/seed_7/_SUCCESS,8,2026-07-05T08:43:40.335126+00:00,81b2bd4ea98c8db66554fbc8d7637a1a69a130f331feb732b75caab4c4868fd5
results/raw/runs/2d_shallowwater/xpinn/seed_7/config.json,1617,2026-07-05T06:54:45.319576+00:00,439c2c3857c6f97a33113064dc64e7a4836f53c6ae857fe9c3958037b2d3f4ac
results/raw/runs/2d_shallowwater/xpinn/seed_7/diagnostics/xpinn_interface_history.csv,76040,2026-07-05T08:43:40.327126+00:00,f01425ec23030e7d76729efa4883ddb662661885679b237146c4512f80686d63
results/raw/runs/2d_shallowwater/xpinn/seed_7/diagnostics/xpinn_interface_points.npz,17910,2026-07-05T08:43:40.327126+00:00,19c786fb407b5d1575ad4c6aaeb387a10245d0b369fca696bc22f10ed4365ce4
results/raw/runs/2d_shallowwater/xpinn/seed_7/diagnostics/xpinn_interface_points_meta.json,514,2026-07-05T08:43:40.327126+00:00,951c679fd39f78c73617ea3b756eb34a0320ef143a95baa932cd8a7464ad1266
results/raw/runs/2d_shallowwater/xpinn/seed_7/diagnostics/xpinn_loss_history.csv,57464,2026-07-05T08:43:40.323126+00:00,bd2be4dceef3696672e1d9d738c5c009a1271ccdc8462f14b966ea639bf477e0
results/raw/runs/2d_shallowwater/xpinn/seed_7/diagnostics/xpinn_subdomain_config.json,1312,2026-07-05T08:43:40.327126+00:00,cb2e62bf4d667441bc39da23fa5a3faaa0d94060e044a83eba8818e565d75198
results/raw/runs/2d_shallowwater/xpinn/seed_7/diagnostics/xpinn_submodel_state_dicts.pt,1356939,2026-07-05T08:43:40.335126+00:00,e077e2f3200e0877b4f41204745acd04cd030ca16659ed2eeab6bf3a39c4667c
results/raw/runs/2d_shallowwater/xpinn/seed_7/env.json,244,2026-07-05T06:54:45.319576+00:00,3ea9611b4a501b9d8258401458ea7fbd12107e673f8ddeac71518e0ffecb3269
results/raw/runs/2d_shallowwater/xpinn/seed_7/history.csv,57464,2026-07-05T08:43:40.255127+00:00,bd2be4dceef3696672e1d9d738c5c009a1271ccdc8462f14b966ea639bf477e0
results/raw/runs/2d_shallowwater/xpinn/seed_7/method.json,1014,2026-07-05T06:54:45.319576+00:00,77d4f20b3e24d444de75121b7d2e59f2c89c26128aa91e9b4ec5c2aa4272d6a0
results/raw/runs/2d_shallowwater/xpinn/seed_7/metrics_adamw.json,4599,2026-07-20T13:46:59.479786+00:00,e0634bfb7999d2221e8d2455110253be87b6752e18afb4571e2995a90c8818cb
results/raw/runs/2d_shallowwater/xpinn/seed_7/metrics_final.json,4599,2026-07-20T13:46:59.479786+00:00,e0634bfb7999d2221e8d2455110253be87b6752e18afb4571e2995a90c8818cb
results/raw/runs/2d_shallowwater/xpinn/seed_7/model_adamw_final.pt,1360771,2026-07-20T13:46:58.943789+00:00,1e2c13038c41c2560936c8042253e0b09203ab58cf506b59b883a0e2d8bbd223
results/raw/runs/2d_shallowwater/xpinn/seed_7/model_final.pt,1360399,2026-07-20T13:46:58.923789+00:00,ad0d51465b155c697e5b761a8f7776098d26ee3b9a151c2731b98a5394e3951f
results/raw/runs/2d_shallowwater/xpinn/seed_7/predictions/predict_eval_grid.npz,520321,2026-07-05T08:43:40.315126+00:00,82e8a72b1e97da789a5db47317dedf0ab3d096ec06860a4f4a20f84c2de7460e
results/raw/runs/2d_shallowwater/xpinn/seed_7/predictions/prediction_info.json,54,2026-07-05T08:43:40.315126+00:00,be9eb1b19f00de13ae49553f33024f53f3b120b21b90af981463d8b23af99bc9
results/raw/runs/2d_shallowwater/xpinn/seed_7/status.json,103,2026-07-05T08:43:40.335126+00:00,0fcffe114a82b0676fa09e61413d43a952a914c658330cfcd3a4f8f92505df57
results/raw/runs/_archive_gpinn_full_slow/20260702_074029/1d_burgers/gpinn/seed_2026/_SUCCESS,8,2026-07-02T06:00:40.633083+00:00,81b2bd4ea98c8db66554fbc8d7637a1a69a130f331feb732b75caab4c4868fd5
results/raw/runs/_archive_gpinn_full_slow/20260702_074029/1d_burgers/gpinn/seed_2026/config.json,1165,2026-07-02T04:05:38.152336+00:00,21ab5d6917db5e21a668d791608adde02dcee297a10a9dc2b923c8e1f5136413
results/raw/runs/_archive_gpinn_full_slow/20260702_074029/1d_burgers/gpinn/seed_2026/diagnostics/gpinn_gradient_history.csv,43729,2026-07-02T06:00:40.629083+00:00,75251d4f5cf79f51f09e9f1b91d152326f15f74e4fd082e269b16195ca684627
results/raw/runs/_archive_gpinn_full_slow/20260702_074029/1d_burgers/gpinn/seed_2026/diagnostics/gpinn_gradient_stats.csv,16688,2026-07-02T06:00:40.633083+00:00,078c606433755965e14804526ea51a1d98c031126cf193ec2a7dc2c9287c13be
results/raw/runs/_archive_gpinn_full_slow/20260702_074029/1d_burgers/gpinn/seed_2026/diagnostics/gpinn_settings.json,327,2026-07-02T06:00:40.629083+00:00,89b87c510e7d7cb3aade8c9c294fdaa971dbabae9148aa61725a017f8e370318
results/raw/runs/_archive_gpinn_full_slow/20260702_074029/1d_burgers/gpinn/seed_2026/env.json,244,2026-07-02T04:05:38.152336+00:00,3ea9611b4a501b9d8258401458ea7fbd12107e673f8ddeac71518e0ffecb3269
results/raw/runs/_archive_gpinn_full_slow/20260702_074029/1d_burgers/gpinn/seed_2026/history.csv,43729,2026-07-02T06:00:40.421083+00:00,75251d4f5cf79f51f09e9f1b91d152326f15f74e4fd082e269b16195ca684627
results/raw/runs/_archive_gpinn_full_slow/20260702_074029/1d_burgers/gpinn/seed_2026/method.json,546,2026-07-02T04:05:38.152336+00:00,c0f69ea9ba9d8a6951f39973695f5d53f0c9493f1a7bb1b1b7679b293163a6d1
results/raw/runs/_archive_gpinn_full_slow/20260702_074029/1d_burgers/gpinn/seed_2026/metrics_adamw.json,2543,2026-07-02T06:00:40.421083+00:00,d3ae2497e2055a02c43c369cac78084f4acfe3b8461f5ca46d448984b5a9ac5e
results/raw/runs/_archive_gpinn_full_slow/20260702_074029/1d_burgers/gpinn/seed_2026/metrics_final.json,2543,2026-07-02T06:00:40.421083+00:00,d3ae2497e2055a02c43c369cac78084f4acfe3b8461f5ca46d448984b5a9ac5e
results/raw/runs/_archive_gpinn_full_slow/20260702_074029/1d_burgers/gpinn/seed_2026/model_adamw_final.pt,339163,2026-07-02T06:00:40.425084+00:00,acc8099b3800d722319bfcfeabe2e6f4e5c9aa7db273264f5c5daad2c08c7cc4
results/raw/runs/_archive_gpinn_full_slow/20260702_074029/1d_burgers/gpinn/seed_2026/model_final.pt,339067,2026-07-02T06:00:40.425084+00:00,4b6f4fd26d3e302659460886bb99d2291c035bac817675d2135f9375f6b69f07
results/raw/runs/_archive_gpinn_full_slow/20260702_074029/1d_burgers/gpinn/seed_2026/predictions/predict_grid.npz,1365518,2026-07-02T06:00:40.625083+00:00,b24f9b7b1776aa252cd10306f78920a6c1e2ba255d9d75d8886964726d30888f
results/raw/runs/_archive_gpinn_full_slow/20260702_074029/1d_burgers/gpinn/seed_2026/predictions/prediction_info.json,49,2026-07-02T06:00:40.625083+00:00,b42bd2b569d036f20241bf0507f2d54b75236a938104a9c60f75c35520ae8ca9
results/raw/runs/_archive_gpinn_full_slow/20260702_074029/1d_burgers/gpinn/seed_2026/status.json,102,2026-07-02T06:00:40.633083+00:00,db759dd9062c278ae641025f0d0ae377b85864d5249d34f36b6ae68f747ad4e7
results/raw/runs/_archive_gpinn_full_slow/20260702_074029/1d_burgers/gpinn/seed_42/config.json,1161,2026-07-02T08:51:38.440700+00:00,4470214ec722ecfb04e8e2768b7d565d83d4ba0f9bf1560558f08ea5aeb268aa
results/raw/runs/_archive_gpinn_full_slow/20260702_074029/1d_burgers/gpinn/seed_42/env.json,244,2026-07-02T08:51:38.444700+00:00,3ea9611b4a501b9d8258401458ea7fbd12107e673f8ddeac71518e0ffecb3269
results/raw/runs/_archive_gpinn_full_slow/20260702_074029/1d_burgers/gpinn/seed_42/method.json,546,2026-07-02T08:51:38.440700+00:00,c0f69ea9ba9d8a6951f39973695f5d53f0c9493f1a7bb1b1b7679b293163a6d1
results/raw/runs/_archive_gpinn_full_slow/20260702_074029/1d_burgers/gpinn/seed_42/status.json,121,2026-07-02T08:51:38.444700+00:00,db07d2a5efc214edae9f63e354bbdedf4a761193131bdb6a5261a3dc98f35610
results/raw/runs/_archive_gpinn_full_slow/20260702_074029/1d_burgers/gpinn/seed_7/_SUCCESS,8,2026-07-02T08:51:38.260701+00:00,81b2bd4ea98c8db66554fbc8d7637a1a69a130f331feb732b75caab4c4868fd5
results/raw/runs/_archive_gpinn_full_slow/20260702_074029/1d_burgers/gpinn/seed_7/config.json,1159,2026-07-02T06:01:38.404902+00:00,0a74aaa06459a6e804ec64f7ea14935aee63c6ffee632f4adfe5188a4615f4bd
results/raw/runs/_archive_gpinn_full_slow/20260702_074029/1d_burgers/gpinn/seed_7/diagnostics/gpinn_gradient_history.csv,43732,2026-07-02T08:51:38.252701+00:00,1592f0f7b7990eccfaf28be391900151e9320cd1883013f905b7c86d97eac443
results/raw/runs/_archive_gpinn_full_slow/20260702_074029/1d_burgers/gpinn/seed_7/diagnostics/gpinn_gradient_stats.csv,16692,2026-07-02T08:51:38.256701+00:00,8a93f90b856317adcf73d5c97d000ff315614490f0425e9c6d7d276fc4b0c580
results/raw/runs/_archive_gpinn_full_slow/20260702_074029/1d_burgers/gpinn/seed_7/diagnostics/gpinn_settings.json,327,2026-07-02T08:51:38.252701+00:00,89b87c510e7d7cb3aade8c9c294fdaa971dbabae9148aa61725a017f8e370318
results/raw/runs/_archive_gpinn_full_slow/20260702_074029/1d_burgers/gpinn/seed_7/env.json,244,2026-07-02T06:01:38.404902+00:00,3ea9611b4a501b9d8258401458ea7fbd12107e673f8ddeac71518e0ffecb3269
results/raw/runs/_archive_gpinn_full_slow/20260702_074029/1d_burgers/gpinn/seed_7/history.csv,43732,2026-07-02T08:51:37.980702+00:00,1592f0f7b7990eccfaf28be391900151e9320cd1883013f905b7c86d97eac443
results/raw/runs/_archive_gpinn_full_slow/20260702_074029/1d_burgers/gpinn/seed_7/method.json,546,2026-07-02T06:01:38.404902+00:00,c0f69ea9ba9d8a6951f39973695f5d53f0c9493f1a7bb1b1b7679b293163a6d1
results/raw/runs/_archive_gpinn_full_slow/20260702_074029/1d_burgers/gpinn/seed_7/metrics_adamw.json,2542,2026-07-02T08:51:37.980702+00:00,f6817ed8f1675fe6f276c59abdc69def677d9b09447e53ea49bba31544cacd1a
results/raw/runs/_archive_gpinn_full_slow/20260702_074029/1d_burgers/gpinn/seed_7/metrics_final.json,2542,2026-07-02T08:51:37.980702+00:00,f6817ed8f1675fe6f276c59abdc69def677d9b09447e53ea49bba31544cacd1a
results/raw/runs/_archive_gpinn_full_slow/20260702_074029/1d_burgers/gpinn/seed_7/model_adamw_final.pt,339163,2026-07-02T08:51:37.984702+00:00,fadab343b44145ca0930aead63940c420884d8fcb33285a1270a082e02e5cd95
results/raw/runs/_archive_gpinn_full_slow/20260702_074029/1d_burgers/gpinn/seed_7/model_final.pt,339067,2026-07-02T08:51:37.988702+00:00,d7e0431bb3358579d32748250dc902566f6d5770925d13973e729a2c79388b07
results/raw/runs/_archive_gpinn_full_slow/20260702_074029/1d_burgers/gpinn/seed_7/predictions/predict_grid.npz,1346190,2026-07-02T08:51:38.244701+00:00,7c1a026510d6ef8366a6fc04e018ddd1e15b00ce501b59aa10db5d3dd2e3de0e
results/raw/runs/_archive_gpinn_full_slow/20260702_074029/1d_burgers/gpinn/seed_7/predictions/prediction_info.json,49,2026-07-02T08:51:38.244701+00:00,b42bd2b569d036f20241bf0507f2d54b75236a938104a9c60f75c35520ae8ca9
results/raw/runs/_archive_gpinn_full_slow/20260702_074029/1d_burgers/gpinn/seed_7/status.json,104,2026-07-02T08:51:38.260701+00:00,8629d8b02b8704886d6d201e0fc97d3954cd544af88bb9789a499049bae9f07b
results/raw/runs/_archive_gpinn_full_slow/20260702_074029/1d_euler/gpinn/seed_2026/config.json,1235,2026-07-02T04:19:59.436886+00:00,9e7e3fc80ce9dede26f73be336a64a17b39bc26782428cc8b62a4e596d3ff953
results/raw/runs/_archive_gpinn_full_slow/20260702_074029/1d_euler/gpinn/seed_2026/env.json,244,2026-07-02T04:19:59.440886+00:00,3ea9611b4a501b9d8258401458ea7fbd12107e673f8ddeac71518e0ffecb3269
results/raw/runs/_archive_gpinn_full_slow/20260702_074029/1d_euler/gpinn/seed_2026/method.json,548,2026-07-02T04:19:59.436886+00:00,976534bbc30b4a9070bc70256691f3992fc5f246a25ccdceda26de4b3ed8ff13
results/raw/runs/_archive_gpinn_full_slow/20260702_074029/1d_euler/gpinn/seed_2026/status.json,121,2026-07-02T04:19:59.440886+00:00,1ec9a4b044a3c7362c7cb30c831983e88d9f3a43414fb738b95e5e868dda5e29
results/raw/runs/_archive_gpinn_full_slow/20260702_074029/1d_shallowwater/gpinn/seed_2026/_SUCCESS,8,2026-07-02T10:52:18.762781+00:00,81b2bd4ea98c8db66554fbc8d7637a1a69a130f331feb732b75caab4c4868fd5
results/raw/runs/_archive_gpinn_full_slow/20260702_074029/1d_shallowwater/gpinn/seed_2026/config.json,1224,2026-07-02T04:19:48.940936+00:00,2eba678f5727383f3f4e3b313ff42989ed5ae678acb3dff747325dc15375a8d1
results/raw/runs/_archive_gpinn_full_slow/20260702_074029/1d_shallowwater/gpinn/seed_2026/diagnostics/gpinn_gradient_history.csv,44833,2026-07-02T10:52:18.758781+00:00,b84070040fecdf84e26268f80f4ac05285e4ffcc987b9e7ae9d2543cdf39e47e
results/raw/runs/_archive_gpinn_full_slow/20260702_074029/1d_shallowwater/gpinn/seed_2026/diagnostics/gpinn_gradient_stats.csv,17205,2026-07-02T10:52:18.762781+00:00,fb7fbab77f258649d193a20d6d8c6fd3fe6b4ff85029d604d05fd32b8605ecb0
results/raw/runs/_archive_gpinn_full_slow/20260702_074029/1d_shallowwater/gpinn/seed_2026/diagnostics/gpinn_settings.json,327,2026-07-02T10:52:18.758781+00:00,89b87c510e7d7cb3aade8c9c294fdaa971dbabae9148aa61725a017f8e370318
results/raw/runs/_archive_gpinn_full_slow/20260702_074029/1d_shallowwater/gpinn/seed_2026/env.json,244,2026-07-02T04:19:48.940936+00:00,3ea9611b4a501b9d8258401458ea7fbd12107e673f8ddeac71518e0ffecb3269
results/raw/runs/_archive_gpinn_full_slow/20260702_074029/1d_shallowwater/gpinn/seed_2026/history.csv,44833,2026-07-02T10:52:18.578783+00:00,b84070040fecdf84e26268f80f4ac05285e4ffcc987b9e7ae9d2543cdf39e47e
results/raw/runs/_archive_gpinn_full_slow/20260702_074029/1d_shallowwater/gpinn/seed_2026/method.json,548,2026-07-02T04:19:48.940936+00:00,976534bbc30b4a9070bc70256691f3992fc5f246a25ccdceda26de4b3ed8ff13
results/raw/runs/_archive_gpinn_full_slow/20260702_074029/1d_shallowwater/gpinn/seed_2026/metrics_adamw.json,2712,2026-07-02T10:52:18.578783+00:00,654a71792656af2e24cf329db1ce7d681643397c2d2e67a0450b07a0df48cfc7
results/raw/runs/_archive_gpinn_full_slow/20260702_074029/1d_shallowwater/gpinn/seed_2026/metrics_final.json,2712,2026-07-02T10:52:18.578783+00:00,654a71792656af2e24cf329db1ce7d681643397c2d2e67a0450b07a0df48cfc7
results/raw/runs/_archive_gpinn_full_slow/20260702_074029/1d_shallowwater/gpinn/seed_2026/model_adamw_final.pt,339803,2026-07-02T10:52:18.582783+00:00,516674c5b0784548d342d286eb214bb5927edfdea3ebcb23479a48ad137369ff
results/raw/runs/_archive_gpinn_full_slow/20260702_074029/1d_shallowwater/gpinn/seed_2026/model_final.pt,339707,2026-07-02T10:52:18.586782+00:00,56d13783d2707541cee4352b2c6aeaff60eec4d9fc3d774a8db1d694fb77ee31
results/raw/runs/_archive_gpinn_full_slow/20260702_074029/1d_shallowwater/gpinn/seed_2026/predictions/predict_grid.npz,758170,2026-07-02T10:52:18.750781+00:00,c368d225cfb4cbdeff7030339b4b172a974c0d183df218fefaccfc3c72cf1386
results/raw/runs/_archive_gpinn_full_slow/20260702_074029/1d_shallowwater/gpinn/seed_2026/predictions/prediction_info.json,49,2026-07-02T10:52:18.750781+00:00,b42bd2b569d036f20241bf0507f2d54b75236a938104a9c60f75c35520ae8ca9
results/raw/runs/_archive_gpinn_full_slow/20260702_074029/1d_shallowwater/gpinn/seed_2026/status.json,102,2026-07-02T10:52:18.762781+00:00,bd41c9dbdecb4ed386365c8e4def7847749fb3ec7c8ea49224a1bd1eed6847e4
results/raw/runs/_archive_gpinn_full_slow/20260702_074029/1d_shallowwater/gpinn/seed_7/config.json,1218,2026-07-02T10:52:18.974779+00:00,b855425b126ef15f585d50ad9db64cf7ad36a283bf3c340fe200e2fd4790bb9f
results/raw/runs/_archive_gpinn_full_slow/20260702_074029/1d_shallowwater/gpinn/seed_7/env.json,244,2026-07-02T10:52:18.974779+00:00,3ea9611b4a501b9d8258401458ea7fbd12107e673f8ddeac71518e0ffecb3269
results/raw/runs/_archive_gpinn_full_slow/20260702_074029/1d_shallowwater/gpinn/seed_7/method.json,548,2026-07-02T10:52:18.974779+00:00,976534bbc30b4a9070bc70256691f3992fc5f246a25ccdceda26de4b3ed8ff13
results/raw/runs/_archive_gpinn_full_slow/20260702_074029/1d_shallowwater/gpinn/seed_7/status.json,125,2026-07-02T10:52:18.974779+00:00,30b5d5345974f0448f0d90fe0cc90a4b1c3dc177de2e7b5b349f0c5d3599094a
results/raw/runs/_archive_gpinn_full_slow/20260702_074029/2d_burgers/gpinn/seed_2026/config.json,1284,2026-07-02T04:19:51.216925+00:00,f7d987ae000e696e875f29c4f0901b15a6232cc6385c9a82da42d7f362271260
results/raw/runs/_archive_gpinn_full_slow/20260702_074029/2d_burgers/gpinn/seed_2026/env.json,244,2026-07-02T04:19:51.216925+00:00,3ea9611b4a501b9d8258401458ea7fbd12107e673f8ddeac71518e0ffecb3269
results/raw/runs/_archive_gpinn_full_slow/20260702_074029/2d_burgers/gpinn/seed_2026/method.json,548,2026-07-02T04:19:51.216925+00:00,8b038082c2d1efaccb9413604b03818b588208041f8eb318aa481c162f2f4026
results/raw/runs/_archive_gpinn_full_slow/20260702_074029/2d_burgers/gpinn/seed_2026/status.json,123,2026-07-02T04:19:51.216925+00:00,136fa21218521214443039ca1233e65a3236ea2d8b9aab70a76075d5bb2372a3
results/raw/runs/_archive_gpinn_full_slow/20260702_074029/2d_euler/gpinn/seed_2026/config.json,1536,2026-07-02T04:19:53.624914+00:00,9bba248c24b5175df2ee3e49601da9894917b825e1e54347f1433352563d88a2
results/raw/runs/_archive_gpinn_full_slow/20260702_074029/2d_euler/gpinn/seed_2026/env.json,244,2026-07-02T04:19:53.624914+00:00,3ea9611b4a501b9d8258401458ea7fbd12107e673f8ddeac71518e0ffecb3269
results/raw/runs/_archive_gpinn_full_slow/20260702_074029/2d_euler/gpinn/seed_2026/method.json,548,2026-07-02T04:19:53.624914+00:00,0dab451ea136491a91704ffaad3afd3755d3a6bf75c9d0d6945f138c4fda9d7f
results/raw/runs/_archive_gpinn_full_slow/20260702_074029/2d_euler/gpinn/seed_2026/status.json,121,2026-07-02T04:19:53.624914+00:00,0f488ca33782937981b742a5ae1535ae2047e9be69d668db0fbd9c9dcdafd887
results/raw/runs/_archive_gpinn_full_slow/20260702_074029/2d_shallowwater/gpinn/seed_2026/config.json,1623,2026-07-02T04:19:57.200897+00:00,b7feb13157f08bb8b36749a5125ca0717a4128d34fa81199319a076ee4d50e99
results/raw/runs/_archive_gpinn_full_slow/20260702_074029/2d_shallowwater/gpinn/seed_2026/env.json,244,2026-07-02T04:19:57.200897+00:00,3ea9611b4a501b9d8258401458ea7fbd12107e673f8ddeac71518e0ffecb3269
results/raw/runs/_archive_gpinn_full_slow/20260702_074029/2d_shallowwater/gpinn/seed_2026/method.json,548,2026-07-02T04:19:57.200897+00:00,0dab451ea136491a91704ffaad3afd3755d3a6bf75c9d0d6945f138c4fda9d7f
results/raw/runs/_archive_gpinn_full_slow/20260702_074029/2d_shallowwater/gpinn/seed_2026/status.json,128,2026-07-02T04:19:57.204897+00:00,cd83e73f3d183f554bae2003a8a39bbaa449a3fa89e290bb56e241f55608b14f
