equation,method_folder,method,seed,_success,_failed,_run_dir,_metrics_path,model,space_time_l1,space_time_l2,space_time_rel_l2,final_l1,final_l2,final_rel_l2,shock_pos_mae,shock_pos_maxe,shock_pos_final_error,shock_pos_final_pred,shock_pos_final_exact,shock_speed_pred,shock_speed_exact,shock_speed_error,width_95_05_mean,width_95_05_final,width_90_10_mean,width_90_10_final,overshoot,undershoot,min_pred,max_pred,tv_mean,tv_excess_mean,dx_eval,global_cons_mean_abs,global_cons_max_abs,global_cons_final_abs,global_cons_mean_rel,mass_error_mean_abs,mass_error_final_abs,local_cons_cv_mean_abs,local_cons_cv_median_abs,local_cons_cv_max_abs,local_cons_cv_mean_rel,local_cons_cv_max_rel,gate_progress,gate_h,gate_cmin,gate_mean,gate_max,gate_active_frac_gt_0p5,gate_active_frac_gt_0p1,gate_C_mean,gate_C_max,gate_Jhat_mean,gate_Jhat_max,gate_Jbar,gate_precision_band_2h,gate_recall_band_2h,xshock_tmax_exact,warmup_iters,continuation_iters,adam_total_iters,timestamp,optimizer_main,lbfgs_used,wall_clock_sec_total,num_parameters,aaf_n,aaf_a,aaf_na,aaf_init_na,aaf_na_min,aaf_na_max,num_adaptive_activations,reference_type,reference_is_exact,reference_name,reference_evaluation_mode,reference_eval_nx,reference_eval_nt,reference_t_final,primary_metric,reference_metadata_updated_at,cpinn_num_subdomains,cpinn_spatial_dim,cpinn_x_split,cpinn_y_split,cpinn_n_interface_per_piece,cpinn_total_interface_points,cpinn_w_flux,cpinn_w_avg,cpinn_local_adaptive_activation,cpinn_interface_flux_loss_final_logged,cpinn_interface_avg_loss_final_logged,gpinn_weight,gpinn_n_g,gpinn_grad_batch_size,T_g_equals_T_f,gpinn_grad_loss_final_logged,gpinn_weighted_grad_loss_final_logged,lra_alpha,lra_update_period,lra_lambda_ic,lra_lambda_bc,lra_effective_w_ic,lra_effective_w_bc,lra_effective_w_pde,wall_clock_sec_warmup,wall_clock_sec_continuation,rad_k,rad_c,rad_candidate_factor,rad_resample_period,rad_num_resamples,rard_k,rard_c,rard_initial_fraction,rard_initial_active_n_f,rard_final_active_n_f,rard_add_period,rard_candidate_factor,rard_num_additions,optimizer_sa_weights,sa_weight_lr,sa_weight_max,sa_w_ic_mean,sa_w_bc_mean,sa_w_f_mean,sa_w_ic_max,sa_w_bc_max,sa_w_f_max,xpinn_num_subdomains,xpinn_spatial_dim,xpinn_x_split,xpinn_t_split,xpinn_n_interface_per_piece,xpinn_total_interface_points,xpinn_w_residual,xpinn_w_avg,xpinn_local_adaptive_activation,xpinn_interface_residual_loss_final_logged,xpinn_interface_avg_loss_final_logged,rho_space_time_l1,rho_space_time_l2,rho_space_time_rel_l2,rho_final_l1,rho_final_l2,rho_final_rel_l2,rho_min,rho_max,u_space_time_l1,u_space_time_l2,u_space_time_rel_l2,u_final_l1,u_final_l2,u_final_rel_l2,u_min,u_max,p_space_time_l1,p_space_time_l2,p_space_time_rel_l2,p_final_l1,p_final_l2,p_final_rel_l2,p_min,p_max,primitive_scaled_space_time_rel_l2,primitive_scaled_final_rel_l2,rho_positivity_violation,p_positivity_violation,rho_tv_final,rho_tv_excess_final,u_tv_final,u_tv_excess_final,p_tv_final,p_tv_excess_final,global_mass_cons_mean_abs,global_mass_cons_final_abs,global_mass_cons_mean_rel,global_mom_cons_mean_abs,global_mom_cons_final_abs,global_mom_cons_mean_rel,global_energy_cons_mean_abs,global_energy_cons_final_abs,global_energy_cons_mean_rel,local_mass_cons_cv_mean_abs,local_mass_cons_cv_median_abs,local_mass_cons_cv_max_abs,local_mass_cons_cv_mean_rel,local_mom_cons_cv_mean_abs,local_mom_cons_cv_median_abs,local_mom_cons_cv_max_abs,local_mom_cons_cv_mean_rel,local_energy_cons_cv_mean_abs,local_energy_cons_cv_median_abs,local_energy_cons_cv_max_abs,local_energy_cons_cv_mean_rel,h_space_time_l1,h_space_time_l2,h_space_time_rel_l2,h_final_l1,h_final_l2,h_final_rel_l2,q_space_time_l1,q_space_time_l2,q_space_time_rel_l2,q_final_l1,q_final_l2,q_final_rel_l2,h_min,h_max,q_min,q_max,h_positivity_violation,h_slice_l1_t,h_slice_l2_t,h_slice_rel_l2_t,h_tv_t,h_tv_ref_t,h_tv_excess_t,q_slice_l1_t,q_slice_l2_t,q_slice_rel_l2_t,q_tv_t,q_tv_ref_t,q_tv_excess_t,reference_updated_at,state_scaled_space_time_l2,state_scaled_space_time_rel_l2,state_scaled_final_l2,state_scaled_final_rel_l2,state_scale_h,state_scale_q,state_reference_norm_space_time,state_reference_norm_final,state_scaled_reference_type,state_scaled_metric_formula,state_scaled_metric_updated_at,shock_pos_final_pred_eta,shock_pos_final_exact_eta,tv_line_mean,tv_line_excess_mean,reference_eval_nxy,implementation_revision,valid_mask_definition,warmup_checkpoint,warmup_checkpoint_sha256,warmup_bitwise_verified,v_space_time_l1,v_space_time_l2,v_space_time_rel_l2,un_space_time_l1,un_space_time_l2,un_space_time_rel_l2,v_final_l1,v_final_l2,v_final_rel_l2,un_final_l1,un_final_l2,un_final_rel_l2,rho_normal_line_final_l1,rho_normal_line_final_rel_l2,un_normal_line_final_l1,un_normal_line_final_rel_l2,p_normal_line_final_l1,p_normal_line_final_rel_l2,rho_normal_line_tv_excess,un_normal_line_tv_excess,p_normal_line_tv_excess,global_momx_cons_mean_abs,global_momx_cons_final_abs,global_momy_cons_mean_abs,global_momy_cons_final_abs,local_mass_cv_mean_abs,local_mass_cv_median_abs,local_mass_cv_max_abs,local_momx_cv_mean_abs,local_momx_cv_median_abs,local_momx_cv_max_abs,local_momy_cv_mean_abs,local_momy_cv_median_abs,local_momy_cv_max_abs,local_energy_cv_mean_abs,local_energy_cv_median_abs,local_energy_cv_max_abs,gate_valid_frac,adamw_checkpoint_metadata_rewritten,adamw_checkpoint_path,adamw_checkpoint_sha256,checkpoint_metadata_rewritten,checkpoint_path,checkpoint_retrained,checkpoint_sha256,front_radius_mae,front_radius_pred_angular_std,front_radius_ref_angular_std,front_radius_rmse,local_momx_cons_cv_mean_abs,local_momx_cons_cv_mean_rel,local_momx_cons_cv_median_abs,local_momy_cons_cv_mean_abs,local_momy_cons_cv_mean_rel,local_momy_cons_cv_median_abs,m_final_l1,m_final_l2,m_final_rel_l2,m_space_time_l1,m_space_time_l2,m_space_time_rel_l2,metric_final_grid,metric_space_time_grid,model_state_sha256,n_final_l1,n_final_l2,n_final_rel_l2,n_space_time_l1,n_space_time_l2,n_space_time_rel_l2,reevaluation_only,reevaluation_protocol,reference_fv_cfl,reference_fv_nxy,reference_fv_order,reference_path,reference_sha256
1d_burgers,aaf_pinn,AAF-PINN,100,True,False,<LOCAL_PATH_REDACTED>/PINN/paper/<LOCAL_PATH_REDACTED>/results/raw/runs/1d_burgers/aaf_pinn/seed_100,<LOCAL_PATH_REDACTED>/PINN/paper/<LOCAL_PATH_REDACTED>/results/raw/runs/1d_burgers/aaf_pinn/seed_100/metrics_final.json,AAF-PINN,0.04334165795719683,0.09036081846276972,0.11430980207437533,0.027052682161331176,0.07526714044445666,0.0869110075933805,0.005341084445186834,0.012007840060322406,0.012007840060322406,0.5120078400603224,0.5,0.5146144126111853,0.5,0.014614412611185346,0.3946844435242375,0.2603356304202603,0.28017695396199926,0.1465499600839804,0.006882905960083008,0.011815518140792847,-0.011815518140792847,1.006882905960083,1.0087778568267822,0.010111597366631031,0.002002002002001957,0.00868457244593905,0.01668917693779437,0.01668917693779437,0.016260913370434792,0.009569656687873363,0.01888631023205556,0.014058098420052225,0.009294927178533516,0.06926048375539173,0.06607298445027664,0.6963577832680204,1.0,0.04,0.65,0.035577237606048584,0.9984486103057861,0.037460696085872276,0.04303100943293939,0.48430904746055603,2.0,1.0,21.72223472595215,0.0434844084084034,1.0,0.431228157763355,0.5,1000,9000,10000,2026-07-03 00:50:57,AdamW,False,346.53245520591736,83074,5.0,0.24803219735622406,1.2401609867811203,1.0,1e-06,20.0,6.0,analytical_burgers_entropy_solution,True,Analytical entropy solution of the inviscid Burgers Riemann problem,pointwise_analytic,1000.0,401,1.0,space_time_rel_l2,2026-07-21 00:37:38,,,,,,,,,,,,,,,,,,,,,,,,,,,,,,,,,,,,,,,,,,,,,,,,,,,,,,,,,,,,,,,,,,,,,,,,,,,,,,,,,,,,,,,,,,,,,,,,,,,,,,,,,,,,,,,,,,,,,,,,,,,,,,,,,,,,,,,,,,,,,,,,,,,,,,,,,,,,,,,,,,,,,,,,,,,,,,,,,,,,,,,,,,,,,,,,,,,,,,,,,,,,,,,,,,,,,,,,,,,,,,,,,,,,,,,,,,,,,,,,,,
1d_burgers,aaf_pinn,AAF-PINN,2026,True,False,<LOCAL_PATH_REDACTED>/PINN/paper/<LOCAL_PATH_REDACTED>/results/raw/runs/1d_burgers/aaf_pinn/seed_2026,<LOCAL_PATH_REDACTED>/PINN/paper/<LOCAL_PATH_REDACTED>/results/raw/runs/1d_burgers/aaf_pinn/seed_2026/metrics_final.json,AAF-PINN,0.043577564855986406,0.0894884280344295,0.1132061956784656,0.025726663261651992,0.06321698950446601,0.07299669181543811,0.0004414576319299667,0.0008911601040340889,0.00023986749283455566,0.49976013250716544,0.5,0.5006039134679429,0.5,0.0006039134679428626,0.39477562115661824,0.2781084523948226,0.2795414543584884,0.15671627223452628,0.0066013336181640625,0.012880504131317139,-0.012880504131317139,1.006601333618164,1.016196846961975,0.016466468572616577,0.002002002002001957,0.0018829812246934645,0.003165754519022679,0.003165754519022679,0.004383363489633477,0.0017977319869733697,0.0023587727033580475,0.009561253704010881,0.0031310484835372267,0.05703183938285563,0.04927402827424399,0.7956984511768884,1.0,0.04,0.65,0.03512879088521004,0.9983969330787659,0.03689417759947956,0.043120459720264556,0.49361714720726013,2.0,1.0000001192092896,21.63309669494629,0.04356127977371216,1.0,0.4247066899650524,0.5,1000,9000,10000,2026-07-03 00:30:17,AdamW,False,345.980122089386,83074,5.0,0.24043013155460358,1.2021506577730179,1.0,1e-06,20.0,6.0,analytical_burgers_entropy_solution,True,Analytical entropy solution of the inviscid Burgers Riemann problem,pointwise_analytic,1000.0,401,1.0,space_time_rel_l2,2026-07-21 00:37:38,,,,,,,,,,,,,,,,,,,,,,,,,,,,,,,,,,,,,,,,,,,,,,,,,,,,,,,,,,,,,,,,,,,,,,,,,,,,,,,,,,,,,,,,,,,,,,,,,,,,,,,,,,,,,,,,,,,,,,,,,,,,,,,,,,,,,,,,,,,,,,,,,,,,,,,,,,,,,,,,,,,,,,,,,,,,,,,,,,,,,,,,,,,,,,,,,,,,,,,,,,,,,,,,,,,,,,,,,,,,,,,,,,,,,,,,,,,,,,,,,,
1d_burgers,aaf_pinn,AAF-PINN,31415,True,False,<LOCAL_PATH_REDACTED>/PINN/paper/<LOCAL_PATH_REDACTED>/results/raw/runs/1d_burgers/aaf_pinn/seed_31415,<LOCAL_PATH_REDACTED>/PINN/paper/<LOCAL_PATH_REDACTED>/results/raw/runs/1d_burgers/aaf_pinn/seed_31415/metrics_final.json,AAF-PINN,0.04256862649291828,0.08853726523441202,0.11200293929743466,0.02516245821118355,0.06038132922891094,0.0697223533685978,0.001430604696737276,0.002250700638728176,0.00223206449007729,0.4977679355099227,0.5,0.49940247069517285,0.5,0.0005975293048271491,0.37468721016318646,0.25147374185425025,0.26920229386987027,0.13757951456135153,0.007166385650634766,0.010451316833496094,-0.010451316833496094,1.0071663856506348,1.010740041732788,0.010766576044261456,0.002002002002001957,0.003510592114284419,0.004759228105868429,0.0015920706621338487,0.012850041955199065,0.0019338711200468535,0.002489121468575828,0.010152012275703177,0.0034608992281367247,0.0686211411735381,0.04225183176196096,0.3988973629519977,1.0,0.04,0.65,0.034836407750844955,0.9984112977981567,0.03672611948389895,0.043123170335031984,0.4864712357521057,2.0,1.0,21.75798988342285,0.04361508786678314,1.0,0.4227720918622067,0.5,1000,9000,10000,2026-07-03 00:56:40,AdamW,False,341.8404908180237,83074,5.0,0.24187244474887848,1.2093622237443924,1.0,1e-06,20.0,6.0,analytical_burgers_entropy_solution,True,Analytical entropy solution of the inviscid Burgers Riemann problem,pointwise_analytic,1000.0,401,1.0,space_time_rel_l2,2026-07-21 00:37:38,,,,,,,,,,,,,,,,,,,,,,,,,,,,,,,,,,,,,,,,,,,,,,,,,,,,,,,,,,,,,,,,,,,,,,,,,,,,,,,,,,,,,,,,,,,,,,,,,,,,,,,,,,,,,,,,,,,,,,,,,,,,,,,,,,,,,,,,,,,,,,,,,,,,,,,,,,,,,,,,,,,,,,,,,,,,,,,,,,,,,,,,,,,,,,,,,,,,,,,,,,,,,,,,,,,,,,,,,,,,,,,,,,,,,,,,,,,,,,,,,,
1d_burgers,aaf_pinn,AAF-PINN,42,True,False,<LOCAL_PATH_REDACTED>/PINN/paper/<LOCAL_PATH_REDACTED>/results/raw/runs/1d_burgers/aaf_pinn/seed_42,<LOCAL_PATH_REDACTED>/PINN/paper/<LOCAL_PATH_REDACTED>/results/raw/runs/1d_burgers/aaf_pinn/seed_42/metrics_final.json,AAF-PINN,0.04285838111633077,0.08924941697983582,0.11290383778918367,0.026109525859355928,0.06468651106289708,0.07469354915011642,0.004573635198473415,0.006324337188358953,0.005794374518966916,0.4942056254810331,0.5,0.4942239696211648,0.5,0.005776030378835173,0.369709210387439,0.24790119777246833,0.268264732347951,0.13649072598669082,0.011019468307495117,0.012570440769195557,-0.012570440769195557,1.0110194683074951,1.0168180465698242,0.01681937836110592,0.002002002002001957,0.00422196055490819,0.00516616629117761,0.003130480738298691,0.013885931154057419,0.004017592978016998,0.0013727611965599351,0.008383662448356978,0.002578797064823113,0.06034380767145783,0.050199751188348594,0.9199106688136501,1.0,0.04,0.65,0.035679325461387634,0.9986018538475037,0.03756098883226716,0.04317196140084571,0.4911516606807709,2.0,1.0000001192092896,21.84258460998535,0.04376545175909996,1.0,0.432382675986021,0.5,1000,9000,10000,2026-07-03 00:45:09,AdamW,False,360.5652644634247,83074,5.0,0.24558894336223602,1.2279447168111801,1.0,1e-06,20.0,6.0,analytical_burgers_entropy_solution,True,Analytical entropy solution of the inviscid Burgers Riemann problem,pointwise_analytic,1000.0,401,1.0,space_time_rel_l2,2026-07-21 00:37:38,,,,,,,,,,,,,,,,,,,,,,,,,,,,,,,,,,,,,,,,,,,,,,,,,,,,,,,,,,,,,,,,,,,,,,,,,,,,,,,,,,,,,,,,,,,,,,,,,,,,,,,,,,,,,,,,,,,,,,,,,,,,,,,,,,,,,,,,,,,,,,,,,,,,,,,,,,,,,,,,,,,,,,,,,,,,,,,,,,,,,,,,,,,,,,,,,,,,,,,,,,,,,,,,,,,,,,,,,,,,,,,,,,,,,,,,,,,,,,,,,,
1d_burgers,aaf_pinn,AAF-PINN,7,True,False,<LOCAL_PATH_REDACTED>/PINN/paper/<LOCAL_PATH_REDACTED>/results/raw/runs/1d_burgers/aaf_pinn/seed_7,<LOCAL_PATH_REDACTED>/PINN/paper/<LOCAL_PATH_REDACTED>/results/raw/runs/1d_burgers/aaf_pinn/seed_7/metrics_final.json,AAF-PINN,0.043138928773917465,0.08898603577241761,0.11257065074858055,0.026910446733236313,0.060595612762251026,0.06996978667991112,0.0017303718892648981,0.002625758408205059,0.0012055426532545654,0.49879445734674543,0.5,0.4985204805990048,0.5,0.0014795194009952217,0.3782509582090093,0.24040304705395127,0.2725009541247727,0.1397276131984161,0.01293492317199707,0.011672765016555786,-0.011672765016555786,1.012934923171997,1.0168049335479736,0.016804903745651245,0.002002002002001957,0.001261806496985582,0.0032970114122400362,0.0032970114122400362,0.0030182391944869047,0.0031134416730422138,0.007673855628576032,0.009151096656942416,0.003894670258564298,0.051815217740299735,0.03464930332213832,0.37265484909638275,1.0,0.04,0.65,0.034351080656051636,0.9983125925064087,0.036292421121110266,0.043161118941775996,0.4900273382663727,2.0,1.0000001192092896,21.40951919555664,0.04378822445869446,1.0,0.4177795806290564,0.5,1000,9000,10000,2026-07-03 00:39:07,AdamW,False,346.51069927215576,83074,5.0,0.24306140840053558,1.215307042002678,1.0,1e-06,20.0,6.0,analytical_burgers_entropy_solution,True,Analytical entropy solution of the inviscid Burgers Riemann problem,pointwise_analytic,1000.0,401,1.0,space_time_rel_l2,2026-07-21 00:37:38,,,,,,,,,,,,,,,,,,,,,,,,,,,,,,,,,,,,,,,,,,,,,,,,,,,,,,,,,,,,,,,,,,,,,,,,,,,,,,,,,,,,,,,,,,,,,,,,,,,,,,,,,,,,,,,,,,,,,,,,,,,,,,,,,,,,,,,,,,,,,,,,,,,,,,,,,,,,,,,,,,,,,,,,,,,,,,,,,,,,,,,,,,,,,,,,,,,,,,,,,,,,,,,,,,,,,,,,,,,,,,,,,,,,,,,,,,,,,,,,,,
1d_burgers,cpinn,cPINN,100,True,False,<LOCAL_PATH_REDACTED>/PINN/paper/<LOCAL_PATH_REDACTED>/results/raw/runs/1d_burgers/cpinn/seed_100,<LOCAL_PATH_REDACTED>/PINN/paper/<LOCAL_PATH_REDACTED>/results/raw/runs/1d_burgers/cpinn/seed_100/metrics_final.json,cPINN,0.0453074564559204,0.09803792250260616,0.12402162472303432,0.028323160812258722,0.08973424945836987,0.10361618616051811,0.013996236020668204,0.02157264354518168,0.02157264354518168,0.4784273564548183,0.5,0.4788720661875502,0.5,0.021127933812449817,0.35300700658425455,0.231018942832095,0.2571564571780899,0.12787900774630573,0.005984306335449219,0.011970758438110352,-0.011970758438110352,1.0059843063354492,1.0106338262557983,0.010860941372811794,0.002002002002001957,0.020361564233906237,0.026422543578871804,0.02569194257520413,0.05985159202738806,0.021178238074268666,0.025264165721259335,0.015489483479515564,0.009269426717038787,0.06515941584475318,0.07555625826575839,0.990180621505341,1.0,0.04,0.65,0.03421180322766304,0.9985609650611877,0.03589938197983303,0.04315027648270628,0.48428958654403687,2.0,1.0,21.69232749938965,0.043629154562950134,1.0,0.413255117324014,0.5,1000,9000,10000,2026-07-04 01:58:33,AdamW,False,753.9667236804962,166148,,,,,,,,analytical_burgers_entropy_solution,True,Analytical entropy solution of the inviscid Burgers Riemann problem,pointwise_analytic,1000.0,401,1.0,space_time_rel_l2,2026-07-21 00:37:38,2.0,1.0,0.0,,1000.0,1000.0,20.0,20.0,True,0.00029883868410252035,0.0004826691292691976,,,,,,,,,,,,,,,,,,,,,,,,,,,,,,,,,,,,,,,,,,,,,,,,,,,,,,,,,,,,,,,,,,,,,,,,,,,,,,,,,,,,,,,,,,,,,,,,,,,,,,,,,,,,,,,,,,,,,,,,,,,,,,,,,,,,,,,,,,,,,,,,,,,,,,,,,,,,,,,,,,,,,,,,,,,,,,,,,,,,,,,,,,,,,,,,,,,,,,,,,,,,,,,,,,,,,,,,,,,,,,,,,,,,,,,
1d_burgers,cpinn,cPINN,2026,True,False,<LOCAL_PATH_REDACTED>/PINN/paper/<LOCAL_PATH_REDACTED>/results/raw/runs/1d_burgers/cpinn/seed_2026,<LOCAL_PATH_REDACTED>/PINN/paper/<LOCAL_PATH_REDACTED>/results/raw/runs/1d_burgers/cpinn/seed_2026/metrics_final.json,cPINN,0.04301649844943734,0.09180315062784866,0.11613440600249944,0.02470013876259327,0.07074693962615221,0.08169152927490804,0.007896535781379232,0.010257234702240603,0.010181254571166198,0.4898187454288338,0.5,0.492416873495399,0.5,0.007583126504601023,0.36634833735679834,0.23585263403916706,0.2623916589030124,0.13087220141889777,0.005208730697631836,0.012838155031204224,-0.012838155031204224,1.0052087306976318,1.0139720439910889,0.01397197600454092,0.002002002002001957,0.009359955673598338,0.012782070782628552,0.012739559784307741,0.030925587551731467,0.010071406559973206,0.011924951612292789,0.010095876144091994,0.004551852802993361,0.06110716927703519,0.05245919178629834,0.9067120563805801,1.0,0.04,0.65,0.03409512713551521,0.9986715316772461,0.036381871408435434,0.043155697712241134,0.4844972789287567,2.0,0.9999999403953552,21.864816665649414,0.04367520287632942,1.0,0.4188092860708937,0.5,1000,9000,10000,2026-07-04 01:09:34,AdamW,False,756.4448363780975,166148,,,,,,,,analytical_burgers_entropy_solution,True,Analytical entropy solution of the inviscid Burgers Riemann problem,pointwise_analytic,1000.0,401,1.0,space_time_rel_l2,2026-07-21 00:37:38,2.0,1.0,0.0,,1000.0,1000.0,20.0,20.0,True,0.00020521886472124606,0.0003273717302363366,,,,,,,,,,,,,,,,,,,,,,,,,,,,,,,,,,,,,,,,,,,,,,,,,,,,,,,,,,,,,,,,,,,,,,,,,,,,,,,,,,,,,,,,,,,,,,,,,,,,,,,,,,,,,,,,,,,,,,,,,,,,,,,,,,,,,,,,,,,,,,,,,,,,,,,,,,,,,,,,,,,,,,,,,,,,,,,,,,,,,,,,,,,,,,,,,,,,,,,,,,,,,,,,,,,,,,,,,,,,,,,,,,,,,,,
1d_burgers,cpinn,cPINN,31415,True,False,<LOCAL_PATH_REDACTED>/PINN/paper/<LOCAL_PATH_REDACTED>/results/raw/runs/1d_burgers/cpinn/seed_31415,<LOCAL_PATH_REDACTED>/PINN/paper/<LOCAL_PATH_REDACTED>/results/raw/runs/1d_burgers/cpinn/seed_31415/metrics_final.json,cPINN,0.04399342658372591,0.09435620907556812,0.11936412006228704,0.028056631445884706,0.07957918896610337,0.09189013234283766,0.009614833295116192,0.015264434959240902,0.015264434959240902,0.4847355650407591,0.5,0.48519546812203235,0.5,0.014804531877967653,0.36348541273614343,0.2523092516221733,0.26372967016206184,0.14138291420207644,0.007293820381164551,0.011672139167785645,-0.011672139167785645,1.0072938203811646,1.0207207202911377,0.020720748230814934,0.002002002002001957,0.012606752488305617,0.016111246223922515,0.015373745980832076,0.03804076601563256,0.012452755796804254,0.013880956459331628,0.010661571902514237,0.004155688907429726,0.07324357546694177,0.03637324038845442,0.3949054639163449,1.0,0.04,0.65,0.0341699980199337,0.9985866546630859,0.035837037840182155,0.04316654017131085,0.4960780739784241,2.0,1.0,21.682804107666016,0.043737638741731644,1.0,0.4125374438342486,0.5,1000,9000,10000,2026-07-04 02:09:32,AdamW,False,656.4036464691162,166148,,,,,,,,analytical_burgers_entropy_solution,True,Analytical entropy solution of the inviscid Burgers Riemann problem,pointwise_analytic,1000.0,401,1.0,space_time_rel_l2,2026-07-21 00:37:38,2.0,1.0,0.0,,1000.0,1000.0,20.0,20.0,True,0.0002107783657265827,0.0003146846720483154,,,,,,,,,,,,,,,,,,,,,,,,,,,,,,,,,,,,,,,,,,,,,,,,,,,,,,,,,,,,,,,,,,,,,,,,,,,,,,,,,,,,,,,,,,,,,,,,,,,,,,,,,,,,,,,,,,,,,,,,,,,,,,,,,,,,,,,,,,,,,,,,,,,,,,,,,,,,,,,,,,,,,,,,,,,,,,,,,,,,,,,,,,,,,,,,,,,,,,,,,,,,,,,,,,,,,,,,,,,,,,,,,,,,,,,
1d_burgers,cpinn,cPINN,42,True,False,<LOCAL_PATH_REDACTED>/PINN/paper/<LOCAL_PATH_REDACTED>/results/raw/runs/1d_burgers/cpinn/seed_42,<LOCAL_PATH_REDACTED>/PINN/paper/<LOCAL_PATH_REDACTED>/results/raw/runs/1d_burgers/cpinn/seed_42/metrics_final.json,cPINN,0.045497623080030046,0.09805083772669601,0.12403796296271134,0.02897369684278965,0.0916325591911411,0.1058081654309571,0.013195686648785747,0.021638350538381534,0.021638350538381534,0.47836164946161847,0.5,0.4795193534638413,0.5,0.02048064653615872,0.36321559563586236,0.2506475913132332,0.2625457078005956,0.1458844884758565,0.0035905838012695312,0.011551856994628906,-0.011551856994628906,1.0035905838012695,1.0128412246704102,0.012841178104281425,0.002002002002001957,0.018054304962396298,0.02478547423652866,0.02478547423652866,0.053730406884463545,0.01926233677135081,0.025410174428521337,0.01049670591333667,0.005475267779164578,0.07144167728045452,0.05341733206450313,0.8893539548244623,1.0,0.04,0.65,0.034558724611997604,0.9986051917076111,0.03628971050634284,0.043169250786078285,0.48439037799835205,2.0,1.0000001192092896,21.82218360900879,0.04355202242732048,1.0,0.41774837743384924,0.5,1000,9000,10000,2026-07-04 01:45:58,AdamW,False,755.2185115814209,166148,,,,,,,,analytical_burgers_entropy_solution,True,Analytical entropy solution of the inviscid Burgers Riemann problem,pointwise_analytic,1000.0,401,1.0,space_time_rel_l2,2026-07-21 00:37:38,2.0,1.0,0.0,,1000.0,1000.0,20.0,20.0,True,0.00031345325987786055,0.0005742894718423486,,,,,,,,,,,,,,,,,,,,,,,,,,,,,,,,,,,,,,,,,,,,,,,,,,,,,,,,,,,,,,,,,,,,,,,,,,,,,,,,,,,,,,,,,,,,,,,,,,,,,,,,,,,,,,,,,,,,,,,,,,,,,,,,,,,,,,,,,,,,,,,,,,,,,,,,,,,,,,,,,,,,,,,,,,,,,,,,,,,,,,,,,,,,,,,,,,,,,,,,,,,,,,,,,,,,,,,,,,,,,,,,,,,,,,,
1d_burgers,cpinn,cPINN,7,True,False,<LOCAL_PATH_REDACTED>/PINN/paper/<LOCAL_PATH_REDACTED>/results/raw/runs/1d_burgers/cpinn/seed_7,<LOCAL_PATH_REDACTED>/PINN/paper/<LOCAL_PATH_REDACTED>/results/raw/runs/1d_burgers/cpinn/seed_7/metrics_final.json,cPINN,0.04344293840746035,0.09366535508121453,0.11849016401916655,0.026920401781797408,0.08164083439281668,0.09427071542700789,0.010473002223522666,0.016881119647108422,0.016881119647108422,0.4831188803528916,0.5,0.4849024840521792,0.5,0.015097515947820828,0.3616623056307514,0.25002041304124634,0.2626139973983442,0.1405789056044967,0.0040590763092041016,0.0092867910861969,-0.0092867910861969,1.004059076309204,1.0148189067840576,0.014818853698670864,0.002002002002001957,0.01410478178016537,0.019134309921447212,0.01903932167125788,0.041009163283922116,0.014752434931303014,0.01916793382561588,0.011327697697955946,0.006933256160660688,0.05019400239487702,0.0361501936993492,0.38377769401275985,1.0,0.04,0.65,0.03526061773300171,0.998633086681366,0.03712729046947848,0.04317467201561314,0.4882938265800476,2.0,1.0,21.829730987548828,0.04357878491282463,1.0,0.42739016475287067,0.5,1000,9000,10000,2026-07-04 01:33:21,AdamW,False,741.222642660141,166148,,,,,,,,analytical_burgers_entropy_solution,True,Analytical entropy solution of the inviscid Burgers Riemann problem,pointwise_analytic,1000.0,401,1.0,space_time_rel_l2,2026-07-21 00:37:38,2.0,1.0,0.0,,1000.0,1000.0,20.0,20.0,True,0.0001868208491941914,0.00028439072775654495,,,,,,,,,,,,,,,,,,,,,,,,,,,,,,,,,,,,,,,,,,,,,,,,,,,,,,,,,,,,,,,,,,,,,,,,,,,,,,,,,,,,,,,,,,,,,,,,,,,,,,,,,,,,,,,,,,,,,,,,,,,,,,,,,,,,,,,,,,,,,,,,,,,,,,,,,,,,,,,,,,,,,,,,,,,,,,,,,,,,,,,,,,,,,,,,,,,,,,,,,,,,,,,,,,,,,,,,,,,,,,,,,,,,,,,
1d_burgers,gpinn_subsampled,gPINN-subsampled,100,True,False,<LOCAL_PATH_REDACTED>/PINN/paper/<LOCAL_PATH_REDACTED>/results/raw/runs/1d_burgers/gpinn_subsampled/seed_100,<LOCAL_PATH_REDACTED>/PINN/paper/<LOCAL_PATH_REDACTED>/results/raw/runs/1d_burgers/gpinn_subsampled/seed_100/metrics_final.json,gPINN-subsampled,0.049008685825880326,0.09898158610332655,0.12521539433754467,0.03215561383962631,0.08195736491754194,0.09463621339432118,0.00784902960890369,0.013117263714124583,0.013117263714124583,0.4868827362858754,0.5,0.4884352206049754,0.5,0.011564779395024594,0.38369590389674024,0.2773566375397697,0.28010503221455213,0.17381246334235062,0.005736589431762695,0.015679746866226196,-0.015679746866226196,1.0057365894317627,1.0108195543289185,0.012054556049406528,0.002002002002001957,0.012770538751617818,0.01821757631810822,0.018186359189532708,0.03462368022819216,0.013076916245917303,0.017299846545592468,0.015643706998139155,0.008937729852252552,0.06370811556169845,0.0704805445329213,0.9999999956245254,1.0,0.04,0.65,0.027359984815120697,0.9984752535820007,0.025054212295348585,0.04293342730131194,0.48378509283065796,2.0,1.0,21.659242630004883,0.04354267567396164,1.0,0.2884111333000499,0.5,1000,9000,10000,2026-07-02 08:50:40,AdamW,False,779.7229766845703,83073,,,,,,,,analytical_burgers_entropy_solution,True,Analytical entropy solution of the inviscid Burgers Riemann problem,pointwise_analytic,1000.0,401,1.0,space_time_rel_l2,2026-07-21 00:37:38,,,,,,,,,,,,0.0001,1024.0,512.0,False,1511.0722351074219,0.15110722351074218,,,,,,,,,,,,,,,,,,,,,,,,,,,,,,,,,,,,,,,,,,,,,,,,,,,,,,,,,,,,,,,,,,,,,,,,,,,,,,,,,,,,,,,,,,,,,,,,,,,,,,,,,,,,,,,,,,,,,,,,,,,,,,,,,,,,,,,,,,,,,,,,,,,,,,,,,,,,,,,,,,,,,,,,,,,,,,,,,,,,,,,,,,,,,,,,,,,,,,,,,,,,,,,,,,,,,,,,,,,,,,,,,
1d_burgers,gpinn_subsampled,gPINN-subsampled,2026,True,False,<LOCAL_PATH_REDACTED>/PINN/paper/<LOCAL_PATH_REDACTED>/results/raw/runs/1d_burgers/gpinn_subsampled/seed_2026,<LOCAL_PATH_REDACTED>/PINN/paper/<LOCAL_PATH_REDACTED>/results/raw/runs/1d_burgers/gpinn_subsampled/seed_2026/metrics_final.json,gPINN-subsampled,0.05062402171647162,0.09997612784082201,0.1264735266907244,0.03401508069038391,0.08161859745927598,0.09424503842787657,0.0013705212984650899,0.00553503952732487,0.00553503952732487,0.49446496047267513,0.5,0.49667460348614795,0.5,0.0033253965138520525,0.4036252185836006,0.31266027500608573,0.29310799044677877,0.2077273441380596,0.0034186840057373047,0.007232189178466797,-0.007232189178466797,1.0034186840057373,1.0060008764266968,0.008142541162669659,0.002002002002001957,0.005459314067138184,0.007208202225757465,0.0066418085908807045,0.014473054483487992,0.0059094662859287975,0.007093536901521702,0.01102652190988967,0.0051230863410030355,0.06975398601726335,0.04997068151821001,0.7485952841407395,1.0,0.04,0.65,0.026489993557333946,0.9984917640686035,0.022904694784777187,0.04288463623549821,0.4884363114833832,2.0,1.0,21.798677444458008,0.04326345771551132,1.0,0.2636669995007489,0.5,1000,9000,10000,2026-07-02 07:59:15,AdamW,False,1012.6698727607727,83073,,,,,,,,analytical_burgers_entropy_solution,True,Analytical entropy solution of the inviscid Burgers Riemann problem,pointwise_analytic,1000.0,401,1.0,space_time_rel_l2,2026-07-21 00:37:38,,,,,,,,,,,,0.0001,1024.0,512.0,False,88.28238677978516,0.008828238677978516,,,,,,,,,,,,,,,,,,,,,,,,,,,,,,,,,,,,,,,,,,,,,,,,,,,,,,,,,,,,,,,,,,,,,,,,,,,,,,,,,,,,,,,,,,,,,,,,,,,,,,,,,,,,,,,,,,,,,,,,,,,,,,,,,,,,,,,,,,,,,,,,,,,,,,,,,,,,,,,,,,,,,,,,,,,,,,,,,,,,,,,,,,,,,,,,,,,,,,,,,,,,,,,,,,,,,,,,,,,,,,,,,
1d_burgers,gpinn_subsampled,gPINN-subsampled,31415,True,False,<LOCAL_PATH_REDACTED>/PINN/paper/<LOCAL_PATH_REDACTED>/results/raw/runs/1d_burgers/gpinn_subsampled/seed_31415,<LOCAL_PATH_REDACTED>/PINN/paper/<LOCAL_PATH_REDACTED>/results/raw/runs/1d_burgers/gpinn_subsampled/seed_31415/metrics_final.json,gPINN-subsampled,0.04930898156925627,0.10021952054490586,0.1267814275298656,0.03376696920394898,0.08105430479858118,0.09359344938876958,0.004435471173008303,0.007383334077775527,0.0040346741869254354,0.49596532581307456,0.5,0.4975764435619967,0.5,0.0024235564380032937,0.4048915047736897,0.31120743715292387,0.2958768561761057,0.2029409341510185,0.00475764274597168,0.009902030229568481,-0.009902030229568481,1.0047576427459717,1.0109798908233643,0.011269647628068924,0.002002002002001957,0.004700513377532602,0.006758572022627085,0.006628399217003311,0.012164316418615342,0.003935070326643829,0.00487021623073014,0.011873577775253033,0.004238272109800281,0.07811978502722072,0.04047517817608034,0.3984442686194234,1.0,0.04,0.65,0.0263687651604414,0.9981117248535156,0.02285861433373089,0.04270302504608045,0.48401546478271484,2.0,1.0000001192092896,21.461740493774414,0.043478623032569885,1.0,0.2631365451822267,0.5,1000,9000,10000,2026-07-02 09:04:21,AdamW,False,820.0530667304993,83073,,,,,,,,analytical_burgers_entropy_solution,True,Analytical entropy solution of the inviscid Burgers Riemann problem,pointwise_analytic,1000.0,401,1.0,space_time_rel_l2,2026-07-21 00:37:38,,,,,,,,,,,,0.0001,1024.0,512.0,False,1204.8069705963135,0.12048069705963135,,,,,,,,,,,,,,,,,,,,,,,,,,,,,,,,,,,,,,,,,,,,,,,,,,,,,,,,,,,,,,,,,,,,,,,,,,,,,,,,,,,,,,,,,,,,,,,,,,,,,,,,,,,,,,,,,,,,,,,,,,,,,,,,,,,,,,,,,,,,,,,,,,,,,,,,,,,,,,,,,,,,,,,,,,,,,,,,,,,,,,,,,,,,,,,,,,,,,,,,,,,,,,,,,,,,,,,,,,,,,,,,,
1d_burgers,gpinn_subsampled,gPINN-subsampled,42,True,False,<LOCAL_PATH_REDACTED>/PINN/paper/<LOCAL_PATH_REDACTED>/results/raw/runs/1d_burgers/gpinn_subsampled/seed_42,<LOCAL_PATH_REDACTED>/PINN/paper/<LOCAL_PATH_REDACTED>/results/raw/runs/1d_burgers/gpinn_subsampled/seed_42/metrics_final.json,gPINN-subsampled,0.048091359434728316,0.09913733135132881,0.1254124178791198,0.033087976068258286,0.08170487137931887,0.09434465896979806,0.006384665965009811,0.010920391751760627,0.010920391751760627,0.4890796082482394,0.5,0.48934892675141595,0.5,0.010651073248584053,0.3837468596253995,0.2845508361197592,0.28282478287680735,0.1893031882139823,0.006029725074768066,0.013926774263381958,-0.013926774263381958,1.006029725074768,1.0124746561050415,0.012693333439528942,0.002002002002001957,0.01135417576545841,0.017212678925828895,0.017206935183153638,0.02731560570067984,0.009869947304656288,0.013908722409018193,0.010462795011340313,0.005186188573037598,0.07224301896983523,0.05151317773383,0.91454762982748,1.0,0.04,0.65,0.026608731597661972,0.9982091188430786,0.023243521630705845,0.04285210885828906,0.48342353105545044,2.0,1.0,21.502649307250977,0.04362395033240318,1.0,0.26756739890164755,0.5,1000,9000,10000,2026-07-02 08:37:39,AdamW,False,807.0096807479858,83073,,,,,,,,analytical_burgers_entropy_solution,True,Analytical entropy solution of the inviscid Burgers Riemann problem,pointwise_analytic,1000.0,401,1.0,space_time_rel_l2,2026-07-21 00:37:38,,,,,,,,,,,,0.0001,1024.0,512.0,False,119.50838470458984,0.011950838470458984,,,,,,,,,,,,,,,,,,,,,,,,,,,,,,,,,,,,,,,,,,,,,,,,,,,,,,,,,,,,,,,,,,,,,,,,,,,,,,,,,,,,,,,,,,,,,,,,,,,,,,,,,,,,,,,,,,,,,,,,,,,,,,,,,,,,,,,,,,,,,,,,,,,,,,,,,,,,,,,,,,,,,,,,,,,,,,,,,,,,,,,,,,,,,,,,,,,,,,,,,,,,,,,,,,,,,,,,,,,,,,,,,
1d_burgers,gpinn_subsampled,gPINN-subsampled,7,True,False,<LOCAL_PATH_REDACTED>/PINN/paper/<LOCAL_PATH_REDACTED>/results/raw/runs/1d_burgers/gpinn_subsampled/seed_7,<LOCAL_PATH_REDACTED>/PINN/paper/<LOCAL_PATH_REDACTED>/results/raw/runs/1d_burgers/gpinn_subsampled/seed_7/metrics_final.json,gPINN-subsampled,0.04969025373704118,0.10070880535831721,0.12740039104890558,0.03298386082053185,0.08504182820466105,0.09819784481256455,0.010089099707859485,0.013249262108300075,0.013120646694062932,0.48687935330593707,0.5,0.487880700730684,0.5,0.012119299269315986,0.38893379861495164,0.28677131135477685,0.28394001330437363,0.19689202977043774,0.002280592918395996,0.012102007865905762,-0.012102007865905762,1.002280592918396,1.0103368759155273,0.011249185539782047,0.002002002002001957,0.014169538126716995,0.019468293033682083,0.0193475196314406,0.03869527181203207,0.015320245185490348,0.0204699626257705,0.012419420603687193,0.007943260134092637,0.05462440692326713,0.03786739480736969,0.3674939237702926,1.0,0.04,0.65,0.028072230517864227,0.9983912110328674,0.02823105280277567,0.04257291553724385,0.4870007038116455,2.0,1.0000001192092896,21.649169921875,0.04342815279960632,1.0,0.3249812780828757,0.5,1000,9000,10000,2026-07-02 08:24:11,AdamW,False,986.8285248279572,83073,,,,,,,,analytical_burgers_entropy_solution,True,Analytical entropy solution of the inviscid Burgers Riemann problem,pointwise_analytic,1000.0,401,1.0,space_time_rel_l2,2026-07-21 00:37:38,,,,,,,,,,,,0.0001,1024.0,512.0,False,727.2983016967773,0.07272983016967774,,,,,,,,,,,,,,,,,,,,,,,,,,,,,,,,,,,,,,,,,,,,,,,,,,,,,,,,,,,,,,,,,,,,,,,,,,,,,,,,,,,,,,,,,,,,,,,,,,,,,,,,,,,,,,,,,,,,,,,,,,,,,,,,,,,,,,,,,,,,,,,,,,,,,,,,,,,,,,,,,,,,,,,,,,,,,,,,,,,,,,,,,,,,,,,,,,,,,,,,,,,,,,,,,,,,,,,,,,,,,,,,,
1d_burgers,lra_pinn,LRA-PINN,100,True,False,<LOCAL_PATH_REDACTED>/PINN/paper/<LOCAL_PATH_REDACTED>/results/raw/runs/1d_burgers/lra_pinn/seed_100,<LOCAL_PATH_REDACTED>/PINN/paper/<LOCAL_PATH_REDACTED>/results/raw/runs/1d_burgers/lra_pinn/seed_100/metrics_final.json,LRA-PINN,0.1215695813497403,0.31588437465931885,0.3996055033584272,0.24625005468726158,0.44900861607488696,0.518470490717996,0.21095500161753242,0.349944944944945,0.3488488488488488,0.1511511511511512,0.5,0.10488261698696152,0.5,0.39511738301303845,0.06443321255940633,0.16966544635829028,0.06919793791279909,0.19694809706543853,0.0008372068405151367,0.08130353689193726,-0.08130353689193726,1.0008372068405151,1.3334389925003052,0.3334391415119171,0.002002002002001957,0.2417020952857314,0.4890705002287219,0.4890705002287219,0.9189784165334749,0.2419327759538063,0.49039769038423753,0.10361490308270772,0.07148073121983398,0.41294349642995903,0.3000774093869695,0.9999611673043309,1.0,0.04,0.65,0.03344574198126793,0.9997822642326355,0.034018215331237125,0.045622357150601756,0.4965296983718872,2.0,1.0,24.70656394958496,0.04346905276179314,0.2404780876494024,0.09417124313529705,0.5,1000,9000,10000,2026-07-01 21:54:09,AdamW,False,305.2819788455963,83073,,,,,,,,analytical_burgers_entropy_solution,True,Analytical entropy solution of the inviscid Burgers Riemann problem,pointwise_analytic,1000.0,401,1.0,space_time_rel_l2,2026-07-21 00:37:38,,,,,,,,,,,,,,,,,,0.9,500.0,9999.999999999993,10000.0,999999.9999999993,10000.0,1.0,,,,,,,,,,,,,,,,,,,,,,,,,,,,,,,,,,,,,,,,,,,,,,,,,,,,,,,,,,,,,,,,,,,,,,,,,,,,,,,,,,,,,,,,,,,,,,,,,,,,,,,,,,,,,,,,,,,,,,,,,,,,,,,,,,,,,,,,,,,,,,,,,,,,,,,,,,,,,,,,,,,,,,,,,,,,,,,,,,,,,,,,,,,,,,,,,,,,,,,,,,,,,,,,,,,,,,,,,,
1d_burgers,lra_pinn,LRA-PINN,2026,True,False,<LOCAL_PATH_REDACTED>/PINN/paper/<LOCAL_PATH_REDACTED>/results/raw/runs/1d_burgers/lra_pinn/seed_2026,<LOCAL_PATH_REDACTED>/PINN/paper/<LOCAL_PATH_REDACTED>/results/raw/runs/1d_burgers/lra_pinn/seed_2026/metrics_final.json,LRA-PINN,0.11022135878285565,0.3183449681705281,0.4027182458284139,0.2205061733722687,0.4507638504420085,0.5204972607866907,0.2033469721954697,0.34992492492492494,0.3488488488488488,0.1511511511511512,0.5,0.11431226349457713,0.5,0.3856877365054229,0.2549008949666707,0.4964964964964964,0.25205322827539334,0.4964964964964964,0.007448673248291016,0.150942862033844,-0.150942862033844,1.007448673248291,1.3264826536178589,0.3264825940132141,0.002002002002001957,0.2206433200742186,0.44032506305370134,0.44032506305370134,0.7942605813436151,0.22065473306704542,0.4414511923496429,0.09291247058137564,0.05775779909945443,0.38947186836108466,0.19839674878670088,0.9999999986257445,1.0,0.04,0.65,0.03736218065023422,0.9999369382858276,0.03800824026889298,0.04322346308142687,0.48270899057388306,2.0,0.9999999403953552,25.59521484375,0.044532500207424164,0.22700042789901584,0.09931977034448328,0.5,1000,9000,10000,2026-07-01 21:37:43,AdamW,False,303.62744665145874,83073,,,,,,,,analytical_burgers_entropy_solution,True,Analytical entropy solution of the inviscid Burgers Riemann problem,pointwise_analytic,1000.0,401,1.0,space_time_rel_l2,2026-07-21 00:37:38,,,,,,,,,,,,,,,,,,0.9,500.0,9999.999999932028,10000.0,999999.9999932027,10000.0,1.0,,,,,,,,,,,,,,,,,,,,,,,,,,,,,,,,,,,,,,,,,,,,,,,,,,,,,,,,,,,,,,,,,,,,,,,,,,,,,,,,,,,,,,,,,,,,,,,,,,,,,,,,,,,,,,,,,,,,,,,,,,,,,,,,,,,,,,,,,,,,,,,,,,,,,,,,,,,,,,,,,,,,,,,,,,,,,,,,,,,,,,,,,,,,,,,,,,,,,,,,,,,,,,,,,,,,,,,,,,
1d_burgers,lra_pinn,LRA-PINN,31415,True,False,<LOCAL_PATH_REDACTED>/PINN/paper/<LOCAL_PATH_REDACTED>/results/raw/runs/1d_burgers/lra_pinn/seed_31415,<LOCAL_PATH_REDACTED>/PINN/paper/<LOCAL_PATH_REDACTED>/results/raw/runs/1d_burgers/lra_pinn/seed_31415/metrics_final.json,LRA-PINN,0.14062588764857176,0.3398896086844609,0.42997301880201116,0.27970803117752074,0.48314230050535595,0.5578846745066804,0.2245819126981635,0.349994994994995,0.31681681681681684,0.18318318318318316,0.5,0.13968636455171707,0.5,0.36031363544828293,0.08764808874686696,0.16816816816816815,0.08791348236029833,0.16816816816816815,0.0007485151290893555,0.07022133469581604,-0.07022133469581604,1.0007485151290894,1.1776297092437744,0.17762960493564606,0.002002002002001957,0.28019673449042853,0.5563398830174984,0.5563398830174984,0.999999999988375,0.28042463602624684,0.55789465267021,0.11283271803117995,0.07365835355799416,0.45397438769068105,0.26647178840002717,0.9973424460146714,1.0,0.04,0.65,0.038916416466236115,0.9998236298561096,0.036154179767971376,0.04743846904477936,0.4952061176300049,2.0,1.0,23.894174575805664,0.0438079759478569,0.19845554056080372,0.08259485771342985,0.5,1000,9000,10000,2026-07-01 21:59:15,AdamW,False,304.21454644203186,83073,,,,,,,,analytical_burgers_entropy_solution,True,Analytical entropy solution of the inviscid Burgers Riemann problem,pointwise_analytic,1000.0,401,1.0,space_time_rel_l2,2026-07-21 00:37:38,,,,,,,,,,,,,,,,,,0.9,500.0,9999.92071996635,10000.0,999992.0719966351,10000.0,1.0,,,,,,,,,,,,,,,,,,,,,,,,,,,,,,,,,,,,,,,,,,,,,,,,,,,,,,,,,,,,,,,,,,,,,,,,,,,,,,,,,,,,,,,,,,,,,,,,,,,,,,,,,,,,,,,,,,,,,,,,,,,,,,,,,,,,,,,,,,,,,,,,,,,,,,,,,,,,,,,,,,,,,,,,,,,,,,,,,,,,,,,,,,,,,,,,,,,,,,,,,,,,,,,,,,,,,,,,,,
1d_burgers,lra_pinn,LRA-PINN,42,True,False,<LOCAL_PATH_REDACTED>/PINN/paper/<LOCAL_PATH_REDACTED>/results/raw/runs/1d_burgers/lra_pinn/seed_42,<LOCAL_PATH_REDACTED>/PINN/paper/<LOCAL_PATH_REDACTED>/results/raw/runs/1d_burgers/lra_pinn/seed_42/metrics_final.json,LRA-PINN,0.1276324159551291,0.3242675689005399,0.41021055641978094,0.25900919115543364,0.4598517068694116,0.5309910134961142,0.2172255969895163,0.349964964964965,0.3488488488488488,0.1511511511511512,0.5,0.10840372499757858,0.5,0.39159627500242145,0.0676891361138862,0.1759136571963853,0.07033071307076252,0.1960484783893611,0.0057909488677978516,0.14090949296951294,-0.14090949296951294,1.0057909488677979,1.423459529876709,0.42345941066741943,0.002002002002001957,0.2546795584759189,0.5150192698326198,0.5150192698326198,0.9930024495824216,0.25490201065579465,0.5165959025348149,0.09558700557015587,0.051693075708688405,0.4106147676674671,0.20655739596430686,0.9997227971755202,1.0,0.04,0.65,0.0325133316218853,1.0,0.02928548194730565,0.04686110809931693,0.4833449721336365,2.0,0.9999999403953552,25.883676528930664,0.04367023706436157,0.2668456127360237,0.08995881178232651,0.5,1000,9000,10000,2026-07-01 21:49:03,AdamW,False,304.9376108646393,83073,,,,,,,,analytical_burgers_entropy_solution,True,Analytical entropy solution of the inviscid Burgers Riemann problem,pointwise_analytic,1000.0,401,1.0,space_time_rel_l2,2026-07-21 00:37:38,,,,,,,,,,,,,,,,,,0.9,500.0,9999.999999999993,10000.0,999999.9999999993,10000.0,1.0,,,,,,,,,,,,,,,,,,,,,,,,,,,,,,,,,,,,,,,,,,,,,,,,,,,,,,,,,,,,,,,,,,,,,,,,,,,,,,,,,,,,,,,,,,,,,,,,,,,,,,,,,,,,,,,,,,,,,,,,,,,,,,,,,,,,,,,,,,,,,,,,,,,,,,,,,,,,,,,,,,,,,,,,,,,,,,,,,,,,,,,,,,,,,,,,,,,,,,,,,,,,,,,,,,,,,,,,,,
1d_burgers,lra_pinn,LRA-PINN,7,True,False,<LOCAL_PATH_REDACTED>/PINN/paper/<LOCAL_PATH_REDACTED>/results/raw/runs/1d_burgers/lra_pinn/seed_7,<LOCAL_PATH_REDACTED>/PINN/paper/<LOCAL_PATH_REDACTED>/results/raw/runs/1d_burgers/lra_pinn/seed_7/metrics_final.json,LRA-PINN,0.11029627297324433,0.30883464064742017,0.390687327170048,0.22067373120784758,0.43687794961913357,0.5044632036306546,0.20444647625042658,0.34992492492492494,0.3488488488488488,0.1511511511511512,0.5,0.11094937360632903,0.5,0.38905062639367094,0.05362130472975177,0.14226384222936897,0.059176447683102595,0.1694665552236427,0.0004916191101074219,0.04942399263381958,-0.04942399263381958,1.0004916191101074,1.2667204141616821,0.26672038435935974,0.002002002002001957,0.22055097211896585,0.4402696988990418,0.4402696988990418,0.7909739829352423,0.22077537101765882,0.4417381444134869,0.09922372778441535,0.0826919280798324,0.4053495597953299,0.2554994495968838,0.9998680931107387,1.0,0.04,0.65,0.03251858428120613,1.0,0.03168166540171311,0.046012685677111566,0.4787563979625702,2.0,0.9999997615814209,23.94631576538086,0.043577082455158234,0.2702772073921971,0.09857089365951073,0.5,1000,9000,10000,2026-07-01 21:43:57,AdamW,False,307.62066435813904,83073,,,,,,,,analytical_burgers_entropy_solution,True,Analytical entropy solution of the inviscid Burgers Riemann problem,pointwise_analytic,1000.0,401,1.0,space_time_rel_l2,2026-07-21 00:37:38,,,,,,,,,,,,,,,,,,0.9,500.0,9999.974483537939,10000.0,999997.4483537939,10000.0,1.0,,,,,,,,,,,,,,,,,,,,,,,,,,,,,,,,,,,,,,,,,,,,,,,,,,,,,,,,,,,,,,,,,,,,,,,,,,,,,,,,,,,,,,,,,,,,,,,,,,,,,,,,,,,,,,,,,,,,,,,,,,,,,,,,,,,,,,,,,,,,,,,,,,,,,,,,,,,,,,,,,,,,,,,,,,,,,,,,,,,,,,,,,,,,,,,,,,,,,,,,,,,,,,,,,,,,,,,,,,
1d_burgers,ours,Ours,100,True,False,<LOCAL_PATH_REDACTED>/PINN/paper/<LOCAL_PATH_REDACTED>/results/raw/runs/1d_burgers/ours/seed_100,<LOCAL_PATH_REDACTED>/PINN/paper/<LOCAL_PATH_REDACTED>/results/raw/runs/1d_burgers/ours/seed_100/metrics_final.json,Ours,0.01168036312176997,0.038348641095323405,0.048512459802849246,0.013258056461811066,0.04055798434504541,0.046832326358747116,0.0019739591160280166,0.0027313235892609256,0.0027313235892609256,0.4972686764107391,0.5,0.49888660339847346,0.5,0.0011133966015265395,0.05369363099934382,0.05455561817912252,0.037662480582197566,0.03786751809880207,0.0013703107833862305,0.0008601546287536621,-0.0008601546287536621,1.0013703107833862,0.9988825917243958,0.0007728341151960194,0.002002002002001957,0.002707426960535451,0.0034502844502765084,0.0034502844502765084,0.007524305610171389,0.003173630204277436,0.005000270075267821,0.004934200484292438,0.0027597893750074404,0.018992353981421933,0.08360367679746199,0.9991924485220994,1.0,0.04,0.65,0.03986206650733948,0.999168872833252,0.04078390979074054,0.04292800607177708,0.479584664106369,2.0,1.0000001192092896,23.143796920776367,0.04323846101760864,1.0,0.4694832750873689,0.5,1000,9000,10000,2026-07-01 01:51:50,AdamW,False,365.5435378551483,83073,,,,,,,,analytical_burgers_entropy_solution,True,Analytical entropy solution of the inviscid Burgers Riemann problem,pointwise_analytic,1000.0,401,1.0,space_time_rel_l2,2026-07-21 00:37:38,,,,,,,,,,,,,,,,,,,,,,,,,29.15829300880432,336.385244846344,,,,,,,,,,,,,,,,,,,,,,,,,,,,,,,,,,,,,,,,,,,,,,,,,,,,,,,,,,,,,,,,,,,,,,,,,,,,,,,,,,,,,,,,,,,,,,,,,,,,,,,,,,,,,,,,,,,,,,,,,,,,,,,,,,,,,,,,,,,,,,,,,,,,,,,,,,,,,,,,,,,,,,,,,,,,,,,,,,,,,,,,,,,,,,,,,,,,,,,,,,,,,,,,,,,,,,,,
1d_burgers,ours,Ours,2026,True,False,<LOCAL_PATH_REDACTED>/PINN/paper/<LOCAL_PATH_REDACTED>/results/raw/runs/1d_burgers/ours/seed_2026,<LOCAL_PATH_REDACTED>/PINN/paper/<LOCAL_PATH_REDACTED>/results/raw/runs/1d_burgers/ours/seed_2026/metrics_final.json,Ours,0.012074811926915164,0.042840451723639844,0.054194767606313664,0.014204160273075105,0.05635012970004964,0.06506752510231284,0.0039170444682949815,0.008640175109736581,0.008640175109736581,0.4913598248902634,0.5,0.4922531624921265,0.5,0.007746837507873527,0.05342836728554521,0.0540002228271082,0.03725951774593978,0.038028675422003055,0.0028297901153564453,0.00039514899253845215,-0.00039514899253845215,1.0028297901153564,0.998537003993988,0.0010072254808619618,0.002002002002001957,0.006547125175729383,0.011442616909697612,0.011442616909697612,0.015641180559405707,0.00666640107820211,0.012943412717040026,0.004352537713951683,0.00282017962313196,0.019060835149003613,0.048416934643093455,0.764991784812388,1.0,0.04,0.65,0.039875321090221405,0.99921715259552,0.04082185839748455,0.04292258484224222,0.47888684272766113,2.0,1.0000001192092896,23.174386978149414,0.04321170598268509,1.0,0.4699201198202696,0.5,1000,9000,10000,2026-07-01 00:50:30,AdamW,False,393.6605579853058,83073,,,,,,,,analytical_burgers_entropy_solution,True,Analytical entropy solution of the inviscid Burgers Riemann problem,pointwise_analytic,1000.0,401,1.0,space_time_rel_l2,2026-07-21 00:37:38,,,,,,,,,,,,,,,,,,,,,,,,,30.528695821762085,363.1318621635437,,,,,,,,,,,,,,,,,,,,,,,,,,,,,,,,,,,,,,,,,,,,,,,,,,,,,,,,,,,,,,,,,,,,,,,,,,,,,,,,,,,,,,,,,,,,,,,,,,,,,,,,,,,,,,,,,,,,,,,,,,,,,,,,,,,,,,,,,,,,,,,,,,,,,,,,,,,,,,,,,,,,,,,,,,,,,,,,,,,,,,,,,,,,,,,,,,,,,,,,,,,,,,,,,,,,,,,,
1d_burgers,ours,Ours,31415,True,False,<LOCAL_PATH_REDACTED>/PINN/paper/<LOCAL_PATH_REDACTED>/results/raw/runs/1d_burgers/ours/seed_31415,<LOCAL_PATH_REDACTED>/PINN/paper/<LOCAL_PATH_REDACTED>/results/raw/runs/1d_burgers/ours/seed_31415/metrics_final.json,Ours,0.011419811351861145,0.040627736167116714,0.051395599984594253,0.012340473830699921,0.04902434617113703,0.056608438917437366,0.0032893663630793445,0.006158722937281702,0.00613255435256671,0.4938674456474333,0.5,0.49659868223487963,0.5,0.0034013177651203708,0.05275193546548376,0.05472770210487571,0.03675066111481827,0.03910845773970156,0.002035379409790039,0.0026492178440093994,-0.0026492178440093994,1.00203537940979,1.0020596981048584,0.002103419741615653,0.002002002002001957,0.003805825215081405,0.005409504832836087,0.005409504832836087,0.010373011572097517,0.0040453774836755885,0.0058843809085802334,0.003691845212670805,0.0016808308689732151,0.020762655800231136,0.03496347734001135,0.6817872691239744,1.0,0.04,0.65,0.03987141326069832,0.9992027878761292,0.04076493548736854,0.04292800607177708,0.48126453161239624,2.0,1.0000001192092896,23.149377822875977,0.04330553859472275,1.0,0.4692648527209186,0.5,1000,9000,10000,2026-07-01 02:02:59,AdamW,False,395.1769349575043,83073,,,,,,,,analytical_burgers_entropy_solution,True,Analytical entropy solution of the inviscid Burgers Riemann problem,pointwise_analytic,1000.0,401,1.0,space_time_rel_l2,2026-07-21 00:37:38,,,,,,,,,,,,,,,,,,,,,,,,,30.017823457717896,365.1591114997864,,,,,,,,,,,,,,,,,,,,,,,,,,,,,,,,,,,,,,,,,,,,,,,,,,,,,,,,,,,,,,,,,,,,,,,,,,,,,,,,,,,,,,,,,,,,,,,,,,,,,,,,,,,,,,,,,,,,,,,,,,,,,,,,,,,,,,,,,,,,,,,,,,,,,,,,,,,,,,,,,,,,,,,,,,,,,,,,,,,,,,,,,,,,,,,,,,,,,,,,,,,,,,,,,,,,,,,,
1d_burgers,ours,Ours,42,True,False,<LOCAL_PATH_REDACTED>/PINN/paper/<LOCAL_PATH_REDACTED>/results/raw/runs/1d_burgers/ours/seed_42,<LOCAL_PATH_REDACTED>/PINN/paper/<LOCAL_PATH_REDACTED>/results/raw/runs/1d_burgers/ours/seed_42/metrics_final.json,Ours,0.012475542299579504,0.036459330999458625,0.046122412138502294,0.012715344727039337,0.03627408564015173,0.04188570621784991,0.00047749973685383635,0.0008195456102332958,0.0001875223446118346,0.5001875223446118,0.5,0.5012867132016898,0.5,0.0012867132016898264,0.05317798994537462,0.05291756776072759,0.037159213155065825,0.037213684977965344,0.007241368293762207,0.001189887523651123,-0.001189887523651123,1.0072413682937622,0.9991936087608337,0.0013739779824391007,0.002002002002001957,0.00039448986075195635,0.0008141423957989669,0.0001055123977684036,0.0017847670102786963,0.0011612547812974775,0.002081766351684333,0.00279653125435105,0.0014923731513687478,0.014495029356868774,0.047377806440618536,0.7724790740414713,1.0,0.04,0.65,0.03996577113866806,0.9992126226425171,0.04089233438143771,0.04297137590805595,0.4812370836734772,2.0,0.9999999403953552,23.25761604309082,0.04317010939121246,1.0,0.4707314028956565,0.5,1000,9000,10000,2026-07-01 01:41:38,AdamW,False,347.5575110912323,83073,,,,,,,,analytical_burgers_entropy_solution,True,Analytical entropy solution of the inviscid Burgers Riemann problem,pointwise_analytic,1000.0,401,1.0,space_time_rel_l2,2026-07-21 00:37:38,,,,,,,,,,,,,,,,,,,,,,,,,29.593576431274414,317.9639346599579,,,,,,,,,,,,,,,,,,,,,,,,,,,,,,,,,,,,,,,,,,,,,,,,,,,,,,,,,,,,,,,,,,,,,,,,,,,,,,,,,,,,,,,,,,,,,,,,,,,,,,,,,,,,,,,,,,,,,,,,,,,,,,,,,,,,,,,,,,,,,,,,,,,,,,,,,,,,,,,,,,,,,,,,,,,,,,,,,,,,,,,,,,,,,,,,,,,,,,,,,,,,,,,,,,,,,,,,
1d_burgers,ours,Ours,7,True,False,<LOCAL_PATH_REDACTED>/PINN/paper/<LOCAL_PATH_REDACTED>/results/raw/runs/1d_burgers/ours/seed_7,<LOCAL_PATH_REDACTED>/PINN/paper/<LOCAL_PATH_REDACTED>/results/raw/runs/1d_burgers/ours/seed_7/metrics_final.json,Ours,0.01088054321888379,0.03842185275369493,0.04860507527845424,0.011966824561357498,0.040288963024082906,0.046521687294596575,0.0022407511500255957,0.003869688671059357,0.0037853163306775794,0.5037853163306776,0.5,0.5046502887899285,0.5,0.004650288789928458,0.05227662685169587,0.05285015117209946,0.03642045241010291,0.03685881026473603,0.002715468406677246,0.0018273591995239258,-0.0018273591995239258,1.0027154684066772,1.0013624429702759,0.002041424624621868,0.002002002002001957,0.0014654052122973376,0.002280921151896931,0.001888893259254787,0.003255707432592427,0.0018527779860159185,0.0016758967865935226,0.0036111894241322,0.0020865342603975474,0.016953625931418526,0.032577129633360215,0.49060501728818806,1.0,0.04,0.65,0.040004659444093704,0.9992088675498962,0.040919440529112006,0.042974086522823376,0.47997286915779114,2.0,1.0,23.13566017150879,0.043303996324539185,1.0,0.4710434348477284,0.5,1000,9000,10000,2026-07-01 01:31:18,AdamW,False,370.7127823829651,83073,,,,,,,,analytical_burgers_entropy_solution,True,Analytical entropy solution of the inviscid Burgers Riemann problem,pointwise_analytic,1000.0,401,1.0,space_time_rel_l2,2026-07-21 00:37:38,,,,,,,,,,,,,,,,,,,,,,,,,30.988587141036987,339.7241952419281,,,,,,,,,,,,,,,,,,,,,,,,,,,,,,,,,,,,,,,,,,,,,,,,,,,,,,,,,,,,,,,,,,,,,,,,,,,,,,,,,,,,,,,,,,,,,,,,,,,,,,,,,,,,,,,,,,,,,,,,,,,,,,,,,,,,,,,,,,,,,,,,,,,,,,,,,,,,,,,,,,,,,,,,,,,,,,,,,,,,,,,,,,,,,,,,,,,,,,,,,,,,,,,,,,,,,,,,
1d_burgers,pinn,PINN,100,True,False,<LOCAL_PATH_REDACTED>/PINN/paper/<LOCAL_PATH_REDACTED>/results/raw/runs/1d_burgers/pinn/seed_100,<LOCAL_PATH_REDACTED>/PINN/paper/<LOCAL_PATH_REDACTED>/results/raw/runs/1d_burgers/pinn/seed_100/metrics_final.json,PINN,0.044565739525561025,0.08871654907156491,0.11222974003130058,0.025994519859552385,0.06498407094972843,0.07503714171164025,0.0009721887433502631,0.0014822662790247576,0.0014821456732923566,0.49851785432670764,0.5,0.4992694718394128,0.5,0.0007305281605872183,0.38231200621246025,0.2767928587793993,0.2744014714418516,0.1634065367543207,0.0018508434295654297,0.012976914644241333,-0.012976914644241333,1.0018508434295654,1.0077662467956543,0.009033790789544582,0.002002002002001957,0.0040861340541293156,0.005990447605903115,0.0050807230622021415,0.00882825964672192,0.005889712742681155,0.007414895880806682,0.014631476409422209,0.008081570240081718,0.06292157268804363,0.06063897953468739,0.6275192302096578,1.0,0.04,0.65,0.0359729528427124,0.9986709356307983,0.03781578662040551,0.04310961726119484,0.4926533102989197,2.0,1.0000001192092896,21.99641990661621,0.04337558150291443,1.0,0.43531577633549673,0.5,1000,9000,10000,2026-07-01 01:46:12,AdamW,False,273.06656074523926,83073,,,,,,,,analytical_burgers_entropy_solution,True,Analytical entropy solution of the inviscid Burgers Riemann problem,pointwise_analytic,1000.0,401,1.0,space_time_rel_l2,2026-07-21 00:37:38,,,,,,,,,,,,,,,,,,,,,,,,,29.15829300880432,243.90826773643494,,,,,,,,,,,,,,,,,,,,,,,,,,,,,,,,,,,,,,,,,,,,,,,,,,,,,,,,,,,,,,,,,,,,,,,,,,,,,,,,,,,,,,,,,,,,,,,,,,,,,,,,,,,,,,,,,,,,,,,,,,,,,,,,,,,,,,,,,,,,,,,,,,,,,,,,,,,,,,,,,,,,,,,,,,,,,,,,,,,,,,,,,,,,,,,,,,,,,,,,,,,,,,,,,,,,,,,,
1d_burgers,pinn,PINN,2026,True,False,<LOCAL_PATH_REDACTED>/PINN/paper/<LOCAL_PATH_REDACTED>/results/raw/runs/1d_burgers/pinn/seed_2026,<LOCAL_PATH_REDACTED>/PINN/paper/<LOCAL_PATH_REDACTED>/results/raw/runs/1d_burgers/pinn/seed_2026/metrics_final.json,PINN,0.04653994091427386,0.09202571060960073,0.11641595267169254,0.029623382717370986,0.0746985744715532,0.08625448415836551,0.003967906153653254,0.007909671926702999,0.007890452716971585,0.4921095472830284,0.5,0.4924485900904714,0.5,0.0075514099095285725,0.39244019161645105,0.28771116049247525,0.2817785354548447,0.1782897113940376,0.004286527633666992,0.010893642902374268,-0.010893642902374268,1.004286527633667,1.0062532424926758,0.007766807917505503,0.002002002002001957,0.00830871991419919,0.012645184072303361,0.012210721232675747,0.019955943650999584,0.00818278626215627,0.011915385991603245,0.010946398411138819,0.005683040640646982,0.06366502776548276,0.0472099409814446,0.7061081292570123,1.0,0.04,0.65,0.03515830263495445,0.9984865188598633,0.03765314973435975,0.04314214463840399,0.4837508499622345,2.0,0.9999999403953552,21.723247528076172,0.04333735257387161,1.0,0.4334435846230654,0.5,1000,9000,10000,2026-07-01 00:44:26,AdamW,False,241.72031688690186,83073,,,,,,,,analytical_burgers_entropy_solution,True,Analytical entropy solution of the inviscid Burgers Riemann problem,pointwise_analytic,1000.0,401,1.0,space_time_rel_l2,2026-07-21 00:37:38,,,,,,,,,,,,,,,,,,,,,,,,,30.528695821762085,211.19162106513977,,,,,,,,,,,,,,,,,,,,,,,,,,,,,,,,,,,,,,,,,,,,,,,,,,,,,,,,,,,,,,,,,,,,,,,,,,,,,,,,,,,,,,,,,,,,,,,,,,,,,,,,,,,,,,,,,,,,,,,,,,,,,,,,,,,,,,,,,,,,,,,,,,,,,,,,,,,,,,,,,,,,,,,,,,,,,,,,,,,,,,,,,,,,,,,,,,,,,,,,,,,,,,,,,,,,,,,,
1d_burgers,pinn,PINN,31415,True,False,<LOCAL_PATH_REDACTED>/PINN/paper/<LOCAL_PATH_REDACTED>/results/raw/runs/1d_burgers/pinn/seed_31415,<LOCAL_PATH_REDACTED>/PINN/paper/<LOCAL_PATH_REDACTED>/results/raw/runs/1d_burgers/pinn/seed_31415/metrics_final.json,PINN,0.044199458588128376,0.090220976648763,0.11413289696934448,0.027590741217136384,0.07236108266743359,0.08355538111369462,0.004348369079081555,0.007541139909071182,0.007541139909071182,0.4924588600909288,0.5,0.49292024904779014,0.5,0.007079750952209862,0.37325473696762257,0.2729020934255779,0.272422087415913,0.1702449816176102,0.0035696029663085938,0.016835331916809082,-0.016835331916809082,1.0035696029663086,1.0129971504211426,0.013255180791020393,0.002002002002001957,0.010873339600894712,0.015815221797954415,0.015815221797954415,0.02774644238679805,0.01126506519640974,0.016143184076916173,0.010878076641033635,0.004137011511301053,0.07489990719800671,0.037521218190275596,0.3808485513000137,1.0,0.04,0.65,0.036013610661029816,0.9985353946685791,0.037794101702266075,0.043123170335031984,0.4841066896915436,2.0,1.0000001192092896,21.909448623657227,0.04355600103735924,1.0,0.43506615077383926,0.5,1000,9000,10000,2026-07-01 01:56:52,AdamW,False,301.6468961238861,83073,,,,,,,,analytical_burgers_entropy_solution,True,Analytical entropy solution of the inviscid Burgers Riemann problem,pointwise_analytic,1000.0,401,1.0,space_time_rel_l2,2026-07-21 00:37:38,,,,,,,,,,,,,,,,,,,,,,,,,30.017823457717896,271.6290726661682,,,,,,,,,,,,,,,,,,,,,,,,,,,,,,,,,,,,,,,,,,,,,,,,,,,,,,,,,,,,,,,,,,,,,,,,,,,,,,,,,,,,,,,,,,,,,,,,,,,,,,,,,,,,,,,,,,,,,,,,,,,,,,,,,,,,,,,,,,,,,,,,,,,,,,,,,,,,,,,,,,,,,,,,,,,,,,,,,,,,,,,,,,,,,,,,,,,,,,,,,,,,,,,,,,,,,,,,
1d_burgers,pinn,PINN,42,True,False,<LOCAL_PATH_REDACTED>/PINN/paper/<LOCAL_PATH_REDACTED>/results/raw/runs/1d_burgers/pinn/seed_42,<LOCAL_PATH_REDACTED>/PINN/paper/<LOCAL_PATH_REDACTED>/results/raw/runs/1d_burgers/pinn/seed_42/metrics_final.json,PINN,0.04568060180236425,0.09048372787767303,0.11446528706366262,0.027211975485086443,0.06815579734850837,0.0786995358918989,0.0026630337117222614,0.0038573489360516078,0.0026812360288873682,0.49731876397111263,0.5,0.4975658034250678,0.5,0.0024341965749322125,0.3956239254292882,0.29395973208757975,0.28334037900157094,0.17688835395232233,0.0010478496551513672,0.012566417455673218,-0.012566417455673218,1.0010478496551514,1.0081125497817993,0.00954552460461855,0.002002002002001957,0.0048059258557404914,0.006268413067087697,0.005878482376178051,0.013340785970477397,0.005847193759012138,0.007409298413985965,0.00864049939119361,0.003252904511159643,0.06361738401687533,0.044204153991658945,0.6416347123723372,1.0,0.04,0.65,0.03589533641934395,0.9985111355781555,0.03775886371028949,0.04310419603165998,0.491167813539505,2.0,1.0,21.80820655822754,0.04337439686059952,1.0,0.4346605092361458,0.5,1000,9000,10000,2026-07-01 01:36:19,AdamW,False,299.60990810394287,83073,,,,,,,,analytical_burgers_entropy_solution,True,Analytical entropy solution of the inviscid Burgers Riemann problem,pointwise_analytic,1000.0,401,1.0,space_time_rel_l2,2026-07-21 00:37:38,,,,,,,,,,,,,,,,,,,,,,,,,29.593576431274414,270.01633167266846,,,,,,,,,,,,,,,,,,,,,,,,,,,,,,,,,,,,,,,,,,,,,,,,,,,,,,,,,,,,,,,,,,,,,,,,,,,,,,,,,,,,,,,,,,,,,,,,,,,,,,,,,,,,,,,,,,,,,,,,,,,,,,,,,,,,,,,,,,,,,,,,,,,,,,,,,,,,,,,,,,,,,,,,,,,,,,,,,,,,,,,,,,,,,,,,,,,,,,,,,,,,,,,,,,,,,,,,
1d_burgers,pinn,PINN,7,True,False,<LOCAL_PATH_REDACTED>/PINN/paper/<LOCAL_PATH_REDACTED>/results/raw/runs/1d_burgers/pinn/seed_7,<LOCAL_PATH_REDACTED>/PINN/paper/<LOCAL_PATH_REDACTED>/results/raw/runs/1d_burgers/pinn/seed_7/metrics_final.json,PINN,0.04425432420564709,0.08915474149931739,0.11278406977885054,0.028276340007781984,0.06574590903775512,0.07591683656204148,0.0004976108728077902,0.0009884894730150529,3.972511750938157e-05,0.5000397251175094,0.5,0.4996866859118398,0.5,0.00031331408816021034,0.39191762546314257,0.2830815507847916,0.2800436442505654,0.16689807122381106,0.009640932083129883,0.0166548490524292,-0.0166548490524292,1.0096409320831299,1.0165126323699951,0.01669963262975216,0.002002002002001957,0.0008014951965092424,0.002204715277965952,0.002204715277965952,0.0019732921920598548,0.0009595340386650322,0.003107402596745912,0.009688125672662107,0.004592751564276269,0.05351418890887594,0.034245974078487625,0.36659927677542387,1.0,0.04,0.65,0.03588499128818512,0.9984163045883179,0.038208825761682746,0.043123170335031984,0.49283817410469055,2.0,1.0,21.55790138244629,0.04362167418003082,1.0,0.4398402396405392,0.5,1000,9000,10000,2026-07-01 01:25:37,AdamW,False,302.1448884010315,83073,,,,,,,,analytical_burgers_entropy_solution,True,Analytical entropy solution of the inviscid Burgers Riemann problem,pointwise_analytic,1000.0,401,1.0,space_time_rel_l2,2026-07-21 00:37:38,,,,,,,,,,,,,,,,,,,,,,,,,30.988587141036987,271.1563012599945,,,,,,,,,,,,,,,,,,,,,,,,,,,,,,,,,,,,,,,,,,,,,,,,,,,,,,,,,,,,,,,,,,,,,,,,,,,,,,,,,,,,,,,,,,,,,,,,,,,,,,,,,,,,,,,,,,,,,,,,,,,,,,,,,,,,,,,,,,,,,,,,,,,,,,,,,,,,,,,,,,,,,,,,,,,,,,,,,,,,,,,,,,,,,,,,,,,,,,,,,,,,,,,,,,,,,,,,
1d_burgers,rad_pinn,RAD-PINN,100,True,False,<LOCAL_PATH_REDACTED>/PINN/paper/<LOCAL_PATH_REDACTED>/results/raw/runs/1d_burgers/rad_pinn/seed_100,<LOCAL_PATH_REDACTED>/PINN/paper/<LOCAL_PATH_REDACTED>/results/raw/runs/1d_burgers/rad_pinn/seed_100/metrics_final.json,RAD-PINN,0.06237700794458835,0.10029085406231811,0.12687166708718017,0.05393579015135765,0.09832307479821685,0.11353370740447333,0.005788668317288142,0.010656358727818616,0.010656358727818616,0.4893436412721814,0.5,0.489958156863938,0.5,0.01004184313606199,0.4704450926728815,0.4984984984984986,0.3422958836883834,0.3225606274562888,0.0,0.0,0.0014570355415344238,0.9987778067588806,0.9797853231430054,0.006501297932118177,0.002002002002001957,0.008978426711811557,0.030114163091784496,0.030114163091784496,0.013779577485311263,0.00747208862668696,0.007329419150844174,0.018932358526987037,0.013276296761610074,0.08137932159784392,0.0842272332326195,0.863077358841655,1.0,0.04,0.65,0.03994373604655266,0.999154806137085,0.040878781307600566,0.04456250677653692,0.4923107624053955,2.0,0.9999999403953552,22.160093307495117,0.04171762615442276,0.9950931635833168,0.46826635047428855,0.5,1000,9000,10000,2026-07-01 06:18:29,AdamW,False,302.22155594825745,83073,,,,,,,,analytical_burgers_entropy_solution,True,Analytical entropy solution of the inviscid Burgers Riemann problem,pointwise_analytic,1000.0,401,1.0,space_time_rel_l2,2026-07-21 00:37:38,,,,,,,,,,,,,,,,,,,,,,,,,,,1.0,1.0,3.0,500.0,18.0,,,,,,,,,,,,,,,,,,,,,,,,,,,,,,,,,,,,,,,,,,,,,,,,,,,,,,,,,,,,,,,,,,,,,,,,,,,,,,,,,,,,,,,,,,,,,,,,,,,,,,,,,,,,,,,,,,,,,,,,,,,,,,,,,,,,,,,,,,,,,,,,,,,,,,,,,,,,,,,,,,,,,,,,,,,,,,,,,,,,,,,,,,,,,,,,,,,,,,,,,,,,,,,,,,,
1d_burgers,rad_pinn,RAD-PINN,2026,True,False,<LOCAL_PATH_REDACTED>/PINN/paper/<LOCAL_PATH_REDACTED>/results/raw/runs/1d_burgers/rad_pinn/seed_2026,<LOCAL_PATH_REDACTED>/PINN/paper/<LOCAL_PATH_REDACTED>/results/raw/runs/1d_burgers/rad_pinn/seed_2026/metrics_final.json,RAD-PINN,0.055478637536750766,0.10147698112375311,0.1283721620133473,0.04158505308628082,0.09879968743615822,0.11408405227410194,0.009669993046347688,0.018694355086218417,0.018658839037418884,0.4813411609625811,0.5,0.4824813208827961,0.5,0.017518679117203895,0.4251486020392705,0.33020905642152765,0.2997009698087005,0.24432499601038926,0.001927495002746582,0.007908016443252563,-0.007908016443252563,1.0019274950027466,0.9965434670448303,0.00374388019554317,0.002002002002001957,0.015398349680635427,0.023123272732571365,0.0213631107950501,0.034735512118718795,0.018999005154290503,0.027099324179602258,0.013378156909668473,0.00833228514246049,0.07532618959946552,0.05016435354255585,0.7584109892980688,1.0,0.04,0.65,0.034556787461042404,0.9906202554702759,0.03680743792692182,0.04318551447468286,0.4903525114059448,2.0,1.0,18.51409339904785,0.0428936667740345,1.0,0.4237081877184224,0.5,1000,9000,10000,2026-07-01 06:03:37,AdamW,False,261.88189721107483,83073,,,,,,,,analytical_burgers_entropy_solution,True,Analytical entropy solution of the inviscid Burgers Riemann problem,pointwise_analytic,1000.0,401,1.0,space_time_rel_l2,2026-07-21 00:37:38,,,,,,,,,,,,,,,,,,,,,,,,,,,1.0,1.0,3.0,500.0,18.0,,,,,,,,,,,,,,,,,,,,,,,,,,,,,,,,,,,,,,,,,,,,,,,,,,,,,,,,,,,,,,,,,,,,,,,,,,,,,,,,,,,,,,,,,,,,,,,,,,,,,,,,,,,,,,,,,,,,,,,,,,,,,,,,,,,,,,,,,,,,,,,,,,,,,,,,,,,,,,,,,,,,,,,,,,,,,,,,,,,,,,,,,,,,,,,,,,,,,,,,,,,,,,,,,,,
1d_burgers,rad_pinn,RAD-PINN,31415,True,False,<LOCAL_PATH_REDACTED>/PINN/paper/<LOCAL_PATH_REDACTED>/results/raw/runs/1d_burgers/rad_pinn/seed_31415,<LOCAL_PATH_REDACTED>/PINN/paper/<LOCAL_PATH_REDACTED>/results/raw/runs/1d_burgers/rad_pinn/seed_31415/metrics_final.json,RAD-PINN,0.071174761140733,0.11150849037151782,0.14106239497191342,0.07953478696942329,0.12199411264003941,0.14086666754438992,0.011337220638300987,0.012645257648441599,0.012576534723698407,0.4874234652763016,0.5,0.4960966378386146,0.5,0.0039033621613854264,0.469805628261387,0.4984984984984986,0.352246568283666,0.39828300031480257,0.0,0.0,0.0021876096725463867,0.9995852708816528,0.9717821478843689,0.004922107793390751,0.002002002002001957,0.01590703340046078,0.024573629497661398,0.024573629497661398,0.0475465208797636,0.01763610724983259,0.02996206340250418,0.018635221101216,0.010362684122500646,0.09996359656264392,0.05241943415622565,0.5223885313660062,1.0,0.04,0.65,0.04071308299899101,0.9978256821632385,0.04072969749539195,0.04344302287758864,0.4884236454963684,0.956444501876831,1.000000238418579,21.14422035217285,0.041687529534101486,1.0,0.46885921118322516,0.5,1000,9000,10000,2026-07-01 06:23:00,AdamW,False,270.64290714263916,83073,,,,,,,,analytical_burgers_entropy_solution,True,Analytical entropy solution of the inviscid Burgers Riemann problem,pointwise_analytic,1000.0,401,1.0,space_time_rel_l2,2026-07-21 00:37:38,,,,,,,,,,,,,,,,,,,,,,,,,,,1.0,1.0,3.0,500.0,18.0,,,,,,,,,,,,,,,,,,,,,,,,,,,,,,,,,,,,,,,,,,,,,,,,,,,,,,,,,,,,,,,,,,,,,,,,,,,,,,,,,,,,,,,,,,,,,,,,,,,,,,,,,,,,,,,,,,,,,,,,,,,,,,,,,,,,,,,,,,,,,,,,,,,,,,,,,,,,,,,,,,,,,,,,,,,,,,,,,,,,,,,,,,,,,,,,,,,,,,,,,,,,,,,,,,,
1d_burgers,rad_pinn,RAD-PINN,42,True,False,<LOCAL_PATH_REDACTED>/PINN/paper/<LOCAL_PATH_REDACTED>/results/raw/runs/1d_burgers/rad_pinn/seed_42,<LOCAL_PATH_REDACTED>/PINN/paper/<LOCAL_PATH_REDACTED>/results/raw/runs/1d_burgers/rad_pinn/seed_42/metrics_final.json,RAD-PINN,0.05769063334501444,0.1112309997275808,0.14071135896841594,0.05680926963686943,0.11837697090820526,0.13668995203925177,0.019330330533501236,0.027928890572312737,0.027928890572312737,0.47207110942768726,0.5,0.48141291397903874,0.5,0.018587086020961263,0.4450009328152072,0.42242722295086466,0.3190281776411446,0.30922254769430346,0.09476399421691895,0.0004017651081085205,-0.0004017651081085205,1.094763994216919,1.0178041458129883,0.018783675506711006,0.002002002002001957,0.01741839028094437,0.026289025030739377,0.026289025030739377,0.06316391443659095,0.021111672804391152,0.03018427211362429,0.012770578264186365,0.00799646603024054,0.07719153933598426,0.056956255757687,0.838207453565584,1.0,0.04,0.65,0.03805827349424362,0.9999592304229736,0.03925241244714301,0.044914886696302725,0.48829197883605957,2.0,1.0000001192092896,24.180755615234375,0.04309951514005661,0.9784545266210897,0.442118072890664,0.5,1000,9000,10000,2026-07-01 06:13:25,AdamW,False,295.82489037513733,83073,,,,,,,,analytical_burgers_entropy_solution,True,Analytical entropy solution of the inviscid Burgers Riemann problem,pointwise_analytic,1000.0,401,1.0,space_time_rel_l2,2026-07-21 00:37:38,,,,,,,,,,,,,,,,,,,,,,,,,,,1.0,1.0,3.0,500.0,18.0,,,,,,,,,,,,,,,,,,,,,,,,,,,,,,,,,,,,,,,,,,,,,,,,,,,,,,,,,,,,,,,,,,,,,,,,,,,,,,,,,,,,,,,,,,,,,,,,,,,,,,,,,,,,,,,,,,,,,,,,,,,,,,,,,,,,,,,,,,,,,,,,,,,,,,,,,,,,,,,,,,,,,,,,,,,,,,,,,,,,,,,,,,,,,,,,,,,,,,,,,,,,,,,,,,,
1d_burgers,rad_pinn,RAD-PINN,7,True,False,<LOCAL_PATH_REDACTED>/PINN/paper/<LOCAL_PATH_REDACTED>/results/raw/runs/1d_burgers/rad_pinn/seed_7,<LOCAL_PATH_REDACTED>/PINN/paper/<LOCAL_PATH_REDACTED>/results/raw/runs/1d_burgers/rad_pinn/seed_7/metrics_final.json,RAD-PINN,0.06028591931245274,0.09651548768052537,0.1220956879492888,0.06528512586653233,0.10767902457307336,0.12433702764653691,0.007797567725280705,0.014570159450354447,0.014570159450354447,0.5145701594503544,0.5,0.5132534427221166,0.5,0.013253442722116593,0.4715677142300639,0.4984984984984986,0.3565057069890963,0.43580815615921187,0.0,0.0,0.0006394088268280029,0.9999333620071411,0.9682630896568298,0.00014155672397464514,0.002002002002001957,0.014771166702861953,0.025956948778486755,0.025956948778486755,0.039408546148598164,0.008392009385016299,0.013807942320754218,0.01483388046739983,0.011615169217838032,0.0728900911955083,0.04039342464231759,0.3657957612652908,1.0,0.04,0.65,0.03800718113780022,0.994574248790741,0.037924211211102676,0.042610864143987855,0.4901652932167053,2.0,1.0000001192092896,19.930965423583984,0.041612409055233,1.0,0.4365639041437843,0.5,1000,9000,10000,2026-07-01 06:08:28,AdamW,False,290.5236847400665,83073,,,,,,,,analytical_burgers_entropy_solution,True,Analytical entropy solution of the inviscid Burgers Riemann problem,pointwise_analytic,1000.0,401,1.0,space_time_rel_l2,2026-07-21 00:37:38,,,,,,,,,,,,,,,,,,,,,,,,,,,1.0,1.0,3.0,500.0,18.0,,,,,,,,,,,,,,,,,,,,,,,,,,,,,,,,,,,,,,,,,,,,,,,,,,,,,,,,,,,,,,,,,,,,,,,,,,,,,,,,,,,,,,,,,,,,,,,,,,,,,,,,,,,,,,,,,,,,,,,,,,,,,,,,,,,,,,,,,,,,,,,,,,,,,,,,,,,,,,,,,,,,,,,,,,,,,,,,,,,,,,,,,,,,,,,,,,,,,,,,,,,,,,,,,,,
1d_burgers,rar_d_pinn,RAR-D-PINN,100,True,False,<LOCAL_PATH_REDACTED>/PINN/paper/<LOCAL_PATH_REDACTED>/results/raw/runs/1d_burgers/rar_d_pinn/seed_100,<LOCAL_PATH_REDACTED>/PINN/paper/<LOCAL_PATH_REDACTED>/results/raw/runs/1d_burgers/rar_d_pinn/seed_100/metrics_final.json,RAR-D-PINN,0.052496549295739936,0.10274808339836952,0.1299801537502477,0.03713231611251831,0.0919103372857149,0.10612891594631106,0.00862484830337655,0.015541852784833443,0.015494544437445357,0.5154945444374454,0.5,0.5151865451719835,0.5,0.015186545171983479,0.44630620495270734,0.33880416738399466,0.32945868186944494,0.22969806805959403,0.009795904159545898,0.01047903299331665,-0.01047903299331665,1.009795904159546,1.0125312805175781,0.012904254719614983,0.002002002002001957,0.009183496426277636,0.018678714973596522,0.018678714973596522,0.02007377803870998,0.01191709040704215,0.021259114190981032,0.01652497297386034,0.011641312018723066,0.07741495500644138,0.08353827433610146,0.9910935965577707,1.0,0.04,0.65,0.035671453922986984,0.965061604976654,0.03786999891575409,0.04305269435107882,0.49566543102264404,2.0,1.0,14.790186882019043,0.04341981187462807,1.0,0.43593984023964055,0.5,1000,9000,10000,2026-07-01 07:54:02,AdamW,False,292.03656339645386,83073,,,,,,,,analytical_burgers_entropy_solution,True,Analytical entropy solution of the inviscid Burgers Riemann problem,pointwise_analytic,1000.0,401,1.0,space_time_rel_l2,2026-07-21 00:37:38,,,,,,,,,,,,,,,,,,,,,,,,,,,,,,,,2.0,0.0,0.5,5000.0,10000.0,500.0,3.0,18.0,,,,,,,,,,,,,,,,,,,,,,,,,,,,,,,,,,,,,,,,,,,,,,,,,,,,,,,,,,,,,,,,,,,,,,,,,,,,,,,,,,,,,,,,,,,,,,,,,,,,,,,,,,,,,,,,,,,,,,,,,,,,,,,,,,,,,,,,,,,,,,,,,,,,,,,,,,,,,,,,,,,,,,,,,,,,,,,,,,,,,,,,,,,,,,,,,,,,,,,,,,,
1d_burgers,rar_d_pinn,RAR-D-PINN,2026,True,False,<LOCAL_PATH_REDACTED>/PINN/paper/<LOCAL_PATH_REDACTED>/results/raw/runs/1d_burgers/rar_d_pinn/seed_2026,<LOCAL_PATH_REDACTED>/PINN/paper/<LOCAL_PATH_REDACTED>/results/raw/runs/1d_burgers/rar_d_pinn/seed_2026/metrics_final.json,RAR-D-PINN,0.05613013395611336,0.10164908220465997,0.12858987629294244,0.04092160069942474,0.08946948988556197,0.10331046813925612,0.002594421859398771,0.004219601186943478,0.004204997131787069,0.49579500286821293,0.5,0.49717415586456704,0.5,0.0028258441354329644,0.44491732747165513,0.3453205835899754,0.3322181264208264,0.27722480650240433,0.004840254783630371,0.009577840566635132,-0.009577840566635132,1.0048402547836304,1.0041722059249878,0.006715669762343168,0.002002002002001957,0.0036991746387792577,0.0054000197811140405,0.0037660137411799077,0.009529503799750188,0.005903944173047066,0.006200026433627492,0.012204535666355992,0.006394937641495654,0.0681227052426836,0.050795727958029946,0.7346767911002878,1.0,0.04,0.65,0.037842340767383575,0.9725965261459351,0.03921988506993386,0.04303914127724168,0.4915221631526947,2.0,0.9999998211860657,15.054040908813477,0.04314672574400902,1.0,0.45147903145282076,0.5,1000,9000,10000,2026-07-01 07:31:05,AdamW,False,279.8974723815918,83073,,,,,,,,analytical_burgers_entropy_solution,True,Analytical entropy solution of the inviscid Burgers Riemann problem,pointwise_analytic,1000.0,401,1.0,space_time_rel_l2,2026-07-21 00:37:38,,,,,,,,,,,,,,,,,,,,,,,,,,,,,,,,2.0,0.0,0.5,5000.0,10000.0,500.0,3.0,18.0,,,,,,,,,,,,,,,,,,,,,,,,,,,,,,,,,,,,,,,,,,,,,,,,,,,,,,,,,,,,,,,,,,,,,,,,,,,,,,,,,,,,,,,,,,,,,,,,,,,,,,,,,,,,,,,,,,,,,,,,,,,,,,,,,,,,,,,,,,,,,,,,,,,,,,,,,,,,,,,,,,,,,,,,,,,,,,,,,,,,,,,,,,,,,,,,,,,,,,,,,,,
1d_burgers,rar_d_pinn,RAR-D-PINN,31415,True,False,<LOCAL_PATH_REDACTED>/PINN/paper/<LOCAL_PATH_REDACTED>/results/raw/runs/1d_burgers/rar_d_pinn/seed_31415,<LOCAL_PATH_REDACTED>/PINN/paper/<LOCAL_PATH_REDACTED>/results/raw/runs/1d_burgers/rar_d_pinn/seed_31415/metrics_final.json,RAR-D-PINN,0.05479876032352745,0.10460580385633896,0.13233023934567087,0.04402357006072998,0.10198351445062373,0.11776041904180744,0.009390781930528317,0.01888529408292161,0.01888529408292161,0.4811147059170784,0.5,0.4809223743214261,0.5,0.019077625678573906,0.42131571418643726,0.316323015961126,0.3054073238772486,0.2535573583718017,0.008616328239440918,0.011624753475189209,-0.011624753475189209,1.008616328239441,1.0132277011871338,0.013431696221232414,0.002002002002001957,0.012535476831122836,0.018719036445707937,0.018719036445707937,0.030240722060578883,0.016327803529815593,0.021076083242952848,0.013643481350516526,0.006722635210070438,0.08347560629200204,0.044311078423852124,0.43939733187757024,1.0,0.04,0.65,0.037176456302404404,0.9644632339477539,0.038509704000867395,0.04300119267049767,0.48826467990875244,2.0,0.9999999403953552,14.883951187133789,0.04344218224287033,1.0,0.44330379430853717,0.5,1000,9000,10000,2026-07-01 07:58:45,AdamW,False,282.2112503051758,83073,,,,,,,,analytical_burgers_entropy_solution,True,Analytical entropy solution of the inviscid Burgers Riemann problem,pointwise_analytic,1000.0,401,1.0,space_time_rel_l2,2026-07-21 00:37:38,,,,,,,,,,,,,,,,,,,,,,,,,,,,,,,,2.0,0.0,0.5,5000.0,10000.0,500.0,3.0,18.0,,,,,,,,,,,,,,,,,,,,,,,,,,,,,,,,,,,,,,,,,,,,,,,,,,,,,,,,,,,,,,,,,,,,,,,,,,,,,,,,,,,,,,,,,,,,,,,,,,,,,,,,,,,,,,,,,,,,,,,,,,,,,,,,,,,,,,,,,,,,,,,,,,,,,,,,,,,,,,,,,,,,,,,,,,,,,,,,,,,,,,,,,,,,,,,,,,,,,,,,,,,
1d_burgers,rar_d_pinn,RAR-D-PINN,42,True,False,<LOCAL_PATH_REDACTED>/PINN/paper/<LOCAL_PATH_REDACTED>/results/raw/runs/1d_burgers/rar_d_pinn/seed_42,<LOCAL_PATH_REDACTED>/PINN/paper/<LOCAL_PATH_REDACTED>/results/raw/runs/1d_burgers/rar_d_pinn/seed_42/metrics_final.json,RAR-D-PINN,0.05280570308997893,0.09928347097582085,0.12559728994906227,0.03584074223041534,0.08224202363223974,0.09496490896543672,0.0026787076286868316,0.0041322583216786835,0.003032459073205873,0.4969675409267941,0.5,0.49623926330637813,0.5,0.003760736693621869,0.4300373385553516,0.3095961905285871,0.3202098446595024,0.2419450121117372,0.0011550188064575195,0.01710212230682373,-0.01710212230682373,1.0011550188064575,1.0080828666687012,0.008966593071818352,0.002002002002001957,0.004997339525265415,0.013392338003064608,0.013392338003064608,0.009843361331192922,0.007279096476607038,0.016230438683961346,0.01031222414319139,0.005072891649696303,0.0664310306980042,0.04914368158405207,0.8107716094333925,1.0,0.04,0.65,0.03671283274888992,0.9674980044364929,0.038371462647728505,0.043041851892009104,0.48565173149108887,2.0,1.0000001192092896,15.028182029724121,0.043359775096178055,1.0,0.44171243135297056,0.5,1000,9000,10000,2026-07-01 07:49:09,AdamW,False,297.9804675579071,83073,,,,,,,,analytical_burgers_entropy_solution,True,Analytical entropy solution of the inviscid Burgers Riemann problem,pointwise_analytic,1000.0,401,1.0,space_time_rel_l2,2026-07-21 00:37:38,,,,,,,,,,,,,,,,,,,,,,,,,,,,,,,,2.0,0.0,0.5,5000.0,10000.0,500.0,3.0,18.0,,,,,,,,,,,,,,,,,,,,,,,,,,,,,,,,,,,,,,,,,,,,,,,,,,,,,,,,,,,,,,,,,,,,,,,,,,,,,,,,,,,,,,,,,,,,,,,,,,,,,,,,,,,,,,,,,,,,,,,,,,,,,,,,,,,,,,,,,,,,,,,,,,,,,,,,,,,,,,,,,,,,,,,,,,,,,,,,,,,,,,,,,,,,,,,,,,,,,,,,,,,
1d_burgers,rar_d_pinn,RAR-D-PINN,7,True,False,<LOCAL_PATH_REDACTED>/PINN/paper/<LOCAL_PATH_REDACTED>/results/raw/runs/1d_burgers/rar_d_pinn/seed_7,<LOCAL_PATH_REDACTED>/PINN/paper/<LOCAL_PATH_REDACTED>/results/raw/runs/1d_burgers/rar_d_pinn/seed_7/metrics_final.json,RAR-D-PINN,0.05487918924672199,0.10212608970403438,0.12919330855228997,0.03795987066626549,0.08667781000479419,0.10008691387795476,0.002624617216882965,0.007065232624440032,0.007065232624440032,0.50706523262444,0.5,0.5066071282078263,0.5,0.006607128207826274,0.45683080816469884,0.35412573537241265,0.34366224476456825,0.25254047763255644,0.007002592086791992,0.013435781002044678,-0.013435781002044678,1.007002592086792,1.0125600099563599,0.013113067485392094,0.002002002002001957,0.006465786255139293,0.011283554011607078,0.011283554011607078,0.0114506784534049,0.005649553508545404,0.009190392356973831,0.012120316290629873,0.007335282778677128,0.06434916387341529,0.036350870193401184,0.3559281387297382,1.0,0.04,0.65,0.035881660878658295,0.9587207436561584,0.038078716252846145,0.04310148541689255,0.4927517771720886,2.0,0.9999998211860657,14.720292091369629,0.043355800211429596,1.0,0.43834248627059413,0.5,1000,9000,10000,2026-07-01 07:44:10,AdamW,False,281.9396541118622,83073,,,,,,,,analytical_burgers_entropy_solution,True,Analytical entropy solution of the inviscid Burgers Riemann problem,pointwise_analytic,1000.0,401,1.0,space_time_rel_l2,2026-07-21 00:37:38,,,,,,,,,,,,,,,,,,,,,,,,,,,,,,,,2.0,0.0,0.5,5000.0,10000.0,500.0,3.0,18.0,,,,,,,,,,,,,,,,,,,,,,,,,,,,,,,,,,,,,,,,,,,,,,,,,,,,,,,,,,,,,,,,,,,,,,,,,,,,,,,,,,,,,,,,,,,,,,,,,,,,,,,,,,,,,,,,,,,,,,,,,,,,,,,,,,,,,,,,,,,,,,,,,,,,,,,,,,,,,,,,,,,,,,,,,,,,,,,,,,,,,,,,,,,,,,,,,,,,,,,,,,,
1d_burgers,sa_pinn,SA-PINN,100,True,False,<LOCAL_PATH_REDACTED>/PINN/paper/<LOCAL_PATH_REDACTED>/results/raw/runs/1d_burgers/sa_pinn/seed_100,<LOCAL_PATH_REDACTED>/PINN/paper/<LOCAL_PATH_REDACTED>/results/raw/runs/1d_burgers/sa_pinn/seed_100/metrics_final.json,SA-PINN,0.03166656796645345,0.08398319021740773,0.1062418647223952,0.025847876906394958,0.09743997819741665,0.11251399528408962,0.015125939028413915,0.03982649154080731,0.03309879154567685,0.5330987915456769,0.5,0.5487859326709839,0.5,0.048785932670983856,0.24617254810371317,0.14475389190329457,0.13682585818216797,0.09025422194835753,0.01966714859008789,0.07082033157348633,-0.07082033157348633,1.019667148590088,1.187155842781067,0.1871558576822281,0.002002002002001957,0.012083427853901183,0.027220567684020147,0.027220567684020147,0.03397591633783705,0.017489932275921185,0.01904866090407964,0.015106398326213341,0.010853463727650944,0.060388420406461724,0.09205611617110955,0.999999999263458,1.0,0.04,0.65,0.041095390915870667,1.0,0.03961834544074596,0.051444757671039794,0.5179356932640076,2.0,1.0000001192092896,24.075803756713867,0.04434531182050705,0.8996989600437876,0.4103220169745382,0.5,1000,9000,10000,2026-07-01 09:20:44,AdamW,False,262.1402566432953,83073,,,,,,,,analytical_burgers_entropy_solution,True,Analytical entropy solution of the inviscid Burgers Riemann problem,pointwise_analytic,1000.0,401,1.0,space_time_rel_l2,2026-07-21 00:37:38,,,,,,,,,,,,,,,,,,,,,,,,,,,,,,,,,,,,,,,,Adam,0.005,100.0,100.00000762939453,100.00000762939453,92.17193603515625,100.0,100.0,100.0,,,,,,,,,,,,,,,,,,,,,,,,,,,,,,,,,,,,,,,,,,,,,,,,,,,,,,,,,,,,,,,,,,,,,,,,,,,,,,,,,,,,,,,,,,,,,,,,,,,,,,,,,,,,,,,,,,,,,,,,,,,,,,,,,,,,,,,,,,,,,,,,,,,,,,,,,,,,,,,,,,,,,,,,,,,,,,,,,,,,,,,,,,,,,,,,,,
1d_burgers,sa_pinn,SA-PINN,2026,True,False,<LOCAL_PATH_REDACTED>/PINN/paper/<LOCAL_PATH_REDACTED>/results/raw/runs/1d_burgers/sa_pinn/seed_2026,<LOCAL_PATH_REDACTED>/PINN/paper/<LOCAL_PATH_REDACTED>/results/raw/runs/1d_burgers/sa_pinn/seed_2026/metrics_final.json,SA-PINN,0.03795519381657503,0.08643499396139791,0.10934348780935522,0.01863598296046257,0.06415314633431958,0.0740776726108762,0.007443638312904836,0.011277382697405913,0.011202484804855029,0.48879751519514497,0.5,0.48949950461569147,0.5,0.010500495384308528,0.3255740597394049,0.1646402644094796,0.22575862020149087,0.07828382114978105,0.007220029830932617,0.04504510760307312,-0.04504510760307312,1.0072200298309326,1.0782277584075928,0.07822786271572113,0.002002002002001957,0.0034866064713662288,0.014068429148247859,0.0029390032215785844,0.02143760632038326,0.004325047601322425,0.0014707490846559423,0.010440736322758768,0.00514681093332095,0.06309342331479287,0.04868767801314671,0.7705656242163063,1.0,0.04,0.65,0.03937246650457382,0.9999998807907104,0.0399924102786512,0.04933589938197983,0.5119853019714355,2.0,1.0000001192092896,23.508573532104492,0.04388434812426567,0.9334417785007456,0.42973040439340987,0.5,1000,9000,10000,2026-07-01 09:06:44,AdamW,False,212.40704369544983,83073,,,,,,,,analytical_burgers_entropy_solution,True,Analytical entropy solution of the inviscid Burgers Riemann problem,pointwise_analytic,1000.0,401,1.0,space_time_rel_l2,2026-07-21 00:37:38,,,,,,,,,,,,,,,,,,,,,,,,,,,,,,,,,,,,,,,,Adam,0.005,100.0,93.47257995605469,95.5674819946289,88.95555877685547,100.0,100.0,100.0,,,,,,,,,,,,,,,,,,,,,,,,,,,,,,,,,,,,,,,,,,,,,,,,,,,,,,,,,,,,,,,,,,,,,,,,,,,,,,,,,,,,,,,,,,,,,,,,,,,,,,,,,,,,,,,,,,,,,,,,,,,,,,,,,,,,,,,,,,,,,,,,,,,,,,,,,,,,,,,,,,,,,,,,,,,,,,,,,,,,,,,,,,,,,,,,,,
1d_burgers,sa_pinn,SA-PINN,31415,True,False,<LOCAL_PATH_REDACTED>/PINN/paper/<LOCAL_PATH_REDACTED>/results/raw/runs/1d_burgers/sa_pinn/seed_31415,<LOCAL_PATH_REDACTED>/PINN/paper/<LOCAL_PATH_REDACTED>/results/raw/runs/1d_burgers/sa_pinn/seed_31415/metrics_final.json,SA-PINN,0.036876600453941304,0.09901713285385125,0.1252603623013811,0.0283075183480978,0.12294195363867882,0.1419611400558155,0.021611825050727902,0.035869320161109886,0.035869320161109886,0.5358693201611099,0.5,0.5335750586132759,0.5,0.03357505861327592,0.30079334714734823,0.12669030907250095,0.1903405900836081,0.05407336054537637,0.028581857681274414,0.1562885046005249,-0.1562885046005249,1.0285818576812744,1.1552884578704834,0.155288428068161,0.002002002002001957,0.026738810062325723,0.04663820695352028,0.04663820695352028,0.04681530957549327,0.027720086848531167,0.04847923920557928,0.012460660506325716,0.006315947053013058,0.07163584064633427,0.027418569955735553,0.33789441295523354,1.0,0.04,0.65,0.041493453085422516,0.9999910593032837,0.03932830966063103,0.0540306841591673,0.534530758857727,2.0,1.0000001192092896,25.264549255371094,0.04510626941919327,0.9228754566131366,0.4178107838242636,0.5,1000,9000,10000,2026-07-01 09:25:14,AdamW,False,268.7220530509949,83073,,,,,,,,analytical_burgers_entropy_solution,True,Analytical entropy solution of the inviscid Burgers Riemann problem,pointwise_analytic,1000.0,401,1.0,space_time_rel_l2,2026-07-21 00:37:38,,,,,,,,,,,,,,,,,,,,,,,,,,,,,,,,,,,,,,,,Adam,0.005,100.0,99.26522064208984,98.966064453125,94.9543228149414,100.0,100.0,100.0,,,,,,,,,,,,,,,,,,,,,,,,,,,,,,,,,,,,,,,,,,,,,,,,,,,,,,,,,,,,,,,,,,,,,,,,,,,,,,,,,,,,,,,,,,,,,,,,,,,,,,,,,,,,,,,,,,,,,,,,,,,,,,,,,,,,,,,,,,,,,,,,,,,,,,,,,,,,,,,,,,,,,,,,,,,,,,,,,,,,,,,,,,,,,,,,,,
1d_burgers,sa_pinn,SA-PINN,42,True,False,<LOCAL_PATH_REDACTED>/PINN/paper/<LOCAL_PATH_REDACTED>/results/raw/runs/1d_burgers/sa_pinn/seed_42,<LOCAL_PATH_REDACTED>/PINN/paper/<LOCAL_PATH_REDACTED>/results/raw/runs/1d_burgers/sa_pinn/seed_42/metrics_final.json,SA-PINN,0.02886971356465186,0.09523233999667274,0.12047245832090932,0.022925843536853792,0.1227759433004933,0.14176944782893638,0.01748199587269853,0.030900517091606017,0.030900517091606017,0.469099482908394,0.5,0.4657733553713828,0.5,0.03422664462861719,0.14107839517793505,0.04453507077186453,0.0941134129994495,0.0053110059352181604,0.02109694480895996,0.08060646057128906,-0.08060646057128906,1.02109694480896,1.2052441835403442,0.20524422824382782,0.002002002002001957,0.030993250400396032,0.039754187667721874,0.037103311072390066,0.07964004856293234,0.031832655536556766,0.03745828501813042,0.009291180149995158,0.005795979212931652,0.04308179955035121,0.06917654387672438,0.9999999993681081,1.0,0.04,0.65,0.052418239414691925,1.0,0.05149083812208609,0.06109454624308793,0.5351215600967407,2.0,1.0000001192092896,23.17278289794922,0.04663626477122307,0.8216466624552538,0.4870194707938093,0.5,1000,9000,10000,2026-07-01 09:16:21,AdamW,False,261.76181411743164,83073,,,,,,,,analytical_burgers_entropy_solution,True,Analytical entropy solution of the inviscid Burgers Riemann problem,pointwise_analytic,1000.0,401,1.0,space_time_rel_l2,2026-07-21 00:37:38,,,,,,,,,,,,,,,,,,,,,,,,,,,,,,,,,,,,,,,,Adam,0.005,100.0,100.00000762939453,100.00000762939453,93.8150634765625,100.0,100.0,100.0,,,,,,,,,,,,,,,,,,,,,,,,,,,,,,,,,,,,,,,,,,,,,,,,,,,,,,,,,,,,,,,,,,,,,,,,,,,,,,,,,,,,,,,,,,,,,,,,,,,,,,,,,,,,,,,,,,,,,,,,,,,,,,,,,,,,,,,,,,,,,,,,,,,,,,,,,,,,,,,,,,,,,,,,,,,,,,,,,,,,,,,,,,,,,,,,,,
1d_burgers,sa_pinn,SA-PINN,7,True,False,<LOCAL_PATH_REDACTED>/PINN/paper/<LOCAL_PATH_REDACTED>/results/raw/runs/1d_burgers/sa_pinn/seed_7,<LOCAL_PATH_REDACTED>/PINN/paper/<LOCAL_PATH_REDACTED>/results/raw/runs/1d_burgers/sa_pinn/seed_7/metrics_final.json,SA-PINN,0.06314140055527413,0.1713353205997369,0.21674556427546157,0.0751399777829647,0.23040964926568303,0.2660541460545515,0.0695069531769738,0.125686608252627,0.12540211348746433,0.37459788651253567,0.5,0.38176926765623753,0.5,0.11823073234376247,0.1990676576079731,0.1138625566716352,0.13880332524668634,0.06636187802422133,0.0685492753982544,0.09955185651779175,-0.09955185651779175,1.0685492753982544,1.0965423583984375,0.09654229879379272,0.002002002002001957,0.09583915016126703,0.12875965251638632,0.12870384701767268,0.3739789065065866,0.09789895598366903,0.1275121880186212,0.02659406838511032,0.015987099867677945,0.09481738915723004,0.051875962395011986,0.5470800075936734,1.0,0.04,0.65,0.04255872592329979,0.9999746084213257,0.042049766887130004,0.047538761791174236,0.4960630536079407,2.0,1.0000001192092896,23.964744567871094,0.044442079961299896,0.6076838780377748,0.29415252121817276,0.5,1000,9000,10000,2026-07-01 09:11:57,AdamW,False,253.89712691307068,83073,,,,,,,,analytical_burgers_entropy_solution,True,Analytical entropy solution of the inviscid Burgers Riemann problem,pointwise_analytic,1000.0,401,1.0,space_time_rel_l2,2026-07-21 00:37:38,,,,,,,,,,,,,,,,,,,,,,,,,,,,,,,,,,,,,,,,Adam,0.005,100.0,100.00000762939453,100.00000762939453,100.0,100.0,100.0,100.0,,,,,,,,,,,,,,,,,,,,,,,,,,,,,,,,,,,,,,,,,,,,,,,,,,,,,,,,,,,,,,,,,,,,,,,,,,,,,,,,,,,,,,,,,,,,,,,,,,,,,,,,,,,,,,,,,,,,,,,,,,,,,,,,,,,,,,,,,,,,,,,,,,,,,,,,,,,,,,,,,,,,,,,,,,,,,,,,,,,,,,,,,,,,,,,,,,
1d_burgers,xpinn,XPINN,100,True,False,<LOCAL_PATH_REDACTED>/PINN/paper/<LOCAL_PATH_REDACTED>/results/raw/runs/1d_burgers/xpinn/seed_100,<LOCAL_PATH_REDACTED>/PINN/paper/<LOCAL_PATH_REDACTED>/results/raw/runs/1d_burgers/xpinn/seed_100/metrics_final.json,XPINN,0.04710045559997868,0.13728571410234008,0.1736715434150656,0.03874036905169487,0.16979428521314424,0.19606155254911148,0.052298310734996495,0.07114358332580484,0.07114358332580484,0.42885641667419516,0.5,0.4339430180261865,0.5,0.06605698197381349,0.25638094120456,0.09925676457316962,0.17998448498817077,0.05718829610711962,0.010578036308288574,0.0046121180057525635,-0.0046121180057525635,1.0105780363082886,1.0265941619873047,0.026594147086143494,0.002002002002001957,0.05648597077973077,0.07156087124595278,0.06611234742599914,0.19549928980826117,0.05806991381975025,0.06858708628185739,0.01913184985073528,0.012996447166203205,0.10099839191863097,0.09787319965357429,0.9999999992247889,1.0,0.04,0.65,0.03253960981965065,0.9988081455230713,0.02674292529545701,0.0614062669413423,0.49353912472724915,2.0,1.0000001192092896,21.967220306396484,0.04415571689605713,0.8252584634096899,0.2540564153769346,0.5,1000,9000,10000,2026-07-05 03:23:49,AdamW,False,2574.1460525989532,332296,,,,,,,,analytical_burgers_entropy_solution,True,Analytical entropy solution of the inviscid Burgers Riemann problem,pointwise_analytic,1000.0,401,1.0,space_time_rel_l2,2026-07-21 00:37:38,,,,,,,,,,,,,,,,,,,,,,,,,,,,,,,,,,,,,,,,,,,,,,,,,4.0,1.0,0.0,0.5,512.0,2048.0,1.0,20.0,True,0.001918833702802658,0.0018445347668603063,,,,,,,,,,,,,,,,,,,,,,,,,,,,,,,,,,,,,,,,,,,,,,,,,,,,,,,,,,,,,,,,,,,,,,,,,,,,,,,,,,,,,,,,,,,,,,,,,,,,,,,,,,,,,,,,,,,,,,,,,,,,,,,,,,,,,,,,,,,,,,,,,,,,,,,,,,,,,,,,,,,,,,,,,,,,,,,,,,,,,,,
1d_burgers,xpinn,XPINN,2026,True,False,<LOCAL_PATH_REDACTED>/PINN/paper/<LOCAL_PATH_REDACTED>/results/raw/runs/1d_burgers/xpinn/seed_2026,<LOCAL_PATH_REDACTED>/PINN/paper/<LOCAL_PATH_REDACTED>/results/raw/runs/1d_burgers/xpinn/seed_2026/metrics_final.json,XPINN,0.041284671407016436,0.11620101677463297,0.14699861570889003,0.02550976049900055,0.12597358892575383,0.1454617709539665,0.035014413955118145,0.04366607710200171,0.04185335162865916,0.45814664837134084,0.5,0.46796094012485345,0.5,0.03203905987514655,0.2802153571862498,0.10369627528293845,0.20332992311159634,0.06196830410966442,0.010079264640808105,0.0056878626346588135,-0.0056878626346588135,1.010079264640808,1.0254018306732178,0.025401778519153595,0.002002002002001957,0.03912083662139351,0.04887034020766057,0.042421058603339556,0.13997046507651642,0.038269240178038906,0.04167371579595969,0.014071719459702356,0.004871601117487461,0.07497668653086376,0.061643613760917516,0.7208217627331013,1.0,0.04,0.65,0.0317101888358593,0.9988143444061279,0.02517890057465033,0.05633741732624959,0.5024147033691406,2.0,0.9999999403953552,21.945213317871094,0.04398288577795029,0.998923457853375,0.28953444832750874,0.5,1000,9000,10000,2026-07-05 01:16:19,AdamW,False,2415.0106930732727,332296,,,,,,,,analytical_burgers_entropy_solution,True,Analytical entropy solution of the inviscid Burgers Riemann problem,pointwise_analytic,1000.0,401,1.0,space_time_rel_l2,2026-07-21 00:37:38,,,,,,,,,,,,,,,,,,,,,,,,,,,,,,,,,,,,,,,,,,,,,,,,,4.0,1.0,0.0,0.5,512.0,2048.0,1.0,20.0,True,0.00047343297046609223,0.0017244078917428851,,,,,,,,,,,,,,,,,,,,,,,,,,,,,,,,,,,,,,,,,,,,,,,,,,,,,,,,,,,,,,,,,,,,,,,,,,,,,,,,,,,,,,,,,,,,,,,,,,,,,,,,,,,,,,,,,,,,,,,,,,,,,,,,,,,,,,,,,,,,,,,,,,,,,,,,,,,,,,,,,,,,,,,,,,,,,,,,,,,,,,,
1d_burgers,xpinn,XPINN,31415,True,False,<LOCAL_PATH_REDACTED>/PINN/paper/<LOCAL_PATH_REDACTED>/results/raw/runs/1d_burgers/xpinn/seed_31415,<LOCAL_PATH_REDACTED>/PINN/paper/<LOCAL_PATH_REDACTED>/results/raw/runs/1d_burgers/xpinn/seed_31415/metrics_final.json,XPINN,0.04199254097018456,0.11563668355634323,0.14628471316147923,0.028979655340313912,0.13436962160748783,0.15515667441180336,0.03341871530116731,0.04578151773270417,0.04545421243036546,0.45454578756963454,0.5,0.4641280853868419,0.5,0.035871914613158085,0.2702992226852322,0.10591252457579015,0.19875795057589515,0.058270751013412,0.011437058448791504,0.008661001920700073,-0.008661001920700073,1.0114370584487915,1.0340709686279297,0.034070953726768494,0.002002002002001957,0.03869254886333982,0.04720883748373833,0.043857898301667975,0.12753529781350456,0.04031695435817748,0.0461050831042491,0.012373709493391769,0.0032151572036119014,0.08481113286641973,0.048840704764930166,0.5546866707736124,1.0,0.04,0.65,0.03126171976327896,0.9986812472343445,0.02446600889081644,0.0547354439986989,0.5013629794120789,2.0,1.0000001192092896,21.785987854003906,0.04430372267961502,0.9992244626634168,0.28142161757363954,0.5,1000,9000,10000,2026-07-05 04:02:42,AdamW,False,2330.529753446579,332296,,,,,,,,analytical_burgers_entropy_solution,True,Analytical entropy solution of the inviscid Burgers Riemann problem,pointwise_analytic,1000.0,401,1.0,space_time_rel_l2,2026-07-21 00:37:38,,,,,,,,,,,,,,,,,,,,,,,,,,,,,,,,,,,,,,,,,,,,,,,,,4.0,1.0,0.0,0.5,512.0,2048.0,1.0,20.0,True,0.0014764800434932113,0.0017917829100042582,,,,,,,,,,,,,,,,,,,,,,,,,,,,,,,,,,,,,,,,,,,,,,,,,,,,,,,,,,,,,,,,,,,,,,,,,,,,,,,,,,,,,,,,,,,,,,,,,,,,,,,,,,,,,,,,,,,,,,,,,,,,,,,,,,,,,,,,,,,,,,,,,,,,,,,,,,,,,,,,,,,,,,,,,,,,,,,,,,,,,,,
1d_burgers,xpinn,XPINN,42,True,False,<LOCAL_PATH_REDACTED>/PINN/paper/<LOCAL_PATH_REDACTED>/results/raw/runs/1d_burgers/xpinn/seed_42,<LOCAL_PATH_REDACTED>/PINN/paper/<LOCAL_PATH_REDACTED>/results/raw/runs/1d_burgers/xpinn/seed_42/metrics_final.json,XPINN,0.0415543337586589,0.11927610777695971,0.15088872040046597,0.028365150213241576,0.14041854093125217,0.16214136481155864,0.03722935834857141,0.05000017103056942,0.04896836858152376,0.45103163141847624,0.5,0.4603595900032795,0.5,0.03964040999672053,0.26981565059859447,0.10478403928068325,0.1971390018124006,0.06119165229791623,0.004791259765625,0.00426754355430603,-0.00426754355430603,1.004791259765625,1.0211809873580933,0.0211810152977705,0.002002002002001957,0.043054305020772045,0.0527517081756852,0.0527517081756852,0.14709951046330744,0.04290559418576411,0.05294402682029431,0.013570185584159886,0.008416923956826406,0.09019109901220097,0.06464104938132416,0.9999999977204166,1.0,0.04,0.65,0.030948536470532417,0.9987687468528748,0.024032310528027758,0.054114713216957606,0.4960710108280182,2.0,1.0,22.05052375793457,0.043767768889665604,0.9959395443266411,0.27552421367948077,0.5,1000,9000,10000,2026-07-05 02:40:53,AdamW,False,2514.2774839401245,332296,,,,,,,,analytical_burgers_entropy_solution,True,Analytical entropy solution of the inviscid Burgers Riemann problem,pointwise_analytic,1000.0,401,1.0,space_time_rel_l2,2026-07-21 00:37:38,,,,,,,,,,,,,,,,,,,,,,,,,,,,,,,,,,,,,,,,,,,,,,,,,4.0,1.0,0.0,0.5,512.0,2048.0,1.0,20.0,True,0.00021510834631044418,0.001935044303536415,,,,,,,,,,,,,,,,,,,,,,,,,,,,,,,,,,,,,,,,,,,,,,,,,,,,,,,,,,,,,,,,,,,,,,,,,,,,,,,,,,,,,,,,,,,,,,,,,,,,,,,,,,,,,,,,,,,,,,,,,,,,,,,,,,,,,,,,,,,,,,,,,,,,,,,,,,,,,,,,,,,,,,,,,,,,,,,,,,,,,,,
1d_burgers,xpinn,XPINN,7,True,False,<LOCAL_PATH_REDACTED>/PINN/paper/<LOCAL_PATH_REDACTED>/results/raw/runs/1d_burgers/xpinn/seed_7,<LOCAL_PATH_REDACTED>/PINN/paper/<LOCAL_PATH_REDACTED>/results/raw/runs/1d_burgers/xpinn/seed_7/metrics_final.json,XPINN,0.04989111199696314,0.14164895901846902,0.17919121080243242,0.04243611881136894,0.1750165855944093,0.20209174561092944,0.055654620651769605,0.07384226005525785,0.07379413204256585,0.42620586795743415,0.5,0.4330813959620605,0.5,0.06691860403793948,0.256388844581472,0.12156598879701214,0.1821447414301682,0.06920522508692162,0.009692072868347168,0.011605978012084961,-0.011605978012084961,1.0096920728683472,1.028826355934143,0.028826329857110977,0.002002002002001957,0.06564830771211022,0.08033349628928488,0.07754956336194163,0.21917493636912552,0.06483409018031715,0.07681021052557169,0.01989988424567576,0.007989436550378731,0.07401800521946354,0.05822173461111474,0.9951146548990248,1.0,0.04,0.65,0.030970195308327675,0.9988390803337097,0.025561097256857856,0.054109291987422745,0.49520251154899597,2.0,1.0,21.989931106567383,0.04404495283961296,0.856627783669141,0.2520594108836745,0.5,1000,9000,10000,2026-07-05 01:58:54,AdamW,False,2463.431601047516,332296,,,,,,,,analytical_burgers_entropy_solution,True,Analytical entropy solution of the inviscid Burgers Riemann problem,pointwise_analytic,1000.0,401,1.0,space_time_rel_l2,2026-07-21 00:37:38,,,,,,,,,,,,,,,,,,,,,,,,,,,,,,,,,,,,,,,,,,,,,,,,,4.0,1.0,0.0,0.5,512.0,2048.0,1.0,20.0,True,0.0006932736141607165,0.00212268577888608,,,,,,,,,,,,,,,,,,,,,,,,,,,,,,,,,,,,,,,,,,,,,,,,,,,,,,,,,,,,,,,,,,,,,,,,,,,,,,,,,,,,,,,,,,,,,,,,,,,,,,,,,,,,,,,,,,,,,,,,,,,,,,,,,,,,,,,,,,,,,,,,,,,,,,,,,,,,,,,,,,,,,,,,,,,,,,,,,,,,,,,
1d_euler,aaf_pinn,AAF-PINN,100,True,False,<LOCAL_PATH_REDACTED>/PINN/paper/<LOCAL_PATH_REDACTED>/results/raw/runs/1d_euler/aaf_pinn/seed_100,<LOCAL_PATH_REDACTED>/PINN/paper/<LOCAL_PATH_REDACTED>/results/raw/runs/1d_euler/aaf_pinn/seed_100/metrics_final.json,AAF-PINN,,,,,,,,,,,,,,,,,,,,,,,,,,,,,,,,,,,,,1.0,0.018257418583505537,0.7,0.06619241833686829,0.9999942779541016,0.06398425003076166,0.09294122472417046,0.5063663721084595,2.0,0.9999999403953552,15.283220291137695,0.09059268236160278,,,,4000,6000,10000,2026-07-03 01:07:34,AdamW,False,627.7164170742035,83332,5.0,0.2801121175289154,1.400560587644577,1.0,1e-06,20.0,6.0,analytical_sod_riemann_solution,True,Analytical Sod Riemann solution,pointwise_analytic,700.0,301,0.2,primitive_scaled_space_time_rel_l2,2026-07-21 00:37:38,,,,,,,,,,,,,,,,,,,,,,,,,,,,,,,,,,,,,,,,,,,,,,,,,,,,,,,,,,,,0.008700680548304897,0.020206746110293702,0.029619495085065294,0.01285456423640864,0.024556563999620903,0.03775385824209625,0.08645744621753693,1.0504560470581055,0.03843545611604941,0.11916890988579516,0.2745487452620391,0.04138327902531706,0.13532939270664543,0.22044576983832276,-0.0638619065284729,0.9781686067581177,0.00913979406233981,0.021750453918065057,0.03258994649654721,0.01105048791441367,0.02695602916360482,0.04339601179078535,0.09913497418165207,1.0098835229873657,0.10269507229508588,0.11561630102297868,0.0,0.0,1.1432439088821411,0.2682439088821411,2.001572608947754,0.1466673688498541,0.957375168800354,0.05737516880035398,0.0003743039895307753,0.00024339560552881276,0.9438509424203058,0.002984151640070195,0.0036494174997851736,0.02314459136520814,0.0031889100267775707,0.004938203728371751,0.9995646533577567,0.0002888193370283703,0.00018478948206292548,0.0014256846351408982,0.0011864495122234932,0.0006856428924142379,0.0003561218561561833,0.00279643469496698,0.02409709674636088,0.0013353964946720912,0.0009321888819897291,0.006319838467563224,0.002418462268826991,,,,,,,,,,,,,,,,,,,,,,,,,,,,,,,,,,,,,,,,,,,,,,,,,,,,,,,,,,,,,,,,,,,,,,,,,,,,,,,,,,,,,,,,,,,,,,,,,,,,,,,,,,,,,,,,,,,,,,,,,,,,,,,,
1d_euler,aaf_pinn,AAF-PINN,2026,True,False,<LOCAL_PATH_REDACTED>/PINN/paper/<LOCAL_PATH_REDACTED>/results/raw/runs/1d_euler/aaf_pinn/seed_2026,<LOCAL_PATH_REDACTED>/PINN/paper/<LOCAL_PATH_REDACTED>/results/raw/runs/1d_euler/aaf_pinn/seed_2026/metrics_final.json,AAF-PINN,,,,,,,,,,,,,,,,,,,,,,,,,,,,,,,,,,,,,1.0,0.018257418583505537,0.7,0.06635113805532455,0.9999744892120361,0.06415856609655059,0.09307965218817932,0.4988975524902344,2.0,0.9999999403953552,15.265686988830566,0.09009062498807907,,,,4000,6000,10000,2026-07-03 00:36:40,AdamW,False,614.8786566257477,83332,5.0,0.2780197560787201,1.3900987803936005,1.0,1e-06,20.0,6.0,analytical_sod_riemann_solution,True,Analytical Sod Riemann solution,pointwise_analytic,700.0,301,0.2,primitive_scaled_space_time_rel_l2,2026-07-21 00:37:38,,,,,,,,,,,,,,,,,,,,,,,,,,,,,,,,,,,,,,,,,,,,,,,,,,,,,,,,,,,,0.008776162956455858,0.020165095908295766,0.029558443298368108,0.01320405805964656,0.024798678427032827,0.03812609084642221,0.09207522124052048,1.0474547147750854,0.0392158130568329,0.12044295828560966,0.27748397719381895,0.04233739346072946,0.13668538216329484,0.22265461843865383,-0.06623341143131256,0.9776014685630798,0.008985158684723271,0.021942529549291847,0.032877744377389245,0.01116958690556083,0.026936071966676394,0.04336388306930488,0.0994148999452591,1.0074657201766968,0.10373659725471764,0.11671158037490144,0.0,0.0,1.116180181503296,0.2411801815032959,2.0073459148406982,0.15244067474279843,0.9529610872268677,0.052961087226867654,0.0006316946329945246,0.0006087828219262254,0.9999999981718042,0.003153283533194186,0.003970287215882551,0.0239288052141106,0.002290311836811702,0.0034346270982075332,0.8445060651208423,0.00025488639026359424,0.00015372430167926603,0.0009943454556271478,0.0014009150758285517,0.0007201673406184648,0.00031951114543024746,0.0036661879162667166,0.023949803925737707,0.0009498152696252085,0.0005096600497746395,0.004418757036667137,0.002423871051826206,,,,,,,,,,,,,,,,,,,,,,,,,,,,,,,,,,,,,,,,,,,,,,,,,,,,,,,,,,,,,,,,,,,,,,,,,,,,,,,,,,,,,,,,,,,,,,,,,,,,,,,,,,,,,,,,,,,,,,,,,,,,,,,,
1d_euler,aaf_pinn,AAF-PINN,31415,True,False,<LOCAL_PATH_REDACTED>/PINN/paper/<LOCAL_PATH_REDACTED>/results/raw/runs/1d_euler/aaf_pinn/seed_31415,<LOCAL_PATH_REDACTED>/PINN/paper/<LOCAL_PATH_REDACTED>/results/raw/runs/1d_euler/aaf_pinn/seed_31415/metrics_final.json,AAF-PINN,,,,,,,,,,,,,,,,,,,,,,,,,,,,,,,,,,,,,1.0,0.018257418583505537,0.7,0.06514222174882889,0.9999914169311523,0.06185656863951437,0.09255157704770108,0.5052087903022766,2.0,1.0000001192092896,15.251858711242676,0.09036465734243393,,,,4000,6000,10000,2026-07-03 01:18:43,AdamW,False,667.7795209884644,83332,5.0,0.28138476610183716,1.4069238305091858,1.0,1e-06,20.0,6.0,analytical_sod_riemann_solution,True,Analytical Sod Riemann solution,pointwise_analytic,700.0,301,0.2,primitive_scaled_space_time_rel_l2,2026-07-21 00:37:38,,,,,,,,,,,,,,,,,,,,,,,,,,,,,,,,,,,,,,,,,,,,,,,,,,,,,,,,,,,,0.008997798076079961,0.020066116113770197,0.029413356527768393,0.013330040881233397,0.02518862997297158,0.03872561182936124,0.0929301530122757,1.0465682744979858,0.03817810092158354,0.11813149686058909,0.2721586886217478,0.03986712106174698,0.13247538834637287,0.21579671928294167,-0.0726323127746582,0.9766519665718079,0.00851198479324953,0.021265033729904296,0.03186261372362683,0.010286701218905585,0.026422619388003478,0.04253728527840387,0.09857046604156494,1.0087810754776,0.10174813064994047,0.11341733990725825,0.0,0.0,1.1429461240768433,0.26794612407684326,2.011669397354126,0.15676415725622617,0.9544047117233276,0.054404711723327615,0.000356199151966698,0.00039450963653809624,0.9811418595154177,0.0032231266881624517,0.004258784090251433,0.024142641248547776,0.0021519636283674807,0.003639908103111436,0.9927141791816765,0.0003119575814686532,0.00026395599389739257,0.0012117303189535943,0.0017060742623119475,0.0007980542597364368,0.00047014121302216966,0.0031966924767923843,0.05149041132275761,0.0012413745909975382,0.000776048711934539,0.004549161081827319,0.0026368403489740776,,,,,,,,,,,,,,,,,,,,,,,,,,,,,,,,,,,,,,,,,,,,,,,,,,,,,,,,,,,,,,,,,,,,,,,,,,,,,,,,,,,,,,,,,,,,,,,,,,,,,,,,,,,,,,,,,,,,,,,,,,,,,,,,
1d_euler,aaf_pinn,AAF-PINN,42,True,False,<LOCAL_PATH_REDACTED>/PINN/paper/<LOCAL_PATH_REDACTED>/results/raw/runs/1d_euler/aaf_pinn/seed_42,<LOCAL_PATH_REDACTED>/PINN/paper/<LOCAL_PATH_REDACTED>/results/raw/runs/1d_euler/aaf_pinn/seed_42/metrics_final.json,AAF-PINN,,,,,,,,,,,,,,,,,,,,,,,,,,,,,,,,,,,,,1.0,0.018257418583505537,0.7,0.06589765101671219,0.999988317489624,0.06355358680940076,0.09250543455969812,0.5108680725097656,2.0,0.9999999403953552,15.264988899230957,0.09047442674636841,,,,4000,6000,10000,2026-07-03 00:57:05,AdamW,False,616.0041608810425,83332,5.0,0.2826616168022156,1.4133080840110779,1.0,1e-06,20.0,6.0,analytical_sod_riemann_solution,True,Analytical Sod Riemann solution,pointwise_analytic,700.0,301,0.2,primitive_scaled_space_time_rel_l2,2026-07-21 00:37:38,,,,,,,,,,,,,,,,,,,,,,,,,,,,,,,,,,,,,,,,,,,,,,,,,,,,,,,,,,,,0.008789014507214397,0.020014265990270244,0.02933735347068121,0.012644821972647704,0.023905498939802358,0.03675289499759874,0.09132547676563263,1.0496500730514526,0.0377569049184073,0.11618193345049442,0.2676671632015419,0.039217558591099516,0.13189856554119098,0.21485709970137548,-0.06751871109008789,0.9785041809082031,0.008451053130299514,0.021299831007500544,0.03191475247067824,0.009721179707621107,0.02586233432277473,0.041635292735314626,0.09925156086683273,1.0096479654312134,0.10019975397430901,0.11259153854176936,0.0,0.0,1.132563591003418,0.25756359100341797,1.9983339309692383,0.14342869087133847,0.9569273591041565,0.05692735910415647,0.0008761603357081703,0.0008714707127254098,0.8177035196059443,0.002566241956074061,0.0030097405202238747,0.020420663848540587,0.002240771865311743,0.00390999775612003,0.9943281302535765,0.00025223919086197734,0.0001740407754396534,0.0018401346710344786,0.0012707363722579117,0.00044418053729399713,0.00016715490426858458,0.003029816935174401,0.020871821731986817,0.0009250904894284278,0.0006529090901799408,0.007028129359373365,0.001699806051308292,,,,,,,,,,,,,,,,,,,,,,,,,,,,,,,,,,,,,,,,,,,,,,,,,,,,,,,,,,,,,,,,,,,,,,,,,,,,,,,,,,,,,,,,,,,,,,,,,,,,,,,,,,,,,,,,,,,,,,,,,,,,,,,,
1d_euler,aaf_pinn,AAF-PINN,7,True,False,<LOCAL_PATH_REDACTED>/PINN/paper/<LOCAL_PATH_REDACTED>/results/raw/runs/1d_euler/aaf_pinn/seed_7,<LOCAL_PATH_REDACTED>/PINN/paper/<LOCAL_PATH_REDACTED>/results/raw/runs/1d_euler/aaf_pinn/seed_7/metrics_final.json,AAF-PINN,,,,,,,,,,,,,,,,,,,,,,,,,,,,,,,,,,,,,1.0,0.018257418583505537,0.7,0.06671140342950821,0.999992847442627,0.06406628112054469,0.09425884910381034,0.5030142664909363,2.0,1.0,15.29198932647705,0.09020215272903442,,,,4000,6000,10000,2026-07-03 00:46:48,AdamW,False,607.1077389717102,83332,5.0,0.2709110677242279,1.3545553386211395,1.0,1e-06,20.0,6.0,analytical_sod_riemann_solution,True,Analytical Sod Riemann solution,pointwise_analytic,700.0,301,0.2,primitive_scaled_space_time_rel_l2,2026-07-21 00:37:38,,,,,,,,,,,,,,,,,,,,,,,,,,,,,,,,,,,,,,,,,,,,,,,,,,,,,,,,,,,,0.009196422968870369,0.020798796382792833,0.030487335460783496,0.013996996682946357,0.026252885765640985,0.04036182454749195,0.08915982395410538,1.0520999431610107,0.04056673479040383,0.12394982321563906,0.28556331069838586,0.04429902007560496,0.14198220275722534,0.23128291174708268,-0.06666231155395508,0.9736871123313904,0.0091859253000713,0.022555747440169836,0.03379656374225044,0.011632067412963824,0.02851416279944349,0.04590442225517854,0.09917331486940384,1.0066289901733398,0.10676051055050009,0.12144778915945689,0.0,0.0,1.1446305513381958,0.2696305513381958,1.999856948852539,0.14495170875463925,0.9461701512336731,0.046170151233673073,0.0005222408849224518,0.0004581572903417858,0.9078760651783925,0.0034947060226084184,0.004865800632806172,0.025592720207038986,0.002458303421129118,0.0037454819313646145,0.9997459966860511,0.00022853690514758158,0.00018923971669964745,0.0008036198480628532,0.0011186745528064344,0.0006526592098376391,0.0003028710510352365,0.0030007282942005054,0.027238622022065256,0.000884870977660717,0.000641737629206485,0.005644954852387536,0.0016767684133398128,,,,,,,,,,,,,,,,,,,,,,,,,,,,,,,,,,,,,,,,,,,,,,,,,,,,,,,,,,,,,,,,,,,,,,,,,,,,,,,,,,,,,,,,,,,,,,,,,,,,,,,,,,,,,,,,,,,,,,,,,,,,,,,,
1d_euler,cpinn,cPINN,100,True,False,<LOCAL_PATH_REDACTED>/PINN/paper/<LOCAL_PATH_REDACTED>/results/raw/runs/1d_euler/cpinn/seed_100,<LOCAL_PATH_REDACTED>/PINN/paper/<LOCAL_PATH_REDACTED>/results/raw/runs/1d_euler/cpinn/seed_100/metrics_final.json,cPINN,,,,,,,,,,,,,,,,,,,,,,,,,,,,,,,,,,,,,1.0,0.018257418583505537,0.7,0.06595570594072342,0.9999905824661255,0.06266149870801034,0.09488946310651737,0.5020109415054321,2.0,1.0,15.172896385192871,0.08975465595722198,,,,4000,6000,10000,2026-07-04 02:28:33,AdamW,False,1292.5291645526886,166664,,,,,,,,analytical_sod_riemann_solution,True,Analytical Sod Riemann solution,pointwise_analytic,700.0,301,0.2,primitive_scaled_space_time_rel_l2,2026-07-21 00:37:38,2.0,1.0,0.0,,1000.0,1000.0,20.0,20.0,True,0.0001785946951713413,0.00037629177677445114,,,,,,,,,,,,,,,,,,,,,,,,,,,,,,,,,,,,,,,,,,,,,,,,,0.008463453462340065,0.019478684358112442,0.028552286076120936,0.012665149157292015,0.02358359938157755,0.03625799879430253,0.09513650834560394,1.0530011653900146,0.035453339463730596,0.10974387160459398,0.25283475596205884,0.03660521879661424,0.12514107941175556,0.20384944495482443,-0.09051048755645752,0.9672071933746338,0.008096120310943849,0.020044520383014085,0.030033848916082427,0.009695886163507876,0.02494010512043424,0.040150613033579856,0.0990634486079216,1.00692880153656,0.0947432858207516,0.1070907235951135,0.0,0.0,1.1145801544189453,0.2395801544189453,1.9536463022232056,0.09874106212530576,0.9261568784713745,0.02615687847137449,0.0002444597166636265,0.00018484569731937867,0.7037604533157179,0.002690719096594295,0.0038723930333355305,0.018321212897049646,0.0007108303079191332,0.0012288810633691387,0.9256914603317848,0.0003386126074571052,0.00024206741138155122,0.001480230399963681,0.0012841919246847004,0.0007724640533582985,0.000455197407231607,0.0027389763250813617,0.022716446021111055,0.0011145661680309008,0.0007498752927317916,0.005491388807898734,0.0021931536666119525,,,,,,,,,,,,,,,,,,,,,,,,,,,,,,,,,,,,,,,,,,,,,,,,,,,,,,,,,,,,,,,,,,,,,,,,,,,,,,,,,,,,,,,,,,,,,,,,,,,,,,,,,,,,,,,,,,,,,,,,,,,,,,,,
1d_euler,cpinn,cPINN,2026,True,False,<LOCAL_PATH_REDACTED>/PINN/paper/<LOCAL_PATH_REDACTED>/results/raw/runs/1d_euler/cpinn/seed_2026,<LOCAL_PATH_REDACTED>/PINN/paper/<LOCAL_PATH_REDACTED>/results/raw/runs/1d_euler/cpinn/seed_2026/metrics_final.json,cPINN,,,,,,,,,,,,,,,,,,,,,,,,,,,,,,,,,,,,,1.0,0.018257418583505537,0.7,0.0663064569234848,0.9999884366989136,0.06349206349206349,0.0927771625446044,0.5113782286643982,2.0,1.0000001192092896,15.222039222717285,0.09029016643762589,,,,4000,6000,10000,2026-07-04 01:20:15,AdamW,False,1342.4052987098694,166664,,,,,,,,analytical_sod_riemann_solution,True,Analytical Sod Riemann solution,pointwise_analytic,700.0,301,0.2,primitive_scaled_space_time_rel_l2,2026-07-21 00:37:38,2.0,1.0,0.0,,1000.0,1000.0,20.0,20.0,True,0.00015625820378772914,0.000189094222150743,,,,,,,,,,,,,,,,,,,,,,,,,,,,,,,,,,,,,,,,,,,,,,,,,0.00871514591673557,0.020141977362301222,0.029524555622652205,0.012736987761598206,0.023785610999476958,0.036568576364745545,0.09237316250801086,1.047528862953186,0.03667821741072155,0.1121600795521421,0.258401366086522,0.038210208573175135,0.12694344848070332,0.20678542677658768,-0.08778037130832672,0.9706739187240601,0.00840425524032748,0.020555770965922277,0.0307998848437036,0.009842465187542122,0.02524917034512127,0.04064817141108558,0.09941577911376953,1.012121558189392,0.09688976399188402,0.1085942539754572,0.0,0.0,1.141516923904419,0.26651692390441895,1.9674681425094604,0.11256290241156064,0.9418647289276123,0.04186472892761228,0.0003753156337272758,0.0003882478406676668,0.7008105637568728,0.0025090282995827726,0.0034636290660534363,0.017409278921882432,0.0012429209364063069,0.002443290614001237,0.9166119339006357,0.0003225207744910309,0.0002005014367469992,0.001086806318158104,0.0015471847002710881,0.0007445000495444261,0.0003735284282348518,0.003918474647800291,0.024846741140458904,0.001096764882244545,0.0007697697876085398,0.004942859947804107,0.0028629730580502924,,,,,,,,,,,,,,,,,,,,,,,,,,,,,,,,,,,,,,,,,,,,,,,,,,,,,,,,,,,,,,,,,,,,,,,,,,,,,,,,,,,,,,,,,,,,,,,,,,,,,,,,,,,,,,,,,,,,,,,,,,,,,,,,
1d_euler,cpinn,cPINN,31415,True,False,<LOCAL_PATH_REDACTED>/PINN/paper/<LOCAL_PATH_REDACTED>/results/raw/runs/1d_euler/cpinn/seed_31415,<LOCAL_PATH_REDACTED>/PINN/paper/<LOCAL_PATH_REDACTED>/results/raw/runs/1d_euler/cpinn/seed_31415/metrics_final.json,cPINN,,,,,,,,,,,,,,,,,,,,,,,,,,,,,,,,,,,,,1.0,0.018257418583505537,0.7,0.06644030660390854,0.9999890327453613,0.06335876297116608,0.09433575325048194,0.5202298164367676,2.0,0.9999999403953552,15.137151718139648,0.09023211896419525,,,,4000,6000,10000,2026-07-04 02:49:09,AdamW,False,1234.3049187660217,166664,,,,,,,,analytical_sod_riemann_solution,True,Analytical Sod Riemann solution,pointwise_analytic,700.0,301,0.2,primitive_scaled_space_time_rel_l2,2026-07-21 00:37:38,2.0,1.0,0.0,,1000.0,1000.0,20.0,20.0,True,0.00011975107190664858,0.00013219544780440629,,,,,,,,,,,,,,,,,,,,,,,,,,,,,,,,,,,,,,,,,,,,,,,,,0.008609853139891193,0.019961238573196288,0.02925962471065113,0.012504538145219476,0.023938393328631746,0.036803467630351604,0.09193966537714005,1.0364320278167725,0.03534721165202057,0.11120404854382726,0.2561988023975868,0.03621360550883131,0.12752524854576444,0.20773315410077958,-0.07194988429546356,0.9678453207015991,0.008140624668424183,0.02047239871174454,0.0306749634368592,0.009463511615180258,0.02556438178768324,0.041155624470844046,0.0995161160826683,1.011832356452942,0.09608077342119134,0.10914403766810002,0.0,0.0,1.1333225965499878,0.2583225965499878,1.9700927734375,0.11518753333960019,0.9472818970680237,0.04728189706802366,0.00027417126833819306,0.00017183401587600824,0.7991844811685185,0.0022252840619000976,0.003151463662973447,0.01536801918341708,0.0012442931390077043,0.002349842069936707,0.9804218125765157,0.0003370499863230473,0.00027316197178090234,0.0011795794392871653,0.0018866094844303609,0.0007854363204939916,0.0005090638468946227,0.0031828883158420695,0.028532551872269815,0.0012796293525796439,0.0008944595439261004,0.004945018859745465,0.002831517403306093,,,,,,,,,,,,,,,,,,,,,,,,,,,,,,,,,,,,,,,,,,,,,,,,,,,,,,,,,,,,,,,,,,,,,,,,,,,,,,,,,,,,,,,,,,,,,,,,,,,,,,,,,,,,,,,,,,,,,,,,,,,,,,,,
1d_euler,cpinn,cPINN,42,True,False,<LOCAL_PATH_REDACTED>/PINN/paper/<LOCAL_PATH_REDACTED>/results/raw/runs/1d_euler/cpinn/seed_42,<LOCAL_PATH_REDACTED>/PINN/paper/<LOCAL_PATH_REDACTED>/results/raw/runs/1d_euler/cpinn/seed_42/metrics_final.json,cPINN,,,,,,,,,,,,,,,,,,,,,,,,,,,,,,,,,,,,,1.0,0.018257418583505537,0.7,0.06633827090263367,0.9999932050704956,0.06250769041466715,0.09673516262663549,0.5108633041381836,2.0,0.9999999403953552,15.229619979858398,0.08959776908159256,,,,4000,6000,10000,2026-07-04 02:07:00,AdamW,False,1390.4448568820953,166664,,,,,,,,analytical_sod_riemann_solution,True,Analytical Sod Riemann solution,pointwise_analytic,700.0,301,0.2,primitive_scaled_space_time_rel_l2,2026-07-21 00:37:38,2.0,1.0,0.0,,1000.0,1000.0,20.0,20.0,True,0.00010465770901646465,0.00022009824169799685,,,,,,,,,,,,,,,,,,,,,,,,,,,,,,,,,,,,,,,,,,,,,,,,,0.008230044245260174,0.019309598827369944,0.028304436767803462,0.012044783694368231,0.02311777347901647,0.035541826731669536,0.09538482129573822,1.0451074838638306,0.035119369396879,0.10942868921474583,0.25210861917231703,0.03642830768430736,0.12409109267859539,0.20213906165166967,-0.08931112289428711,0.9638083577156067,0.008075850214239063,0.020125076594379766,0.030154550885257956,0.00946160284023157,0.024767540598405736,0.03987280460759956,0.09957632422447205,1.0100411176681519,0.09447704794870129,0.10614568935508323,0.0,0.0,1.1312012672424316,0.25620126724243164,1.9510037899017334,0.09609854980383359,0.9314062595367432,0.03140625953674314,0.00016975043272637934,4.978044415004934e-05,0.6099033834160899,0.0025609675348100868,0.0035555708056314583,0.018295582814457964,0.0007702287305117474,0.001381239794547452,0.9329653806190783,0.0003387920823270218,0.00024167274193656404,0.0024709169694024204,0.001453244029141809,0.0005886415766724177,0.0002569665740809555,0.0032013661206014288,0.018722199625245135,0.0008110227396891528,0.0005569165802393524,0.005737725602117091,0.0014781573155608426,,,,,,,,,,,,,,,,,,,,,,,,,,,,,,,,,,,,,,,,,,,,,,,,,,,,,,,,,,,,,,,,,,,,,,,,,,,,,,,,,,,,,,,,,,,,,,,,,,,,,,,,,,,,,,,,,,,,,,,,,,,,,,,,
1d_euler,cpinn,cPINN,7,True,False,<LOCAL_PATH_REDACTED>/PINN/paper/<LOCAL_PATH_REDACTED>/results/raw/runs/1d_euler/cpinn/seed_7,<LOCAL_PATH_REDACTED>/PINN/paper/<LOCAL_PATH_REDACTED>/results/raw/runs/1d_euler/cpinn/seed_7/metrics_final.json,cPINN,,,,,,,,,,,,,,,,,,,,,,,,,,,,,,,,,,,,,1.0,0.018257418583505537,0.7,0.06555637717247009,0.9999934434890747,0.06318444690537714,0.09419219884336164,0.5200314521789551,2.0,1.0,15.117233276367188,0.09007665514945984,,,,4000,6000,10000,2026-07-04 01:43:48,AdamW,False,1411.1196739673615,166664,,,,,,,,analytical_sod_riemann_solution,True,Analytical Sod Riemann solution,pointwise_analytic,700.0,301,0.2,primitive_scaled_space_time_rel_l2,2026-07-21 00:37:38,2.0,1.0,0.0,,1000.0,1000.0,20.0,20.0,True,0.00012761089601553977,0.00013387670333031565,,,,,,,,,,,,,,,,,,,,,,,,,,,,,,,,,,,,,,,,,,,,,,,,,0.0086361243445288,0.01946799632116059,0.028536619315315585,0.012929744274591247,0.023301270150132003,0.035823938972995295,0.09484900534152985,1.044838547706604,0.03595557823612072,0.10986007203685405,0.2531024657439683,0.03731158817709181,0.12511874403633083,0.2038130615873116,-0.07163649797439575,0.9669899940490723,0.008114304779957737,0.020156601667345536,0.03020178670135285,0.009603097738873542,0.024705769643678842,0.039773360692348284,0.09945989400148392,1.0100600719451904,0.09485587834027812,0.10696565179370317,0.0,0.0,1.1364396810531616,0.2614396810531616,1.9597084522247314,0.10480321212683164,0.9367583990097046,0.03675839900970457,0.0002395905036937593,0.00021384947092738244,0.7842569241631558,0.002486292497809385,0.0031248066791292883,0.01857348180372987,0.0007153292340418699,0.0008547051884409324,0.4246988326621181,0.0002645988027876587,0.000174237313120256,0.0010046372710209375,0.0012269076820906602,0.0005246677918885094,0.0002500749406765838,0.002614193001592907,0.016645781341616313,0.000860142776060367,0.0006410713921118985,0.004629256490780886,0.00148235170684153,,,,,,,,,,,,,,,,,,,,,,,,,,,,,,,,,,,,,,,,,,,,,,,,,,,,,,,,,,,,,,,,,,,,,,,,,,,,,,,,,,,,,,,,,,,,,,,,,,,,,,,,,,,,,,,,,,,,,,,,,,,,,,,,
1d_euler,gpinn_subsampled,gPINN-subsampled,100,True,False,<LOCAL_PATH_REDACTED>/PINN/paper/<LOCAL_PATH_REDACTED>/results/raw/runs/1d_euler/gpinn_subsampled/seed_100,<LOCAL_PATH_REDACTED>/PINN/paper/<LOCAL_PATH_REDACTED>/results/raw/runs/1d_euler/gpinn_subsampled/seed_100/metrics_final.json,gPINN-subsampled,,,,,,,,,,,,,,,,,,,,,,,,,,,,,,,,,,,,,1.0,0.018257418583505537,0.7,0.04695909470319748,0.9999874830245972,0.0339096017390591,0.08332307944711045,0.5187540650367737,2.0,1.0,14.773612976074219,0.09536658227443695,,,,4000,6000,10000,2026-07-02 10:57:26,AdamW,False,2827.732610464096,83331,,,,,,,,analytical_sod_riemann_solution,True,Analytical Sod Riemann solution,pointwise_analytic,700.0,301,0.2,primitive_scaled_space_time_rel_l2,2026-07-21 00:37:38,,,,,,,,,,,,0.0001,1024.0,512.0,False,348.2079315185547,0.03482079315185547,,,,,,,,,,,,,,,,,,,,,,,,,,,,,,,,,,,,,,,,,,,0.01472425770031448,0.031137722248530123,0.04564236151958367,0.021509613372223797,0.034879139623297195,0.05362403685485369,0.05999130755662918,1.083276391029358,0.06012917508186824,0.15118279705692633,0.34830432935035377,0.06375961257390195,0.15068456141135741,0.24545868032588555,-0.11488014459609985,1.0207189321517944,0.014615260873009555,0.02835893561752133,0.04249181180105994,0.017994725114684824,0.030719109785190445,0.04945412554459045,0.09883205592632294,1.0117058753967285,0.13158097257162818,0.1305651854132456,0.0,0.0,1.2811636924743652,0.40616369247436523,2.0678491592407227,0.21294391914282285,0.9773654341697693,0.07736543416976926,0.00040588277381015835,0.0004736999556734057,0.6454131022822277,0.004225212064662779,0.004924817204696036,0.03442426406477086,0.0008146198940112602,0.0010051687855541789,0.5972385338021918,0.0006079701407053755,0.0004923532292101188,0.0017888019510017474,0.0024587200369626354,0.0008411552316668221,0.00036053967133219296,0.004408369248506648,0.01617891997344731,0.001444124692401638,0.0010428663521619896,0.004664743405447397,0.0023540816774090738,,,,,,,,,,,,,,,,,,,,,,,,,,,,,,,,,,,,,,,,,,,,,,,,,,,,,,,,,,,,,,,,,,,,,,,,,,,,,,,,,,,,,,,,,,,,,,,,,,,,,,,,,,,,,,,,,,,,,,,,,,,,,,,,
1d_euler,gpinn_subsampled,gPINN-subsampled,2026,True,False,<LOCAL_PATH_REDACTED>/PINN/paper/<LOCAL_PATH_REDACTED>/results/raw/runs/1d_euler/gpinn_subsampled/seed_2026,<LOCAL_PATH_REDACTED>/PINN/paper/<LOCAL_PATH_REDACTED>/results/raw/runs/1d_euler/gpinn_subsampled/seed_2026/metrics_final.json,gPINN-subsampled,,,,,,,,,,,,,,,,,,,,,,,,,,,,,,,,,,,,,1.0,0.018257418583505537,0.7,0.047026000916957855,0.9999969005584717,0.03379680899060744,0.08168758459456134,0.5185196995735168,2.0,1.0000001192092896,14.815009117126465,0.095882348716259,,,,4000,6000,10000,2026-07-02 08:37:30,AdamW,False,3258.4955503940582,83331,,,,,,,,analytical_sod_riemann_solution,True,Analytical Sod Riemann solution,pointwise_analytic,700.0,301,0.2,primitive_scaled_space_time_rel_l2,2026-07-21 00:37:38,,,,,,,,,,,,0.0001,1024.0,512.0,False,1686.91259765625,0.16869125976562502,,,,,,,,,,,,,,,,,,,,,,,,,,,,,,,,,,,,,,,,,,,0.014697224415003466,0.03140310745821436,0.04603136902583857,0.020511611547363348,0.03445786926859705,0.0529763655742465,0.05733480304479599,1.079867959022522,0.0590943934874089,0.14837881112793697,0.3418443321977893,0.06118092224258654,0.14775482301064877,0.24068626227056236,-0.10735581815242767,1.0154361724853516,0.014451323739111475,0.027917089447913098,0.04182976846709177,0.017430965238388826,0.030056439211009582,0.048387304468087595,0.09888769686222076,1.0158534049987793,0.12935117332331478,0.1280762484153629,0.0,0.0,1.3197636604309082,0.4447636604309082,2.06892728805542,0.2140220479575201,0.9842138290405273,0.08421382904052732,0.00041631885329698287,0.0006718924783971818,0.7385696844432935,0.004158067173546049,0.005131977919713704,0.03365381584038859,0.0013772797145360676,0.002052889009653139,0.999999998287405,0.0006860651006393972,0.00045741922849517686,0.0021235028025529575,0.0032658805672559133,0.0007590363734686666,0.00031626759795065976,0.004753694786372692,0.01590007212035384,0.00077612357514479,0.0005134790338054546,0.003170195615717103,0.001976279531385611,,,,,,,,,,,,,,,,,,,,,,,,,,,,,,,,,,,,,,,,,,,,,,,,,,,,,,,,,,,,,,,,,,,,,,,,,,,,,,,,,,,,,,,,,,,,,,,,,,,,,,,,,,,,,,,,,,,,,,,,,,,,,,,,
1d_euler,gpinn_subsampled,gPINN-subsampled,31415,True,False,<LOCAL_PATH_REDACTED>/PINN/paper/<LOCAL_PATH_REDACTED>/results/raw/runs/1d_euler/gpinn_subsampled/seed_31415,<LOCAL_PATH_REDACTED>/PINN/paper/<LOCAL_PATH_REDACTED>/results/raw/runs/1d_euler/gpinn_subsampled/seed_31415/metrics_final.json,gPINN-subsampled,,,,,,,,,,,,,,,,,,,,,,,,,,,,,,,,,,,,,1.0,0.018257418583505537,0.7,0.04668959975242615,0.9999942779541016,0.033965998113284934,0.08023153275091259,0.5109232664108276,2.0,1.0,14.751293182373047,0.09545280784368515,,,,4000,6000,10000,2026-07-02 11:44:36,AdamW,False,2829.5903606414795,83331,,,,,,,,analytical_sod_riemann_solution,True,Analytical Sod Riemann solution,pointwise_analytic,700.0,301,0.2,primitive_scaled_space_time_rel_l2,2026-07-21 00:37:38,,,,,,,,,,,,0.0001,1024.0,512.0,False,655.3500289916992,0.06553500289916993,,,,,,,,,,,,,,,,,,,,,,,,,,,,,,,,,,,,,,,,,,,0.014892473663833334,0.03126094132057592,0.04582297875894155,0.021127267241382808,0.03499282903453828,0.053798825718462194,0.05916887894272804,1.0757452249526978,0.06090663589525514,0.1536136396114939,0.3539046555925396,0.06364903737013064,0.15291900354719287,0.2490984906209128,-0.11364684998989105,1.017508864402771,0.014926150106429944,0.028695901871348944,0.04299670757127018,0.01855681840024362,0.0315439834934026,0.050782074440558204,0.09874115884304047,1.0147000551223755,0.13358718120365698,0.13248294943984013,0.0,0.0,1.276646614074707,0.40164661407470703,2.079235792160034,0.22433055206213437,0.978312611579895,0.078312611579895,0.00046994990623622896,0.0010502074304275136,0.7570641189871905,0.0044540523373135295,0.005574156662798424,0.034468208169201264,0.0003325880611770943,0.0009908436644929957,0.44727130158034584,0.0007399663910004374,0.0006150497749298004,0.0021456184231650847,0.003305529747260927,0.0011018013003060347,0.0006478804413932555,0.005220296944946939,0.024422437075434955,0.0009988607262106858,0.0007428641359260614,0.003387329292281749,0.0025209188699003475,,,,,,,,,,,,,,,,,,,,,,,,,,,,,,,,,,,,,,,,,,,,,,,,,,,,,,,,,,,,,,,,,,,,,,,,,,,,,,,,,,,,,,,,,,,,,,,,,,,,,,,,,,,,,,,,,,,,,,,,,,,,,,,,
1d_euler,gpinn_subsampled,gPINN-subsampled,42,True,False,<LOCAL_PATH_REDACTED>/PINN/paper/<LOCAL_PATH_REDACTED>/results/raw/runs/1d_euler/gpinn_subsampled/seed_42,<LOCAL_PATH_REDACTED>/PINN/paper/<LOCAL_PATH_REDACTED>/results/raw/runs/1d_euler/gpinn_subsampled/seed_42/metrics_final.json,gPINN-subsampled,,,,,,,,,,,,,,,,,,,,,,,,,,,,,,,,,,,,,1.0,0.018257418583505537,0.7,0.04666462168097496,0.9999910593032837,0.03409929863418235,0.08054427628071038,0.5183938145637512,2.0,0.9999999403953552,14.744680404663086,0.09517522156238556,,,,4000,6000,10000,2026-07-02 10:10:17,AdamW,False,2861.901737689972,83331,,,,,,,,analytical_sod_riemann_solution,True,Analytical Sod Riemann solution,pointwise_analytic,700.0,301,0.2,primitive_scaled_space_time_rel_l2,2026-07-21 00:37:38,,,,,,,,,,,,0.0001,1024.0,512.0,False,463.82716369628906,0.04638271636962891,,,,,,,,,,,,,,,,,,,,,,,,,,,,,,,,,,,,,,,,,,,0.014425795612202526,0.030450070424604216,0.04463438627667042,0.0208728855407693,0.03406183086214864,0.05236748650404312,0.06404678523540497,1.0785808563232422,0.06051208917581185,0.15098131068959633,0.3478401325276181,0.06347674996605193,0.1505726571123962,0.24527639302791326,-0.10163867473602295,1.0226012468338013,0.014733340529165995,0.028401099307339063,0.042554988063975334,0.0182450444280172,0.03098846614295028,0.04988775735313037,0.09841159731149673,1.0155550241470337,0.13127730852340147,0.130338348650648,0.0,0.0,1.2736738920211792,0.3986738920211792,2.094895362854004,0.2399901227561041,0.9872309565544128,0.08723095655441282,0.00039782733890225436,0.00019603464986607592,0.6164683360695875,0.004058493854457406,0.0047788968949591115,0.03215660242396662,0.00023466545631593732,0.00014724755240805602,0.3350572979100156,0.0006190120346217812,0.000561972962079152,0.0019761894659891185,0.0027084600787151804,0.0007611268869427024,0.0004238356844340971,0.00472917887157312,0.018432954633840752,0.0009792582461962377,0.0006076572155869105,0.003301389595649587,0.0018361952915576236,,,,,,,,,,,,,,,,,,,,,,,,,,,,,,,,,,,,,,,,,,,,,,,,,,,,,,,,,,,,,,,,,,,,,,,,,,,,,,,,,,,,,,,,,,,,,,,,,,,,,,,,,,,,,,,,,,,,,,,,,,,,,,,,
1d_euler,gpinn_subsampled,gPINN-subsampled,7,True,False,<LOCAL_PATH_REDACTED>/PINN/paper/<LOCAL_PATH_REDACTED>/results/raw/runs/1d_euler/gpinn_subsampled/seed_7,<LOCAL_PATH_REDACTED>/PINN/paper/<LOCAL_PATH_REDACTED>/results/raw/runs/1d_euler/gpinn_subsampled/seed_7/metrics_final.json,gPINN-subsampled,,,,,,,,,,,,,,,,,,,,,,,,,,,,,,,,,,,,,1.0,0.018257418583505537,0.7,0.046895235776901245,0.9999868869781494,0.0336737623559329,0.08311287477954145,0.5055111646652222,2.0,0.9999999403953552,14.75417709350586,0.09490645676851273,,,,4000,6000,10000,2026-07-02 09:22:35,AdamW,False,2703.781430006027,83331,,,,,,,,analytical_sod_riemann_solution,True,Analytical Sod Riemann solution,pointwise_analytic,700.0,301,0.2,primitive_scaled_space_time_rel_l2,2026-07-21 00:37:38,,,,,,,,,,,,0.0001,1024.0,512.0,False,218.36891174316406,0.021836891174316406,,,,,,,,,,,,,,,,,,,,,,,,,,,,,,,,,,,,,,,,,,,0.014694637994874369,0.03081165004986197,0.045164397683490946,0.0212321063953111,0.03456023652571258,0.0531337474829627,0.06421279162168503,1.0844000577926636,0.0636000835649509,0.1539253770478573,0.3546228556842145,0.06598095695214522,0.15287446287313955,0.24902593577540272,-0.12097448110580444,1.0201210975646973,0.015103132399351798,0.02887785234300506,0.04326933434764147,0.018694582510323656,0.031545200515811125,0.05078403370237935,0.09890178591012955,1.0121182203292847,0.1337698901466049,0.1323437595082783,0.0,0.0,1.2614816427230835,0.3864816427230835,2.0716495513916016,0.21674431129370175,0.9803628921508789,0.08036289215087888,0.0006848799415156451,0.0018081089220307366,0.7110775451789224,0.004910880416316439,0.006006080843175832,0.03816519299797587,0.0008969536149242045,0.002299176882019524,0.54274864887771,0.000992016454943464,0.0007448020820467033,0.002674292927871246,0.0033041354642275944,0.0007727531868404406,0.0004027628279085066,0.005193173808571677,0.012153658424076409,0.0008190787473103175,0.0006600561754531888,0.0028103007804326507,0.0017192339165210532,,,,,,,,,,,,,,,,,,,,,,,,,,,,,,,,,,,,,,,,,,,,,,,,,,,,,,,,,,,,,,,,,,,,,,,,,,,,,,,,,,,,,,,,,,,,,,,,,,,,,,,,,,,,,,,,,,,,,,,,,,,,,,,,
1d_euler,lra_pinn,LRA-PINN,100,True,False,<LOCAL_PATH_REDACTED>/PINN/paper/<LOCAL_PATH_REDACTED>/results/raw/runs/1d_euler/lra_pinn/seed_100,<LOCAL_PATH_REDACTED>/PINN/paper/<LOCAL_PATH_REDACTED>/results/raw/runs/1d_euler/lra_pinn/seed_100/metrics_final.json,LRA-PINN,,,,,,,,,,,,,,,,,,,,,,,,,,,,,,,,,,,,,1.0,0.018257418583505537,0.7,0.04281610995531082,1.0,0.039923506008777324,0.05163857101841598,0.4946519136428833,2.0,1.0000001192092896,18.10630989074707,0.07078901678323746,,,,4000,6000,10000,2026-07-01 22:13:17,AdamW,False,485.5055866241455,83331,,,,,,,,analytical_sod_riemann_solution,True,Analytical Sod Riemann solution,pointwise_analytic,700.0,301,0.2,primitive_scaled_space_time_rel_l2,2026-07-21 00:37:38,,,,,,,,,,,,,,,,,,0.9,500.0,9999.996669911377,10000.0,999999.6669911378,300000.0,1.0,,,,,,,,,,,,,,,,,,,,,,,,,,,,,,,,,,,,0.05755015861744116,0.11739351503237581,0.17207800912333304,0.11008393652051869,0.16336214806508717,0.25115693629894037,0.11388467997312546,1.1628435850143433,0.17769117619950953,0.36870460452665504,0.8494445962637417,0.34754173982369224,0.5174970273270263,0.8429804368179057,-0.0011702179908752441,0.5036839842796326,0.04417427337043822,0.08621519188423502,0.1291811426686183,0.08686291199961912,0.1206691932776341,0.19426309796885838,0.06482096016407013,1.0011245012283325,0.3364189147919936,0.4644250359602709,0.0,0.0,2.023174285888672,1.1481742858886719,1.0981472730636597,0.0,0.9527510404586792,0.05275104045867918,0.0059808758821961825,0.012632194938644169,0.9985893933223694,0.05889441991983051,0.11413949942127462,0.5191933457253731,0.13770270908479923,0.2788564546751817,0.9999999999720437,0.003827648649701529,0.0030716317181745984,0.015664118288936022,0.011616500240598963,0.027594129837965557,0.022992961420235318,0.10621272292261562,0.449534593673766,0.06838274888103409,0.05901160241348856,0.26343370862522714,0.07229819828211742,,,,,,,,,,,,,,,,,,,,,,,,,,,,,,,,,,,,,,,,,,,,,,,,,,,,,,,,,,,,,,,,,,,,,,,,,,,,,,,,,,,,,,,,,,,,,,,,,,,,,,,,,,,,,,,,,,,,,,,,,,,,,,,,
1d_euler,lra_pinn,LRA-PINN,2026,True,False,<LOCAL_PATH_REDACTED>/PINN/paper/<LOCAL_PATH_REDACTED>/results/raw/runs/1d_euler/lra_pinn/seed_2026,<LOCAL_PATH_REDACTED>/PINN/paper/<LOCAL_PATH_REDACTED>/results/raw/runs/1d_euler/lra_pinn/seed_2026/metrics_final.json,LRA-PINN,,,,,,,,,,,,,,,,,,,,,,,,,,,,,,,,,,,,,1.0,0.018257418583505537,0.7,0.04418473690748215,1.0,0.038805832410483576,0.05742176284811944,0.4916377663612366,2.0,0.9999998211860657,17.630361557006836,0.07358609139919281,,,,4000,6000,10000,2026-07-01 21:47:30,AdamW,False,507.5711190700531,83331,,,,,,,,analytical_sod_riemann_solution,True,Analytical Sod Riemann solution,pointwise_analytic,700.0,301,0.2,primitive_scaled_space_time_rel_l2,2026-07-21 00:37:38,,,,,,,,,,,,,,,,,,0.9,500.0,9999.587463186439,9999.99999999991,999958.7463186439,299999.9999999973,1.0,,,,,,,,,,,,,,,,,,,,,,,,,,,,,,,,,,,,0.06523954050893048,0.130863674938841,0.19182286724976544,0.1271237499181096,0.18389697002040623,0.28272767058977066,0.09169904887676239,1.0679587125778198,0.18129462574181607,0.3698950906489097,0.8521873122240547,0.3572862930047397,0.5204692346089101,0.8478220348571007,-0.00022218003869056702,0.5478286743164062,0.04859088594301562,0.09357336936518773,0.14020631995088076,0.09174023180938794,0.130163946302019,0.2095485249023296,0.033533915877342224,1.006862759590149,0.34386444138564426,0.47598106573624493,0.0,0.0,1.6789567470550537,0.8039567470550537,1.36224365234375,0.0,1.0033574104309082,0.10335741043090818,0.0051285244919710765,0.006944228732896252,0.9987690669567343,0.062031342019032015,0.12223251329796492,0.5559442900738392,0.14932357510509392,0.2821898879814133,0.9999999999794487,0.0028425600455762906,0.0013341382305577664,0.014979237262723905,0.01327667363723164,0.028425415198792034,0.027280500411356583,0.112468942511491,0.4790178001418818,0.06509280069124049,0.06087719968417562,0.2590853895778881,0.0973698781810233,,,,,,,,,,,,,,,,,,,,,,,,,,,,,,,,,,,,,,,,,,,,,,,,,,,,,,,,,,,,,,,,,,,,,,,,,,,,,,,,,,,,,,,,,,,,,,,,,,,,,,,,,,,,,,,,,,,,,,,,,,,,,,,,
1d_euler,lra_pinn,LRA-PINN,31415,True,False,<LOCAL_PATH_REDACTED>/PINN/paper/<LOCAL_PATH_REDACTED>/results/raw/runs/1d_euler/lra_pinn/seed_31415,<LOCAL_PATH_REDACTED>/PINN/paper/<LOCAL_PATH_REDACTED>/results/raw/runs/1d_euler/lra_pinn/seed_31415/metrics_final.json,LRA-PINN,,,,,,,,,,,,,,,,,,,,,,,,,,,,,,,,,,,,,1.0,0.018257418583505537,0.7,0.04856600612401962,1.0,0.046957671957671955,0.056386120339608714,0.49456262588500977,2.0,1.0,17.86627769470215,0.07569480687379837,,,,4000,6000,10000,2026-07-01 22:21:40,AdamW,False,502.93603444099426,83331,,,,,,,,analytical_sod_riemann_solution,True,Analytical Sod Riemann solution,pointwise_analytic,700.0,301,0.2,primitive_scaled_space_time_rel_l2,2026-07-21 00:37:38,,,,,,,,,,,,,,,,,,0.9,500.0,9546.36002539074,10000.0,954636.002539074,300000.0,1.0,,,,,,,,,,,,,,,,,,,,,,,,,,,,,,,,,,,,0.05815548044299313,0.11547192995620055,0.16926130724522542,0.11184673066765624,0.1590606954165894,0.24454377846753603,0.049191270023584366,1.013339877128601,0.17393588292728893,0.3639104829573319,0.8383996008639119,0.3413241156775722,0.5100124252651524,0.830788341438893,-0.003809332847595215,1.1949875354766846,0.05452111314897835,0.0992865246859591,0.14876666664211738,0.10349897026788946,0.13880821447459352,0.2234647720343901,0.012701359577476978,1.005149483680725,0.33566248831510775,0.46224953197019775,0.0,0.0,1.0112740993499756,0.13627409934997559,2.4446821212768555,0.5897768811789557,1.0724903345108032,0.1724903345108032,0.015165085146379114,0.030433815610553073,0.99701065405131,0.06314011190110266,0.12518874200104957,0.5780725890103144,0.1660783868967775,0.3221042479371458,0.9996890599633438,0.008646678480391296,0.0072986608603046454,0.026626309294574862,0.03369977523859663,0.031264088288882816,0.02698304011390295,0.10235155818197642,0.5511727789990077,0.08159635002608431,0.06409476280444754,0.26443658472757,0.1056167109905233,,,,,,,,,,,,,,,,,,,,,,,,,,,,,,,,,,,,,,,,,,,,,,,,,,,,,,,,,,,,,,,,,,,,,,,,,,,,,,,,,,,,,,,,,,,,,,,,,,,,,,,,,,,,,,,,,,,,,,,,,,,,,,,,
1d_euler,lra_pinn,LRA-PINN,42,True,False,<LOCAL_PATH_REDACTED>/PINN/paper/<LOCAL_PATH_REDACTED>/results/raw/runs/1d_euler/lra_pinn/seed_42,<LOCAL_PATH_REDACTED>/PINN/paper/<LOCAL_PATH_REDACTED>/results/raw/runs/1d_euler/lra_pinn/seed_42/metrics_final.json,LRA-PINN,,,,,,,,,,,,,,,,,,,,,,,,,,,,,,,,,,,,,1.0,0.018257418583505537,0.7,0.04624663293361664,0.9999938011169434,0.047547270415487466,0.054494278331487636,0.4943426251411438,2.0,1.0,19.466243743896484,0.07391113042831421,,,,4000,6000,10000,2026-07-01 22:05:10,AdamW,False,518.7976360321045,83331,,,,,,,,analytical_sod_riemann_solution,True,Analytical Sod Riemann solution,pointwise_analytic,700.0,301,0.2,primitive_scaled_space_time_rel_l2,2026-07-21 00:37:38,,,,,,,,,,,,,,,,,,0.9,500.0,9999.99995271638,9999.999999999989,999999.995271638,299999.99999999965,1.0,,,,,,,,,,,,,,,,,,,,,,,,,,,,,,,,,,,,0.06063449969817096,0.11867272774826652,0.17395310739716033,0.11311919219491703,0.15956859576859603,0.24532463681119784,0.06266609579324722,1.015395164489746,0.1724798227501186,0.35675664890976005,0.821918153115032,0.3367742692459329,0.4993466124484418,0.8134141903376019,-0.0029937028884887695,0.9183930158615112,0.05296690507595481,0.10055466496558073,0.15066679360124532,0.10001947370113348,0.14038227547535487,0.22599882366840016,0.007859080098569393,1.0096575021743774,0.3318223068662443,0.45508207337007234,0.0,0.0,0.9508044123649597,0.07580441236495972,1.8437511920928955,0.0,1.0819509029388428,0.18195090293884275,0.013620105097386122,0.027175026676451264,0.9823413743972185,0.06406438886804264,0.12524018878933676,0.5953986131135138,0.1580050248294797,0.3044460240358389,0.9950641881116784,0.008392938509322443,0.007651886783086303,0.028151899301828293,0.03325762421504004,0.031548736057502226,0.02959256739794723,0.10312210198747629,0.4635868858015776,0.07579479818476625,0.0683846458741108,0.24318854539065354,0.12052661011905005,,,,,,,,,,,,,,,,,,,,,,,,,,,,,,,,,,,,,,,,,,,,,,,,,,,,,,,,,,,,,,,,,,,,,,,,,,,,,,,,,,,,,,,,,,,,,,,,,,,,,,,,,,,,,,,,,,,,,,,,,,,,,,,,
1d_euler,lra_pinn,LRA-PINN,7,True,False,<LOCAL_PATH_REDACTED>/PINN/paper/<LOCAL_PATH_REDACTED>/results/raw/runs/1d_euler/lra_pinn/seed_7,<LOCAL_PATH_REDACTED>/PINN/paper/<LOCAL_PATH_REDACTED>/results/raw/runs/1d_euler/lra_pinn/seed_7/metrics_final.json,LRA-PINN,,,,,,,,,,,,,,,,,,,,,,,,,,,,,,,,,,,,,1.0,0.018257418583505537,0.7,0.055182937532663345,1.0,0.05242299331446618,0.06692198843361634,0.5141900181770325,2.0,1.0,17.003583908081055,0.09003942459821701,,,,4000,6000,10000,2026-07-01 21:56:31,AdamW,False,540.0487473011017,83331,,,,,,,,analytical_sod_riemann_solution,True,Analytical Sod Riemann solution,pointwise_analytic,700.0,301,0.2,primitive_scaled_space_time_rel_l2,2026-07-21 00:37:38,,,,,,,,,,,,,,,,,,0.9,500.0,9999.962915844664,9999.999999965159,999996.2915844665,299999.99999895477,1.0,,,,,,,,,,,,,,,,,,,,,,,,,,,,,,,,,,,,0.05961888257409563,0.14403029749434448,0.21112279361796868,0.11209577712677417,0.20849948291503967,0.32055217177966333,0.11283618211746216,1.6554046869277954,0.16271954352316884,0.35534268422858617,0.8186605733533882,0.30971781193370607,0.49572222227662294,0.8075102143746489,-0.006909504532814026,0.7398678064346313,0.05305075327781875,0.09652746099442526,0.14463260404156764,0.11539620969590303,0.1427296239781512,0.2297777765210691,0.04026736691594124,1.011483907699585,0.3391622658166903,0.47120256296734114,0.0,0.0,3.1118483543395996,2.2368483543395996,1.5492222309112549,0.0,0.9754196405410767,0.07541964054107664,0.002554520859367958,0.010917210103531748,0.9501175965610271,0.04723470443919053,0.08149075723917934,0.4276457387235655,0.15221490084317238,0.3385176207219852,0.9999999999703149,0.0032262310490474835,0.002642277086725684,0.008844438174806391,0.008184313793098912,0.019904843858859024,0.017519380776848822,0.06889395217137043,0.30798282566472424,0.09378837382435426,0.0836924025114736,0.2651585595397567,0.10617313732288203,,,,,,,,,,,,,,,,,,,,,,,,,,,,,,,,,,,,,,,,,,,,,,,,,,,,,,,,,,,,,,,,,,,,,,,,,,,,,,,,,,,,,,,,,,,,,,,,,,,,,,,,,,,,,,,,,,,,,,,,,,,,,,,,
1d_euler,ours,Ours,100,True,False,<LOCAL_PATH_REDACTED>/PINN/paper/<LOCAL_PATH_REDACTED>/results/raw/runs/1d_euler/ours/seed_100,<LOCAL_PATH_REDACTED>/PINN/paper/<LOCAL_PATH_REDACTED>/results/raw/runs/1d_euler/ours/seed_100/metrics_final.json,Ours,,,,,,,,,,,,,,,,,,,,,,,,,,,,,,,,,,,,,1.0,0.018257418583505537,0.7,0.07134398818016052,0.999583899974823,0.06534288995529305,0.09145441122185308,0.4873378872871399,2.0,0.9999999403953552,14.968022346496582,0.08525499701499939,,,,4000,6000,10000,2026-07-01 02:06:07,AdamW,False,625.6480400562286,83331,,,,,,,,analytical_sod_riemann_solution,True,Analytical Sod Riemann solution,pointwise_analytic,700.0,301,0.2,primitive_scaled_space_time_rel_l2,2026-07-21 00:37:38,,,,,,,,,,,,,,,,,,,,,,,,,201.7632942199707,423.88474583625793,,,,,,,,,,,,,,,,,,,,,,,,,,,,,,,,,,0.0035332896120099442,0.00841513800033026,0.012335095283547632,0.004559627406278982,0.009733346750789074,0.014964283824729377,0.1192149892449379,1.0170313119888306,0.009446740117610469,0.03952603615115351,0.09106254006083446,0.013328106509979334,0.04340900610515901,0.07071140701496936,-0.01122349500656128,0.9427728652954102,0.0030956574718247875,0.008495123791514219,0.012728728829748626,0.0036547624615770762,0.008678271730621337,0.013970988829992788,0.09957768023014069,1.0016491413116455,0.03470212422064071,0.03749912939721485,0.0,0.0,0.9801678657531738,0.10516786575317383,1.9311909675598145,0.07628572746191464,0.9417099356651306,0.04170993566513059,0.0006117562447056157,0.0013692448625148316,0.9998342509982205,0.00024287396437818457,6.93970978012104e-05,0.004621745813852554,0.0017993646604353274,0.000967842213173368,0.8478507326194099,0.00043566354209254347,0.0004185901191966784,0.0016650007020045784,0.0019660908095805256,0.00046636063112178214,0.00036478081524985925,0.0012753553036597004,0.011624225045723087,0.0010601945414082715,0.0008066478210173762,0.007183143798917102,0.002028140578332706,,,,,,,,,,,,,,,,,,,,,,,,,,,,,,,,,,,,,,,,,,,,,,,,,,,,,,,,,,,,,,,,,,,,,,,,,,,,,,,,,,,,,,,,,,,,,,,,,,,,,,,,,,,,,,,,,,,,,,,,,,,,,,,,
1d_euler,ours,Ours,2026,True,False,<LOCAL_PATH_REDACTED>/PINN/paper/<LOCAL_PATH_REDACTED>/results/raw/runs/1d_euler/ours/seed_2026,<LOCAL_PATH_REDACTED>/PINN/paper/<LOCAL_PATH_REDACTED>/results/raw/runs/1d_euler/ours/seed_2026/metrics_final.json,Ours,,,,,,,,,,,,,,,,,,,,,,,,,,,,,,,,,,,,,1.0,0.018257418583505537,0.7,0.07107064127922058,0.9997894167900085,0.06496862310815799,0.09033673762355933,0.49744170904159546,2.0,0.9999999403953552,14.812530517578125,0.08556728065013885,,,,4000,6000,10000,2026-07-01 01:06:48,AdamW,False,620.232914686203,83331,,,,,,,,analytical_sod_riemann_solution,True,Analytical Sod Riemann solution,pointwise_analytic,700.0,301,0.2,primitive_scaled_space_time_rel_l2,2026-07-21 00:37:38,,,,,,,,,,,,,,,,,,,,,,,,,203.55366253852844,416.67925214767456,,,,,,,,,,,,,,,,,,,,,,,,,,,,,,,,,,0.0032742401402111065,0.009042544675906717,0.013254761856391208,0.004378716510536402,0.009907606359156445,0.01523219478131624,0.11635960638523102,1.010722279548645,0.008735180107389409,0.04009346037762099,0.09236980727975276,0.011070168880364129,0.04522565425967811,0.07367064885400161,-0.011094808578491211,0.9411542415618896,0.003012423535007909,0.008465737484246854,0.012684697648368125,0.0032667611878832545,0.008676707224830774,0.013968470161114596,0.09980972111225128,1.0009657144546509,0.03528606589165256,0.03893603960917827,0.0,0.0,1.0000064373016357,0.12500643730163574,1.9340003728866577,0.0790951327887579,0.9335068464279175,0.03350684642791746,0.00046153081068547533,0.0012745356827419184,0.8888847736558372,0.0006585278123977836,0.0013660951541571709,0.005330444363277217,0.0015427633977825015,3.6792448729568e-05,0.9518506924872004,0.00027500563876888863,0.00020901855124551977,0.00088020518779406,0.0013460546412321348,0.0005784801436010409,0.00046055558440912317,0.0023416888568249805,0.03478602537067416,0.0008216278616109108,0.0006879528279044316,0.0024861816773838682,0.0020627744901468084,,,,,,,,,,,,,,,,,,,,,,,,,,,,,,,,,,,,,,,,,,,,,,,,,,,,,,,,,,,,,,,,,,,,,,,,,,,,,,,,,,,,,,,,,,,,,,,,,,,,,,,,,,,,,,,,,,,,,,,,,,,,,,,,
1d_euler,ours,Ours,31415,True,False,<LOCAL_PATH_REDACTED>/PINN/paper/<LOCAL_PATH_REDACTED>/results/raw/runs/1d_euler/ours/seed_31415,<LOCAL_PATH_REDACTED>/PINN/paper/<LOCAL_PATH_REDACTED>/results/raw/runs/1d_euler/ours/seed_31415/metrics_final.json,Ours,,,,,,,,,,,,,,,,,,,,,,,,,,,,,,,,,,,,,1.0,0.018257418583505537,0.7,0.07142824679613113,0.9997907280921936,0.06483019564414913,0.09172613920675936,0.4934403598308563,2.0,1.0000001192092896,15.087468147277832,0.08564319461584091,,,,4000,6000,10000,2026-07-01 02:21:13,AdamW,False,602.2369372844696,83331,,,,,,,,analytical_sod_riemann_solution,True,Analytical Sod Riemann solution,pointwise_analytic,700.0,301,0.2,primitive_scaled_space_time_rel_l2,2026-07-21 00:37:38,,,,,,,,,,,,,,,,,,,,,,,,,184.1465482711792,418.0903890132904,,,,,,,,,,,,,,,,,,,,,,,,,,,,,,,,,,0.0034298993064048387,0.008904052706054912,0.013051757265847216,0.004543376687920544,0.009807827752090862,0.015078792726093611,0.11618568748235703,1.009304404258728,0.009200579561969461,0.04017917175570372,0.0925672744826486,0.011210999248396285,0.03576898108207604,0.05826613430582144,-0.01678948849439621,0.9407358765602112,0.0029916202674026816,0.008548609843674325,0.01280887003437708,0.0031065333144358735,0.008054316773092748,0.012966495307245442,0.09946794807910919,1.0017422437667847,0.035338063748462135,0.03157634121455833,0.0,0.0,1.00364089012146,0.12864089012145996,1.9336795806884766,0.07877434059057675,0.9360815286636353,0.03608152866363523,0.0006576197829920394,0.0016721507577444532,0.9999999958741819,0.0005201052812499157,0.0007634071618972671,0.00586213430068045,0.00109086149916323,0.00012171858470089999,0.6178953143026223,0.0005086767887303046,0.0003349115547809446,0.0018443882912467819,0.00193355051069748,0.0005121135416735691,0.00026910692638954176,0.0021063746096278146,0.017135958510018177,0.0010564999550848404,0.0006568760220488031,0.003416803638094861,0.0019465490943783377,,,,,,,,,,,,,,,,,,,,,,,,,,,,,,,,,,,,,,,,,,,,,,,,,,,,,,,,,,,,,,,,,,,,,,,,,,,,,,,,,,,,,,,,,,,,,,,,,,,,,,,,,,,,,,,,,,,,,,,,,,,,,,,,
1d_euler,ours,Ours,42,True,False,<LOCAL_PATH_REDACTED>/PINN/paper/<LOCAL_PATH_REDACTED>/results/raw/runs/1d_euler/ours/seed_42,<LOCAL_PATH_REDACTED>/PINN/paper/<LOCAL_PATH_REDACTED>/results/raw/runs/1d_euler/ours/seed_42/metrics_final.json,Ours,,,,,,,,,,,,,,,,,,,,,,,,,,,,,,,,,,,,,1.0,0.018257418583505537,0.7,0.07190603762865067,0.9991440773010254,0.06574791846109676,0.09325396825396826,0.4959954023361206,2.0,1.0000001192092896,15.029420852661133,0.0853908583521843,,,,4000,6000,10000,2026-07-01 01:50:58,AdamW,False,624.6379084587097,83331,,,,,,,,analytical_sod_riemann_solution,True,Analytical Sod Riemann solution,pointwise_analytic,700.0,301,0.2,primitive_scaled_space_time_rel_l2,2026-07-21 00:37:38,,,,,,,,,,,,,,,,,,,,,,,,,202.79025197029114,421.8476564884186,,,,,,,,,,,,,,,,,,,,,,,,,,,,,,,,,,0.0034099481662626416,0.008842114248992386,0.012960966506438137,0.0043220994039895174,0.00986557054164109,0.015167567893955701,0.11385378241539001,1.0058739185333252,0.009199716469723418,0.038961825972900696,0.0897626775660627,0.012482925102789727,0.04530744186867165,0.07380387735719086,-0.024272024631500244,0.9425555467605591,0.0032189206292487066,0.008447484437077893,0.012657348066015671,0.0036041856477713307,0.008986076951805677,0.014466518751210406,0.0997810810804367,1.0030254125595093,0.03435485995732509,0.03905404542145548,0.0,0.0,0.9725294709205627,0.09752947092056274,1.9336167573928833,0.07871151729498349,0.9336493611335754,0.03364936113357542,0.00044268804482468335,0.0013191179862236402,0.8711705011993801,0.0005205568740300091,0.0008842149703806867,0.004956932180490573,0.0023737879139176755,0.0015586253908706832,0.9999999995246072,0.00037541186196293937,0.0002789807176825906,0.002825001498573411,0.0013813504806534994,0.000390302026713448,0.00022684768437048614,0.001590755773666283,0.03934464032289128,0.0008037782235327334,0.0005130949334663966,0.003388631300942177,0.0012156961223525969,,,,,,,,,,,,,,,,,,,,,,,,,,,,,,,,,,,,,,,,,,,,,,,,,,,,,,,,,,,,,,,,,,,,,,,,,,,,,,,,,,,,,,,,,,,,,,,,,,,,,,,,,,,,,,,,,,,,,,,,,,,,,,,,
1d_euler,ours,Ours,7,True,False,<LOCAL_PATH_REDACTED>/PINN/paper/<LOCAL_PATH_REDACTED>/results/raw/runs/1d_euler/ours/seed_7,<LOCAL_PATH_REDACTED>/PINN/paper/<LOCAL_PATH_REDACTED>/results/raw/runs/1d_euler/ours/seed_7/metrics_final.json,Ours,,,,,,,,,,,,,,,,,,,,,,,,,,,,,,,,,,,,,1.0,0.018257418583505537,0.7,0.06984877586364746,0.9998317956924438,0.06409191583610188,0.09000348632131577,0.5137538909912109,2.0,1.000000238418579,14.74439525604248,0.0862932801246643,,,,4000,6000,10000,2026-07-01 01:35:49,AdamW,False,599.2736940383911,83331,,,,,,,,analytical_sod_riemann_solution,True,Analytical Sod Riemann solution,pointwise_analytic,700.0,301,0.2,primitive_scaled_space_time_rel_l2,2026-07-21 00:37:38,,,,,,,,,,,,,,,,,,,,,,,,,204.11491131782532,395.1587827205658,,,,,,,,,,,,,,,,,,,,,,,,,,,,,,,,,,0.003948821835021606,0.01038381008542723,0.015220818340112895,0.004958345709357949,0.011078820828667726,0.017032848368426532,0.12200445681810379,1.01115882396698,0.010775309426176499,0.05044545873041504,0.11621938483683573,0.012400366344645032,0.05105725331331647,0.0831700733105529,-0.011633962392807007,0.9489732384681702,0.003446395141467348,0.010348848053199869,0.015506269690976831,0.0037249547927955375,0.009670756717234844,0.015568772016820942,0.09970764070749283,1.0023003816604614,0.04409439139380869,0.04390599948748921,0.0,0.0,1.022933006286621,0.1479330062866211,1.9507431983947754,0.09583795829687558,0.9394681453704834,0.039468145370483376,0.0002537867488909884,0.0006371588734527768,0.605432523560839,0.0006771788086834569,0.0011772386306790894,0.004762906948281235,0.0013597718588775271,0.0007928048346273701,0.6753016252261438,0.0003035525504319297,0.00022376407315363497,0.000770549988264522,0.0010793169944180922,0.000398769290044715,0.00019740268786312513,0.0016674037647446127,0.034567390014879865,0.0010604106389112487,0.0006014049560676083,0.003741742868031976,0.0017039366280188224,,,,,,,,,,,,,,,,,,,,,,,,,,,,,,,,,,,,,,,,,,,,,,,,,,,,,,,,,,,,,,,,,,,,,,,,,,,,,,,,,,,,,,,,,,,,,,,,,,,,,,,,,,,,,,,,,,,,,,,,,,,,,,,,
1d_euler,pinn,PINN,100,True,False,<LOCAL_PATH_REDACTED>/PINN/paper/<LOCAL_PATH_REDACTED>/results/raw/runs/1d_euler/pinn/seed_100,<LOCAL_PATH_REDACTED>/PINN/paper/<LOCAL_PATH_REDACTED>/results/raw/runs/1d_euler/pinn/seed_100/metrics_final.json,PINN,,,,,,,,,,,,,,,,,,,,,,,,,,,,,,,,,,,,,1.0,0.018257418583505537,0.7,0.06570624560117722,0.9999685287475586,0.06305114638447971,0.09230035683524056,0.5019383430480957,2.0,1.0,15.236945152282715,0.08962926268577576,,,,4000,6000,10000,2026-07-01 01:59:02,AdamW,False,482.9164123535156,83331,,,,,,,,analytical_sod_riemann_solution,True,Analytical Sod Riemann solution,pointwise_analytic,700.0,301,0.2,primitive_scaled_space_time_rel_l2,2026-07-21 00:37:38,,,,,,,,,,,,,,,,,,,,,,,,,201.7632942199707,281.1531181335449,,,,,,,,,,,,,,,,,,,,,,,,,,,,,,,,,,0.008613255406077045,0.01915713825517829,0.02808095669119694,0.012702775504075418,0.022833898262694982,0.03510539007564505,0.09504390507936478,1.0634961128234863,0.03895086858295764,0.11753918554395199,0.27079408497686197,0.044492784497235593,0.13572463285506767,0.2210895990689676,-0.06615874171257019,0.9770094156265259,0.009076488693575175,0.021680837192988207,0.03248563578404134,0.011508950339980716,0.0264713059521866,0.04261566487580378,0.09918221831321716,1.009479284286499,0.10119427912435491,0.11549182996601949,0.0,0.0,1.0843230485916138,0.20932304859161377,1.9848973751068115,0.1299921350089117,0.9515833854675293,0.051583385467529275,0.0007060393095776796,0.0007991601116199556,0.999999998328534,0.003038843678724985,0.003928537571379481,0.023523488371426135,0.00205007891129166,0.0032989813721813702,0.6356181054887525,0.00029266885351565295,0.00020371908018002375,0.0010057130440345931,0.0013847997486808748,0.0006955093345100507,0.0003757795828546323,0.0029632196294603168,0.015061572540474074,0.001277212066743921,0.000834697997534103,0.004678860908749664,0.002477730894861627,,,,,,,,,,,,,,,,,,,,,,,,,,,,,,,,,,,,,,,,,,,,,,,,,,,,,,,,,,,,,,,,,,,,,,,,,,,,,,,,,,,,,,,,,,,,,,,,,,,,,,,,,,,,,,,,,,,,,,,,,,,,,,,,
1d_euler,pinn,PINN,2026,True,False,<LOCAL_PATH_REDACTED>/PINN/paper/<LOCAL_PATH_REDACTED>/results/raw/runs/1d_euler/pinn/seed_2026,<LOCAL_PATH_REDACTED>/PINN/paper/<LOCAL_PATH_REDACTED>/results/raw/runs/1d_euler/pinn/seed_2026/metrics_final.json,PINN,,,,,,,,,,,,,,,,,,,,,,,,,,,,,,,,,,,,,1.0,0.018257418583505537,0.7,0.06644728779792786,0.9999761581420898,0.06308190804314835,0.09225934129034905,0.5104009509086609,2.0,1.0,15.248982429504395,0.08957759290933609,,,,4000,6000,10000,2026-07-01 00:59:51,AdamW,False,515.5893359184265,83331,,,,,,,,analytical_sod_riemann_solution,True,Analytical Sod Riemann solution,pointwise_analytic,700.0,301,0.2,primitive_scaled_space_time_rel_l2,2026-07-21 00:37:38,,,,,,,,,,,,,,,,,,,,,,,,,203.55366253852844,312.03567337989807,,,,,,,,,,,,,,,,,,,,,,,,,,,,,,,,,,0.008413519154831664,0.019263557888393998,0.028236948941793953,0.012633430070336217,0.022663760740490178,0.034843816514495335,0.09678395092487335,1.0610045194625854,0.0385774815517987,0.11777430475217926,0.2713357672299569,0.04482126135621279,0.13655546708579366,0.22244299235580106,-0.06416657567024231,0.9724170565605164,0.009040413810097124,0.021651248135708647,0.03244130081074576,0.011419305190226886,0.026348913127682207,0.04241862693586597,0.0995585098862648,1.009426236152649,0.10139412929098258,0.11608215166531635,0.0,0.0,1.0900626182556152,0.21506261825561523,1.983900785446167,0.12899554534826718,0.9483375549316406,0.0483375549316406,0.0006073305558384796,0.00046933370703613613,0.9999999980603381,0.0031465706715557177,0.004422862046889298,0.02379069906220011,0.0023889711532639833,0.004235802416369323,0.77381841666405,0.00023552690347780766,0.00011836691476324132,0.0009429398950448822,0.0013437088989267383,0.0007285731792706807,0.0003662640611762965,0.003683670364495739,0.017758835754710846,0.0010152647440868417,0.0006599532348848221,0.00464418845649181,0.002653189887437775,,,,,,,,,,,,,,,,,,,,,,,,,,,,,,,,,,,,,,,,,,,,,,,,,,,,,,,,,,,,,,,,,,,,,,,,,,,,,,,,,,,,,,,,,,,,,,,,,,,,,,,,,,,,,,,,,,,,,,,,,,,,,,,,
1d_euler,pinn,PINN,31415,True,False,<LOCAL_PATH_REDACTED>/PINN/paper/<LOCAL_PATH_REDACTED>/results/raw/runs/1d_euler/pinn/seed_31415,<LOCAL_PATH_REDACTED>/PINN/paper/<LOCAL_PATH_REDACTED>/results/raw/runs/1d_euler/pinn/seed_31415/metrics_final.json,PINN,,,,,,,,,,,,,,,,,,,,,,,,,,,,,,,,,,,,,1.0,0.018257418583505537,0.7,0.06575512140989304,0.9999781847000122,0.06275378368401624,0.09169025060497929,0.49819210171699524,2.0,1.0000001192092896,15.242491722106934,0.08940398693084717,,,,4000,6000,10000,2026-07-01 02:14:15,AdamW,False,486.53946185112,83331,,,,,,,,analytical_sod_riemann_solution,True,Analytical Sod Riemann solution,pointwise_analytic,700.0,301,0.2,primitive_scaled_space_time_rel_l2,2026-07-21 00:37:38,,,,,,,,,,,,,,,,,,,,,,,,,184.1465482711792,302.3929135799408,,,,,,,,,,,,,,,,,,,,,,,,,,,,,,,,,,0.008494062108829189,0.019274534055147462,0.028253038049631134,0.012682507144899862,0.023200676100906203,0.03566928323717949,0.0944020003080368,1.0592541694641113,0.039219325790820825,0.11934251019473036,0.2749486964493155,0.04468185107965317,0.13817170458141861,0.22507577383688657,-0.061704203486442566,0.9720165133476257,0.009016236173648882,0.021746984973271596,0.0325847487785757,0.011430682319073779,0.026674343745508332,0.04294253165649644,0.09938422590494156,1.010177493095398,0.10266069391857358,0.11750785893319636,0.0,0.0,1.0811117887496948,0.20611178874969482,1.9858958721160889,0.13099063201818906,0.9468986988067627,0.04689869880676267,0.0007888537237137644,0.0008196264637072277,0.9999999983976561,0.0034074425700643058,0.0043928726039066945,0.025832263586028054,0.0022568502445269043,0.0036915210598896554,0.8616017020168572,0.00028584388439200877,0.00022796789925960768,0.000956930124712839,0.0020038460130391263,0.0008079547112159347,0.0004759714069866791,0.0033303273671246303,0.02903248987484762,0.0012342119102309384,0.000801813943571825,0.005296797974275819,0.0031809306052325266,,,,,,,,,,,,,,,,,,,,,,,,,,,,,,,,,,,,,,,,,,,,,,,,,,,,,,,,,,,,,,,,,,,,,,,,,,,,,,,,,,,,,,,,,,,,,,,,,,,,,,,,,,,,,,,,,,,,,,,,,,,,,,,,
1d_euler,pinn,PINN,42,True,False,<LOCAL_PATH_REDACTED>/PINN/paper/<LOCAL_PATH_REDACTED>/results/raw/runs/1d_euler/pinn/seed_42,<LOCAL_PATH_REDACTED>/PINN/paper/<LOCAL_PATH_REDACTED>/results/raw/runs/1d_euler/pinn/seed_42/metrics_final.json,PINN,,,,,,,,,,,,,,,,,,,,,,,,,,,,,,,,,,,,,1.0,0.018257418583505537,0.7,0.06659819930791855,0.9999741315841675,0.06332800131249744,0.09253106927525533,0.5094660520553589,2.0,1.0,15.273364067077637,0.08952444046735764,,,,4000,6000,10000,2026-07-01 01:43:56,AdamW,False,485.8556864261627,83331,,,,,,,,analytical_sod_riemann_solution,True,Analytical Sod Riemann solution,pointwise_analytic,700.0,301,0.2,primitive_scaled_space_time_rel_l2,2026-07-21 00:37:38,,,,,,,,,,,,,,,,,,,,,,,,,202.79025197029114,283.0654344558716,,,,,,,,,,,,,,,,,,,,,,,,,,,,,,,,,,0.00845255559476485,0.018961522295492843,0.02779421849372378,0.012306643998483979,0.021995850583512423,0.03381695520827254,0.09424671530723572,1.0640045404434204,0.038570907239126734,0.11564161193600751,0.26642233689590034,0.04289511446640599,0.13071178832370167,0.2129238905728669,-0.05382108688354492,0.9698099493980408,0.008848583781992351,0.02123753375242697,0.03182140893783163,0.01121041484796636,0.02536568009216334,0.04083573829364429,0.09931774437427521,1.0076388120651245,0.09956214895792448,0.11120009992650776,0.0,0.0,1.0991872549057007,0.22418725490570068,1.9835323095321655,0.12862706943426572,0.9463542699813843,0.046354269981384255,0.00041164401489118834,9.949792908993838e-05,0.5404873763561511,0.002480175219624555,0.00302181321097747,0.019474216682572324,0.0016576656693228448,0.0032651049957320975,0.9885726136316341,0.0003088323337032816,0.00023558296330230936,0.0019827499933653403,0.0014780031673774772,0.0005472999999834825,0.000339891222533438,0.003201770984151031,0.01689464310603617,0.0009676606091130332,0.0006385453068463547,0.005693524908134259,0.0017891167634031136,,,,,,,,,,,,,,,,,,,,,,,,,,,,,,,,,,,,,,,,,,,,,,,,,,,,,,,,,,,,,,,,,,,,,,,,,,,,,,,,,,,,,,,,,,,,,,,,,,,,,,,,,,,,,,,,,,,,,,,,,,,,,,,,
1d_euler,pinn,PINN,7,True,False,<LOCAL_PATH_REDACTED>/PINN/paper/<LOCAL_PATH_REDACTED>/results/raw/runs/1d_euler/pinn/seed_7,<LOCAL_PATH_REDACTED>/PINN/paper/<LOCAL_PATH_REDACTED>/results/raw/runs/1d_euler/pinn/seed_7/metrics_final.json,PINN,,,,,,,,,,,,,,,,,,,,,,,,,,,,,,,,,,,,,1.0,0.018257418583505537,0.7,0.06601117551326752,0.999980092048645,0.06282043394446495,0.09192096304499406,0.5117296576499939,2.0,0.9999999403953552,15.217867851257324,0.08996789157390594,,,,4000,6000,10000,2026-07-01 01:29:13,AdamW,False,510.5677864551544,83331,,,,,,,,analytical_sod_riemann_solution,True,Analytical Sod Riemann solution,pointwise_analytic,700.0,301,0.2,primitive_scaled_space_time_rel_l2,2026-07-21 00:37:38,,,,,,,,,,,,,,,,,,,,,,,,,204.11491131782532,306.4528751373291,,,,,,,,,,,,,,,,,,,,,,,,,,,,,,,,,,0.008674543644291165,0.01953669828393333,0.02863732417089077,0.012857828494013264,0.02304574009413881,0.035431080855275285,0.09521560370922089,1.0679672956466675,0.040297432411124164,0.11920249882489312,0.274626129548703,0.04568579814015769,0.13558624409086587,0.22086416971432937,-0.07313269376754761,0.9775445461273193,0.00925751859894422,0.02190500960744398,0.03282152610709559,0.011488930877967766,0.02620476702787206,0.04218656880115366,0.09915506094694138,1.0091713666915894,0.10262908587803794,0.11536671449346714,0.0,0.0,1.1181963682174683,0.24319636821746826,1.9941308498382568,0.13922560974035703,0.9579667448997498,0.057966744899749734,0.0003608132216420449,0.0001296553766726074,0.5403240804368101,0.0034636949256094817,0.004710186434288721,0.025995790997904507,0.0026147469823396574,0.004789498933635509,0.9999999991677748,0.0004045486017534126,0.00034298608404663596,0.001141808932571515,0.0017107562335058352,0.0005944520695208179,0.0002901784524244576,0.0027558747409774653,0.012754023365519236,0.0009798017746796505,0.0007849392049435154,0.005493562148090482,0.0018809274774677486,,,,,,,,,,,,,,,,,,,,,,,,,,,,,,,,,,,,,,,,,,,,,,,,,,,,,,,,,,,,,,,,,,,,,,,,,,,,,,,,,,,,,,,,,,,,,,,,,,,,,,,,,,,,,,,,,,,,,,,,,,,,,,,,
1d_euler,rad_pinn,RAD-PINN,100,True,False,<LOCAL_PATH_REDACTED>/PINN/paper/<LOCAL_PATH_REDACTED>/results/raw/runs/1d_euler/rad_pinn/seed_100,<LOCAL_PATH_REDACTED>/PINN/paper/<LOCAL_PATH_REDACTED>/results/raw/runs/1d_euler/rad_pinn/seed_100/metrics_final.json,RAD-PINN,,,,,,,,,,,,,,,,,,,,,,,,,,,,,,,,,,,,,1.0,0.018257418583505537,0.7,0.0663469061255455,0.9999840259552002,0.06234875517821254,0.09314630244862802,0.5028729438781738,2.0,0.9999999403953552,14.97503662109375,0.0947846993803978,,,,4000,6000,10000,2026-07-01 06:33:32,AdamW,False,532.6141667366028,83331,,,,,,,,analytical_sod_riemann_solution,True,Analytical Sod Riemann solution,pointwise_analytic,700.0,301,0.2,primitive_scaled_space_time_rel_l2,2026-07-21 00:37:38,,,,,,,,,,,,,,,,,,,,,,,,,,,1.0,1.0,3.0,500.0,12.0,,,,,,,,,,,,,,,,,,,,,,,,,,,,,0.015263067356500246,0.033730369186242254,0.04944272070704108,0.023309633391640477,0.04023454481510987,0.06185756693845185,0.06610916554927826,1.062585473060608,0.05983845758212574,0.16944209398036159,0.3903712330796939,0.07532425259165398,0.20012253894481932,0.3259910229208032,-0.09558328986167908,1.0053893327713013,0.014261271095907871,0.031467867547841054,0.04715010195225419,0.020380133870828477,0.04076439564207664,0.06562584508241523,0.09923677146434784,1.0154986381530762,0.14714763869667338,0.171979696335736,0.0,0.0,1.2228327989578247,0.3478327989578247,2.0370731353759766,0.18216789527807675,0.9657489657402039,0.06574896574020384,0.0018634560053210822,0.002586743026849733,0.9728385329725406,0.0029884330442539048,0.004422328177373591,0.019536706688133836,0.0038410150674523824,0.008627024338390415,0.9697905023076888,0.0005192720043677388,0.00029357720121401393,0.002765664918951465,0.0028573255417564513,0.0008990926416785974,0.0006398723040051731,0.0032345115600601326,0.033587009682300537,0.0022847626705100282,0.0018072764993104637,0.009159416576526132,0.004055500152771063,,,,,,,,,,,,,,,,,,,,,,,,,,,,,,,,,,,,,,,,,,,,,,,,,,,,,,,,,,,,,,,,,,,,,,,,,,,,,,,,,,,,,,,,,,,,,,,,,,,,,,,,,,,,,,,,,,,,,,,,,,,,,,,,
1d_euler,rad_pinn,RAD-PINN,2026,True,False,<LOCAL_PATH_REDACTED>/PINN/paper/<LOCAL_PATH_REDACTED>/results/raw/runs/1d_euler/rad_pinn/seed_2026,<LOCAL_PATH_REDACTED>/PINN/paper/<LOCAL_PATH_REDACTED>/results/raw/runs/1d_euler/rad_pinn/seed_2026/metrics_final.json,RAD-PINN,,,,,,,,,,,,,,,,,,,,,,,,,,,,,,,,,,,,,1.0,0.018257418583505537,0.7,0.06529971212148666,0.999988317489624,0.06181042615151142,0.09330523768508264,0.5111020803451538,2.0,1.0,15.055453300476074,0.09357676655054092,,,,4000,6000,10000,2026-07-01 06:07:43,AdamW,False,503.01036953926086,83331,,,,,,,,analytical_sod_riemann_solution,True,Analytical Sod Riemann solution,pointwise_analytic,700.0,301,0.2,primitive_scaled_space_time_rel_l2,2026-07-21 00:37:38,,,,,,,,,,,,,,,,,,,,,,,,,,,1.0,1.0,3.0,500.0,12.0,,,,,,,,,,,,,,,,,,,,,,,,,,,,,0.015157886604722698,0.03376685090028304,0.04949619640984983,0.02230337243033318,0.03848833097795828,0.059172895350471294,0.06585849821567535,1.0573092699050903,0.058112060268747136,0.16356999417542745,0.37684272438524374,0.06781909263157335,0.18422047698643845,0.30008724680595006,-0.11647822707891464,0.9930302500724792,0.013969918842015155,0.030048602235943887,0.04502353573191809,0.019156476967766185,0.037641800238557864,0.06059883661145276,0.09916238486766815,1.0110305547714233,0.14225034611715845,0.15866022073778602,0.0,0.0,1.2154316902160645,0.34043169021606445,2.010455846786499,0.1555506066885992,0.9502338171005249,0.05023381710052488,0.001168002462617637,0.0009834226273159868,0.9363700344369249,0.002309299104268064,0.003151684515948827,0.015957906907357884,0.0017454315412253384,0.0030253667295163478,0.9425146966826039,0.00044815834355360054,0.0003035658746632094,0.0017513365251690186,0.0025696811171396472,0.0005603720186373655,0.00031809380397772313,0.0031780051035382867,0.030684963992808553,0.0014355080987026553,0.0012665319486066876,0.006087872134418665,0.0037023651231547243,,,,,,,,,,,,,,,,,,,,,,,,,,,,,,,,,,,,,,,,,,,,,,,,,,,,,,,,,,,,,,,,,,,,,,,,,,,,,,,,,,,,,,,,,,,,,,,,,,,,,,,,,,,,,,,,,,,,,,,,,,,,,,,,
1d_euler,rad_pinn,RAD-PINN,31415,True,False,<LOCAL_PATH_REDACTED>/PINN/paper/<LOCAL_PATH_REDACTED>/results/raw/runs/1d_euler/rad_pinn/seed_31415,<LOCAL_PATH_REDACTED>/PINN/paper/<LOCAL_PATH_REDACTED>/results/raw/runs/1d_euler/rad_pinn/seed_31415/metrics_final.json,RAD-PINN,,,,,,,,,,,,,,,,,,,,,,,,,,,,,,,,,,,,,1.0,0.018257418583505537,0.7,0.06875663250684738,0.9999850988388062,0.06386120339608711,0.09273614699971289,0.4980296194553375,2.0,0.9999999403953552,14.834755897521973,0.09352964162826538,,,,4000,6000,10000,2026-07-01 06:41:54,AdamW,False,500.7263216972351,83331,,,,,,,,analytical_sod_riemann_solution,True,Analytical Sod Riemann solution,pointwise_analytic,700.0,301,0.2,primitive_scaled_space_time_rel_l2,2026-07-21 00:37:38,,,,,,,,,,,,,,,,,,,,,,,,,,,1.0,1.0,3.0,500.0,12.0,,,,,,,,,,,,,,,,,,,,,,,,,,,,,0.01450036752418315,0.030794041326674133,0.0451385864278306,0.022905142497879543,0.03904541776918576,0.060029374121070934,0.0862841010093689,1.0760875940322876,0.05806001736192865,0.17179648007719459,0.39579541418001074,0.08061241897886955,0.21402445561544894,0.34863664824573426,-0.12690295279026031,1.0054168701171875,0.01376165827275238,0.03186127165030593,0.04773956177222622,0.020787696645803874,0.042496385909739025,0.06841414411640215,0.09937629103660583,1.0204764604568481,0.1484720901476596,0.18286024218471886,0.0,0.0,1.1676795482635498,0.2926795482635498,2.052366256713867,0.19746101661596738,0.9647197127342224,0.06471971273422239,0.0024501298037362166,0.0036188389170958447,0.930986496819239,0.004150220567016737,0.006323614549203355,0.027665702322104913,0.006403936135344138,0.01151342660930218,0.9999999994360451,0.000711096937823587,0.00043187869970692317,0.0034684362073933647,0.004925716811303155,0.001400978485753992,0.0012510982723329001,0.005574776441583981,0.03850159117533749,0.002871008978512005,0.00289168284994353,0.010484778776533032,0.0057582161682796715,,,,,,,,,,,,,,,,,,,,,,,,,,,,,,,,,,,,,,,,,,,,,,,,,,,,,,,,,,,,,,,,,,,,,,,,,,,,,,,,,,,,,,,,,,,,,,,,,,,,,,,,,,,,,,,,,,,,,,,,,,,,,,,,
1d_euler,rad_pinn,RAD-PINN,42,True,False,<LOCAL_PATH_REDACTED>/PINN/paper/<LOCAL_PATH_REDACTED>/results/raw/runs/1d_euler/rad_pinn/seed_42,<LOCAL_PATH_REDACTED>/PINN/paper/<LOCAL_PATH_REDACTED>/results/raw/runs/1d_euler/rad_pinn/seed_42/metrics_final.json,RAD-PINN,,,,,,,,,,,,,,,,,,,,,,,,,,,,,,,,,,,,,1.0,0.018257418583505537,0.7,0.0653829351067543,0.9999758005142212,0.0623436282351011,0.09228497600590624,0.5130825042724609,2.0,0.9999999403953552,14.778203964233398,0.09394264221191406,,,,4000,6000,10000,2026-07-01 06:24:39,AdamW,False,519.1634933948517,83331,,,,,,,,analytical_sod_riemann_solution,True,Analytical Sod Riemann solution,pointwise_analytic,700.0,301,0.2,primitive_scaled_space_time_rel_l2,2026-07-21 00:37:38,,,,,,,,,,,,,,,,,,,,,,,,,,,1.0,1.0,3.0,500.0,12.0,,,,,,,,,,,,,,,,,,,,,,,,,,,,,0.015088690035696689,0.03250660602277852,0.047648901612781625,0.023426675889687852,0.03980696378357112,0.061200193469917216,0.07706259936094284,1.0705106258392334,0.059712352884138724,0.16780224287385456,0.38659324212433877,0.07772938954777676,0.20116698067995592,0.32769237366027304,-0.09722232818603516,1.0105035305023193,0.014153315171287281,0.030794410128680668,0.04614102226404085,0.020389565375645007,0.04040006198703094,0.06503931108313131,0.09914840757846832,1.0128211975097656,0.14545416834563074,0.17261381375323281,0.0,0.0,1.1991825103759766,0.32418251037597656,2.0401039123535156,0.18519867225561581,0.9547652006149292,0.05476520061492918,0.002237353328475775,0.003122563219572209,0.9841145720706033,0.0034706397470198277,0.005159370209645825,0.022546752950033423,0.00463370206030984,0.009733035192550244,0.9773929367362003,0.0004132924644067713,0.00020071129036516974,0.0026258062777645974,0.002457169301303974,0.0008364014915663154,0.00033556498676795207,0.004669364871732654,0.05064243809791333,0.0017038801909412603,0.0005587409112480296,0.008352234351253596,0.002971654476783973,,,,,,,,,,,,,,,,,,,,,,,,,,,,,,,,,,,,,,,,,,,,,,,,,,,,,,,,,,,,,,,,,,,,,,,,,,,,,,,,,,,,,,,,,,,,,,,,,,,,,,,,,,,,,,,,,,,,,,,,,,,,,,,,
1d_euler,rad_pinn,RAD-PINN,7,True,False,<LOCAL_PATH_REDACTED>/PINN/paper/<LOCAL_PATH_REDACTED>/results/raw/runs/1d_euler/rad_pinn/seed_7,<LOCAL_PATH_REDACTED>/PINN/paper/<LOCAL_PATH_REDACTED>/results/raw/runs/1d_euler/rad_pinn/seed_7/metrics_final.json,RAD-PINN,,,,,,,,,,,,,,,,,,,,,,,,,,,,,,,,,,,,,1.0,0.018257418583505537,0.7,0.0673903226852417,0.9999775886535645,0.06269226036667896,0.09280792420327304,0.5138454437255859,2.0,1.0,14.849120140075684,0.09488475322723389,,,,4000,6000,10000,2026-07-01 06:15:59,AdamW,False,495.1029579639435,83331,,,,,,,,analytical_sod_riemann_solution,True,Analytical Sod Riemann solution,pointwise_analytic,700.0,301,0.2,primitive_scaled_space_time_rel_l2,2026-07-21 00:37:38,,,,,,,,,,,,,,,,,,,,,,,,,,,1.0,1.0,3.0,500.0,12.0,,,,,,,,,,,,,,,,,,,,,,,,,,,,,0.015966851393523867,0.03455550672995405,0.05065222555691021,0.025069610880798468,0.04269115377769131,0.06563441725558068,0.07643695920705795,1.0981309413909912,0.06400428360569414,0.18126193505517899,0.41760251797940284,0.08338373950608202,0.21871704866578343,0.3562806808304468,-0.15985505282878876,1.013822317123413,0.014730427148221484,0.033579204969321146,0.05031363931388344,0.02179485886068121,0.044642936460711116,0.07186983606769563,0.09949519485235214,1.0175693035125732,0.1570668676528352,0.18770502797327734,0.0,0.0,1.2131608724594116,0.3381608724594116,2.061461925506592,0.206556685408692,0.9750759601593018,0.07507596015930174,0.0024139791737881238,0.0031756424642210754,0.8818086494202885,0.004094150729256815,0.006666627546782544,0.026503210558715982,0.006144635158904414,0.011993799570446384,0.9833085871529287,0.00041166497061107335,0.0002704011795062594,0.002274196390832588,0.002312027142246514,0.0010102796234869175,0.0003302552552566472,0.004325426730271448,0.030634479381052404,0.002192180515376001,0.00046802670859001985,0.012033078165410965,0.0035873470991010254,,,,,,,,,,,,,,,,,,,,,,,,,,,,,,,,,,,,,,,,,,,,,,,,,,,,,,,,,,,,,,,,,,,,,,,,,,,,,,,,,,,,,,,,,,,,,,,,,,,,,,,,,,,,,,,,,,,,,,,,,,,,,,,,
1d_euler,rar_d_pinn,RAR-D-PINN,100,True,False,<LOCAL_PATH_REDACTED>/PINN/paper/<LOCAL_PATH_REDACTED>/results/raw/runs/1d_euler/rar_d_pinn/seed_100,<LOCAL_PATH_REDACTED>/PINN/paper/<LOCAL_PATH_REDACTED>/results/raw/runs/1d_euler/rar_d_pinn/seed_100/metrics_final.json,RAR-D-PINN,,,,,,,,,,,,,,,,,,,,,,,,,,,,,,,,,,,,,1.0,0.018257418583505537,0.7,0.06559944897890091,0.9999967813491821,0.06306652721381403,0.09437676879537345,0.5104588270187378,2.0,0.9999999403953552,14.717686653137207,0.09635799378156662,,,,4000,6000,10000,2026-07-01 08:05:30,AdamW,False,508.7959816455841,83331,,,,,,,,analytical_sod_riemann_solution,True,Analytical Sod Riemann solution,pointwise_analytic,700.0,301,0.2,primitive_scaled_space_time_rel_l2,2026-07-21 00:37:38,,,,,,,,,,,,,,,,,,,,,,,,,,,,,,,,2.0,0.0,0.5,6000.0,12000.0,500.0,3.0,12.0,,,,,,,,,,,,,,,,,,,,,0.017671485908902603,0.03790904776032604,0.05556792012368993,0.026332836654316415,0.04474095602126083,0.06878583303709022,0.06459464132785797,1.088929533958435,0.06541924594860485,0.17506886891819223,0.4033345470894786,0.08020542306851355,0.20218883355549766,0.32935692811740125,-0.16387224197387695,1.0125716924667358,0.015272492836024394,0.031563775370314504,0.04729380611653437,0.02202333507195719,0.04013723674180705,0.06461619359162588,0.09871088713407516,1.0261930227279663,0.15254199602451796,0.17445891510465475,0.0,0.0,1.298252820968628,0.42325282096862793,2.0548272132873535,0.1999219731894537,0.9749237895011902,0.07492378950119016,0.002503725565373661,0.003401403552654015,0.9978046211083343,0.002845048985728452,0.0036858056721678356,0.021092078111666992,0.0026649199091301843,0.004599112329647137,0.9800356009888238,0.000588096619630456,0.0003080067009860266,0.0030628590748132413,0.0033737055234882157,0.0006671512904604604,0.00041006969964934095,0.002677173983298718,0.03938840040929558,0.0014042923265563624,0.000881059536787826,0.006162085647077143,0.0025531818493519922,,,,,,,,,,,,,,,,,,,,,,,,,,,,,,,,,,,,,,,,,,,,,,,,,,,,,,,,,,,,,,,,,,,,,,,,,,,,,,,,,,,,,,,,,,,,,,,,,,,,,,,,,,,,,,,,,,,,,,,,,,,,,,,,
1d_euler,rar_d_pinn,RAR-D-PINN,2026,True,False,<LOCAL_PATH_REDACTED>/PINN/paper/<LOCAL_PATH_REDACTED>/results/raw/runs/1d_euler/rar_d_pinn/seed_2026,<LOCAL_PATH_REDACTED>/PINN/paper/<LOCAL_PATH_REDACTED>/results/raw/runs/1d_euler/rar_d_pinn/seed_2026/metrics_final.json,RAR-D-PINN,,,,,,,,,,,,,,,,,,,,,,,,,,,,,,,,,,,,,1.0,0.018257418583505537,0.7,0.06578975170850754,0.9999982118606567,0.062112915795086335,0.09357696566998892,0.5151893496513367,2.0,1.0,14.6867036819458,0.09721935540437698,,,,4000,6000,10000,2026-07-01 07:34:59,AdamW,False,505.6328263282776,83331,,,,,,,,analytical_sod_riemann_solution,True,Analytical Sod Riemann solution,pointwise_analytic,700.0,301,0.2,primitive_scaled_space_time_rel_l2,2026-07-21 00:37:38,,,,,,,,,,,,,,,,,,,,,,,,,,,,,,,,2.0,0.0,0.5,6000.0,12000.0,500.0,3.0,12.0,,,,,,,,,,,,,,,,,,,,,0.018837601168627576,0.04070405147794927,0.05966489835190191,0.028715288578619515,0.049178676870600284,0.07560849291192219,0.054541971534490585,1.096717357635498,0.06979921386164081,0.18723449302530212,0.43136246844193166,0.08809971261058919,0.22045539407620082,0.35911237086156267,-0.14538489282131195,1.018381953239441,0.01612459983835749,0.03371831733808757,0.050522079315741986,0.022977219019622346,0.0439759898728685,0.07079613111604348,0.09910081326961517,1.0214848518371582,0.16317280409027238,0.1903601637242595,0.0,0.0,1.334010362625122,0.45901036262512207,2.060532808303833,0.2056275682059332,0.9676238298416138,0.06762382984161375,0.0027832811193871207,0.004051873057970986,0.9999999993264111,0.0029003084149319823,0.004167943393269091,0.02148792119485979,0.003800309028068282,0.007860250567682036,0.9395819742510814,0.0005258451492182359,0.00040898103755048886,0.003136802173779575,0.003901651381941352,0.0006783958299269011,0.0003650716870023697,0.0035347677836329028,0.02579043289495931,0.0015860323889175917,0.0010980721289684092,0.007565996146942514,0.0038301996513373177,,,,,,,,,,,,,,,,,,,,,,,,,,,,,,,,,,,,,,,,,,,,,,,,,,,,,,,,,,,,,,,,,,,,,,,,,,,,,,,,,,,,,,,,,,,,,,,,,,,,,,,,,,,,,,,,,,,,,,,,,,,,,,,,
1d_euler,rar_d_pinn,RAR-D-PINN,31415,True,False,<LOCAL_PATH_REDACTED>/PINN/paper/<LOCAL_PATH_REDACTED>/results/raw/runs/1d_euler/rar_d_pinn/seed_31415,<LOCAL_PATH_REDACTED>/PINN/paper/<LOCAL_PATH_REDACTED>/results/raw/runs/1d_euler/rar_d_pinn/seed_31415/metrics_final.json,RAR-D-PINN,,,,,,,,,,,,,,,,,,,,,,,,,,,,,,,,,,,,,1.0,0.018257418583505537,0.7,0.06468556821346283,0.9999953508377075,0.06095935359501251,0.09296173249661621,0.5134685039520264,2.0,1.0000001192092896,14.446476936340332,0.0968635082244873,,,,4000,6000,10000,2026-07-01 08:14:00,AdamW,False,509.90518450737,83331,,,,,,,,analytical_sod_riemann_solution,True,Analytical Sod Riemann solution,pointwise_analytic,700.0,301,0.2,primitive_scaled_space_time_rel_l2,2026-07-21 00:37:38,,,,,,,,,,,,,,,,,,,,,,,,,,,,,,,,2.0,0.0,0.5,6000.0,12000.0,500.0,3.0,12.0,,,,,,,,,,,,,,,,,,,,,0.018672110618491305,0.03880999952935559,0.056888555140777494,0.02856399381973212,0.04728170497619172,0.07269204222314311,0.06637340039014816,1.0861797332763672,0.07116667586611516,0.18650552255443964,0.4296830209392216,0.08983064752165117,0.21894304202438306,0.3566488143077235,-0.14884966611862183,1.0272085666656494,0.016377749632787576,0.033417858982014055,0.05007188541239804,0.02402095911844103,0.04397853654692248,0.07080023095940702,0.0992465391755104,1.026937484741211,0.16209828555517122,0.18875168316423563,0.0,0.0,1.3083974123001099,0.43339741230010986,2.098243236541748,0.24333799644384824,0.9764214158058167,0.07642141580581663,0.0027088506728976855,0.003879778066359029,0.9926431930530021,0.003361084074935018,0.0048940397655803936,0.02346648474654447,0.002930361037535598,0.0064965665388922985,0.9337673612113597,0.0006139242593790498,0.00029024738700527547,0.003390771810729644,0.005362196037007177,0.0009853125111794242,0.0007139848271409711,0.004369089641975188,0.02711976510407539,0.0016140895971250755,0.001063447965982187,0.006913281285904793,0.0038717675731830136,,,,,,,,,,,,,,,,,,,,,,,,,,,,,,,,,,,,,,,,,,,,,,,,,,,,,,,,,,,,,,,,,,,,,,,,,,,,,,,,,,,,,,,,,,,,,,,,,,,,,,,,,,,,,,,,,,,,,,,,,,,,,,,,
1d_euler,rar_d_pinn,RAR-D-PINN,42,True,False,<LOCAL_PATH_REDACTED>/PINN/paper/<LOCAL_PATH_REDACTED>/results/raw/runs/1d_euler/rar_d_pinn/seed_42,<LOCAL_PATH_REDACTED>/PINN/paper/<LOCAL_PATH_REDACTED>/results/raw/runs/1d_euler/rar_d_pinn/seed_42/metrics_final.json,RAR-D-PINN,,,,,,,,,,,,,,,,,,,,,,,,,,,,,,,,,,,,,1.0,0.018257418583505537,0.7,0.06657491624355316,0.9999902248382568,0.06351257126450925,0.09359234649932324,0.5090735554695129,2.0,1.0,14.362584114074707,0.09649140387773514,,,,4000,6000,10000,2026-07-01 07:57:00,AdamW,False,517.1260960102081,83331,,,,,,,,analytical_sod_riemann_solution,True,Analytical Sod Riemann solution,pointwise_analytic,700.0,301,0.2,primitive_scaled_space_time_rel_l2,2026-07-21 00:37:38,,,,,,,,,,,,,,,,,,,,,,,,,,,,,,,,2.0,0.0,0.5,6000.0,12000.0,500.0,3.0,12.0,,,,,,,,,,,,,,,,,,,,,0.018749873605323493,0.038359401918120276,0.056228059202516174,0.028885973016217443,0.04790332514350381,0.07364773617436085,0.07172270119190216,1.0815705060958862,0.0740891082610948,0.1914348136824583,0.4410394283740616,0.0962113962693708,0.2282153718965998,0.37175304152690997,-0.13629531860351562,1.0387600660324097,0.016670858945854336,0.03412936343768893,0.05113797314692758,0.026116624656803658,0.04605584780183031,0.07414445585113644,0.09857084602117538,1.0255836248397827,0.16601646741988116,0.19647541213220063,0.0,0.0,1.2492218017578125,0.3742218017578125,2.1036953926086426,0.24879015251074277,0.9747881293296814,0.07478812932968137,0.0033154096739895257,0.004681441066454531,0.9976008630430128,0.003934439568621415,0.005661134956242375,0.027005045375945922,0.002345171892581211,0.004803200505841753,0.988296114770687,0.0006352677161025619,0.00029262342164696267,0.004017675581003188,0.003989591199886616,0.0008473481198502831,0.00021536821529633855,0.004980270243825288,0.03986673483236457,0.0011436046940138972,0.0005966918503005634,0.005007706896416278,0.0022817955528982425,,,,,,,,,,,,,,,,,,,,,,,,,,,,,,,,,,,,,,,,,,,,,,,,,,,,,,,,,,,,,,,,,,,,,,,,,,,,,,,,,,,,,,,,,,,,,,,,,,,,,,,,,,,,,,,,,,,,,,,,,,,,,,,,
1d_euler,rar_d_pinn,RAR-D-PINN,7,True,False,<LOCAL_PATH_REDACTED>/PINN/paper/<LOCAL_PATH_REDACTED>/results/raw/runs/1d_euler/rar_d_pinn/seed_7,<LOCAL_PATH_REDACTED>/PINN/paper/<LOCAL_PATH_REDACTED>/results/raw/runs/1d_euler/rar_d_pinn/seed_7/metrics_final.json,RAR-D-PINN,,,,,,,,,,,,,,,,,,,,,,,,,,,,,,,,,,,,,1.0,0.018257418583505537,0.7,0.06699856370687485,0.9999990463256836,0.06378942619252696,0.0948023050736229,0.5115715265274048,2.0,1.0000001192092896,14.656414031982422,0.09668591618537903,,,,4000,6000,10000,2026-07-01 07:48:22,AdamW,False,530.1957697868347,83331,,,,,,,,analytical_sod_riemann_solution,True,Analytical Sod Riemann solution,pointwise_analytic,700.0,301,0.2,primitive_scaled_space_time_rel_l2,2026-07-21 00:37:38,,,,,,,,,,,,,,,,,,,,,,,,,,,,,,,,2.0,0.0,0.5,6000.0,12000.0,500.0,3.0,12.0,,,,,,,,,,,,,,,,,,,,,0.017091496005567745,0.03686391197147327,0.05403593698339696,0.024588653471601697,0.04159809083529867,0.0639539157254229,0.06122024357318878,1.103540062904358,0.06048960220165723,0.1621833146154111,0.37364800578248186,0.06844044237629697,0.1739352969648839,0.2833331301840553,-0.1573425829410553,1.011849284172058,0.014542021820783563,0.02973406152746362,0.04455224143622324,0.019305217660024233,0.03557821375700574,0.05727670697799581,0.09904947131872177,1.024037480354309,0.14183716164430768,0.1510739031308289,0.0,0.0,1.3781471252441406,0.5031471252441406,2.067415237426758,0.212509997328858,0.9893028140068054,0.0893028140068054,0.0016694494625864105,0.0015026661670322719,0.9633181600675577,0.002550045755901136,0.003030415473879472,0.019767785570048182,0.00023026009094570939,1.1869232381694444e-05,0.6359174091143337,0.00041357852167476085,0.00035283997852661984,0.001326518639592815,0.0025120763411728055,0.0004858562837308651,0.0002913921195595963,0.0023588911733688975,0.01624723584221737,0.0013316016808731874,0.0009398800869030045,0.003950642338042355,0.002402813632809828,,,,,,,,,,,,,,,,,,,,,,,,,,,,,,,,,,,,,,,,,,,,,,,,,,,,,,,,,,,,,,,,,,,,,,,,,,,,,,,,,,,,,,,,,,,,,,,,,,,,,,,,,,,,,,,,,,,,,,,,,,,,,,,,
1d_euler,sa_pinn,SA-PINN,100,True,False,<LOCAL_PATH_REDACTED>/PINN/paper/<LOCAL_PATH_REDACTED>/results/raw/runs/1d_euler/sa_pinn/seed_100,<LOCAL_PATH_REDACTED>/PINN/paper/<LOCAL_PATH_REDACTED>/results/raw/runs/1d_euler/sa_pinn/seed_100/metrics_final.json,SA-PINN,,,,,,,,,,,,,,,,,,,,,,,,,,,,,,,,,,,,,1.0,0.018257418583505537,0.7,0.06811550259590149,0.9999943971633911,0.06508141585660966,0.09232599155079775,0.5097904801368713,2.0,1.0,14.859932899475098,0.08933748304843903,,,,4000,6000,10000,2026-07-01 09:48:07,AdamW,False,594.1924638748169,83331,,,,,,,,analytical_sod_riemann_solution,True,Analytical Sod Riemann solution,pointwise_analytic,700.0,301,0.2,primitive_scaled_space_time_rel_l2,2026-07-21 00:37:38,,,,,,,,,,,,,,,,,,,,,,,,,,,,,,,,,,,,,,,,Adam,0.005,100.0,100.0,100.0,96.90656280517578,100.0,100.0,100.0,,,,,,,,,,,,0.009865476259598,0.022310798501985373,0.03270366158739413,0.01465796918890408,0.025624420602450158,0.03939560693327,0.1004677265882492,1.017948031425476,0.04032939768919148,0.11573818464174625,0.2666448271008753,0.04896056796697406,0.14525239831079553,0.23660991988559804,-0.019881784915924072,0.9671006798744202,0.00950751183647769,0.021528229371924983,0.03225697477576352,0.012563591188429988,0.028251970134634055,0.0454823231431591,0.09924642741680145,1.0133010149002075,0.10035940134896022,0.12380570330260686,0.0,0.0,1.133710503578186,0.25871050357818604,1.9815338850021362,0.12662864490423642,0.9375448226928711,0.03754482269287107,0.0008233591654380476,0.001209657543004249,0.998828374461768,0.0013962167639280138,0.0025699834676460587,0.014326676328539694,0.0030671246431243485,0.005666562461728595,0.9787570143999975,0.00038963192645930487,0.00018401828701664348,0.0032144378619796375,0.001838135576129513,0.0008922352820853869,0.0005948186692724348,0.003031413672986337,0.029779808095342794,0.0016572416706005237,0.0012088058967614779,0.005840069007633675,0.0031804511847847022,,,,,,,,,,,,,,,,,,,,,,,,,,,,,,,,,,,,,,,,,,,,,,,,,,,,,,,,,,,,,,,,,,,,,,,,,,,,,,,,,,,,,,,,,,,,,,,,,,,,,,,,,,,,,,,,,,,,,,,,,,,,,,,,
1d_euler,sa_pinn,SA-PINN,2026,True,False,<LOCAL_PATH_REDACTED>/PINN/paper/<LOCAL_PATH_REDACTED>/results/raw/runs/1d_euler/sa_pinn/seed_2026,<LOCAL_PATH_REDACTED>/PINN/paper/<LOCAL_PATH_REDACTED>/results/raw/runs/1d_euler/sa_pinn/seed_2026/metrics_final.json,SA-PINN,,,,,,,,,,,,,,,,,,,,,,,,,,,,,,,,,,,,,1.0,0.018257418583505537,0.7,0.059395574033260345,0.9999719858169556,0.055535047783109796,0.08985993191419547,0.5487611293792725,2.0,1.0,15.546272277832031,0.0874451994895935,,,,4000,6000,10000,2026-07-01 09:17:49,AdamW,False,597.0210962295532,83331,,,,,,,,analytical_sod_riemann_solution,True,Analytical Sod Riemann solution,pointwise_analytic,700.0,301,0.2,primitive_scaled_space_time_rel_l2,2026-07-21 00:37:38,,,,,,,,,,,,,,,,,,,,,,,,,,,,,,,,,,,,,,,,Adam,0.005,100.0,100.0,100.0,98.7066879272461,100.0,100.0,100.0,,,,,,,,,,,,0.00912088583696025,0.021459300547663113,0.03145551706499904,0.012036563617039734,0.02049144427156881,0.03150404438571158,0.10618021339178085,1.054450511932373,0.0312229618440624,0.08055769422077157,0.18559382552640252,0.032062958638617356,0.08855133612808583,0.14424632426514528,-0.04207265377044678,0.966827392578125,0.008236311145593821,0.017901630832887143,0.026823035199287134,0.008989945737126024,0.01744043036972091,0.028077025639319606,0.08260863274335861,1.030429720878601,0.07197992595247435,0.07659517563858771,0.0,0.0,1.0802737474441528,0.20527374744415283,1.9771045446395874,0.12219930454168759,0.9350187182426453,0.03501871824264524,0.002385467969157336,0.0026518080766024456,0.9777125929951563,0.001143626454722464,0.0003033688168633253,0.028277538804641865,0.004990311547350593,0.0031074985475352504,0.9560621691985208,0.00036440274784051553,0.00022671325863122155,0.0024575474359049662,0.002159130537003758,0.0007231128210709914,0.0005888752686109763,0.0033700292674029853,0.03506000119594097,0.0015880414972097826,0.0011919342833291392,0.006444009284732544,0.003932367012653904,,,,,,,,,,,,,,,,,,,,,,,,,,,,,,,,,,,,,,,,,,,,,,,,,,,,,,,,,,,,,,,,,,,,,,,,,,,,,,,,,,,,,,,,,,,,,,,,,,,,,,,,,,,,,,,,,,,,,,,,,,,,,,,,
1d_euler,sa_pinn,SA-PINN,31415,True,False,<LOCAL_PATH_REDACTED>/PINN/paper/<LOCAL_PATH_REDACTED>/results/raw/runs/1d_euler/sa_pinn/seed_31415,<LOCAL_PATH_REDACTED>/PINN/paper/<LOCAL_PATH_REDACTED>/results/raw/runs/1d_euler/sa_pinn/seed_31415/metrics_final.json,SA-PINN,,,,,,,,,,,,,,,,,,,,,,,,,,,,,,,,,,,,,1.0,0.018257418583505537,0.7,0.061250463128089905,0.9999611377716064,0.05954944423936672,0.08241561051638571,0.5062606930732727,2.0,1.0,14.920830726623535,0.08807303011417389,,,,4000,6000,10000,2026-07-01 09:57:27,AdamW,False,559.5011262893677,83331,,,,,,,,analytical_sod_riemann_solution,True,Analytical Sod Riemann solution,pointwise_analytic,700.0,301,0.2,primitive_scaled_space_time_rel_l2,2026-07-21 00:37:38,,,,,,,,,,,,,,,,,,,,,,,,,,,,,,,,,,,,,,,,Adam,0.005,100.0,100.0,100.0,100.0,100.0,100.0,100.0,,,,,,,,,,,,0.01001850977897409,0.02268120800219015,0.03324661602008173,0.013893289917631915,0.023523224595041466,0.036165177130314224,0.09758465737104416,1.031168818473816,0.03428949971055432,0.09345643375090974,0.21531074378012421,0.03907923904916802,0.11576494157509265,0.1885761190189438,-0.04677610099315643,0.9738161563873291,0.009185717097297917,0.019654586871666376,0.02944958928086268,0.011052514935044172,0.022974135240202035,0.03698563455751872,0.09043727815151215,1.0202540159225464,0.08263959723429122,0.09940767176463017,0.0,0.0,1.0956604480743408,0.22066044807434082,1.9918098449707031,0.13690460487280331,0.929602861404419,0.029602861404418923,0.0015639993479904203,0.0021108670134016797,0.9639652218796203,0.000795568825749993,0.001259214596235847,0.015730087904090126,0.0028544031432372052,0.0006942421203461719,0.9242411875673963,0.0005269926717884424,0.00024109111080434717,0.0025102846078180934,0.0031896067173613862,0.0010086313682302432,0.0006624359954019443,0.0037547841397180814,0.027662967547682424,0.0020360507092418655,0.0015415036405422853,0.007326006214063929,0.0044497097216678735,,,,,,,,,,,,,,,,,,,,,,,,,,,,,,,,,,,,,,,,,,,,,,,,,,,,,,,,,,,,,,,,,,,,,,,,,,,,,,,,,,,,,,,,,,,,,,,,,,,,,,,,,,,,,,,,,,,,,,,,,,,,,,,,
1d_euler,sa_pinn,SA-PINN,42,True,False,<LOCAL_PATH_REDACTED>/PINN/paper/<LOCAL_PATH_REDACTED>/results/raw/runs/1d_euler/sa_pinn/seed_42,<LOCAL_PATH_REDACTED>/PINN/paper/<LOCAL_PATH_REDACTED>/results/raw/runs/1d_euler/sa_pinn/seed_42/metrics_final.json,SA-PINN,,,,,,,,,,,,,,,,,,,,,,,,,,,,,,,,,,,,,1.0,0.018257418583505537,0.7,0.06621164083480835,0.9999830722808838,0.062200073827980804,0.09760161601246872,0.5287455916404724,2.0,1.0000001192092896,14.472670555114746,0.09011498093605042,,,,4000,6000,10000,2026-07-01 09:38:12,AdamW,False,603.618097782135,83331,,,,,,,,analytical_sod_riemann_solution,True,Analytical Sod Riemann solution,pointwise_analytic,700.0,301,0.2,primitive_scaled_space_time_rel_l2,2026-07-21 00:37:38,,,,,,,,,,,,,,,,,,,,,,,,,,,,,,,,,,,,,,,,Adam,0.005,100.0,100.0,100.0,100.0,100.0,100.0,100.0,,,,,,,,,,,,0.009299516903476225,0.02046371151498868,0.02999616065506112,0.013188946796569566,0.02297280816499725,0.03531895353509419,0.11167251318693161,1.0203179121017456,0.03377704038012284,0.09470696515150714,0.2181917957866738,0.03370945577635984,0.09982047471407283,0.1626032671385072,-0.03892737627029419,0.9807792901992798,0.00893624521412638,0.01951181386339209,0.029235664333901203,0.009739936262446073,0.020406422748767222,0.032851921803412516,0.0752582848072052,1.0156761407852173,0.08302535866404022,0.08647203946607344,0.0,0.0,1.179855465888977,0.30485546588897705,2.002936363220215,0.14803112312231503,0.9535897374153137,0.0535897374153137,0.0008038159461896453,0.0006560975893599531,0.9980941429499255,0.0015038678041264454,0.0017044282584053327,0.012749390971319035,0.001523202536569621,0.0011782454881879084,0.9992305289211973,0.0002999844074071474,0.00017140194999110733,0.0015012242705252617,0.0013653302000357745,0.0006728402121299014,0.00021781429783676587,0.003667594602337662,0.030707159907174084,0.0009945836318691688,0.0003448443604713372,0.006631912334592566,0.0015981748712673724,,,,,,,,,,,,,,,,,,,,,,,,,,,,,,,,,,,,,,,,,,,,,,,,,,,,,,,,,,,,,,,,,,,,,,,,,,,,,,,,,,,,,,,,,,,,,,,,,,,,,,,,,,,,,,,,,,,,,,,,,,,,,,,,
1d_euler,sa_pinn,SA-PINN,7,True,False,<LOCAL_PATH_REDACTED>/PINN/paper/<LOCAL_PATH_REDACTED>/results/raw/runs/1d_euler/sa_pinn/seed_7,<LOCAL_PATH_REDACTED>/PINN/paper/<LOCAL_PATH_REDACTED>/results/raw/runs/1d_euler/sa_pinn/seed_7/metrics_final.json,SA-PINN,,,,,,,,,,,,,,,,,,,,,,,,,,,,,,,,,,,,,1.0,0.018257418583505537,0.7,0.0691983625292778,0.9999998807907104,0.06382531479430704,0.1121159919609532,0.5574327111244202,2.0,1.0000001192092896,14.542603492736816,0.09299568086862564,,,,4000,6000,10000,2026-07-01 09:28:07,AdamW,False,616.778463602066,83331,,,,,,,,analytical_sod_riemann_solution,True,Analytical Sod Riemann solution,pointwise_analytic,700.0,301,0.2,primitive_scaled_space_time_rel_l2,2026-07-21 00:37:38,,,,,,,,,,,,,,,,,,,,,,,,,,,,,,,,,,,,,,,,Adam,0.005,100.0,73.70441436767578,44.60733413696289,99.99117279052734,100.0,100.0,100.0,,,,,,,,,,,,0.010296181814405503,0.023116857510507686,0.03388520069868315,0.01390688268806912,0.025025734527940914,0.03847517241364877,0.09649137407541275,1.1144843101501465,0.03493114923592436,0.08904320480750448,0.2051432724981665,0.03765854857496434,0.09772084701743872,0.15918306377616961,-0.14657412469387054,1.0233861207962036,0.009835574165458025,0.019854988262612467,0.02974986212267874,0.011168610617030946,0.019970883215920616,0.03215075478107217,0.06390673667192459,1.0637508630752563,0.07940814898930246,0.08530945586907696,0.0,0.0,1.3086681365966797,0.4336681365966797,2.072629451751709,0.21772421165380917,0.9828048348426819,0.08280483484268186,0.00020972388030653837,0.0002305185377564817,0.9999999890068356,0.001654189316891471,0.0022724309046182334,0.026434496000663568,0.002039648263002177,0.0013621974100984887,0.9449755317643862,0.0003539149371700903,0.0002904445137549114,0.001449171536064654,0.0016539624233096128,0.0005248267676353016,0.00027495198322039296,0.003334961659143723,0.01955264728550993,0.00070608618399938,0.00042015821000274144,0.003736668308823063,0.0014954826414867643,,,,,,,,,,,,,,,,,,,,,,,,,,,,,,,,,,,,,,,,,,,,,,,,,,,,,,,,,,,,,,,,,,,,,,,,,,,,,,,,,,,,,,,,,,,,,,,,,,,,,,,,,,,,,,,,,,,,,,,,,,,,,,,,
1d_euler,xpinn,XPINN,100,True,False,<LOCAL_PATH_REDACTED>/PINN/paper/<LOCAL_PATH_REDACTED>/results/raw/runs/1d_euler/xpinn/seed_100,<LOCAL_PATH_REDACTED>/PINN/paper/<LOCAL_PATH_REDACTED>/results/raw/runs/1d_euler/xpinn/seed_100/metrics_final.json,XPINN,,,,,,,,,,,,,,,,,,,,,,,,,,,,,,,,,,,,,1.0,0.018257418583505537,0.7,0.035860612988471985,0.9986287355422974,0.029633731184118783,0.055247938968869204,0.49755001068115234,2.0,1.0,15.067184448242188,0.08417754620313644,,,,4000,6000,10000,2026-07-05 06:51:48,AdamW,False,5104.4592118263245,333328,,,,,,,,analytical_sod_riemann_solution,True,Analytical Sod Riemann solution,pointwise_analytic,700.0,301,0.2,primitive_scaled_space_time_rel_l2,2026-07-21 00:37:38,,,,,,,,,,,,,,,,,,,,,,,,,,,,,,,,,,,,,,,,,,,,,,,,,4.0,1.0,0.0,0.1,512.0,2048.0,1.0,20.0,True,0.0015001422725617886,0.0012941407039761543,0.011572381122546396,0.025730347197850847,0.03771611164924413,0.015128959073457276,0.027019461519776862,0.04154037674045839,0.10516916215419769,1.0175154209136963,0.027289808329047843,0.0783838275424326,0.18058553628823723,0.02300604169062172,0.06864709677384159,0.11182317302109816,-0.03621995449066162,0.952360987663269,0.009468178545552841,0.02272674319747365,0.034052776444875435,0.010404350923380825,0.020656738076007052,0.033254899809794125,0.09884312748908997,1.0135364532470703,0.07297498162745691,0.0647697955039355,0.0,0.0,0.9342396855354309,0.05923968553543091,1.9293241500854492,0.07441890998754941,0.9517321586608887,0.05173215866088865,0.004057614865056079,0.005719884540495894,0.9972308142657503,0.0050216455399156755,0.005075695830594779,0.05906589293068305,0.012642680576945385,0.013736943583804019,0.997020026047741,0.0012709575560860714,0.0006989214881279833,0.006504674609628248,0.007023229555982696,0.0007984245496942667,0.0004023221921577629,0.005078602211505551,0.04780842552845563,0.0033318423052860822,0.0015429213085110735,0.01783253066749496,0.0048153594267058356,,,,,,,,,,,,,,,,,,,,,,,,,,,,,,,,,,,,,,,,,,,,,,,,,,,,,,,,,,,,,,,,,,,,,,,,,,,,,,,,,,,,,,,,,,,,,,,,,,,,,,,,,,,,,,,,,,,,,,,,,,,,,,,,
1d_euler,xpinn,XPINN,2026,True,False,<LOCAL_PATH_REDACTED>/PINN/paper/<LOCAL_PATH_REDACTED>/results/raw/runs/1d_euler/xpinn/seed_2026,<LOCAL_PATH_REDACTED>/PINN/paper/<LOCAL_PATH_REDACTED>/results/raw/runs/1d_euler/xpinn/seed_2026/metrics_final.json,XPINN,,,,,,,,,,,,,,,,,,,,,,,,,,,,,,,,,,,,,1.0,0.018257418583505537,0.7,0.03582301363348961,0.9982635378837585,0.028244329600918747,0.06550182519174767,0.5125732421875,2.0,0.9999998211860657,15.204659461975098,0.08388196676969528,,,,4000,6000,10000,2026-07-05 02:19:10,AdamW,False,6069.897332429886,333328,,,,,,,,analytical_sod_riemann_solution,True,Analytical Sod Riemann solution,pointwise_analytic,700.0,301,0.2,primitive_scaled_space_time_rel_l2,2026-07-21 00:37:38,,,,,,,,,,,,,,,,,,,,,,,,,,,,,,,,,,,,,,,,,,,,,,,,,4.0,1.0,0.0,0.1,512.0,2048.0,1.0,20.0,True,0.0022380773443728685,0.0015497795538976789,0.010653413540153084,0.024881962101549995,0.03647253002294138,0.013411996015574298,0.025666413249167488,0.03946016744879657,0.10822541266679764,1.0204473733901978,0.02781779468450225,0.08197520458532814,0.1888595740539162,0.024585324230280738,0.07984707603406163,0.13006745832240368,-0.03587770462036133,0.9532756209373474,0.009455611748967415,0.02354397283175855,0.03527727824870294,0.009930182631632397,0.02256562883157856,0.03632798766087673,0.09853673726320267,1.0134366750717163,0.07559062788271703,0.0728520851422926,0.0,0.0,0.9285576343536377,0.053557634353637695,1.9281501770019531,0.07324493690405331,0.9406520128250122,0.040652012825012185,0.004314856476348188,0.006071565350335452,0.9999999996455089,0.005553414786196016,0.005844040462373606,0.06130680129993633,0.014364115952226912,0.01611272727423443,0.9999999999016955,0.0011903677763985233,0.0005964894141829702,0.0043814846105811765,0.00880481225249388,0.0008757590561942779,0.0002760898715027278,0.005273518729910734,0.05105720174266656,0.003129536413618454,0.0010560996051735654,0.01834317233619145,0.006168170376390442,,,,,,,,,,,,,,,,,,,,,,,,,,,,,,,,,,,,,,,,,,,,,,,,,,,,,,,,,,,,,,,,,,,,,,,,,,,,,,,,,,,,,,,,,,,,,,,,,,,,,,,,,,,,,,,,,,,,,,,,,,,,,,,,
1d_euler,xpinn,XPINN,31415,True,False,<LOCAL_PATH_REDACTED>/PINN/paper/<LOCAL_PATH_REDACTED>/results/raw/runs/1d_euler/xpinn/seed_31415,<LOCAL_PATH_REDACTED>/PINN/paper/<LOCAL_PATH_REDACTED>/results/raw/runs/1d_euler/xpinn/seed_31415/metrics_final.json,XPINN,,,,,,,,,,,,,,,,,,,,,,,,,,,,,,,,,,,,,1.0,0.018257418583505537,0.7,0.03494371101260185,0.9982806444168091,0.028526311472047906,0.055104384561748904,0.5088030695915222,2.0,1.0,15.294212341308594,0.08359847962856293,,,,4000,6000,10000,2026-07-05 08:14:49,AdamW,False,4979.747127771378,333328,,,,,,,,analytical_sod_riemann_solution,True,Analytical Sod Riemann solution,pointwise_analytic,700.0,301,0.2,primitive_scaled_space_time_rel_l2,2026-07-21 00:37:38,,,,,,,,,,,,,,,,,,,,,,,,,,,,,,,,,,,,,,,,,,,,,,,,,4.0,1.0,0.0,0.1,512.0,2048.0,1.0,20.0,True,0.001057826797477901,0.001356974127702415,0.011539849818744228,0.025584454874956614,0.03750225945763802,0.01572326220231831,0.028162750952584092,0.04329809769753354,0.10536056756973267,1.0247604846954346,0.029056375102178397,0.08093199244021905,0.18645615704056678,0.024960977664860908,0.07308598363726733,0.11905392912117378,-0.033222220838069916,0.9517448544502258,0.009497573991282817,0.02321269938293421,0.03478091233314175,0.011030986262714702,0.02200139228619923,0.03541963370312344,0.0987045019865036,1.017676830291748,0.07494611933529222,0.06872902822752713,0.0,0.0,0.9237672090530396,0.04876720905303955,1.9288148880004883,0.07390964790258847,0.9427288770675659,0.042728877067565896,0.004568073701944054,0.006750673042933818,0.9999999996320234,0.005633663971229951,0.006061739609035194,0.06077152545256657,0.014259646783803707,0.01677382478762109,0.9999999998956097,0.0011922576102873796,0.0005666539729561959,0.004126610057362014,0.008193077323797177,0.0008693333572811242,0.0004548925499895211,0.005607790859853634,0.04484173169884635,0.0031191765979907424,0.0020265995428783053,0.014429698736792933,0.005394802967646342,,,,,,,,,,,,,,,,,,,,,,,,,,,,,,,,,,,,,,,,,,,,,,,,,,,,,,,,,,,,,,,,,,,,,,,,,,,,,,,,,,,,,,,,,,,,,,,,,,,,,,,,,,,,,,,,,,,,,,,,,,,,,,,,
1d_euler,xpinn,XPINN,42,True,False,<LOCAL_PATH_REDACTED>/PINN/paper/<LOCAL_PATH_REDACTED>/results/raw/runs/1d_euler/xpinn/seed_42,<LOCAL_PATH_REDACTED>/PINN/paper/<LOCAL_PATH_REDACTED>/results/raw/runs/1d_euler/xpinn/seed_42/metrics_final.json,XPINN,,,,,,,,,,,,,,,,,,,,,,,,,,,,,,,,,,,,,1.0,0.018257418583505537,0.7,0.035204850137233734,0.9983536005020142,0.028526311472047906,0.055822156597350396,0.5116146206855774,2.0,1.0000001192092896,15.211969375610352,0.08410239219665527,,,,4000,6000,10000,2026-07-05 05:26:42,AdamW,False,5369.197674751282,333328,,,,,,,,analytical_sod_riemann_solution,True,Analytical Sod Riemann solution,pointwise_analytic,700.0,301,0.2,primitive_scaled_space_time_rel_l2,2026-07-21 00:37:38,,,,,,,,,,,,,,,,,,,,,,,,,,,,,,,,,,,,,,,,,,,,,,,,,4.0,1.0,0.0,0.1,512.0,2048.0,1.0,20.0,True,0.0018150114919990301,0.0014767635148018599,0.012048467513372393,0.026798586305072387,0.03928196014426256,0.016463419598877736,0.029218902103481225,0.04492185014245266,0.10318588465452194,1.023145318031311,0.029714468012375782,0.08243907842846089,0.18992827546029833,0.026970992299084864,0.07264948358778497,0.11834288928335236,-0.04075133800506592,0.9582313895225525,0.009886028424335282,0.023916264005774755,0.03583510336297551,0.011607808678722518,0.022115733845685034,0.035603710060717025,0.09865919500589371,1.0143518447875977,0.07666619471281864,0.06886526799293846,0.0,0.0,0.9249069690704346,0.04990696907043457,1.9576377868652344,0.10273254676733456,0.9512976408004761,0.05129764080047605,0.005140389806890375,0.007563863794408576,0.9999999996820841,0.0064390868585335725,0.007479894818100935,0.06535372012604851,0.014126661344275645,0.015262640063223556,0.9999999999024561,0.001517492118291928,0.0005772137807841264,0.006826086821138944,0.008222757365248233,0.001412036497386165,0.0007734850070850164,0.007420427343152673,0.06645106135530474,0.004151643967671426,0.0020596447250586236,0.01763856412345395,0.006402700333814961,,,,,,,,,,,,,,,,,,,,,,,,,,,,,,,,,,,,,,,,,,,,,,,,,,,,,,,,,,,,,,,,,,,,,,,,,,,,,,,,,,,,,,,,,,,,,,,,,,,,,,,,,,,,,,,,,,,,,,,,,,,,,,,,
1d_euler,xpinn,XPINN,7,True,False,<LOCAL_PATH_REDACTED>/PINN/paper/<LOCAL_PATH_REDACTED>/results/raw/runs/1d_euler/xpinn/seed_7,<LOCAL_PATH_REDACTED>/PINN/paper/<LOCAL_PATH_REDACTED>/results/raw/runs/1d_euler/xpinn/seed_7/metrics_final.json,XPINN,,,,,,,,,,,,,,,,,,,,,,,,,,,,,,,,,,,,,1.0,0.018257418583505537,0.7,0.03573041409254074,0.9997075200080872,0.028792912513842746,0.0547506254870596,0.5126166343688965,2.0,1.0000001192092896,15.456932067871094,0.0840926393866539,,,,4000,6000,10000,2026-07-05 03:57:12,AdamW,False,5877.663053274155,333328,,,,,,,,analytical_sod_riemann_solution,True,Analytical Sod Riemann solution,pointwise_analytic,700.0,301,0.2,primitive_scaled_space_time_rel_l2,2026-07-21 00:37:38,,,,,,,,,,,,,,,,,,,,,,,,,,,,,,,,,,,,,,,,,,,,,,,,,4.0,1.0,0.0,0.1,512.0,2048.0,1.0,20.0,True,0.001707946415990591,0.0015948009677231312,0.011369717661779993,0.026236872272094088,0.038458587298966236,0.014467717540622536,0.027355805812031068,0.04205748062887289,0.10751821100711823,1.0282604694366455,0.02920777896499288,0.08336681720813525,0.1920656577535041,0.026724146106780165,0.0836050613110056,0.1361890549751929,-0.03557097911834717,0.9631729125976562,0.009533737365346026,0.024079913325041186,0.036080308478196564,0.010486749554606612,0.02378651927369459,0.03829347655761894,0.09901419281959534,1.0200672149658203,0.07721285168611867,0.0764850963521525,0.0,0.0,0.9356642365455627,0.060664236545562744,1.9298973083496094,0.07499206825170956,0.9525796175003052,0.052579617500305154,0.0036995470887180816,0.005135272258982871,0.9937435120574685,0.005395480970924129,0.005346879377767122,0.060923358461189354,0.014236226256702114,0.01597276951396451,0.9942303594399278,0.0010139022304486624,0.0007802762400573424,0.0031347950130866074,0.005362233422688169,0.0007603737155183149,0.00035787988250523726,0.0051200297182170396,0.05129099807859751,0.0026184361413364543,0.0011443038010606216,0.0157012336032798,0.0034614625068786985,,,,,,,,,,,,,,,,,,,,,,,,,,,,,,,,,,,,,,,,,,,,,,,,,,,,,,,,,,,,,,,,,,,,,,,,,,,,,,,,,,,,,,,,,,,,,,,,,,,,,,,,,,,,,,,,,,,,,,,,,,,,,,,,
1d_shallowwater,aaf_pinn,AAF-PINN,100,True,False,<LOCAL_PATH_REDACTED>/PINN/paper/<LOCAL_PATH_REDACTED>/results/raw/runs/1d_shallowwater/aaf_pinn/seed_100,<LOCAL_PATH_REDACTED>/PINN/paper/<LOCAL_PATH_REDACTED>/results/raw/runs/1d_shallowwater/aaf_pinn/seed_100/metrics_final.json,AAF-PINN,,,,,,,,,,,,,,,,,,,,,,,,,,,,,,,,,,,,,1.0,0.018257418583505537,0.8,0.009096123278141022,0.9879778623580933,0.00672275641025641,0.018974358974358976,0.594182550907135,2.0,1.0000001192092896,36.0604248046875,0.012911013327538967,,,,3000,7000,10000,2026-07-03 00:56:25,AdamW,False,446.80444264411926,83203,5.0,0.25382858514785767,1.2691429257392883,1.0,1e-06,20.0,6.0,exact_stoker_entropy_solution,True,Stoker wet-bed dam-break entropy solution,pointwise_analytic,500.0,260,0.25,state_scaled_space_time_rel_l2,,,,,,,,,,,,,,,,,,,,,,,,,,,,,,,,,,,,,,,,,,,,,,,,,,,,,,,,,,,,,,,,,,,,,,,,,,,,,,,,,,,,,,,,,,,,,,,0.00043705255877415195,0.0005736599625386799,0.40679077935408614,0.0018146950054766541,0.0024615776380237375,0.006465118336714752,,,,0.0005065048173621776,0.00026951887795978804,,0.00023714851476321397,0.0010467745181322785,0.0005572088772810334,,0.017787630301763006,,,,,0.005579587203461224,0.02049237991031728,0.013064778932323868,0.004743689380033171,0.02041569066836138,0.013124169063463151,0.0069860034911857485,0.025800533878821915,0.11064096027121537,0.005356066793219465,0.02491548655812078,0.07562984563289195,0.9973106384277344,2.007002830505371,-0.13290764391422272,0.6305954456329346,0.0,0.0045897210827119585,0.018589360692602367,0.011948611782350176,1.0951261520385742,1.0,0.09512615203857422,0.005185048456002976,0.02269111895569754,0.06875524014421279,1.3077280521392822,1.2122725243735317,0.0954555277657505,2026-07-13 06:53:30,0.013718339992550975,0.01739620915225747,0.013483241085512104,0.017144161387804856,2.0,2.8284271247461903,0.788582148700677,0.786462561830874,exact_stoker_entropy_solution,sqrt(mean((dh/h_scale)^2+(dq/q_scale)^2))/sqrt(mean((h_ref/h_scale)^2+(q_ref/q_scale)^2)),2026-07-20 06:45:46,,,,,,,,,,,,,,,,,,,,,,,,,,,,,,,,,,,,,,,,,,,,,,,,,,,,,,,,,,,,,,,,,,,,,,,,,,,,,,,,,,,,,,,
1d_shallowwater,aaf_pinn,AAF-PINN,2026,True,False,<LOCAL_PATH_REDACTED>/PINN/paper/<LOCAL_PATH_REDACTED>/results/raw/runs/1d_shallowwater/aaf_pinn/seed_2026,<LOCAL_PATH_REDACTED>/PINN/paper/<LOCAL_PATH_REDACTED>/results/raw/runs/1d_shallowwater/aaf_pinn/seed_2026/metrics_final.json,AAF-PINN,,,,,,,,,,,,,,,,,,,,,,,,,,,,,,,,,,,,,1.0,0.018257418583505537,0.8,0.009100462310016155,0.9933904409408569,0.006522435897435897,0.018974358974358976,0.5944820642471313,2.0,0.9999999403953552,35.90956497192383,0.01294737309217453,,,,3000,7000,10000,2026-07-03 00:34:03,AdamW,False,449.4559783935547,83203,5.0,0.25977808237075806,1.2988904118537903,1.0,1e-06,20.0,6.0,exact_stoker_entropy_solution,True,Stoker wet-bed dam-break entropy solution,pointwise_analytic,500.0,260,0.25,state_scaled_space_time_rel_l2,,,,,,,,,,,,,,,,,,,,,,,,,,,,,,,,,,,,,,,,,,,,,,,,,,,,,,,,,,,,,,,,,,,,,,,,,,,,,,,,,,,,,,,,,,,,,,,0.0009870300175521083,0.001526650874279564,0.939920198585978,0.0010228385011412735,0.0011786597837645796,0.0037653031711318724,,,,0.0005565724916256551,0.0002637947370185238,,0.00024698919397556936,0.0008161597547847572,0.00029416282147796263,,0.12541853691621704,,,,,0.005085175283216145,0.020489213079674874,0.013062759940755283,0.00381224129282098,0.019859324300464536,0.012766510515823667,0.005756679916899329,0.025754651319235683,0.11044420114692108,0.00401167241150293,0.024002879677221145,0.07285966824281974,0.9974729418754578,2.008413553237915,-0.14085718989372253,0.6360235214233398,0.0,0.003646805052652503,0.01791830874890435,0.011517282308807284,1.1100674867630005,1.0,0.11006748676300049,0.0038346642796898765,0.021638916975348612,0.06556701483102514,1.3105812072753906,1.2122725243735317,0.0983086829018589,2026-07-13 06:53:30,0.01370637520382417,0.017381036619191,0.013061985665190795,0.01660852823657119,2.0,2.8284271247461903,0.788582148700677,0.786462561830874,exact_stoker_entropy_solution,sqrt(mean((dh/h_scale)^2+(dq/q_scale)^2))/sqrt(mean((h_ref/h_scale)^2+(q_ref/q_scale)^2)),2026-07-20 06:45:46,,,,,,,,,,,,,,,,,,,,,,,,,,,,,,,,,,,,,,,,,,,,,,,,,,,,,,,,,,,,,,,,,,,,,,,,,,,,,,,,,,,,,,,
1d_shallowwater,aaf_pinn,AAF-PINN,31415,True,False,<LOCAL_PATH_REDACTED>/PINN/paper/<LOCAL_PATH_REDACTED>/results/raw/runs/1d_shallowwater/aaf_pinn/seed_31415,<LOCAL_PATH_REDACTED>/PINN/paper/<LOCAL_PATH_REDACTED>/results/raw/runs/1d_shallowwater/aaf_pinn/seed_31415/metrics_final.json,AAF-PINN,,,,,,,,,,,,,,,,,,,,,,,,,,,,,,,,,,,,,1.0,0.018257418583505537,0.8,0.008992873132228851,0.9893475770950317,0.006794871794871795,0.019182692307692307,0.5853450298309326,2.0,1.0,35.92191696166992,0.012948612682521343,,,,3000,7000,10000,2026-07-03 01:03:54,AdamW,False,448.75230979919434,83203,5.0,0.2591862380504608,1.295931190252304,1.0,1e-06,20.0,6.0,exact_stoker_entropy_solution,True,Stoker wet-bed dam-break entropy solution,pointwise_analytic,500.0,260,0.25,state_scaled_space_time_rel_l2,,,,,,,,,,,,,,,,,,,,,,,,,,,,,,,,,,,,,,,,,,,,,,,,,,,,,,,,,,,,,,,,,,,,,,,,,,,,,,,,,,,,,,,,,,,,,,,0.0018129716818883106,0.003124336522030643,0.8504017400456142,0.0014538566488571881,0.0018076772443672007,0.004908540287511003,,,,0.000722520641309247,0.00046929507250477107,,0.0003211304748570365,0.0007317746132626556,0.0004290829740177097,,0.07449379016116368,,,,,0.004807210652504585,0.019788607952644522,0.012616093855919728,0.0039137842951947836,0.01906327435309446,0.012254772056324154,0.005916213937233513,0.02503262879994512,0.1073479371220389,0.004158890741397431,0.023305773567437394,0.07074363380978929,0.9969291687011719,2.0069167613983154,-0.16624176502227783,0.632610023021698,0.0,0.0037550991114306685,0.01696975113663058,0.010907581585384199,1.102903127670288,1.0,0.10290312767028809,0.003983858010329827,0.020791115985992942,0.06299813487708995,1.3108195066452026,1.2122725243735317,0.09854698227167091,2026-07-13 06:53:30,0.013275025960627978,0.016834043203341597,0.01259948381730062,0.016020449578620977,2.0,2.8284271247461903,0.788582148700677,0.786462561830874,exact_stoker_entropy_solution,sqrt(mean((dh/h_scale)^2+(dq/q_scale)^2))/sqrt(mean((h_ref/h_scale)^2+(q_ref/q_scale)^2)),2026-07-20 06:45:46,,,,,,,,,,,,,,,,,,,,,,,,,,,,,,,,,,,,,,,,,,,,,,,,,,,,,,,,,,,,,,,,,,,,,,,,,,,,,,,,,,,,,,,
1d_shallowwater,aaf_pinn,AAF-PINN,42,True,False,<LOCAL_PATH_REDACTED>/PINN/paper/<LOCAL_PATH_REDACTED>/results/raw/runs/1d_shallowwater/aaf_pinn/seed_42,<LOCAL_PATH_REDACTED>/PINN/paper/<LOCAL_PATH_REDACTED>/results/raw/runs/1d_shallowwater/aaf_pinn/seed_42/metrics_final.json,AAF-PINN,,,,,,,,,,,,,,,,,,,,,,,,,,,,,,,,,,,,,1.0,0.018257418583505537,0.8,0.008896365761756897,0.9915421009063721,0.006738782051282051,0.018509615384615385,0.5740496516227722,2.0,0.9999999403953552,35.960575103759766,0.012903439812362194,,,,3000,7000,10000,2026-07-03 00:48:57,AdamW,False,448.390584230423,83203,5.0,0.26176396012306213,1.3088198006153107,1.0,1e-06,20.0,6.0,exact_stoker_entropy_solution,True,Stoker wet-bed dam-break entropy solution,pointwise_analytic,500.0,260,0.25,state_scaled_space_time_rel_l2,,,,,,,,,,,,,,,,,,,,,,,,,,,,,,,,,,,,,,,,,,,,,,,,,,,,,,,,,,,,,,,,,,,,,,,,,,,,,,,,,,,,,,,,,,,,,,,0.0001289021788388711,0.00048435198359149693,0.3317152044859258,0.00010297420279940874,0.00013008862675045751,0.0009585723537005797,,,,0.0005606784186956381,0.0003646321045560792,,0.0002784651919250044,0.0008877268840088184,0.0005806928367950992,,0.023284091976858066,,,,,0.005138015387741384,0.02044113992269249,0.013032111222973238,0.0037772010137508446,0.01988509273646975,0.012783075682103226,0.006096191182094931,0.025482110255784018,0.10927545769706626,0.003935044391707791,0.023975587799495553,0.07277682496803145,0.9981157779693604,2.0069260597229004,-0.13765791058540344,0.6311522722244263,0.0,0.003607476172772252,0.01779057858300987,0.01143518168198069,1.1063623428344727,1.0,0.10636234283447266,0.003744788905651525,0.021367754459340537,0.06474537866832004,1.3158278465270996,1.2122725243735317,0.10355532215356789,2026-07-13 06:53:30,0.01362451075161104,0.017277224413515393,0.013065520639297749,0.016613023013917896,2.0,2.8284271247461903,0.788582148700677,0.786462561830874,exact_stoker_entropy_solution,sqrt(mean((dh/h_scale)^2+(dq/q_scale)^2))/sqrt(mean((h_ref/h_scale)^2+(q_ref/q_scale)^2)),2026-07-20 06:45:46,,,,,,,,,,,,,,,,,,,,,,,,,,,,,,,,,,,,,,,,,,,,,,,,,,,,,,,,,,,,,,,,,,,,,,,,,,,,,,,,,,,,,,,
1d_shallowwater,aaf_pinn,AAF-PINN,7,True,False,<LOCAL_PATH_REDACTED>/PINN/paper/<LOCAL_PATH_REDACTED>/results/raw/runs/1d_shallowwater/aaf_pinn/seed_7,<LOCAL_PATH_REDACTED>/PINN/paper/<LOCAL_PATH_REDACTED>/results/raw/runs/1d_shallowwater/aaf_pinn/seed_7/metrics_final.json,AAF-PINN,,,,,,,,,,,,,,,,,,,,,,,,,,,,,,,,,,,,,1.0,0.018257418583505537,0.8,0.009246250614523888,0.9908608198165894,0.006762820512820513,0.018886217948717948,0.5605859160423279,2.0,1.0,35.869972229003906,0.012954283505678177,,,,3000,7000,10000,2026-07-03 00:41:28,AdamW,False,443.95144748687744,83203,5.0,0.26624995470046997,1.3312497735023499,1.0,1e-06,20.0,6.0,exact_stoker_entropy_solution,True,Stoker wet-bed dam-break entropy solution,pointwise_analytic,500.0,260,0.25,state_scaled_space_time_rel_l2,,,,,,,,,,,,,,,,,,,,,,,,,,,,,,,,,,,,,,,,,,,,,,,,,,,,,,,,,,,,,,,,,,,,,,,,,,,,,,,,,,,,,,,,,,,,,,,0.0009361775072214961,0.0014861964657887734,0.9974241408304272,0.003327753085008867,0.005713366115990937,0.010081311481157776,,,,0.00046494304476726346,0.00018427500814257236,,0.00018650372071436788,0.0013204856043971952,0.0008170013539928501,,0.0273740642330145,,,,,0.005108111208724669,0.020995518331677218,0.013385551447580453,0.004285484763798471,0.022553796068280563,0.014498644078777198,0.0065979086817629295,0.02633243835627333,0.11292193718565396,0.005599714091297714,0.028090899165081503,0.08526866864864814,0.9973276853561401,2.005833864212036,-0.1489599645137787,0.6358904242515564,0.0,0.004093377466012629,0.02049211815346695,0.01317163986770487,1.0960222482681274,1.0,0.09602224826812744,0.005366476670950839,0.025420856119524184,0.07702648206030867,1.321441650390625,1.2122725243735317,0.10916912601709328,2026-07-13 06:53:30,0.014031308250741104,0.017793083794557452,0.015026834538925489,0.019106865689733684,2.0,2.8284271247461903,0.788582148700677,0.786462561830874,exact_stoker_entropy_solution,sqrt(mean((dh/h_scale)^2+(dq/q_scale)^2))/sqrt(mean((h_ref/h_scale)^2+(q_ref/q_scale)^2)),2026-07-20 06:45:46,,,,,,,,,,,,,,,,,,,,,,,,,,,,,,,,,,,,,,,,,,,,,,,,,,,,,,,,,,,,,,,,,,,,,,,,,,,,,,,,,,,,,,,
1d_shallowwater,cpinn,cPINN,100,True,False,<LOCAL_PATH_REDACTED>/PINN/paper/<LOCAL_PATH_REDACTED>/results/raw/runs/1d_shallowwater/cpinn/seed_100,<LOCAL_PATH_REDACTED>/PINN/paper/<LOCAL_PATH_REDACTED>/results/raw/runs/1d_shallowwater/cpinn/seed_100/metrics_final.json,cPINN,,,,,,,,,,,,,,,,,,,,,,,,,,,,,,,,,,,,,1.0,0.018257418583505537,0.8,0.00919460877776146,0.9867158532142639,0.006794871794871795,0.018709935897435897,0.614510178565979,2.0,1.0,36.267208099365234,0.012854023836553097,,,,3000,7000,10000,2026-07-04 02:06:22,AdamW,False,1026.770925283432,166406,,,,,,,,exact_stoker_entropy_solution,True,Stoker wet-bed dam-break entropy solution,pointwise_analytic,500.0,260,0.25,state_scaled_space_time_rel_l2,,2.0,1.0,0.0,,1000.0,1000.0,20.0,20.0,True,6.092537296353839e-05,3.743023262359202e-05,,,,,,,,,,,,,,,,,,,,,,,,,,,,,,,,,,,,,,,,,,,,,,,,,,,,,,,,,,,,,,,,,,,,,,,,,,,,,,,,,,,0.0014571051443721737,0.001907229614689637,0.9999695896453377,0.0003486002717068662,0.0003571457132826028,0.0028203076090629517,,,,0.0006113743452053908,0.00045703174489794475,,0.0002993303559833237,0.0009473985756881123,0.0005294030068257079,,0.04641345695313771,,,,,0.005070873301986691,0.019485660910304375,0.012422952007403504,0.004006536818068356,0.016846275715090214,0.010829580745812854,0.0062909055661595215,0.024869287145045927,0.10664747574262651,0.004239303230916682,0.02052691996419848,0.062308547922178346,0.9982205629348755,2.001361846923828,-0.1508845090866089,0.6285724639892578,0.0,0.003898673729084276,0.015244426887102805,0.009798601561962206,1.1023285388946533,1.0,0.10232853889465332,0.0041332166352976716,0.018741904678106706,0.056788920785222644,1.313913345336914,1.2122725243735317,0.10164082096338234,2026-07-13 06:53:30,0.013123754251954138,0.0166422157457674,0.011118388227134625,0.014137212331171916,2.0,2.8284271247461903,0.788582148700677,0.786462561830874,exact_stoker_entropy_solution,sqrt(mean((dh/h_scale)^2+(dq/q_scale)^2))/sqrt(mean((h_ref/h_scale)^2+(q_ref/q_scale)^2)),2026-07-20 06:45:46,,,,,,,,,,,,,,,,,,,,,,,,,,,,,,,,,,,,,,,,,,,,,,,,,,,,,,,,,,,,,,,,,,,,,,,,,,,,,,,,,,,,,,,
1d_shallowwater,cpinn,cPINN,2026,True,False,<LOCAL_PATH_REDACTED>/PINN/paper/<LOCAL_PATH_REDACTED>/results/raw/runs/1d_shallowwater/cpinn/seed_2026,<LOCAL_PATH_REDACTED>/PINN/paper/<LOCAL_PATH_REDACTED>/results/raw/runs/1d_shallowwater/cpinn/seed_2026/metrics_final.json,cPINN,,,,,,,,,,,,,,,,,,,,,,,,,,,,,,,,,,,,,1.0,0.018257418583505537,0.8,0.008986509405076504,0.98659747838974,0.006185897435897436,0.019991987179487178,0.6263926029205322,2.0,1.000000238418579,36.12925720214844,0.012971766293048859,,,,3000,7000,10000,2026-07-04 01:14:51,AdamW,False,1025.810518026352,166406,,,,,,,,exact_stoker_entropy_solution,True,Stoker wet-bed dam-break entropy solution,pointwise_analytic,500.0,260,0.25,state_scaled_space_time_rel_l2,,2.0,1.0,0.0,,1000.0,1000.0,20.0,20.0,True,6.062955071683973e-05,4.449571133591235e-05,,,,,,,,,,,,,,,,,,,,,,,,,,,,,,,,,,,,,,,,,,,,,,,,,,,,,,,,,,,,,,,,,,,,,,,,,,,,,,,,,,,0.0007643744394298071,0.000976017109333091,0.9999500775537051,0.0014532495564362293,0.0018658532193867594,0.007140349925118795,,,,0.0004572783732296213,0.0002852570073562674,,0.00021347784496424837,0.0007529149791014446,0.00030023176600238975,,0.04849306305989333,,,,,0.004925089573273848,0.01893855871433931,0.012074150683450214,0.0034956501736741873,0.01333066686104267,0.008569581527024181,0.006126159711073676,0.024888323058078213,0.10672910784014136,0.0041285314031045284,0.016945710835411597,0.05143794770502234,0.9953368902206421,2.005706548690796,-0.14190922677516937,0.630876898765564,0.0,0.0035047279003963105,0.01344314788194673,0.008640800392776605,1.1158804893493652,1.0,0.11588048934936523,0.004187989294824355,0.01783609291953906,0.05404426526129872,1.3231779336929321,1.2122725243735317,0.1109054093194004,2026-07-13 06:53:30,0.012926555211057886,0.016392147897768404,0.008962215641497283,0.011395603651649957,2.0,2.8284271247461903,0.788582148700677,0.786462561830874,exact_stoker_entropy_solution,sqrt(mean((dh/h_scale)^2+(dq/q_scale)^2))/sqrt(mean((h_ref/h_scale)^2+(q_ref/q_scale)^2)),2026-07-20 06:45:46,,,,,,,,,,,,,,,,,,,,,,,,,,,,,,,,,,,,,,,,,,,,,,,,,,,,,,,,,,,,,,,,,,,,,,,,,,,,,,,,,,,,,,,
1d_shallowwater,cpinn,cPINN,31415,True,False,<LOCAL_PATH_REDACTED>/PINN/paper/<LOCAL_PATH_REDACTED>/results/raw/runs/1d_shallowwater/cpinn/seed_31415,<LOCAL_PATH_REDACTED>/PINN/paper/<LOCAL_PATH_REDACTED>/results/raw/runs/1d_shallowwater/cpinn/seed_31415/metrics_final.json,cPINN,,,,,,,,,,,,,,,,,,,,,,,,,,,,,,,,,,,,,1.0,0.018257418583505537,0.8,0.00875191017985344,0.9853810667991638,0.005953525641025641,0.018870192307692307,0.5953654646873474,2.0,0.9999998807907104,36.04746627807617,0.012890994548797607,,,,3000,7000,10000,2026-07-04 02:21:51,AdamW,False,927.9427106380463,166406,,,,,,,,exact_stoker_entropy_solution,True,Stoker wet-bed dam-break entropy solution,pointwise_analytic,500.0,260,0.25,state_scaled_space_time_rel_l2,,2.0,1.0,0.0,,1000.0,1000.0,20.0,20.0,True,3.142629429930821e-05,1.66407335200347e-05,,,,,,,,,,,,,,,,,,,,,,,,,,,,,,,,,,,,,,,,,,,,,,,,,,,,,,,,,,,,,,,,,,,,,,,,,,,,,,,,,,,0.002089784635090963,0.0028763157305133594,0.986498972373733,0.0005579760176610581,0.0004500799763829666,0.004485036444915143,,,,0.0004949658602724273,0.00024868780285483257,,0.0002225311405273551,0.0007738221194198766,0.0004446582223114823,,0.1142248829762425,,,,,0.005299260458180904,0.019349311174819382,0.012336023150951092,0.004089313872766327,0.015036486569572544,0.00966616290701285,0.005811322463801448,0.024866613299030043,0.10663600943374296,0.003723363880205368,0.018184513391778,0.0551982774858223,0.9953848123550415,2.0004491806030273,-0.16805094480514526,0.6257472634315491,0.0,0.004015194025633198,0.013817726648842765,0.00888156694422306,1.109074592590332,1.0,0.10907459259033203,0.0036617139725066295,0.017154519248040227,0.05197906250283764,1.323401689529419,1.2122725243735317,0.11112916515588722,2026-07-13 06:53:30,0.013072586502120946,0.016577329988567046,0.009892347951887006,0.012578282084839713,2.0,2.8284271247461903,0.788582148700677,0.786462561830874,exact_stoker_entropy_solution,sqrt(mean((dh/h_scale)^2+(dq/q_scale)^2))/sqrt(mean((h_ref/h_scale)^2+(q_ref/q_scale)^2)),2026-07-20 06:45:46,,,,,,,,,,,,,,,,,,,,,,,,,,,,,,,,,,,,,,,,,,,,,,,,,,,,,,,,,,,,,,,,,,,,,,,,,,,,,,,,,,,,,,,
1d_shallowwater,cpinn,cPINN,42,True,False,<LOCAL_PATH_REDACTED>/PINN/paper/<LOCAL_PATH_REDACTED>/results/raw/runs/1d_shallowwater/cpinn/seed_42,<LOCAL_PATH_REDACTED>/PINN/paper/<LOCAL_PATH_REDACTED>/results/raw/runs/1d_shallowwater/cpinn/seed_42/metrics_final.json,cPINN,,,,,,,,,,,,,,,,,,,,,,,,,,,,,,,,,,,,,1.0,0.018257418583505537,0.8,0.008902013301849365,0.9869790077209473,0.006458333333333333,0.018733974358974358,0.5484843254089355,2.0,1.0000001192092896,35.95015335083008,0.012940512038767338,,,,3000,7000,10000,2026-07-04 01:49:14,AdamW,False,1037.5237538814545,166406,,,,,,,,exact_stoker_entropy_solution,True,Stoker wet-bed dam-break entropy solution,pointwise_analytic,500.0,260,0.25,state_scaled_space_time_rel_l2,,2.0,1.0,0.0,,1000.0,1000.0,20.0,20.0,True,4.073116724612191e-05,3.163867586408742e-05,,,,,,,,,,,,,,,,,,,,,,,,,,,,,,,,,,,,,,,,,,,,,,,,,,,,,,,,,,,,,,,,,,,,,,,,,,,,,,,,,,,0.0006190329931932171,0.001098097357067204,0.6342822055459265,0.0019496118349331655,0.003053076331154092,0.006076215374863707,,,,0.0006421503253769461,0.0003186251252657998,,0.0003154425610579644,0.0009895476147621914,0.00048613805776554484,,0.1331123797455906,,,,,0.005064943989025967,0.020226894953873385,0.012895520784613515,0.00392367353974299,0.019488220229981933,0.012527947312635011,0.006212464251433608,0.02562870730952413,0.10990411285881277,0.004346054393247318,0.023803926848124966,0.07225575582402466,0.9950274229049683,2.005744218826294,-0.1486000418663025,0.6291964650154114,0.0,0.0037574714501441776,0.017438292438265734,0.011208744073423036,1.103684425354004,1.0,0.1036844253540039,0.00415941643582036,0.021250945096528768,0.06439144038053018,1.3139119148254395,1.2122725243735317,0.10163939045190773,2026-07-13 06:53:30,0.013578867760730792,0.01721934459597781,0.012875404793905696,0.016371287609566004,2.0,2.8284271247461903,0.788582148700677,0.786462561830874,exact_stoker_entropy_solution,sqrt(mean((dh/h_scale)^2+(dq/q_scale)^2))/sqrt(mean((h_ref/h_scale)^2+(q_ref/q_scale)^2)),2026-07-20 06:45:46,,,,,,,,,,,,,,,,,,,,,,,,,,,,,,,,,,,,,,,,,,,,,,,,,,,,,,,,,,,,,,,,,,,,,,,,,,,,,,,,,,,,,,,
1d_shallowwater,cpinn,cPINN,7,True,False,<LOCAL_PATH_REDACTED>/PINN/paper/<LOCAL_PATH_REDACTED>/results/raw/runs/1d_shallowwater/cpinn/seed_7,<LOCAL_PATH_REDACTED>/PINN/paper/<LOCAL_PATH_REDACTED>/results/raw/runs/1d_shallowwater/cpinn/seed_7/metrics_final.json,cPINN,,,,,,,,,,,,,,,,,,,,,,,,,,,,,,,,,,,,,1.0,0.018257418583505537,0.8,0.009026167914271355,0.9891633987426758,0.006522435897435897,0.01932692307692308,0.5849851965904236,2.0,0.9999998211860657,35.89940643310547,0.012959998100996017,,,,3000,7000,10000,2026-07-04 01:31:55,AdamW,False,1022.9670236110687,166406,,,,,,,,exact_stoker_entropy_solution,True,Stoker wet-bed dam-break entropy solution,pointwise_analytic,500.0,260,0.25,state_scaled_space_time_rel_l2,,2.0,1.0,0.0,,1000.0,1000.0,20.0,20.0,True,3.526824002619833e-05,2.426630089757964e-05,,,,,,,,,,,,,,,,,,,,,,,,,,,,,,,,,,,,,,,,,,,,,,,,,,,,,,,,,,,,,,,,,,,,,,,,,,,,,,,,,,,0.0003887566158785044,0.0008352324974759037,0.7632969802235864,0.0017136067751033416,0.003109415735361276,0.004774272412272155,,,,0.0006210765552556511,0.0004096947189296358,,0.00023557014035976157,0.0010622925141264567,0.0007509062358487988,,0.02693427173275268,,,,,0.005089159833702808,0.019618703404738057,0.012507772354575864,0.0038386419871993863,0.01736062537158514,0.011160228969242044,0.006697767710033291,0.02496638072637895,0.10706384414512979,0.0047251400321770805,0.021346253911095375,0.06479559949072994,0.9953960180282593,2.007016181945801,-0.15235382318496704,0.6330628395080566,0.0,0.003703074547103246,0.015394650743125722,0.009895160371366545,1.1086070537567139,1.0,0.10860705375671387,0.004569491539709675,0.018986853650592096,0.05753112858287215,1.327246904373169,1.2122725243735317,0.11497437999963722,2026-07-13 06:53:30,0.013196151016208607,0.01673402198862195,0.011502419216310573,0.014625514009870317,2.0,2.8284271247461903,0.788582148700677,0.786462561830874,exact_stoker_entropy_solution,sqrt(mean((dh/h_scale)^2+(dq/q_scale)^2))/sqrt(mean((h_ref/h_scale)^2+(q_ref/q_scale)^2)),2026-07-20 06:45:46,,,,,,,,,,,,,,,,,,,,,,,,,,,,,,,,,,,,,,,,,,,,,,,,,,,,,,,,,,,,,,,,,,,,,,,,,,,,,,,,,,,,,,,
1d_shallowwater,gpinn_subsampled,gPINN-subsampled,100,True,False,<LOCAL_PATH_REDACTED>/PINN/paper/<LOCAL_PATH_REDACTED>/results/raw/runs/1d_shallowwater/gpinn_subsampled/seed_100,<LOCAL_PATH_REDACTED>/PINN/paper/<LOCAL_PATH_REDACTED>/results/raw/runs/1d_shallowwater/gpinn_subsampled/seed_100/metrics_final.json,gPINN-subsampled,,,,,,,,,,,,,,,,,,,,,,,,,,,,,,,,,,,,,1.0,0.018257418583505537,0.8,0.006294706836342812,0.999296247959137,0.004863782051282051,0.009014423076923076,0.6299732327461243,2.0,1.0,33.696128845214844,0.013171842321753502,,,,3000,7000,10000,2026-07-02 09:39:40,AdamW,False,1642.896594285965,83202,,,,,,,,exact_stoker_entropy_solution,True,Stoker wet-bed dam-break entropy solution,pointwise_analytic,500.0,260,0.25,state_scaled_space_time_rel_l2,,,,,,,,,,,,,0.0001,1024.0,512.0,False,41.12575435638428,0.0041125754356384275,,,,,,,,,,,,,,,,,,,,,,,,,,,,,,,,,,,,,,,,,,,,,,,,,,,,,,,,,,,,,,,,,,,,,,,,,,,,,0.0011731390159799967,0.0020695894637730644,0.8298845881503715,0.0014720531064487162,0.0017723735892914427,0.005560050471008952,,,,0.0007016540881377276,0.0005013732735678554,,0.0003832942905606083,0.0007930966093604427,0.0002985343616107722,,0.06289181728345439,,,,,0.00745022184129797,0.027275727239406734,0.01738945638138406,0.006306631140358964,0.024206874658055034,0.01556132097958923,0.009084530087854798,0.03464322147654339,0.14856123943231248,0.006986646069394482,0.02988841220667355,0.09072493913092806,0.9963490962982178,2.0112013816833496,-0.22622784972190857,0.6440736651420593,0.0,0.00622773941878247,0.023409776793675396,0.015047012075590628,1.1294875144958496,1.0,0.1294875144958496,0.006922523936408149,0.029155467638524807,0.08834254418732675,1.336777687072754,1.2122725243735317,0.12450516269922218,2026-07-13 06:53:30,0.018330587098992036,0.02324499372598219,0.01606729109735679,0.02042982320726358,2.0,2.8284271247461903,0.788582148700677,0.786462561830874,exact_stoker_entropy_solution,sqrt(mean((dh/h_scale)^2+(dq/q_scale)^2))/sqrt(mean((h_ref/h_scale)^2+(q_ref/q_scale)^2)),2026-07-20 06:45:46,,,,,,,,,,,,,,,,,,,,,,,,,,,,,,,,,,,,,,,,,,,,,,,,,,,,,,,,,,,,,,,,,,,,,,,,,,,,,,,,,,,,,,,
1d_shallowwater,gpinn_subsampled,gPINN-subsampled,2026,True,False,<LOCAL_PATH_REDACTED>/PINN/paper/<LOCAL_PATH_REDACTED>/results/raw/runs/1d_shallowwater/gpinn_subsampled/seed_2026,<LOCAL_PATH_REDACTED>/PINN/paper/<LOCAL_PATH_REDACTED>/results/raw/runs/1d_shallowwater/gpinn_subsampled/seed_2026/metrics_final.json,gPINN-subsampled,,,,,,,,,,,,,,,,,,,,,,,,,,,,,,,,,,,,,1.0,0.018257418583505537,0.8,0.008684099651873112,0.9999556541442871,0.007475961538461538,0.011650641025641026,0.5648059248924255,2.0,1.0000001192092896,33.50859069824219,0.01323801837861538,,,,3000,7000,10000,2026-07-02 08:17:45,AdamW,False,2064.7606155872345,83202,,,,,,,,exact_stoker_entropy_solution,True,Stoker wet-bed dam-break entropy solution,pointwise_analytic,500.0,260,0.25,state_scaled_space_time_rel_l2,,,,,,,,,,,,,0.0001,1024.0,512.0,False,284.437837600708,0.0284437837600708,,,,,,,,,,,,,,,,,,,,,,,,,,,,,,,,,,,,,,,,,,,,,,,,,,,,,,,,,,,,,,,,,,,,,,,,,,,,,0.0010094857168413001,0.0019319593897636784,0.9472459165872441,0.0025378646673834314,0.0036391240747850606,0.0076015613690371625,,,,0.0006269365536827328,0.0004638141448716458,,0.00030634192210766216,0.0010176560576225036,0.0009292106208027839,,0.04824780850824294,,,,,0.007639828853732222,0.027406675121570707,0.017472941322597108,0.006489953171405255,0.024568386767263615,0.0157937180175741,0.009654467616485349,0.03490610000920713,0.14968854685258562,0.00800937666404917,0.030319129413120594,0.09203236195644793,0.9978719353675842,2.010206460952759,-0.20163530111312866,0.6464031338691711,0.0,0.00640567436617226,0.023680678556119526,0.015221138558159094,1.1330132484436035,1.0,0.13301324844360352,0.00793551112520535,0.029431764315276426,0.08917973711722127,1.3342819213867188,1.2122725243735317,0.12200939701318703,2026-07-13 06:53:30,0.01844141907599377,0.02338553961227217,0.016303607212290714,0.020730303009358016,2.0,2.8284271247461903,0.788582148700677,0.786462561830874,exact_stoker_entropy_solution,sqrt(mean((dh/h_scale)^2+(dq/q_scale)^2))/sqrt(mean((h_ref/h_scale)^2+(q_ref/q_scale)^2)),2026-07-20 06:45:46,,,,,,,,,,,,,,,,,,,,,,,,,,,,,,,,,,,,,,,,,,,,,,,,,,,,,,,,,,,,,,,,,,,,,,,,,,,,,,,,,,,,,,,
1d_shallowwater,gpinn_subsampled,gPINN-subsampled,31415,True,False,<LOCAL_PATH_REDACTED>/PINN/paper/<LOCAL_PATH_REDACTED>/results/raw/runs/1d_shallowwater/gpinn_subsampled/seed_31415,<LOCAL_PATH_REDACTED>/PINN/paper/<LOCAL_PATH_REDACTED>/results/raw/runs/1d_shallowwater/gpinn_subsampled/seed_31415/metrics_final.json,gPINN-subsampled,,,,,,,,,,,,,,,,,,,,,,,,,,,,,,,,,,,,,1.0,0.018257418583505537,0.8,0.007243692874908447,0.9965565204620361,0.005729166666666666,0.01032852564102564,0.5620188117027283,2.0,0.9999999403953552,33.666656494140625,0.013219818472862244,,,,3000,7000,10000,2026-07-02 10:07:17,AdamW,False,1656.8378703594208,83202,,,,,,,,exact_stoker_entropy_solution,True,Stoker wet-bed dam-break entropy solution,pointwise_analytic,500.0,260,0.25,state_scaled_space_time_rel_l2,,,,,,,,,,,,,0.0001,1024.0,512.0,False,29.20748233795166,0.0029207482337951663,,,,,,,,,,,,,,,,,,,,,,,,,,,,,,,,,,,,,,,,,,,,,,,,,,,,,,,,,,,,,,,,,,,,,,,,,,,,,0.0019612895780658137,0.0033660481825245046,0.9999999989180428,0.0003671334822160528,0.0010004554213179362,0.002105608224965077,,,,0.0006760438413564803,0.0004080751529003876,,0.0003394760676956875,0.0006344248936043853,0.00023574255808971045,,0.02309246210465505,,,,,0.007633996599989299,0.027111049658239895,0.017284467297516287,0.006390090497527789,0.023867706876871918,0.015343287929743644,0.009599776885096912,0.03451760158245062,0.14802254105588075,0.00732274627631091,0.029274403188360016,0.08886114220430852,0.9953981041908264,2.013735294342041,-0.21882739663124084,0.6400347948074341,0.0,0.006300893331248349,0.022954305020276202,0.014754250237883574,1.135396122932434,1.0,0.13539612293243408,0.007244906388203949,0.028413020933795448,0.08609289305387618,1.3475021123886108,1.2122725243735317,0.13522958801507912,2026-07-13 06:53:30,0.01823966435460058,0.023129694711743597,0.015796857065391287,0.020085961916097232,2.0,2.8284271247461903,0.788582148700677,0.786462561830874,exact_stoker_entropy_solution,sqrt(mean((dh/h_scale)^2+(dq/q_scale)^2))/sqrt(mean((h_ref/h_scale)^2+(q_ref/q_scale)^2)),2026-07-20 06:45:46,,,,,,,,,,,,,,,,,,,,,,,,,,,,,,,,,,,,,,,,,,,,,,,,,,,,,,,,,,,,,,,,,,,,,,,,,,,,,,,,,,,,,,,
1d_shallowwater,gpinn_subsampled,gPINN-subsampled,42,True,False,<LOCAL_PATH_REDACTED>/PINN/paper/<LOCAL_PATH_REDACTED>/results/raw/runs/1d_shallowwater/gpinn_subsampled/seed_42,<LOCAL_PATH_REDACTED>/PINN/paper/<LOCAL_PATH_REDACTED>/results/raw/runs/1d_shallowwater/gpinn_subsampled/seed_42/metrics_final.json,gPINN-subsampled,,,,,,,,,,,,,,,,,,,,,,,,,,,,,,,,,,,,,1.0,0.018257418583505537,0.8,0.006923687644302845,0.9951472878456116,0.0054487179487179484,0.010296474358974359,0.5672544836997986,2.0,1.0000001192092896,33.2841682434082,0.01329949963837862,,,,3000,7000,10000,2026-07-02 09:12:16,AdamW,False,1608.8224697113037,83202,,,,,,,,exact_stoker_entropy_solution,True,Stoker wet-bed dam-break entropy solution,pointwise_analytic,500.0,260,0.25,state_scaled_space_time_rel_l2,,,,,,,,,,,,,0.0001,1024.0,512.0,False,68.69998741149902,0.006869998741149902,,,,,,,,,,,,,,,,,,,,,,,,,,,,,,,,,,,,,,,,,,,,,,,,,,,,,,,,,,,,,,,,,,,,,,,,,,,,,0.0003377876532208636,0.0007786292397210339,0.9855313537522572,0.0024559118554759994,0.003382882751346128,0.008227072748221358,,,,0.0003288793401435902,0.00020955685223697507,,0.00020243168626191423,0.0008663559449929928,0.0005305077322202249,,0.05475646706653969,,,,,0.007720097212871339,0.027009466025452265,0.01721970333592076,0.006080623580267089,0.02281312879486238,0.014665355389339085,0.009475753706931985,0.03450163683057499,0.14795407908194227,0.007863000484300105,0.028367595791014433,0.0861085688873063,0.9952547550201416,2.012176275253296,-0.20968303084373474,0.647567868232727,0.0,0.006020140210632493,0.022087753223064693,0.014197260076393051,1.1411657333374023,1.0,0.14116573333740234,0.007814694720818558,0.027754724287542772,0.08409822086130597,1.3599061965942383,1.2122725243735317,0.14763367222070656,2026-07-13 06:53:30,0.018198164241033384,0.0230770684715535,0.01518880419002899,0.019312812748073283,2.0,2.8284271247461903,0.788582148700677,0.786462561830874,exact_stoker_entropy_solution,sqrt(mean((dh/h_scale)^2+(dq/q_scale)^2))/sqrt(mean((h_ref/h_scale)^2+(q_ref/q_scale)^2)),2026-07-20 06:45:46,,,,,,,,,,,,,,,,,,,,,,,,,,,,,,,,,,,,,,,,,,,,,,,,,,,,,,,,,,,,,,,,,,,,,,,,,,,,,,,,,,,,,,,
1d_shallowwater,gpinn_subsampled,gPINN-subsampled,7,True,False,<LOCAL_PATH_REDACTED>/PINN/paper/<LOCAL_PATH_REDACTED>/results/raw/runs/1d_shallowwater/gpinn_subsampled/seed_7,<LOCAL_PATH_REDACTED>/PINN/paper/<LOCAL_PATH_REDACTED>/results/raw/runs/1d_shallowwater/gpinn_subsampled/seed_7/metrics_final.json,gPINN-subsampled,,,,,,,,,,,,,,,,,,,,,,,,,,,,,,,,,,,,,1.0,0.018257418583505537,0.8,0.005603988189250231,0.9965689182281494,0.004150641025641026,0.008701923076923078,0.5600026845932007,2.0,0.9999998807907104,33.63311767578125,0.013311735354363918,,,,3000,7000,10000,2026-07-02 08:45:27,AdamW,False,1660.2460989952087,83202,,,,,,,,exact_stoker_entropy_solution,True,Stoker wet-bed dam-break entropy solution,pointwise_analytic,500.0,260,0.25,state_scaled_space_time_rel_l2,,,,,,,,,,,,,0.0001,1024.0,512.0,False,40.81892967224121,0.004081892967224121,,,,,,,,,,,,,,,,,,,,,,,,,,,,,,,,,,,,,,,,,,,,,,,,,,,,,,,,,,,,,,,,,,,,,,,,,,,,,0.0015547676839747825,0.002796573454063123,0.9954066103693552,0.0009178317077313707,0.0008722686082944242,0.004050805302848396,,,,0.0007265831234850814,0.0005495304276792743,,0.0003970961167292838,0.0004028146446271427,0.0002211284264572738,,0.018403656073122138,,,,,0.008008776879751137,0.027458718952250813,0.017506121516679133,0.006920935853533086,0.02450163440830947,0.015750806452223202,0.01107434505614651,0.035094168169585105,0.15049504341418352,0.008580721361494209,0.03020795822072801,0.0916949067717032,0.9958422183990479,2.0144355297088623,-0.17739060521125793,0.6395673751831055,0.0,0.006837056964582236,0.02364966951533834,0.015201206996436,1.1351134777069092,1.0,0.13511347770690918,0.008505905188115654,0.029412981728530886,0.08912282492771045,1.3480162620544434,1.2122725243735317,0.13574373768091164,2026-07-13 06:53:30,0.01850528009958413,0.023466521693461178,0.016252618701389932,0.0206654702844766,2.0,2.8284271247461903,0.788582148700677,0.786462561830874,exact_stoker_entropy_solution,sqrt(mean((dh/h_scale)^2+(dq/q_scale)^2))/sqrt(mean((h_ref/h_scale)^2+(q_ref/q_scale)^2)),2026-07-20 06:45:46,,,,,,,,,,,,,,,,,,,,,,,,,,,,,,,,,,,,,,,,,,,,,,,,,,,,,,,,,,,,,,,,,,,,,,,,,,,,,,,,,,,,,,,
1d_shallowwater,lra_pinn,LRA-PINN,100,True,False,<LOCAL_PATH_REDACTED>/PINN/paper/<LOCAL_PATH_REDACTED>/results/raw/runs/1d_shallowwater/lra_pinn/seed_100,<LOCAL_PATH_REDACTED>/PINN/paper/<LOCAL_PATH_REDACTED>/results/raw/runs/1d_shallowwater/lra_pinn/seed_100/metrics_final.json,LRA-PINN,,,,,,,,,,,,,,,,,,,,,,,,,,,,,,,,,,,,,1.0,0.018257418583505537,0.8,0.01866597682237625,1.0,0.01780448717948718,0.02391826923076923,0.5990269780158997,2.0,0.9999999403953552,31.38683319091797,0.01593441143631935,,,,3000,7000,10000,2026-07-01 22:03:58,AdamW,False,380.4008643627167,83202,,,,,,,,exact_stoker_entropy_solution,True,Stoker wet-bed dam-break entropy solution,pointwise_analytic,500.0,260,0.25,state_scaled_space_time_rel_l2,,,,,,,,,,,,,,,,,,,0.9,500.0,9999.999852186837,10000.0,999999.9852186836,300000.0,1.0,,,,,,,,,,,,,,,,,,,,,,,,,,,,,,,,,,,,,,,,,,,,,,,,,,,,,,,,,,,,,,,,,,,,,,0.03133668348353242,0.047302295896307495,0.9974324731585852,0.019838069273882132,0.0401332182491273,0.05457248398961786,,,,0.011599704427067823,0.007641678206252856,,0.004222721890237208,0.012641721342057505,0.012304876612287633,,0.14635879170082644,,,,,0.02448949565184288,0.05931427434952138,0.0378154165255131,0.04414696625627286,0.07630598314147291,0.049053085666821525,0.02256691593552296,0.054906476701469906,0.23545657372409115,0.042897978188402644,0.07487778035169379,0.22728815494419613,0.9994140863418579,2.0004727840423584,-0.0017779842019081116,0.7725786566734314,0.0,0.04424574325314668,0.07647720213791552,0.049156956694584905,1.4784704446792603,1.0,0.47847044467926025,0.04294913397496119,0.07490224343530641,0.22695759273879607,1.5137237310409546,1.2122725243735317,0.30145120666742287,2026-07-13 06:53:30,0.0354455347452074,0.04494843663854804,0.046437980302724724,0.05904665085971632,2.0,2.8284271247461903,0.788582148700677,0.786462561830874,exact_stoker_entropy_solution,sqrt(mean((dh/h_scale)^2+(dq/q_scale)^2))/sqrt(mean((h_ref/h_scale)^2+(q_ref/q_scale)^2)),2026-07-20 06:45:46,,,,,,,,,,,,,,,,,,,,,,,,,,,,,,,,,,,,,,,,,,,,,,,,,,,,,,,,,,,,,,,,,,,,,,,,,,,,,,,,,,,,,,,
1d_shallowwater,lra_pinn,LRA-PINN,2026,True,False,<LOCAL_PATH_REDACTED>/PINN/paper/<LOCAL_PATH_REDACTED>/results/raw/runs/1d_shallowwater/lra_pinn/seed_2026,<LOCAL_PATH_REDACTED>/PINN/paper/<LOCAL_PATH_REDACTED>/results/raw/runs/1d_shallowwater/lra_pinn/seed_2026/metrics_final.json,LRA-PINN,,,,,,,,,,,,,,,,,,,,,,,,,,,,,,,,,,,,,1.0,0.018257418583505537,0.8,0.012253989465534687,1.0,0.010649038461538462,0.01842948717948718,0.6329935789108276,2.0,1.0,37.51024627685547,0.013342415913939476,,,,3000,7000,10000,2026-07-01 21:44:54,AdamW,False,340.17877316474915,83202,,,,,,,,exact_stoker_entropy_solution,True,Stoker wet-bed dam-break entropy solution,pointwise_analytic,500.0,260,0.25,state_scaled_space_time_rel_l2,,,,,,,,,,,,,,,,,,,0.9,500.0,7553.425187256925,9999.537989347307,755342.5187256925,299986.13968041923,1.0,,,,,,,,,,,,,,,,,,,,,,,,,,,,,,,,,,,,,,,,,,,,,,,,,,,,,,,,,,,,,,,,,,,,,,0.00967460501005242,0.013703454124545137,0.9959222373657517,0.0013881557259419809,0.0017041533597623726,0.03314226110316458,,,,0.0032695428035881277,0.0015200980095670278,,0.0014500114432101107,0.0022022517097660854,0.0013573974070858821,,0.11693137982159191,,,,,0.011030784014452519,0.03234217297889562,0.02061953477387525,0.019315503647588727,0.04076607248620844,0.02620635451689744,0.012154722153736352,0.04030186606450871,0.17282732144389085,0.02174805643593065,0.05110585587855442,0.1551295408988159,0.9986884593963623,2.000653028488159,-0.0013089179992675781,0.6748586893081665,0.0,0.019395137291701982,0.0410912602503186,0.026412071103336064,1.2163245677947998,1.0,0.2163245677947998,0.021838340668350352,0.0515145907072291,0.15609181997245797,1.378347635269165,1.2122725243735317,0.16607511089563332,2026-07-13 06:53:30,0.021553052899401546,0.027331398428035086,0.027238653227034688,0.03463439272123627,2.0,2.8284271247461903,0.788582148700677,0.786462561830874,exact_stoker_entropy_solution,sqrt(mean((dh/h_scale)^2+(dq/q_scale)^2))/sqrt(mean((h_ref/h_scale)^2+(q_ref/q_scale)^2)),2026-07-20 06:45:46,,,,,,,,,,,,,,,,,,,,,,,,,,,,,,,,,,,,,,,,,,,,,,,,,,,,,,,,,,,,,,,,,,,,,,,,,,,,,,,,,,,,,,,
1d_shallowwater,lra_pinn,LRA-PINN,31415,True,False,<LOCAL_PATH_REDACTED>/PINN/paper/<LOCAL_PATH_REDACTED>/results/raw/runs/1d_shallowwater/lra_pinn/seed_31415,<LOCAL_PATH_REDACTED>/PINN/paper/<LOCAL_PATH_REDACTED>/results/raw/runs/1d_shallowwater/lra_pinn/seed_31415/metrics_final.json,LRA-PINN,,,,,,,,,,,,,,,,,,,,,,,,,,,,,,,,,,,,,1.0,0.018257418583505537,0.8,0.0034709738101810217,0.9824385046958923,0.0019871794871794872,0.006818910256410257,0.6040839552879333,2.0,0.9999999403953552,40.49465560913086,0.01235152967274189,,,,3000,7000,10000,2026-07-01 22:10:46,AdamW,False,407.78660011291504,83202,,,,,,,,exact_stoker_entropy_solution,True,Stoker wet-bed dam-break entropy solution,pointwise_analytic,500.0,260,0.25,state_scaled_space_time_rel_l2,,,,,,,,,,,,,,,,,,,0.9,500.0,9905.295973744524,10000.0,990529.5973744524,300000.0,1.0,,,,,,,,,,,,,,,,,,,,,,,,,,,,,,,,,,,,,,,,,,,,,,,,,,,,,,,,,,,,,,,,,,,,,,0.016379381547055052,0.022899772597007477,0.9999999997785817,0.015299141692819446,0.01978189337178954,0.08039583445582037,,,,0.0035183907460871007,0.0024691516497374836,,0.0015219704057940827,0.004047468889024532,0.002126933935985384,,0.14115746342214838,,,,,0.014873066307740013,0.04685928408540894,0.029874821283915533,0.02511178371586392,0.057831394647633275,0.03717674865184052,0.020141888681818248,0.06278755912519181,0.2692531816327723,0.03449495141395729,0.07661972455656446,0.23257574870674058,0.9984837770462036,2.0000295639038086,-0.0019870996475219727,0.6209560036659241,0.0,0.025272432711151146,0.058376424980291386,0.037522389869414266,1.0819603204727173,1.0,0.08196032047271729,0.03470352114234517,0.07731340257862579,0.2342635271111163,1.3121533393859863,1.2122725243735317,0.0998808150124546,2026-07-13 06:53:30,0.03227588610498086,0.04092900930882082,0.03962247248233069,0.050380621284806915,2.0,2.8284271247461903,0.788582148700677,0.786462561830874,exact_stoker_entropy_solution,sqrt(mean((dh/h_scale)^2+(dq/q_scale)^2))/sqrt(mean((h_ref/h_scale)^2+(q_ref/q_scale)^2)),2026-07-20 06:45:46,,,,,,,,,,,,,,,,,,,,,,,,,,,,,,,,,,,,,,,,,,,,,,,,,,,,,,,,,,,,,,,,,,,,,,,,,,,,,,,,,,,,,,,
1d_shallowwater,lra_pinn,LRA-PINN,42,True,False,<LOCAL_PATH_REDACTED>/PINN/paper/<LOCAL_PATH_REDACTED>/results/raw/runs/1d_shallowwater/lra_pinn/seed_42,<LOCAL_PATH_REDACTED>/PINN/paper/<LOCAL_PATH_REDACTED>/results/raw/runs/1d_shallowwater/lra_pinn/seed_42/metrics_final.json,LRA-PINN,,,,,,,,,,,,,,,,,,,,,,,,,,,,,,,,,,,,,1.0,0.018257418583505537,0.8,0.020072728395462036,1.0,0.01936698717948718,0.023766025641025642,0.5525630712509155,2.0,1.0,29.312854766845703,0.019911425188183784,,,,3000,7000,10000,2026-07-01 21:57:37,AdamW,False,405.5088243484497,83202,,,,,,,,exact_stoker_entropy_solution,True,Stoker wet-bed dam-break entropy solution,pointwise_analytic,500.0,260,0.25,state_scaled_space_time_rel_l2,,,,,,,,,,,,,,,,,,,0.9,500.0,9999.92442284261,10000.0,999992.4422842611,300000.0,1.0,,,,,,,,,,,,,,,,,,,,,,,,,,,,,,,,,,,,,,,,,,,,,,,,,,,,,,,,,,,,,,,,,,,,,,0.08103741546960842,0.16362484737085417,0.9989875744817655,0.03213963467987797,0.05088267437900679,0.07602167726005639,,,,0.04174656611935001,0.03408237212733775,,0.020740162417871577,0.014577768455524791,0.008682975919150557,,0.1281363672354087,,,,,0.049280733802318615,0.1259006957004998,0.08026714144239876,0.09259153485121348,0.17689816690805021,0.11371848678702158,0.03331325375264734,0.0683043895358831,0.29291111899016,0.0558258029924027,0.08920765499570665,0.2707858488277679,0.712816596031189,2.0055062770843506,-0.0025950223207473755,0.8029336929321289,0.0,0.09291627592132766,0.17734479200206554,0.11399122897742185,2.4201104640960693,1.0,1.4201104640960693,0.05598858738589709,0.08956922214203514,0.27139928136332203,1.601471185684204,1.2122725243735317,0.3891986613106724,2026-07-13 06:53:30,0.06742353074558739,0.08549969189207948,0.0939041590004736,0.11940067278186339,2.0,2.8284271247461903,0.788582148700677,0.786462561830874,exact_stoker_entropy_solution,sqrt(mean((dh/h_scale)^2+(dq/q_scale)^2))/sqrt(mean((h_ref/h_scale)^2+(q_ref/q_scale)^2)),2026-07-20 06:45:46,,,,,,,,,,,,,,,,,,,,,,,,,,,,,,,,,,,,,,,,,,,,,,,,,,,,,,,,,,,,,,,,,,,,,,,,,,,,,,,,,,,,,,,
1d_shallowwater,lra_pinn,LRA-PINN,7,True,False,<LOCAL_PATH_REDACTED>/PINN/paper/<LOCAL_PATH_REDACTED>/results/raw/runs/1d_shallowwater/lra_pinn/seed_7,<LOCAL_PATH_REDACTED>/PINN/paper/<LOCAL_PATH_REDACTED>/results/raw/runs/1d_shallowwater/lra_pinn/seed_7/metrics_final.json,LRA-PINN,,,,,,,,,,,,,,,,,,,,,,,,,,,,,,,,,,,,,1.0,0.018257418583505537,0.8,0.005199910141527653,1.0,0.004318910256410256,0.006866987179487179,0.5984700918197632,2.0,1.0000001192092896,37.603816986083984,0.013305223546922207,,,,3000,7000,10000,2026-07-01 21:50:51,AdamW,False,356.2944118976593,83202,,,,,,,,exact_stoker_entropy_solution,True,Stoker wet-bed dam-break entropy solution,pointwise_analytic,500.0,260,0.25,state_scaled_space_time_rel_l2,,,,,,,,,,,,,,,,,,,0.9,500.0,9998.801408746896,9999.984728474912,999880.1408746897,299999.54185424733,1.0,,,,,,,,,,,,,,,,,,,,,,,,,,,,,,,,,,,,,,,,,,,,,,,,,,,,,,,,,,,,,,,,,,,,,,0.012062082815642753,0.015397233769318393,0.9924878758431989,0.012623459348072094,0.020062891310528297,0.050664142773726446,,,,0.0033279466295814174,0.002330673726333273,,0.0015433094774231454,0.0056935114349073125,0.004115924571496102,,0.07937995098004613,,,,,0.016888620397863874,0.03955335770722743,0.025216977078191104,0.028312242210296733,0.049079170801135,0.03155040628073834,0.018992287769258074,0.048455946965579096,0.2077946343398517,0.03205829430438946,0.06042587945728381,0.18342005583256804,0.9996489882469177,2.000734329223633,-0.002376869320869446,0.6776561737060547,0.0,0.028372233167688065,0.04920563595127869,0.0316277171231312,1.1799356937408447,1.0,0.17993569374084473,0.03213192463144387,0.06061925805606018,0.18367942335262855,1.4184587001800537,1.2122725243735317,0.206186175806522,2026-07-13 06:53:30,0.026165136652048053,0.0331799758530248,0.032536166263944184,0.04137026712137329,2.0,2.8284271247461903,0.788582148700677,0.786462561830874,exact_stoker_entropy_solution,sqrt(mean((dh/h_scale)^2+(dq/q_scale)^2))/sqrt(mean((h_ref/h_scale)^2+(q_ref/q_scale)^2)),2026-07-20 06:45:46,,,,,,,,,,,,,,,,,,,,,,,,,,,,,,,,,,,,,,,,,,,,,,,,,,,,,,,,,,,,,,,,,,,,,,,,,,,,,,,,,,,,,,,
1d_shallowwater,ours,Ours,100,True,False,<LOCAL_PATH_REDACTED>/PINN/paper/<LOCAL_PATH_REDACTED>/results/raw/runs/1d_shallowwater/ours/seed_100,<LOCAL_PATH_REDACTED>/PINN/paper/<LOCAL_PATH_REDACTED>/results/raw/runs/1d_shallowwater/ours/seed_100/metrics_final.json,Ours,,,,,,,,,,,,,,,,,,,,,,,,,,,,,,,,,,,,,1.0,0.018257418583505537,0.8,0.017024589702486992,0.9801812767982483,0.017227564102564104,0.0209375,0.657812774181366,2.0,1.0000001192092896,39.32320022583008,0.012565563432872295,,,,3000,7000,10000,2026-07-01 01:57:59,AdamW,False,394.82769322395325,83202,,,,,,,,exact_stoker_entropy_solution,True,Stoker wet-bed dam-break entropy solution,pointwise_analytic,500.0,260,0.25,state_scaled_space_time_rel_l2,,,,,,,,,,,,,,,,,,,,,,,,,,110.75367569923401,284.07401752471924,,,,,,,,,,,,,,,,,,,,,,,,,,,,,,,,,,,,,,,,,,,,,,,,,,,,,,,,,,,,,,,,,,,,0.00039594525462000924,0.0004658844351489568,0.9642019994472931,0.0016143227945647008,0.0018198857102421084,0.0089027989002551,,,,0.0006836003398443017,0.0003347079500092448,,0.0002695138748658812,0.0008842726235953424,0.000483177750402939,,0.1088648069478142,,,,,0.0021915482932255773,0.011184006312925335,0.007130287975117954,0.0024594779123588042,0.009887133874618,0.006355916076093009,0.002864960888962129,0.01554144358962414,0.06664669230617698,0.0030208839976286336,0.013284449623555338,0.040324352968333046,0.9988977909088135,2.003349542617798,-0.043443888425827026,0.6104046106338501,0.0,0.0025319150266115676,0.011282154533952841,0.0072517870207516304,1.052991271018982,1.0,0.052991271018981934,0.0031457936908710943,0.015732621460564252,0.04767064016239206,1.265628457069397,1.2122725243735317,0.05335593269586525,2026-07-13 06:53:30,0.007839805986634625,0.009941647803646196,0.006818975677383821,0.008670439011744779,2.0,2.8284271247461903,0.788582148700677,0.786462561830874,exact_stoker_entropy_solution,sqrt(mean((dh/h_scale)^2+(dq/q_scale)^2))/sqrt(mean((h_ref/h_scale)^2+(q_ref/q_scale)^2)),2026-07-20 06:45:46,,,,,,,,,,,,,,,,,,,,,,,,,,,,,,,,,,,,,,,,,,,,,,,,,,,,,,,,,,,,,,,,,,,,,,,,,,,,,,,,,,,,,,,
1d_shallowwater,ours,Ours,2026,True,False,<LOCAL_PATH_REDACTED>/PINN/paper/<LOCAL_PATH_REDACTED>/results/raw/runs/1d_shallowwater/ours/seed_2026,<LOCAL_PATH_REDACTED>/PINN/paper/<LOCAL_PATH_REDACTED>/results/raw/runs/1d_shallowwater/ours/seed_2026/metrics_final.json,Ours,,,,,,,,,,,,,,,,,,,,,,,,,,,,,,,,,,,,,1.0,0.018257418583505537,0.8,0.017345314845442772,0.9814204573631287,0.017540064102564104,0.021113782051282053,0.6722674369812012,2.0,1.0000001192092896,39.57991409301758,0.012482806108891964,,,,3000,7000,10000,2026-07-01 01:03:48,AdamW,False,470.1171073913574,83202,,,,,,,,exact_stoker_entropy_solution,True,Stoker wet-bed dam-break entropy solution,pointwise_analytic,500.0,260,0.25,state_scaled_space_time_rel_l2,,,,,,,,,,,,,,,,,,,,,,,,,,121.21545362472534,348.9016537666321,,,,,,,,,,,,,,,,,,,,,,,,,,,,,,,,,,,,,,,,,,,,,,,,,,,,,,,,,,,,,,,,,,,,0.0004194569026756502,0.0007633711569705775,0.861195803344587,0.000659970586961312,0.001070582770441475,0.005516615167993607,,,,0.0006070528292312538,0.00018277101322422833,,0.00024707183787271573,0.0009472509071442743,0.0002751683201705907,,0.05961507106341647,,,,,0.0019128358272349313,0.010538728619429834,0.0067188955232713,0.0021358487731902125,0.011487682770623304,0.007384824411683445,0.002905186772660442,0.01404204871264484,0.060216806405602535,0.0031907748488819647,0.01484033101125145,0.045047161367039346,0.9997852444648743,2.001514196395874,-0.0512293204665184,0.609635055065155,0.0,0.0020859375072814646,0.010511902653311015,0.006756695185771161,1.0467370748519897,1.0,0.046737074851989746,0.0031544534067363262,0.014174078381516441,0.042948175664971285,1.2496577501296997,1.2122725243735317,0.037385225756167983,2026-07-13 06:53:30,0.007239723180794531,0.009180683575850689,0.007779533528757223,0.009891804017519518,2.0,2.8284271247461903,0.788582148700677,0.786462561830874,exact_stoker_entropy_solution,sqrt(mean((dh/h_scale)^2+(dq/q_scale)^2))/sqrt(mean((h_ref/h_scale)^2+(q_ref/q_scale)^2)),2026-07-20 06:45:46,,,,,,,,,,,,,,,,,,,,,,,,,,,,,,,,,,,,,,,,,,,,,,,,,,,,,,,,,,,,,,,,,,,,,,,,,,,,,,,,,,,,,,,
1d_shallowwater,ours,Ours,31415,True,False,<LOCAL_PATH_REDACTED>/PINN/paper/<LOCAL_PATH_REDACTED>/results/raw/runs/1d_shallowwater/ours/seed_31415,<LOCAL_PATH_REDACTED>/PINN/paper/<LOCAL_PATH_REDACTED>/results/raw/runs/1d_shallowwater/ours/seed_31415/metrics_final.json,Ours,,,,,,,,,,,,,,,,,,,,,,,,,,,,,,,,,,,,,1.0,0.018257418583505537,0.8,0.017334140837192535,0.9834829568862915,0.01750801282051282,0.02094551282051282,0.6781793832778931,2.0,1.0,39.61490249633789,0.01247925590723753,,,,3000,7000,10000,2026-07-01 02:10:57,AdamW,False,500.80619859695435,83202,,,,,,,,exact_stoker_entropy_solution,True,Stoker wet-bed dam-break entropy solution,pointwise_analytic,500.0,260,0.25,state_scaled_space_time_rel_l2,,,,,,,,,,,,,,,,,,,,,,,,,,112.43787384033203,388.3683247566223,,,,,,,,,,,,,,,,,,,,,,,,,,,,,,,,,,,,,,,,,,,,,,,,,,,,,,,,,,,,,,,,,,,,0.00016907740596646656,0.00017005237264753584,0.8078613762180926,0.00030769689507917917,0.00023795812410071226,0.0037194191488388885,,,,0.0004822121935164914,0.0001880739708929758,,0.00018589474247052455,0.0006594616372940826,0.00041333464004615107,,0.07379876670496849,,,,,0.002034951463533067,0.010548830305129177,0.006725335785021439,0.002048586687005258,0.009555170589854941,0.006142514416415401,0.0030078400455508187,0.014532264891581267,0.06231901053179439,0.003274309053796429,0.013067304426540772,0.03966521842998775,0.9999933242797852,2.000842809677124,-0.04518812894821167,0.6115341782569885,0.0,0.002143874480870102,0.011417961511742255,0.007339079148855085,1.0431345701217651,1.0,0.04313457012176514,0.0034265819133995697,0.016048050912391757,0.048626407383537046,1.2605352401733398,1.2122725243735317,0.04826271579980812,2026-07-13 06:53:30,0.0073632734270491825,0.00933735748288506,0.0066460233878834415,0.008450527349201646,2.0,2.8284271247461903,0.788582148700677,0.786462561830874,exact_stoker_entropy_solution,sqrt(mean((dh/h_scale)^2+(dq/q_scale)^2))/sqrt(mean((h_ref/h_scale)^2+(q_ref/q_scale)^2)),2026-07-20 06:45:46,,,,,,,,,,,,,,,,,,,,,,,,,,,,,,,,,,,,,,,,,,,,,,,,,,,,,,,,,,,,,,,,,,,,,,,,,,,,,,,,,,,,,,,
1d_shallowwater,ours,Ours,42,True,False,<LOCAL_PATH_REDACTED>/PINN/paper/<LOCAL_PATH_REDACTED>/results/raw/runs/1d_shallowwater/ours/seed_42,<LOCAL_PATH_REDACTED>/PINN/paper/<LOCAL_PATH_REDACTED>/results/raw/runs/1d_shallowwater/ours/seed_42/metrics_final.json,Ours,,,,,,,,,,,,,,,,,,,,,,,,,,,,,,,,,,,,,1.0,0.018257418583505537,0.8,0.017244448885321617,0.9842820763587952,0.017708333333333333,0.020881410256410257,0.6751969456672668,2.0,0.9999999403953552,39.49031066894531,0.012531059794127941,,,,3000,7000,10000,2026-07-01 01:47:02,AdamW,False,489.9022500514984,83202,,,,,,,,exact_stoker_entropy_solution,True,Stoker wet-bed dam-break entropy solution,pointwise_analytic,500.0,260,0.25,state_scaled_space_time_rel_l2,,,,,,,,,,,,,,,,,,,,,,,,,,95.69549083709717,394.20675921440125,,,,,,,,,,,,,,,,,,,,,,,,,,,,,,,,,,,,,,,,,,,,,,,,,,,,,,,,,,,,,,,,,,,,0.0006510374351353658,0.0010446334165588294,0.9996454118347938,0.0009017472417400289,0.0013229429989091157,0.005258118747801318,,,,0.0006923437236938143,0.0003041159967992445,,0.0002701516979653366,0.0009251745898316881,0.0005961490665096457,,0.03682064923452671,,,,,0.002301842407519704,0.011137472610294075,0.0071006207260995114,0.002226619194888823,0.010708377510309048,0.006883850226947163,0.0032101701775192485,0.015476129800626936,0.0663666058410076,0.0035052757568478873,0.015198240774329644,0.04613358045297472,0.9993358850479126,2.004206418991089,-0.03996621072292328,0.610558032989502,0.0,0.0023651621798713523,0.013280598208264386,0.008536318965023635,1.046367883682251,1.0,0.04636788368225098,0.003719499344018934,0.01896343309601057,0.05746016311582279,1.2714084386825562,1.2122725243735317,0.05913591430902443,2026-07-13 06:53:30,0.007807025569126459,0.009900078998719359,0.007585555520536065,0.009645157810013677,2.0,2.8284271247461903,0.788582148700677,0.786462561830874,exact_stoker_entropy_solution,sqrt(mean((dh/h_scale)^2+(dq/q_scale)^2))/sqrt(mean((h_ref/h_scale)^2+(q_ref/q_scale)^2)),2026-07-20 06:45:46,,,,,,,,,,,,,,,,,,,,,,,,,,,,,,,,,,,,,,,,,,,,,,,,,,,,,,,,,,,,,,,,,,,,,,,,,,,,,,,,,,,,,,,
1d_shallowwater,ours,Ours,7,True,False,<LOCAL_PATH_REDACTED>/PINN/paper/<LOCAL_PATH_REDACTED>/results/raw/runs/1d_shallowwater/ours/seed_7,<LOCAL_PATH_REDACTED>/PINN/paper/<LOCAL_PATH_REDACTED>/results/raw/runs/1d_shallowwater/ours/seed_7/metrics_final.json,Ours,,,,,,,,,,,,,,,,,,,,,,,,,,,,,,,,,,,,,1.0,0.018257418583505537,0.8,0.017002960667014122,0.9841763973236084,0.017371794871794872,0.02094551282051282,0.6609317660331726,2.0,1.0,39.416534423828125,0.012539536692202091,,,,3000,7000,10000,2026-07-01 01:34:11,AdamW,False,519.3234360218048,83202,,,,,,,,exact_stoker_entropy_solution,True,Stoker wet-bed dam-break entropy solution,pointwise_analytic,500.0,260,0.25,state_scaled_space_time_rel_l2,,,,,,,,,,,,,,,,,,,,,,,,,,123.13030338287354,396.1931326389313,,,,,,,,,,,,,,,,,,,,,,,,,,,,,,,,,,,,,,,,,,,,,,,,,,,,,,,,,,,,,,,,,,,,0.00033368996336800155,0.00034107387133766056,0.5821077631287145,0.0008102001853961059,0.0010273857307454004,0.004396051776976999,,,,0.0007341214962062185,0.00023917081514980573,,0.00024367890490383214,0.0011456692995822965,0.0006662319035288639,,0.03637011863247157,,,,,0.002214981387183737,0.01074438095153709,0.006850007783909481,0.002083701876302472,0.010624961280158097,0.00683022633907966,0.0032398617836052438,0.01425412879267209,0.061126273776270855,0.0033842498030637524,0.0138229058637514,0.04195881281446527,1.0000418424606323,2.002464532852173,-0.046258725225925446,0.612342894077301,0.0,0.002062432406355659,0.010161073498375004,0.006531194080941421,1.0556248426437378,1.0,0.05562484264373779,0.003387952846165554,0.013946200463809505,0.042257694028252815,1.2767150402069092,1.2122725243735317,0.06444251583337746,2026-07-13 06:53:30,0.0073659998617091145,0.00934081487114121,0.007218486085460115,0.009178423024544741,2.0,2.8284271247461903,0.788582148700677,0.786462561830874,exact_stoker_entropy_solution,sqrt(mean((dh/h_scale)^2+(dq/q_scale)^2))/sqrt(mean((h_ref/h_scale)^2+(q_ref/q_scale)^2)),2026-07-20 06:45:46,,,,,,,,,,,,,,,,,,,,,,,,,,,,,,,,,,,,,,,,,,,,,,,,,,,,,,,,,,,,,,,,,,,,,,,,,,,,,,,,,,,,,,,
1d_shallowwater,pinn,PINN,100,True,False,<LOCAL_PATH_REDACTED>/PINN/paper/<LOCAL_PATH_REDACTED>/results/raw/runs/1d_shallowwater/pinn/seed_100,<LOCAL_PATH_REDACTED>/PINN/paper/<LOCAL_PATH_REDACTED>/results/raw/runs/1d_shallowwater/pinn/seed_100/metrics_final.json,PINN,,,,,,,,,,,,,,,,,,,,,,,,,,,,,,,,,,,,,1.0,0.018257418583505537,0.8,0.009131979197263718,0.9919488430023193,0.006522435897435897,0.019302884615384614,0.6216391921043396,2.0,1.0000001192092896,36.188148498535156,0.012860854156315327,,,,3000,7000,10000,2026-07-01 01:53:14,AdamW,False,372.09468245506287,83202,,,,,,,,exact_stoker_entropy_solution,True,Stoker wet-bed dam-break entropy solution,pointwise_analytic,500.0,260,0.25,state_scaled_space_time_rel_l2,,,,,,,,,,,,,,,,,,,,,,,,,,110.75367569923401,261.34100675582886,,,,,,,,,,,,,,,,,,,,,,,,,,,,,,,,,,,,,,,,,,,,,,,,,,,,,,,,,,,,,,,,,,,,0.00047618670947901425,0.0007800354040886204,0.669901772487763,0.0015360891160196995,0.0018078809148817654,0.005308847441460898,,,,0.0005350299011222856,0.00031493325672169153,,0.0002662181047625736,0.0011519375612711932,0.000714301011148874,,0.04204816152184493,,,,,0.005632105128077983,0.020792951681595267,0.013256406442756018,0.004582143440393847,0.021585731989468206,0.013876326820890432,0.006443462212675299,0.026243406945721928,0.11254014195599038,0.005147363784039909,0.02669710970292118,0.08103788304379791,0.9966257810592651,2.0109543800354004,-0.12900015711784363,0.6309531927108765,0.0,0.0044306040302074965,0.019883183318553824,0.012780237168954616,1.0915322303771973,1.0,0.09153223037719727,0.004972115671391657,0.02460522570862632,0.07455508058911216,1.3047230243682861,1.2122725243735317,0.09245049999475441,2026-07-13 06:53:30,0.013934714239019565,0.017670593053573054,0.014337988516228967,0.018230986714525985,2.0,2.8284271247461903,0.788582148700677,0.786462561830874,exact_stoker_entropy_solution,sqrt(mean((dh/h_scale)^2+(dq/q_scale)^2))/sqrt(mean((h_ref/h_scale)^2+(q_ref/q_scale)^2)),2026-07-20 06:45:46,,,,,,,,,,,,,,,,,,,,,,,,,,,,,,,,,,,,,,,,,,,,,,,,,,,,,,,,,,,,,,,,,,,,,,,,,,,,,,,,,,,,,,,
1d_shallowwater,pinn,PINN,2026,True,False,<LOCAL_PATH_REDACTED>/PINN/paper/<LOCAL_PATH_REDACTED>/results/raw/runs/1d_shallowwater/pinn/seed_2026,<LOCAL_PATH_REDACTED>/PINN/paper/<LOCAL_PATH_REDACTED>/results/raw/runs/1d_shallowwater/pinn/seed_2026/metrics_final.json,PINN,,,,,,,,,,,,,,,,,,,,,,,,,,,,,,,,,,,,,1.0,0.018257418583505537,0.8,0.008852147497236729,0.9912279844284058,0.006330128205128205,0.018990384615384614,0.6135826110839844,2.0,0.9999999403953552,36.162109375,0.012862762436270714,,,,3000,7000,10000,2026-07-01 00:57:59,AdamW,False,378.69556283950806,83202,,,,,,,,exact_stoker_entropy_solution,True,Stoker wet-bed dam-break entropy solution,pointwise_analytic,500.0,260,0.25,state_scaled_space_time_rel_l2,,,,,,,,,,,,,,,,,,,,,,,,,,121.21545362472534,257.4801092147827,,,,,,,,,,,,,,,,,,,,,,,,,,,,,,,,,,,,,,,,,,,,,,,,,,,,,,,,,,,,,,,,,,,,0.0010390629144517167,0.002014410716129302,0.9951542669988699,0.0010600797562985258,0.0012416836047293711,0.0037658159635076413,,,,0.0006085433114713708,0.00035662028334348256,,0.0002798485502437776,0.0008203761577411264,0.0003359749687999389,,0.043933804085785975,,,,,0.005275184066376309,0.02051106530730144,0.013076691681449598,0.0042533792534122815,0.020517549599624155,0.013189648789632202,0.006646838715793238,0.026094090216010155,0.11189982395181804,0.005102428103314465,0.025359788485235107,0.07697850427071017,0.9979587197303772,2.003220796585083,-0.1311682164669037,0.6279308795928955,0.0,0.004109960895172485,0.01881610485388794,0.012094355253678593,1.0891602039337158,1.0,0.08916020393371582,0.004948091809460434,0.02332744372258158,0.07068333642902985,1.2969937324523926,1.2122725243735317,0.08472120807886085,2026-07-13 06:53:30,0.01379451496194251,0.01749280653214611,0.01362469520375565,0.017324022610841417,2.0,2.8284271247461903,0.788582148700677,0.786462561830874,exact_stoker_entropy_solution,sqrt(mean((dh/h_scale)^2+(dq/q_scale)^2))/sqrt(mean((h_ref/h_scale)^2+(q_ref/q_scale)^2)),2026-07-20 06:45:46,,,,,,,,,,,,,,,,,,,,,,,,,,,,,,,,,,,,,,,,,,,,,,,,,,,,,,,,,,,,,,,,,,,,,,,,,,,,,,,,,,,,,,,
1d_shallowwater,pinn,PINN,31415,True,False,<LOCAL_PATH_REDACTED>/PINN/paper/<LOCAL_PATH_REDACTED>/results/raw/runs/1d_shallowwater/pinn/seed_31415,<LOCAL_PATH_REDACTED>/PINN/paper/<LOCAL_PATH_REDACTED>/results/raw/runs/1d_shallowwater/pinn/seed_31415/metrics_final.json,PINN,,,,,,,,,,,,,,,,,,,,,,,,,,,,,,,,,,,,,1.0,0.018257418583505537,0.8,0.009063903242349625,0.9925743341445923,0.006418269230769231,0.019094551282051283,0.6379150152206421,2.0,1.0,36.040313720703125,0.012902001850306988,,,,3000,7000,10000,2026-07-01 02:04:28,AdamW,False,388.03714776039124,83202,,,,,,,,exact_stoker_entropy_solution,True,Stoker wet-bed dam-break entropy solution,pointwise_analytic,500.0,260,0.25,state_scaled_space_time_rel_l2,,,,,,,,,,,,,,,,,,,,,,,,,,112.43787384033203,275.5992739200592,,,,,,,,,,,,,,,,,,,,,,,,,,,,,,,,,,,,,,,,,,,,,,,,,,,,,,,,,,,,,,,,,,,,0.0017770623280459377,0.002980435907438624,0.9999999983392973,0.0018165054640593883,0.0027249274620554376,0.006023540881333363,,,,0.0006122660043492473,0.00032570319709599344,,0.0002803106026679724,0.0007712476868177453,0.0004772343451383272,,0.14009146898030134,,,,,0.005085234110409859,0.0200164759768818,0.01276136958160089,0.004177370090930738,0.019229376817361237,0.012361550556170517,0.006103045993693967,0.025388086745780636,0.10887225474461172,0.00467900009438378,0.023709982490726922,0.07197059192680269,0.9977631568908691,2.0065691471099854,-0.13945114612579346,0.6343632340431213,0.0,0.004041801780877238,0.017495112370418724,0.0112452660023921,1.091541051864624,1.0,0.09154105186462402,0.0045367507609835765,0.02173513644598279,0.06585856470227294,1.309171438217163,1.2122725243735317,0.09689891384363136,2026-07-13 06:53:30,0.013443741897614735,0.017047991664214737,0.01275588655914749,0.016219318220864504,2.0,2.8284271247461903,0.788582148700677,0.786462561830874,exact_stoker_entropy_solution,sqrt(mean((dh/h_scale)^2+(dq/q_scale)^2))/sqrt(mean((h_ref/h_scale)^2+(q_ref/q_scale)^2)),2026-07-20 06:45:46,,,,,,,,,,,,,,,,,,,,,,,,,,,,,,,,,,,,,,,,,,,,,,,,,,,,,,,,,,,,,,,,,,,,,,,,,,,,,,,,,,,,,,,
1d_shallowwater,pinn,PINN,42,True,False,<LOCAL_PATH_REDACTED>/PINN/paper/<LOCAL_PATH_REDACTED>/results/raw/runs/1d_shallowwater/pinn/seed_42,<LOCAL_PATH_REDACTED>/PINN/paper/<LOCAL_PATH_REDACTED>/results/raw/runs/1d_shallowwater/pinn/seed_42/metrics_final.json,PINN,,,,,,,,,,,,,,,,,,,,,,,,,,,,,,,,,,,,,1.0,0.018257418583505537,0.8,0.008934294804930687,0.9943354725837708,0.006362179487179487,0.018661858974358975,0.6556991338729858,2.0,1.0,35.921630859375,0.012956919148564339,,,,3000,7000,10000,2026-07-01 01:40:27,AdamW,False,375.08839225769043,83202,,,,,,,,exact_stoker_entropy_solution,True,Stoker wet-bed dam-break entropy solution,pointwise_analytic,500.0,260,0.25,state_scaled_space_time_rel_l2,,,,,,,,,,,,,,,,,,,,,,,,,,95.69549083709717,279.39290142059326,,,,,,,,,,,,,,,,,,,,,,,,,,,,,,,,,,,,,,,,,,,,,,,,,,,,,,,,,,,,,,,,,,,,0.00022224561244400698,8.949908220844496e-05,0.3403906519194075,0.001025042264870363,0.001317041705892974,0.004071040953752792,,,,0.0005119325029562998,0.00034544157058291614,,0.00027684270066180247,0.0008585263741991589,0.0005822388080417087,,0.02048581172735004,,,,,0.005234832293717222,0.020847268504323363,0.013291035767624795,0.004359845692046475,0.020825488681546832,0.013387606558392088,0.006723724639246769,0.026183428947336395,0.11228293707148339,0.004920700799737721,0.025136600782153632,0.0763010279753211,0.9980852603912354,2.011587619781494,-0.13477081060409546,0.6333525776863098,0.0,0.004203661464950025,0.018997548629877837,0.012210981170808157,1.109091877937317,1.0,0.1090918779373169,0.004755925687210961,0.022941840937742288,0.06951494045333267,1.3276371955871582,1.2122725243735317,0.11536467121362648,2026-07-13 06:53:30,0.013940898283570714,0.017678435032447835,0.013689643241022741,0.017406605101628784,2.0,2.8284271247461903,0.788582148700677,0.786462561830874,exact_stoker_entropy_solution,sqrt(mean((dh/h_scale)^2+(dq/q_scale)^2))/sqrt(mean((h_ref/h_scale)^2+(q_ref/q_scale)^2)),2026-07-20 06:45:46,,,,,,,,,,,,,,,,,,,,,,,,,,,,,,,,,,,,,,,,,,,,,,,,,,,,,,,,,,,,,,,,,,,,,,,,,,,,,,,,,,,,,,,
1d_shallowwater,pinn,PINN,7,True,False,<LOCAL_PATH_REDACTED>/PINN/paper/<LOCAL_PATH_REDACTED>/results/raw/runs/1d_shallowwater/pinn/seed_7,<LOCAL_PATH_REDACTED>/PINN/paper/<LOCAL_PATH_REDACTED>/results/raw/runs/1d_shallowwater/pinn/seed_7/metrics_final.json,PINN,,,,,,,,,,,,,,,,,,,,,,,,,,,,,,,,,,,,,1.0,0.018257418583505537,0.8,0.008806314319372177,0.986254096031189,0.006498397435897436,0.018870192307692307,0.6103836297988892,2.0,0.9999999403953552,35.903141021728516,0.012963208369910717,,,,3000,7000,10000,2026-07-01 01:27:34,AdamW,False,404.86213088035583,83202,,,,,,,,exact_stoker_entropy_solution,True,Stoker wet-bed dam-break entropy solution,pointwise_analytic,500.0,260,0.25,state_scaled_space_time_rel_l2,,,,,,,,,,,,,,,,,,,,,,,,,,123.13030338287354,281.7318274974823,,,,,,,,,,,,,,,,,,,,,,,,,,,,,,,,,,,,,,,,,,,,,,,,,,,,,,,,,,,,,,,,,,,,0.0007271039296718882,0.0013320105192701631,0.9112485141772128,0.0037647717032799352,0.0059816788731198445,0.011569076134713073,,,,0.0004618610234175498,0.00023056407775178192,,0.0001894968427486159,0.0013549274536137365,0.00090089315109761,,0.07614504684540971,,,,,0.005277715070572199,0.020904057643156827,0.013327241300991992,0.0044883027667101776,0.021281573155225712,0.013680799173671003,0.006998473079891842,0.026497349134282405,0.11362912746798273,0.0061615135083780085,0.026568014103253258,0.0806460191220561,0.995455265045166,2.0102932453155518,-0.12045077234506607,0.6325715184211731,0.0,0.004322116951592354,0.01942056241446801,0.012482880112048352,1.1034893989562988,1.0,0.10348939895629883,0.005972291849216953,0.024248075506564434,0.07347289738085952,1.324026107788086,1.2122725243735317,0.11175358341455421,2026-07-13 06:53:30,0.0140359750420166,0.017799001746521215,0.01419361689859702,0.018047415843338337,2.0,2.8284271247461903,0.788582148700677,0.786462561830874,exact_stoker_entropy_solution,sqrt(mean((dh/h_scale)^2+(dq/q_scale)^2))/sqrt(mean((h_ref/h_scale)^2+(q_ref/q_scale)^2)),2026-07-20 06:45:46,,,,,,,,,,,,,,,,,,,,,,,,,,,,,,,,,,,,,,,,,,,,,,,,,,,,,,,,,,,,,,,,,,,,,,,,,,,,,,,,,,,,,,,
1d_shallowwater,rad_pinn,RAD-PINN,100,True,False,<LOCAL_PATH_REDACTED>/PINN/paper/<LOCAL_PATH_REDACTED>/results/raw/runs/1d_shallowwater/rad_pinn/seed_100,<LOCAL_PATH_REDACTED>/PINN/paper/<LOCAL_PATH_REDACTED>/results/raw/runs/1d_shallowwater/rad_pinn/seed_100/metrics_final.json,RAD-PINN,,,,,,,,,,,,,,,,,,,,,,,,,,,,,,,,,,,,,1.0,0.018257418583505537,0.8,0.014097294770181179,0.9999995231628418,0.011266025641025641,0.024735576923076923,0.558978796005249,2.0,1.0000001192092896,33.28346633911133,0.013356483541429043,,,,3000,7000,10000,2026-07-01 06:25:34,AdamW,False,362.93506693840027,83202,,,,,,,,exact_stoker_entropy_solution,True,Stoker wet-bed dam-break entropy solution,pointwise_analytic,500.0,260,0.25,state_scaled_space_time_rel_l2,,,,,,,,,,,,,,,,,,,,,,,,,,,,1.0,1.0,3.0,500.0,14.0,,,,,,,,,,,,,,,,,,,,,,,,,,,,,,,,,,,,,,,,,,,,,,,,,,,,,,,,,,,,,,,0.0026772707451868617,0.0051132827906731635,0.986672375218504,0.0034699175021152794,0.0081384083096806,0.008047516025641847,,,,0.0014577271666157661,0.0010470099674578168,,0.000618530993942489,0.002095335385354901,0.0013618563378930693,,0.08580904387535346,,,,,0.006090593628433132,0.021160626689434848,0.013490815170165277,0.005158943942993846,0.015140729313417946,0.009733175060365393,0.007136540448342681,0.02748077732851895,0.11784638282708335,0.005921046848907738,0.020733095256215514,0.06293438380429892,0.991977334022522,2.016430377960205,-0.22172081470489502,0.6497858166694641,0.0,0.005294828233670363,0.016958544332996272,0.010900378231371025,1.157344102859497,1.0,0.15734410285949707,0.00613009738766295,0.02350380307707211,0.07121771420887177,1.3587279319763184,1.2122725243735317,0.14645540760278664,2026-07-13 06:53:30,0.014364615233094853,0.018215749946590577,0.01053769784623101,0.013398855022019096,2.0,2.8284271247461903,0.788582148700677,0.786462561830874,exact_stoker_entropy_solution,sqrt(mean((dh/h_scale)^2+(dq/q_scale)^2))/sqrt(mean((h_ref/h_scale)^2+(q_ref/q_scale)^2)),2026-07-20 06:45:46,,,,,,,,,,,,,,,,,,,,,,,,,,,,,,,,,,,,,,,,,,,,,,,,,,,,,,,,,,,,,,,,,,,,,,,,,,,,,,,,,,,,,,,
1d_shallowwater,rad_pinn,RAD-PINN,2026,True,False,<LOCAL_PATH_REDACTED>/PINN/paper/<LOCAL_PATH_REDACTED>/results/raw/runs/1d_shallowwater/rad_pinn/seed_2026,<LOCAL_PATH_REDACTED>/PINN/paper/<LOCAL_PATH_REDACTED>/results/raw/runs/1d_shallowwater/rad_pinn/seed_2026/metrics_final.json,RAD-PINN,,,,,,,,,,,,,,,,,,,,,,,,,,,,,,,,,,,,,1.0,0.018257418583505537,0.8,0.015192026272416115,0.9999988079071045,0.01330128205128205,0.024302884615384615,0.5605478882789612,2.0,1.0,33.35521697998047,0.01340462639927864,,,,3000,7000,10000,2026-07-01 06:06:03,AdamW,False,396.6509864330292,83202,,,,,,,,exact_stoker_entropy_solution,True,Stoker wet-bed dam-break entropy solution,pointwise_analytic,500.0,260,0.25,state_scaled_space_time_rel_l2,,,,,,,,,,,,,,,,,,,,,,,,,,,,1.0,1.0,3.0,500.0,14.0,,,,,,,,,,,,,,,,,,,,,,,,,,,,,,,,,,,,,,,,,,,,,,,,,,,,,,,,,,,,,,,0.0024764593649276084,0.004563757666098772,0.8476703449178509,0.0024870258940166614,0.0058903662510232935,0.006136627440049172,,,,0.0010703359680621744,0.0007029456994139876,,0.0006235561118777212,0.0013747872417851663,0.0005533639071718018,,0.0543544352405398,,,,,0.00651984710064066,0.022403330391871673,0.014283092554333007,0.00518345203248474,0.016154229599100702,0.01038470085546289,0.0075031927155948955,0.029369636150240793,0.1259464149750074,0.005177161682596339,0.021721453836928573,0.06593450209277399,0.990126371383667,2.0089619159698486,-0.23195713758468628,0.6488564014434814,0.0,0.0053555030094464325,0.018332180905069342,0.011783305320750219,1.1607270240783691,1.0,0.16072702407836914,0.005426095615704403,0.024931745264277935,0.07554445138675507,1.3564679622650146,1.2122725243735317,0.14419543789148292,2026-07-13 06:53:30,0.015274136444052462,0.019369112614582802,0.011145289502020244,0.014171417741818494,2.0,2.8284271247461903,0.788582148700677,0.786462561830874,exact_stoker_entropy_solution,sqrt(mean((dh/h_scale)^2+(dq/q_scale)^2))/sqrt(mean((h_ref/h_scale)^2+(q_ref/q_scale)^2)),2026-07-20 06:45:46,,,,,,,,,,,,,,,,,,,,,,,,,,,,,,,,,,,,,,,,,,,,,,,,,,,,,,,,,,,,,,,,,,,,,,,,,,,,,,,,,,,,,,,
1d_shallowwater,rad_pinn,RAD-PINN,31415,True,False,<LOCAL_PATH_REDACTED>/PINN/paper/<LOCAL_PATH_REDACTED>/results/raw/runs/1d_shallowwater/rad_pinn/seed_31415,<LOCAL_PATH_REDACTED>/PINN/paper/<LOCAL_PATH_REDACTED>/results/raw/runs/1d_shallowwater/rad_pinn/seed_31415/metrics_final.json,RAD-PINN,,,,,,,,,,,,,,,,,,,,,,,,,,,,,,,,,,,,,1.0,0.018257418583505537,0.8,0.015470359474420547,0.9999998807907104,0.012828525641025641,0.02532051282051282,0.5393831133842468,2.0,1.0,32.959877014160156,0.013250861316919327,,,,3000,7000,10000,2026-07-01 06:32:17,AdamW,False,402.1214122772217,83202,,,,,,,,exact_stoker_entropy_solution,True,Stoker wet-bed dam-break entropy solution,pointwise_analytic,500.0,260,0.25,state_scaled_space_time_rel_l2,,,,,,,,,,,,,,,,,,,,,,,,,,,,1.0,1.0,3.0,500.0,14.0,,,,,,,,,,,,,,,,,,,,,,,,,,,,,,,,,,,,,,,,,,,,,,,,,,,,,,,,,,,,,,,0.0029581809981348295,0.005297252927531353,0.9999999987433109,0.0052577341744140015,0.010336414205974642,0.013438835201991331,,,,0.0012681441500608558,0.0009766922408128505,,0.0005797787720300714,0.002438325304774545,0.0022521398546207806,,0.05231052763709601,,,,,0.005670910757759036,0.02113684159133924,0.013475651140908419,0.004786322094483945,0.018223277289854307,0.011714782317556176,0.007210718532079457,0.028475733875748723,0.12211307545951741,0.00678833885921384,0.026322081089526415,0.07989950045300244,0.9940469264984131,2.0131595134735107,-0.23695653676986694,0.6465039849281311,0.0,0.004968885931937279,0.020333420187136738,0.013069634187053205,1.1465712785720825,1.0,0.14657127857208252,0.00706327024730224,0.02924201578718965,0.08860478946298311,1.357431173324585,1.2122725243735317,0.14515864895105324,2026-07-13 06:53:30,0.014596230526565755,0.018509460999842582,0.013024148836149734,0.016560418090103533,2.0,2.8284271247461903,0.788582148700677,0.786462561830874,exact_stoker_entropy_solution,sqrt(mean((dh/h_scale)^2+(dq/q_scale)^2))/sqrt(mean((h_ref/h_scale)^2+(q_ref/q_scale)^2)),2026-07-20 06:45:46,,,,,,,,,,,,,,,,,,,,,,,,,,,,,,,,,,,,,,,,,,,,,,,,,,,,,,,,,,,,,,,,,,,,,,,,,,,,,,,,,,,,,,,
1d_shallowwater,rad_pinn,RAD-PINN,42,True,False,<LOCAL_PATH_REDACTED>/PINN/paper/<LOCAL_PATH_REDACTED>/results/raw/runs/1d_shallowwater/rad_pinn/seed_42,<LOCAL_PATH_REDACTED>/PINN/paper/<LOCAL_PATH_REDACTED>/results/raw/runs/1d_shallowwater/rad_pinn/seed_42/metrics_final.json,RAD-PINN,,,,,,,,,,,,,,,,,,,,,,,,,,,,,,,,,,,,,1.0,0.018257418583505537,0.8,0.01284901425242424,0.9999996423721313,0.009591346153846153,0.0246875,0.5948667526245117,2.0,1.0000001192092896,32.01266098022461,0.013548032380640507,,,,3000,7000,10000,2026-07-01 06:19:30,AdamW,False,409.8909149169922,83202,,,,,,,,exact_stoker_entropy_solution,True,Stoker wet-bed dam-break entropy solution,pointwise_analytic,500.0,260,0.25,state_scaled_space_time_rel_l2,,,,,,,,,,,,,,,,,,,,,,,,,,,,1.0,1.0,3.0,500.0,14.0,,,,,,,,,,,,,,,,,,,,,,,,,,,,,,,,,,,,,,,,,,,,,,,,,,,,,,,,,,,,,,,0.00020050741321454466,0.0003097949141415583,0.8364309809931444,0.0018435080026308946,0.00401389973781574,0.004824892790783784,,,,0.00033021328631989893,0.00013925536376173657,,0.00015050044682046813,0.000938588539548559,0.0007723726957396815,,0.07630112853989571,,,,,0.007538166132964567,0.02529757348047463,0.0161282977620486,0.006066205348703635,0.02386364826258634,0.015340678861017408,0.009317047732429137,0.031652348349701535,0.13573541666611066,0.007925650407850584,0.029070144568590667,0.08824112429511347,0.9966556429862976,2.021135091781616,-0.21251818537712097,0.6590681076049805,0.0,0.005896905285318201,0.02214133195696748,0.014231698672845109,1.1737172603607178,1.0,0.17371726036071777,0.00771967146433297,0.026799550720017617,0.0812039965551879,1.397275447845459,1.2122725243735317,0.18500292347192726,2026-07-13 06:53:30,0.016888626365289747,0.02141644518975634,0.01574809798848595,0.020023963952975166,2.0,2.8284271247461903,0.788582148700677,0.786462561830874,exact_stoker_entropy_solution,sqrt(mean((dh/h_scale)^2+(dq/q_scale)^2))/sqrt(mean((h_ref/h_scale)^2+(q_ref/q_scale)^2)),2026-07-20 06:45:46,,,,,,,,,,,,,,,,,,,,,,,,,,,,,,,,,,,,,,,,,,,,,,,,,,,,,,,,,,,,,,,,,,,,,,,,,,,,,,,,,,,,,,,
1d_shallowwater,rad_pinn,RAD-PINN,7,True,False,<LOCAL_PATH_REDACTED>/PINN/paper/<LOCAL_PATH_REDACTED>/results/raw/runs/1d_shallowwater/rad_pinn/seed_7,<LOCAL_PATH_REDACTED>/PINN/paper/<LOCAL_PATH_REDACTED>/results/raw/runs/1d_shallowwater/rad_pinn/seed_7/metrics_final.json,RAD-PINN,,,,,,,,,,,,,,,,,,,,,,,,,,,,,,,,,,,,,1.0,0.018257418583505537,0.8,0.010961462743580341,0.9999966621398926,0.008790064102564103,0.020665064102564103,0.5488787889480591,2.0,1.0,31.81867027282715,0.013593681156635284,,,,3000,7000,10000,2026-07-01 06:12:40,AdamW,False,396.43686866760254,83202,,,,,,,,exact_stoker_entropy_solution,True,Stoker wet-bed dam-break entropy solution,pointwise_analytic,500.0,260,0.25,state_scaled_space_time_rel_l2,,,,,,,,,,,,,,,,,,,,,,,,,,,,1.0,1.0,3.0,500.0,14.0,,,,,,,,,,,,,,,,,,,,,,,,,,,,,,,,,,,,,,,,,,,,,,,,,,,,,,,,,,,,,,,0.0002897827525824987,0.0003673153927949593,0.43922968806102236,0.00941686958844277,0.016354466609211193,0.02943760226639564,,,,0.0005147643171337626,0.00036656024598659463,,0.0002904212263740697,0.003580130678477127,0.002693373542681215,,0.08169787244278665,,,,,0.010114114486595481,0.03455164722002669,0.022028170210236068,0.011643570490425784,0.04362866691012325,0.02804656525430867,0.0132000597574724,0.04540293792807661,0.1947023528695352,0.015512814805639518,0.05782001526766909,0.17551007157674756,0.9943094253540039,2.011598587036133,-0.16142922639846802,0.664118230342865,0.0,0.011417737942593513,0.042393886559023645,0.027249355199199906,1.157898187637329,1.0,0.1578981876373291,0.01519684267796354,0.05607276697825645,0.1699033250263084,1.3915579319000244,1.2122725243735317,0.1792854075264927,2026-07-13 06:53:30,0.023582460176302465,0.02990488716378968,0.029895809318076783,0.03801301011511818,2.0,2.8284271247461903,0.788582148700677,0.786462561830874,exact_stoker_entropy_solution,sqrt(mean((dh/h_scale)^2+(dq/q_scale)^2))/sqrt(mean((h_ref/h_scale)^2+(q_ref/q_scale)^2)),2026-07-20 06:45:46,,,,,,,,,,,,,,,,,,,,,,,,,,,,,,,,,,,,,,,,,,,,,,,,,,,,,,,,,,,,,,,,,,,,,,,,,,,,,,,,,,,,,,,
1d_shallowwater,rar_d_pinn,RAR-D-PINN,100,True,False,<LOCAL_PATH_REDACTED>/PINN/paper/<LOCAL_PATH_REDACTED>/results/raw/runs/1d_shallowwater/rar_d_pinn/seed_100,<LOCAL_PATH_REDACTED>/PINN/paper/<LOCAL_PATH_REDACTED>/results/raw/runs/1d_shallowwater/rar_d_pinn/seed_100/metrics_final.json,RAR-D-PINN,,,,,,,,,,,,,,,,,,,,,,,,,,,,,,,,,,,,,1.0,0.018257418583505537,0.8,0.010041488334536552,0.9999998807907104,0.0078125,0.0146875,0.5529603362083435,2.0,1.0000001192092896,30.602216720581055,0.013666931539773941,,,,3000,7000,10000,2026-07-01 07:58:58,AdamW,False,395.63197565078735,83202,,,,,,,,exact_stoker_entropy_solution,True,Stoker wet-bed dam-break entropy solution,pointwise_analytic,500.0,260,0.25,state_scaled_space_time_rel_l2,,,,,,,,,,,,,,,,,,,,,,,,,,,,,,,,,2.0,0.0,0.5,6000.0,12000.0,500.0,3.0,14.0,,,,,,,,,,,,,,,,,,,,,,,,,,,,,,,,,,,,,,,,,,,,,,,,,,,,,,,0.0006078536447340343,0.001608264314720061,0.9993810454039969,0.0017779616773033525,0.0020823624762617565,0.005555012099900639,,,,0.0004239430104977018,0.00022898510324533342,,0.00022283936817990015,0.0010012544685581947,0.0007905008949139463,,0.050401017270852735,,,,,0.008811312369120354,0.028793347415407282,0.018357004913543525,0.007329833603346335,0.024670187838142083,0.015859160548358578,0.010648506291295495,0.03579310264270703,0.1534922984956507,0.008227154317967236,0.029718089527768478,0.09020793225316462,0.9883579015731812,2.0146591663360596,-0.27017855644226074,0.6637083888053894,0.0,0.00718909630475911,0.02329176110907465,0.014971155588493481,1.1948816776275635,1.0,0.19488167762756348,0.008071645540447389,0.028041644018654943,0.08496760218415947,1.4018186330795288,1.2122725243735317,0.18954610870599709,2026-07-13 06:53:30,0.019167876471977936,0.02430675929392513,0.01620339926187901,0.020602886962778132,2.0,2.8284271247461903,0.788582148700677,0.786462561830874,exact_stoker_entropy_solution,sqrt(mean((dh/h_scale)^2+(dq/q_scale)^2))/sqrt(mean((h_ref/h_scale)^2+(q_ref/q_scale)^2)),2026-07-20 06:45:46,,,,,,,,,,,,,,,,,,,,,,,,,,,,,,,,,,,,,,,,,,,,,,,,,,,,,,,,,,,,,,,,,,,,,,,,,,,,,,,,,,,,,,,
1d_shallowwater,rar_d_pinn,RAR-D-PINN,2026,True,False,<LOCAL_PATH_REDACTED>/PINN/paper/<LOCAL_PATH_REDACTED>/results/raw/runs/1d_shallowwater/rar_d_pinn/seed_2026,<LOCAL_PATH_REDACTED>/PINN/paper/<LOCAL_PATH_REDACTED>/results/raw/runs/1d_shallowwater/rar_d_pinn/seed_2026/metrics_final.json,RAR-D-PINN,,,,,,,,,,,,,,,,,,,,,,,,,,,,,,,,,,,,,1.0,0.018257418583505537,0.8,0.011812555603682995,1.0,0.009511217948717949,0.017275641025641025,0.5396058559417725,2.0,1.0,31.39695930480957,0.013772839680314064,,,,3000,7000,10000,2026-07-01 07:33:14,AdamW,False,379.68584394454956,83202,,,,,,,,exact_stoker_entropy_solution,True,Stoker wet-bed dam-break entropy solution,pointwise_analytic,500.0,260,0.25,state_scaled_space_time_rel_l2,,,,,,,,,,,,,,,,,,,,,,,,,,,,,,,,,2.0,0.0,0.5,6000.0,12000.0,500.0,3.0,14.0,,,,,,,,,,,,,,,,,,,,,,,,,,,,,,,,,,,,,,,,,,,,,,,,,,,,,,,0.0008081108218302942,0.0012893305181282252,0.8528829350732877,0.003657436515856559,0.004722933626773618,0.010734750248689985,,,,0.000540441939654158,0.0003140085135093558,,0.00038997122527541635,0.0012909555756684533,0.0006954194519377265,,0.07081471175672122,,,,,0.009019441320388542,0.029081308517086422,0.01854059257642168,0.007026809869772628,0.026081315822876656,0.01676630018633033,0.010890107727320165,0.036107542809267444,0.15484071873142893,0.008824707047468081,0.0322746644131586,0.0979683010294253,0.9924484491348267,2.010186195373535,-0.24793925881385803,0.6745442748069763,0.0,0.006868441917878846,0.024608939603490892,0.015817793336724558,1.1960774660110474,1.0,0.19607746601104736,0.00863278139626394,0.030310363278268474,0.0918419364917394,1.4056869745254517,1.2122725243735317,0.19341445015191994,2026-07-13 06:53:30,0.019349417490763795,0.024536971224393946,0.017328170824870977,0.022033052386510557,2.0,2.8284271247461903,0.788582148700677,0.786462561830874,exact_stoker_entropy_solution,sqrt(mean((dh/h_scale)^2+(dq/q_scale)^2))/sqrt(mean((h_ref/h_scale)^2+(q_ref/q_scale)^2)),2026-07-20 06:45:46,,,,,,,,,,,,,,,,,,,,,,,,,,,,,,,,,,,,,,,,,,,,,,,,,,,,,,,,,,,,,,,,,,,,,,,,,,,,,,,,,,,,,,,
1d_shallowwater,rar_d_pinn,RAR-D-PINN,31415,True,False,<LOCAL_PATH_REDACTED>/PINN/paper/<LOCAL_PATH_REDACTED>/results/raw/runs/1d_shallowwater/rar_d_pinn/seed_31415,<LOCAL_PATH_REDACTED>/PINN/paper/<LOCAL_PATH_REDACTED>/results/raw/runs/1d_shallowwater/rar_d_pinn/seed_31415/metrics_final.json,RAR-D-PINN,,,,,,,,,,,,,,,,,,,,,,,,,,,,,,,,,,,,,1.0,0.018257418583505537,0.8,0.01143354270607233,1.0,0.00921474358974359,0.014719551282051282,0.5658530592918396,2.0,1.0000001192092896,31.050443649291992,0.013774821534752846,,,,3000,7000,10000,2026-07-01 08:05:39,AdamW,False,400.45326805114746,83202,,,,,,,,exact_stoker_entropy_solution,True,Stoker wet-bed dam-break entropy solution,pointwise_analytic,500.0,260,0.25,state_scaled_space_time_rel_l2,,,,,,,,,,,,,,,,,,,,,,,,,,,,,,,,,2.0,0.0,0.5,6000.0,12000.0,500.0,3.0,14.0,,,,,,,,,,,,,,,,,,,,,,,,,,,,,,,,,,,,,,,,,,,,,,,,,,,,,,,0.0008430339139486184,0.0012382004482404045,0.6635015238479125,0.002744985007893778,0.005143135466913029,0.008931422131862893,,,,0.00054627292783361,0.00030899498876932297,,0.0003528306425849352,0.0010128968969477228,0.0005262212288696527,,0.06410460072580251,,,,,0.008967233228964942,0.029623010327274126,0.018885950920758194,0.007451804371278631,0.02717904323630741,0.017471971152524475,0.010871120884232302,0.036622329266768686,0.1570482880887168,0.008884321144973673,0.03322158008327532,0.10084262121543637,0.9864181280136108,2.0093886852264404,-0.24589183926582336,0.6723926663398743,0.0,0.007295736985865384,0.025780863804526922,0.01657106654219272,1.2001820802688599,1.0,0.20018208026885986,0.008692321175492467,0.03134706011059749,0.09498318042081541,1.4060115814208984,1.2122725243735317,0.19373905704736671,2026-07-13 06:53:30,0.019673079584241512,0.024947406705352518,0.017962023012844386,0.022839005802140416,2.0,2.8284271247461903,0.788582148700677,0.786462561830874,exact_stoker_entropy_solution,sqrt(mean((dh/h_scale)^2+(dq/q_scale)^2))/sqrt(mean((h_ref/h_scale)^2+(q_ref/q_scale)^2)),2026-07-20 06:45:46,,,,,,,,,,,,,,,,,,,,,,,,,,,,,,,,,,,,,,,,,,,,,,,,,,,,,,,,,,,,,,,,,,,,,,,,,,,,,,,,,,,,,,,
1d_shallowwater,rar_d_pinn,RAR-D-PINN,42,True,False,<LOCAL_PATH_REDACTED>/PINN/paper/<LOCAL_PATH_REDACTED>/results/raw/runs/1d_shallowwater/rar_d_pinn/seed_42,<LOCAL_PATH_REDACTED>/PINN/paper/<LOCAL_PATH_REDACTED>/results/raw/runs/1d_shallowwater/rar_d_pinn/seed_42/metrics_final.json,RAR-D-PINN,,,,,,,,,,,,,,,,,,,,,,,,,,,,,,,,,,,,,1.0,0.018257418583505537,0.8,0.010886524803936481,1.0,0.008725961538461538,0.01548076923076923,0.5628319978713989,2.0,0.9999999403953552,30.886676788330078,0.013835177756845951,,,,3000,7000,10000,2026-07-01 07:52:21,AdamW,False,379.45160484313965,83202,,,,,,,,exact_stoker_entropy_solution,True,Stoker wet-bed dam-break entropy solution,pointwise_analytic,500.0,260,0.25,state_scaled_space_time_rel_l2,,,,,,,,,,,,,,,,,,,,,,,,,,,,,,,,,2.0,0.0,0.5,6000.0,12000.0,500.0,3.0,14.0,,,,,,,,,,,,,,,,,,,,,,,,,,,,,,,,,,,,,,,,,,,,,,,,,,,,,,,0.0005559989287267277,0.0006420573005795525,0.890692689862818,0.002560853321193087,0.0035646559237700326,0.007567170440198054,,,,0.0004164185492308955,0.00022777937174235175,,0.0002197582184772346,0.0011004292849958815,0.0007691182696230591,,0.0713331787671455,,,,,0.008716696052669693,0.028643583588346115,0.01826152399326116,0.007248404207533506,0.025334665996919192,0.016286318455305326,0.010434550583957437,0.035578607916856825,0.15257247634961915,0.008533912955997027,0.030486853173426386,0.09254147993298452,0.9884427785873413,2.0220375061035156,-0.2612083852291107,0.6671035289764404,0.0,0.0070930709321849195,0.02383207365673548,0.015318450203939885,1.210424780845642,1.0,0.2104247808456421,0.008353726011433393,0.028542335996248114,0.0864847242452139,1.4320787191390991,1.2122725243735317,0.2198061947655674,2026-07-13 06:53:30,0.01906156834728772,0.02417195009888408,0.016632569024240384,0.021148583329254535,2.0,2.8284271247461903,0.788582148700677,0.786462561830874,exact_stoker_entropy_solution,sqrt(mean((dh/h_scale)^2+(dq/q_scale)^2))/sqrt(mean((h_ref/h_scale)^2+(q_ref/q_scale)^2)),2026-07-20 06:45:46,,,,,,,,,,,,,,,,,,,,,,,,,,,,,,,,,,,,,,,,,,,,,,,,,,,,,,,,,,,,,,,,,,,,,,,,,,,,,,,,,,,,,,,
1d_shallowwater,rar_d_pinn,RAR-D-PINN,7,True,False,<LOCAL_PATH_REDACTED>/PINN/paper/<LOCAL_PATH_REDACTED>/results/raw/runs/1d_shallowwater/rar_d_pinn/seed_7,<LOCAL_PATH_REDACTED>/PINN/paper/<LOCAL_PATH_REDACTED>/results/raw/runs/1d_shallowwater/rar_d_pinn/seed_7/metrics_final.json,RAR-D-PINN,,,,,,,,,,,,,,,,,,,,,,,,,,,,,,,,,,,,,1.0,0.018257418583505537,0.8,0.01175572257488966,1.0,0.009871794871794872,0.016899038461538462,0.5523928999900818,2.0,0.9999998807907104,31.25358009338379,0.013771536760032177,,,,3000,7000,10000,2026-07-01 07:46:01,AdamW,False,386.5920190811157,83202,,,,,,,,exact_stoker_entropy_solution,True,Stoker wet-bed dam-break entropy solution,pointwise_analytic,500.0,260,0.25,state_scaled_space_time_rel_l2,,,,,,,,,,,,,,,,,,,,,,,,,,,,,,,,,2.0,0.0,0.5,6000.0,12000.0,500.0,3.0,14.0,,,,,,,,,,,,,,,,,,,,,,,,,,,,,,,,,,,,,,,,,,,,,,,,,,,,,,,0.0015009769475788314,0.0027778179910078315,0.9999999984446811,0.005319686706931035,0.0077992909497417995,0.016259242127016096,,,,0.0005385284362022953,0.00037342358438777385,,0.0002633784407391103,0.0018748836862818692,0.001266079009734562,,0.13776634188548764,,,,,0.009410273477031555,0.03127993929219393,0.019942314833977594,0.008849578696726647,0.03305532333976391,0.021249521214131956,0.012018912375869772,0.039706421857333016,0.1702738657991637,0.010846716449346662,0.04210994514404726,0.12782285601465895,0.9919129610061646,2.0158586502075195,-0.21223758161067963,0.6730818748474121,0.0,0.008649470312246966,0.031594869866631035,0.020308112828241593,1.1928330659866333,1.0,0.1928330659866333,0.010579097548245282,0.040068596489145486,0.12140987754863546,1.4109735488891602,1.2122725243735317,0.19870102451562843,2026-07-13 06:53:30,0.021016270901848787,0.026650705873129402,0.022244539448557234,0.028284295436446418,2.0,2.8284271247461903,0.788582148700677,0.786462561830874,exact_stoker_entropy_solution,sqrt(mean((dh/h_scale)^2+(dq/q_scale)^2))/sqrt(mean((h_ref/h_scale)^2+(q_ref/q_scale)^2)),2026-07-20 06:45:46,,,,,,,,,,,,,,,,,,,,,,,,,,,,,,,,,,,,,,,,,,,,,,,,,,,,,,,,,,,,,,,,,,,,,,,,,,,,,,,,,,,,,,,
1d_shallowwater,sa_pinn,SA-PINN,100,True,False,<LOCAL_PATH_REDACTED>/PINN/paper/<LOCAL_PATH_REDACTED>/results/raw/runs/1d_shallowwater/sa_pinn/seed_100,<LOCAL_PATH_REDACTED>/PINN/paper/<LOCAL_PATH_REDACTED>/results/raw/runs/1d_shallowwater/sa_pinn/seed_100/metrics_final.json,SA-PINN,,,,,,,,,,,,,,,,,,,,,,,,,,,,,,,,,,,,,1.0,0.018257418583505537,0.8,0.007485354319214821,0.9994497895240784,0.005809294871794872,0.014935897435897436,0.6008617877960205,2.0,0.9999999403953552,39.6561279296875,0.012745733372867107,,,,3000,7000,10000,2026-07-01 09:35:45,AdamW,False,413.2980914115906,83202,,,,,,,,exact_stoker_entropy_solution,True,Stoker wet-bed dam-break entropy solution,pointwise_analytic,500.0,260,0.25,state_scaled_space_time_rel_l2,,,,,,,,,,,,,,,,,,,,,,,,,,,,,,,,,,,,,,,,,Adam,0.005,100.0,100.0,100.0,91.4554443359375,100.0,100.0,100.0,,,,,,,,,,,,,,,,,,,,,,,,,,,,,,,,,,,,,,,,,,,,,,0.004387240331281798,0.004382743070624704,0.9885051485983503,0.006680337469386687,0.006429367327925206,0.03914629166886882,,,,0.0007840940459154242,0.00034081576366160363,,0.0003062545224892011,0.001506397472609135,0.0009686609312043112,,0.06291339877268506,,,,,0.005796043459468331,0.025342821107865066,0.016157145082450395,0.004464099721764889,0.022158054473768403,0.014244242712877244,0.007600780191577808,0.03534823300584038,0.15158455487880892,0.005380284501759282,0.03159341613554819,0.09590040233705335,0.9880610704421997,2.014273166656494,-0.03806006908416748,0.6224313974380493,0.0,0.004673733716347462,0.0241447217935072,0.015519409842764205,1.1125705242156982,1.0,0.11257052421569824,0.005682648938614696,0.034274635035647205,0.10385388077741582,1.327101707458496,1.2122725243735317,0.11482918308496437,2026-07-13 06:53:30,0.01779752349361311,0.022569016459369495,0.015732540716771132,0.020004182627747707,2.0,2.8284271247461903,0.788582148700677,0.786462561830874,exact_stoker_entropy_solution,sqrt(mean((dh/h_scale)^2+(dq/q_scale)^2))/sqrt(mean((h_ref/h_scale)^2+(q_ref/q_scale)^2)),2026-07-20 06:45:46,,,,,,,,,,,,,,,,,,,,,,,,,,,,,,,,,,,,,,,,,,,,,,,,,,,,,,,,,,,,,,,,,,,,,,,,,,,,,,,,,,,,,,,
1d_shallowwater,sa_pinn,SA-PINN,2026,True,False,<LOCAL_PATH_REDACTED>/PINN/paper/<LOCAL_PATH_REDACTED>/results/raw/runs/1d_shallowwater/sa_pinn/seed_2026,<LOCAL_PATH_REDACTED>/PINN/paper/<LOCAL_PATH_REDACTED>/results/raw/runs/1d_shallowwater/sa_pinn/seed_2026/metrics_final.json,SA-PINN,,,,,,,,,,,,,,,,,,,,,,,,,,,,,,,,,,,,,1.0,0.018257418583505537,0.8,0.006241025403141975,0.9814568758010864,0.003701923076923077,0.015857371794871795,0.6545941233634949,2.0,0.9999999403953552,39.788307189941406,0.012416940182447433,,,,3000,7000,10000,2026-07-01 09:14:53,AdamW,False,409.82525992393494,83202,,,,,,,,exact_stoker_entropy_solution,True,Stoker wet-bed dam-break entropy solution,pointwise_analytic,500.0,260,0.25,state_scaled_space_time_rel_l2,,,,,,,,,,,,,,,,,,,,,,,,,,,,,,,,,,,,,,,,,Adam,0.005,100.0,100.0,100.0,92.7163314819336,100.0,100.0,100.0,,,,,,,,,,,,,,,,,,,,,,,,,,,,,,,,,,,,,,,,,,,,,,0.007348020422038948,0.007624505540175397,0.9998593845162078,0.014111034505186986,0.013704193377707619,0.07725218089585928,,,,0.0012175951507708233,0.0002173080007274611,,0.000565204875599042,0.00249432083582966,0.0008681667885902748,,0.13043155357504255,,,,,0.007424319084280004,0.03404075631775506,0.021702455152935483,0.006500896157323833,0.034898958490152135,0.02243469686153416,0.00970706630985463,0.0468630143235418,0.20096362851686606,0.008259426031090634,0.04836678604590292,0.14681521686834154,0.9954431056976318,2.0383095741271973,-0.008770078420639038,0.6145235300064087,0.0,0.006758320571883387,0.036490302011479014,0.023454730895042773,1.0769680738449097,1.0,0.07696807384490967,0.008606788306884936,0.05045907555860394,0.15289355559152248,1.291035532951355,1.2122725243735317,0.07876300857782326,2026-07-13 06:53:30,0.02375312688062891,0.030121309390196187,0.024431589693992676,0.031065165565014572,2.0,2.8284271247461903,0.788582148700677,0.786462561830874,exact_stoker_entropy_solution,sqrt(mean((dh/h_scale)^2+(dq/q_scale)^2))/sqrt(mean((h_ref/h_scale)^2+(q_ref/q_scale)^2)),2026-07-20 06:45:46,,,,,,,,,,,,,,,,,,,,,,,,,,,,,,,,,,,,,,,,,,,,,,,,,,,,,,,,,,,,,,,,,,,,,,,,,,,,,,,,,,,,,,,
1d_shallowwater,sa_pinn,SA-PINN,31415,True,False,<LOCAL_PATH_REDACTED>/PINN/paper/<LOCAL_PATH_REDACTED>/results/raw/runs/1d_shallowwater/sa_pinn/seed_31415,<LOCAL_PATH_REDACTED>/PINN/paper/<LOCAL_PATH_REDACTED>/results/raw/runs/1d_shallowwater/sa_pinn/seed_31415/metrics_final.json,SA-PINN,,,,,,,,,,,,,,,,,,,,,,,,,,,,,,,,,,,,,1.0,0.018257418583505537,0.8,0.00959112960845232,1.0,0.008982371794871795,0.016602564102564103,0.6379045844078064,2.0,1.0000001192092896,40.30723571777344,0.012556031346321106,,,,3000,7000,10000,2026-07-01 09:42:31,AdamW,False,404.7547254562378,83202,,,,,,,,exact_stoker_entropy_solution,True,Stoker wet-bed dam-break entropy solution,pointwise_analytic,500.0,260,0.25,state_scaled_space_time_rel_l2,,,,,,,,,,,,,,,,,,,,,,,,,,,,,,,,,,,,,,,,,Adam,0.005,100.0,100.0,100.0,99.23480987548828,100.0,100.0,100.0,,,,,,,,,,,,,,,,,,,,,,,,,,,,,,,,,,,,,,,,,,,,,,0.002927607309506279,0.0034689303273691377,0.9713716789241154,0.006169927811603378,0.007806211793912721,0.0297458293696824,,,,0.0006710787585399414,0.00022419005622034902,,0.0003256859946029001,0.0010194354063973578,0.0004938726270079102,,0.09790676365072092,,,,,0.00471218661236837,0.021786292371261652,0.013889704115928646,0.0035834534888933324,0.021852346447395542,0.014047719171873911,0.006341693498505043,0.030164689930671253,0.12935586045963327,0.0043324723217942175,0.030307372356033,0.09199667393524243,0.9553014039993286,2.047661542892456,-0.018318116664886475,0.616199254989624,0.0,0.0037898876449331833,0.024010229174781576,0.015432962540174417,1.085597276687622,1.0,0.08559727668762207,0.004619949982034711,0.033144095097353936,0.10042828748244702,1.2972941398620605,1.2122725243735317,0.08502161548852882,2026-07-13 06:53:30,0.015244644917091899,0.01933171444749378,0.015303540887819208,0.019458702334378533,2.0,2.8284271247461903,0.788582148700677,0.786462561830874,exact_stoker_entropy_solution,sqrt(mean((dh/h_scale)^2+(dq/q_scale)^2))/sqrt(mean((h_ref/h_scale)^2+(q_ref/q_scale)^2)),2026-07-20 06:45:46,,,,,,,,,,,,,,,,,,,,,,,,,,,,,,,,,,,,,,,,,,,,,,,,,,,,,,,,,,,,,,,,,,,,,,,,,,,,,,,,,,,,,,,
1d_shallowwater,sa_pinn,SA-PINN,42,True,False,<LOCAL_PATH_REDACTED>/PINN/paper/<LOCAL_PATH_REDACTED>/results/raw/runs/1d_shallowwater/sa_pinn/seed_42,<LOCAL_PATH_REDACTED>/PINN/paper/<LOCAL_PATH_REDACTED>/results/raw/runs/1d_shallowwater/sa_pinn/seed_42/metrics_final.json,SA-PINN,,,,,,,,,,,,,,,,,,,,,,,,,,,,,,,,,,,,,1.0,0.018257418583505537,0.8,0.00854661874473095,0.997204065322876,0.007788461538461538,0.011674679487179488,0.6486428380012512,2.0,1.0000001192092896,40.330223083496094,0.012691759504377842,,,,3000,7000,10000,2026-07-01 09:28:51,AdamW,False,422.0771322250366,83202,,,,,,,,exact_stoker_entropy_solution,True,Stoker wet-bed dam-break entropy solution,pointwise_analytic,500.0,260,0.25,state_scaled_space_time_rel_l2,,,,,,,,,,,,,,,,,,,,,,,,,,,,,,,,,,,,,,,,,Adam,0.005,100.0,100.0,93.96985626220703,84.55677795410156,100.0,100.0,100.0,,,,,,,,,,,,,,,,,,,,,,,,,,,,,,,,,,,,,,,,,,,,,,0.004731714667437094,0.004687829713183737,0.9463950462226365,0.015665129834957082,0.01573433660585094,0.08395812959335976,,,,0.0010831293515062566,0.00034885338165947365,,0.0005238218363519736,0.002171585879446353,0.0008379649165156239,,0.023884821617714803,,,,,0.007642517003619137,0.035449913221166085,0.022600853655432216,0.0064311451137446275,0.03705754469123064,0.023822337902006822,0.010681147383600705,0.049374357262309716,0.21173307211135287,0.008326809392857583,0.050448680481806,0.1531347143601538,0.9806028604507446,2.015916109085083,-0.024164706468582153,0.627326488494873,0.0,0.006728508878081475,0.03881452077836115,0.024948660040964337,1.1166751384735107,1.0,0.11667513847351074,0.00872064605191554,0.05274763490681894,0.15982800637281797,1.3470505475997925,1.2122725243735317,0.13477802322626076,2026-07-13 06:53:30,0.024877750726911105,0.03154744343106153,0.0257186522767049,0.03270168667253471,2.0,2.8284271247461903,0.788582148700677,0.786462561830874,exact_stoker_entropy_solution,sqrt(mean((dh/h_scale)^2+(dq/q_scale)^2))/sqrt(mean((h_ref/h_scale)^2+(q_ref/q_scale)^2)),2026-07-20 06:45:46,,,,,,,,,,,,,,,,,,,,,,,,,,,,,,,,,,,,,,,,,,,,,,,,,,,,,,,,,,,,,,,,,,,,,,,,,,,,,,,,,,,,,,,
1d_shallowwater,sa_pinn,SA-PINN,7,True,False,<LOCAL_PATH_REDACTED>/PINN/paper/<LOCAL_PATH_REDACTED>/results/raw/runs/1d_shallowwater/sa_pinn/seed_7,<LOCAL_PATH_REDACTED>/PINN/paper/<LOCAL_PATH_REDACTED>/results/raw/runs/1d_shallowwater/sa_pinn/seed_7/metrics_final.json,SA-PINN,,,,,,,,,,,,,,,,,,,,,,,,,,,,,,,,,,,,,1.0,0.018257418583505537,0.8,0.009358976036310196,0.9998718500137329,0.007932692307692307,0.016794871794871796,0.6156737208366394,2.0,1.0,40.65937805175781,0.012652464210987091,,,,3000,7000,10000,2026-07-01 09:21:48,AdamW,False,413.97908210754395,83202,,,,,,,,exact_stoker_entropy_solution,True,Stoker wet-bed dam-break entropy solution,pointwise_analytic,500.0,260,0.25,state_scaled_space_time_rel_l2,,,,,,,,,,,,,,,,,,,,,,,,,,,,,,,,,,,,,,,,,Adam,0.005,100.0,100.0,100.0,86.31778717041016,100.0,100.0,100.0,,,,,,,,,,,,,,,,,,,,,,,,,,,,,,,,,,,,,,,,,,,,,,0.006457383655536362,0.00672789635673086,0.9998795535174089,0.00884217407141371,0.007662581292540327,0.04488339588024635,,,,0.000985540402199988,0.00016864428319438815,,0.00036716751783386195,0.0014360585321913652,0.0007196279984833104,,0.051484939856389286,,,,,0.006433153736997116,0.02687184945791706,0.0171319668192184,0.004358640205254951,0.02237090249051732,0.014381071459061407,0.008633746509879267,0.037348301985251915,0.1601614918340711,0.005570747596145326,0.030550577032893288,0.0927349108597044,0.9301171898841858,2.0977373123168945,-0.02280280366539955,0.6214082837104797,0.0,0.004652575509700473,0.025134115760074394,0.01615535879237039,1.1059001684188843,1.0,0.10590016841888428,0.00596177532732095,0.034151528526601534,0.10348086181747487,1.3362469673156738,1.2122725243735317,0.1239744429421421,2026-07-13 06:53:30,0.018838419014607775,0.023888974719530973,0.015549326004377226,0.019771222126783554,2.0,2.8284271247461903,0.788582148700677,0.786462561830874,exact_stoker_entropy_solution,sqrt(mean((dh/h_scale)^2+(dq/q_scale)^2))/sqrt(mean((h_ref/h_scale)^2+(q_ref/q_scale)^2)),2026-07-20 06:45:46,,,,,,,,,,,,,,,,,,,,,,,,,,,,,,,,,,,,,,,,,,,,,,,,,,,,,,,,,,,,,,,,,,,,,,,,,,,,,,,,,,,,,,,
1d_shallowwater,xpinn,XPINN,100,True,False,<LOCAL_PATH_REDACTED>/PINN/paper/<LOCAL_PATH_REDACTED>/results/raw/runs/1d_shallowwater/xpinn/seed_100,<LOCAL_PATH_REDACTED>/PINN/paper/<LOCAL_PATH_REDACTED>/results/raw/runs/1d_shallowwater/xpinn/seed_100/metrics_final.json,XPINN,,,,,,,,,,,,,,,,,,,,,,,,,,,,,,,,,,,,,1.0,0.018257418583505537,0.8,0.005582671146839857,0.9712523221969604,0.003886217948717949,0.011482371794871795,0.6080524325370789,2.0,1.0,36.64940643310547,0.013155900873243809,,,,3000,7000,10000,2026-07-05 04:49:41,AdamW,False,3553.4339208602905,332812,,,,,,,,exact_stoker_entropy_solution,True,Stoker wet-bed dam-break entropy solution,pointwise_analytic,500.0,260,0.25,state_scaled_space_time_rel_l2,,,,,,,,,,,,,,,,,,,,,,,,,,,,,,,,,,,,,,,,,,,,,,,,,,4.0,1.0,0.0,0.125,512.0,2048.0,1.0,20.0,True,0.00026202559820376337,0.00027284238603897393,,,,,,,,,,,,,,,,,,,,,,,,,,,,,,,,,,,0.0044342490645945245,0.003403932592499109,0.998005803810974,0.009000982034949711,0.007699568146714464,0.05579456826608954,,,,0.0014703971363937123,0.00046320487118109525,,0.0006515693184419155,0.0019226415133246982,0.0008928535754841452,,0.14702304260528398,,,,,0.006284250598522903,0.029374103151283817,0.018727261825435246,0.005430132249627551,0.026101927079182605,0.016779550074211363,0.008254513647310845,0.0416855608852254,0.17876104841269855,0.006941644237857578,0.03721312951491263,0.11295879107816759,0.9859881401062012,2.0083322525024414,-0.04157593846321106,0.6338529586791992,0.0,0.005631459952337654,0.027761358263216327,0.017844061338264033,1.148042917251587,1.0,0.14804291725158691,0.0072359190863332135,0.03948767947515359,0.11964966956246899,1.3778386116027832,1.2122725243735317,0.16556608722925148,2026-07-13 06:53:30,0.020806735262290543,0.026384994000367354,0.018531858388959516,0.023563560795308604,2.0,2.8284271247461903,0.788582148700677,0.786462561830874,exact_stoker_entropy_solution,sqrt(mean((dh/h_scale)^2+(dq/q_scale)^2))/sqrt(mean((h_ref/h_scale)^2+(q_ref/q_scale)^2)),2026-07-20 06:45:46,,,,,,,,,,,,,,,,,,,,,,,,,,,,,,,,,,,,,,,,,,,,,,,,,,,,,,,,,,,,,,,,,,,,,,,,,,,,,,,,,,,,,,,
1d_shallowwater,xpinn,XPINN,2026,True,False,<LOCAL_PATH_REDACTED>/PINN/paper/<LOCAL_PATH_REDACTED>/results/raw/runs/1d_shallowwater/xpinn/seed_2026,<LOCAL_PATH_REDACTED>/PINN/paper/<LOCAL_PATH_REDACTED>/results/raw/runs/1d_shallowwater/xpinn/seed_2026/metrics_final.json,XPINN,,,,,,,,,,,,,,,,,,,,,,,,,,,,,,,,,,,,,1.0,0.018257418583505537,0.8,0.0072679901495575905,0.9914329051971436,0.005544871794871795,0.014423076923076924,0.6092443466186523,2.0,1.0000001192092896,37.07952880859375,0.012947379611432552,,,,3000,7000,10000,2026-07-05 01:43:55,AdamW,False,3798.4247546195984,332812,,,,,,,,exact_stoker_entropy_solution,True,Stoker wet-bed dam-break entropy solution,pointwise_analytic,500.0,260,0.25,state_scaled_space_time_rel_l2,,,,,,,,,,,,,,,,,,,,,,,,,,,,,,,,,,,,,,,,,,,,,,,,,,4.0,1.0,0.0,0.125,512.0,2048.0,1.0,20.0,True,0.000195528962649405,0.00025829451624304056,,,,,,,,,,,,,,,,,,,,,,,,,,,,,,,,,,,0.005827879725594104,0.005744958925290139,0.9999999997336427,0.008374953420690142,0.007514830956164786,0.04848610835270486,,,,0.0012345128522018869,0.0005926087277176337,,0.0006395019285135263,0.0015844860138216023,0.0005733739968516246,,0.14200468496035318,,,,,0.005921135190888179,0.02780801439059508,0.017728812473220466,0.004935336449570146,0.0257343188701897,0.01654323417570412,0.007975676435832864,0.03941607899667499,0.16902878253608195,0.006705119008027345,0.03677326151357248,0.11162359142382403,0.9930591583251953,2.005476713180542,-0.05218544602394104,0.6323612928390503,0.0,0.005159677454732109,0.027599975302531134,0.01774032983413108,1.1073646545410156,1.0,0.10736465454101562,0.007027559378144303,0.039278146088826446,0.11901477278530784,1.3265811204910278,1.2122725243735317,0.11430859611749611,2026-07-13 06:53:30,0.019685650269191036,0.02496334757463319,0.018292017035344936,0.0232585985946211,2.0,2.8284271247461903,0.788582148700677,0.786462561830874,exact_stoker_entropy_solution,sqrt(mean((dh/h_scale)^2+(dq/q_scale)^2))/sqrt(mean((h_ref/h_scale)^2+(q_ref/q_scale)^2)),2026-07-20 06:45:46,,,,,,,,,,,,,,,,,,,,,,,,,,,,,,,,,,,,,,,,,,,,,,,,,,,,,,,,,,,,,,,,,,,,,,,,,,,,,,,,,,,,,,,
1d_shallowwater,xpinn,XPINN,31415,True,False,<LOCAL_PATH_REDACTED>/PINN/paper/<LOCAL_PATH_REDACTED>/results/raw/runs/1d_shallowwater/xpinn/seed_31415,<LOCAL_PATH_REDACTED>/PINN/paper/<LOCAL_PATH_REDACTED>/results/raw/runs/1d_shallowwater/xpinn/seed_31415/metrics_final.json,XPINN,,,,,,,,,,,,,,,,,,,,,,,,,,,,,,,,,,,,,1.0,0.018257418583505537,0.8,0.0056672669015824795,0.9880889058113098,0.003653846153846154,0.011955128205128205,0.5988581776618958,2.0,1.0000001192092896,37.197654724121094,0.013008739799261093,,,,3000,7000,10000,2026-07-05 05:47:07,AdamW,False,3444.9803948402405,332812,,,,,,,,exact_stoker_entropy_solution,True,Stoker wet-bed dam-break entropy solution,pointwise_analytic,500.0,260,0.25,state_scaled_space_time_rel_l2,,,,,,,,,,,,,,,,,,,,,,,,,,,,,,,,,,,,,,,,,,,,,,,,,,4.0,1.0,0.0,0.125,512.0,2048.0,1.0,20.0,True,0.00019181374227628112,0.0002520916168577969,,,,,,,,,,,,,,,,,,,,,,,,,,,,,,,,,,,0.006425467100729655,0.006446601883646732,0.999999999780918,0.00964742842501369,0.009296827260115825,0.05333129158098674,,,,0.0008837565624257506,0.00043704117858835867,,0.000497064620507281,0.0011378113251386186,0.0005482193355186918,,0.13086087880759006,,,,,0.006608488215302628,0.03007981329635206,0.019177182580172612,0.006474314287774884,0.030840762968630635,0.019825897336589557,0.008801802032067513,0.042966675021980226,0.18425487652390407,0.008220671128849956,0.043524609881562544,0.13211700758464723,0.9952908754348755,2.010674476623535,-0.05847494304180145,0.6241253614425659,0.0,0.006716149738363675,0.03253149335314072,0.020910142699607157,1.100432276725769,1.0,0.10043227672576904,0.008559842287617725,0.045782020247225455,0.13872184102207197,1.3332571983337402,1.2122725243735317,0.12098467396020851,2026-07-13 06:53:30,0.021376755770963166,0.027107836268114735,0.021785020617148636,0.027700009732701973,2.0,2.8284271247461903,0.788582148700677,0.786462561830874,exact_stoker_entropy_solution,sqrt(mean((dh/h_scale)^2+(dq/q_scale)^2))/sqrt(mean((h_ref/h_scale)^2+(q_ref/q_scale)^2)),2026-07-20 06:45:46,,,,,,,,,,,,,,,,,,,,,,,,,,,,,,,,,,,,,,,,,,,,,,,,,,,,,,,,,,,,,,,,,,,,,,,,,,,,,,,,,,,,,,,
1d_shallowwater,xpinn,XPINN,42,True,False,<LOCAL_PATH_REDACTED>/PINN/paper/<LOCAL_PATH_REDACTED>/results/raw/runs/1d_shallowwater/xpinn/seed_42,<LOCAL_PATH_REDACTED>/PINN/paper/<LOCAL_PATH_REDACTED>/results/raw/runs/1d_shallowwater/xpinn/seed_42/metrics_final.json,XPINN,,,,,,,,,,,,,,,,,,,,,,,,,,,,,,,,,,,,,1.0,0.018257418583505537,0.8,0.005381864495575428,0.9777640104293823,0.003886217948717949,0.011490384615384616,0.5989782810211182,2.0,1.000000238418579,37.03636932373047,0.013044105842709541,,,,3000,7000,10000,2026-07-05 03:50:27,AdamW,False,3690.6657094955444,332812,,,,,,,,exact_stoker_entropy_solution,True,Stoker wet-bed dam-break entropy solution,pointwise_analytic,500.0,260,0.25,state_scaled_space_time_rel_l2,,,,,,,,,,,,,,,,,,,,,,,,,,,,,,,,,,,,,,,,,,,,,,,,,,4.0,1.0,0.0,0.125,512.0,2048.0,1.0,20.0,True,0.00021245346579235047,0.00024818198289722204,,,,,,,,,,,,,,,,,,,,,,,,,,,,,,,,,,,0.006118635874155546,0.0060257231723371135,0.9992638510117564,0.009813329580455098,0.010557443951318746,0.05041328994677126,,,,0.001252089716448062,0.0004031920705498959,,0.0008004288082260042,0.001441687641150662,0.00044173472688141535,,0.10321338981824879,,,,,0.006194815828447149,0.029727922975746387,0.01895283727390474,0.005985399881403388,0.030262722176563932,0.01945430544661161,0.008372569137589122,0.04250563761960889,0.18227780034560134,0.008094437933073365,0.043416080910041586,0.13178757274324127,0.9928932189941406,2.0068507194519043,-0.06157046556472778,0.6249801516532898,0.0,0.006219318138714885,0.03194539763863637,0.020533420214325648,1.1301254034042358,1.0,0.13012540340423584,0.008429457636693035,0.04566138363045263,0.13835630596086168,1.3700505495071411,1.2122725243735317,0.1577780251336094,2026-07-13 06:53:30,0.021137135680932888,0.026803974342727774,0.02155406222925004,0.0274063423680907,2.0,2.8284271247461903,0.788582148700677,0.786462561830874,exact_stoker_entropy_solution,sqrt(mean((dh/h_scale)^2+(dq/q_scale)^2))/sqrt(mean((h_ref/h_scale)^2+(q_ref/q_scale)^2)),2026-07-20 06:45:46,,,,,,,,,,,,,,,,,,,,,,,,,,,,,,,,,,,,,,,,,,,,,,,,,,,,,,,,,,,,,,,,,,,,,,,,,,,,,,,,,,,,,,,
1d_shallowwater,xpinn,XPINN,7,True,False,<LOCAL_PATH_REDACTED>/PINN/paper/<LOCAL_PATH_REDACTED>/results/raw/runs/1d_shallowwater/xpinn/seed_7,<LOCAL_PATH_REDACTED>/PINN/paper/<LOCAL_PATH_REDACTED>/results/raw/runs/1d_shallowwater/xpinn/seed_7/metrics_final.json,XPINN,,,,,,,,,,,,,,,,,,,,,,,,,,,,,,,,,,,,,1.0,0.018257418583505537,0.8,0.005807504523545504,0.9862863421440125,0.0037580128205128207,0.012764423076923078,0.603129506111145,2.0,1.0,37.6394157409668,0.01277636457234621,,,,3000,7000,10000,2026-07-05 02:48:55,AdamW,False,3897.408346891403,332812,,,,,,,,exact_stoker_entropy_solution,True,Stoker wet-bed dam-break entropy solution,pointwise_analytic,500.0,260,0.25,state_scaled_space_time_rel_l2,,,,,,,,,,,,,,,,,,,,,,,,,,,,,,,,,,,,,,,,,,,,,,,,,,4.0,1.0,0.0,0.125,512.0,2048.0,1.0,20.0,True,0.00023341998166870326,0.00028818935970775783,,,,,,,,,,,,,,,,,,,,,,,,,,,,,,,,,,,0.006542535865023299,0.006811809462824826,0.9894607110147581,0.009947923326590157,0.010504503003263443,0.051869516512847214,,,,0.0009426105660534543,0.0003892437498106299,,0.00041654546263433274,0.0010370877351414177,0.00038456945511040875,,0.07889644675309988,,,,,0.006441073201125586,0.03004587392204996,0.019155544760441626,0.006069594802657352,0.029957045011996218,0.019257801745032516,0.008729273552191712,0.04261845811364581,0.18276161079142952,0.007987324592031718,0.04268765071579925,0.12957645545213906,0.993136465549469,2.003270149230957,-0.06468293070793152,0.629589319229126,0.0,0.0062832110195769385,0.0315064788578175,0.02025129807991173,1.0708229541778564,1.0,0.07082295417785645,0.00829535783574236,0.044777387013410774,0.1356777514210855,1.2888401746749878,1.2122725243735317,0.07656765030145607,2026-07-13 06:53:30,0.021277458881008404,0.02698191801074834,0.021263479887284473,0.027036862171488936,2.0,2.8284271247461903,0.788582148700677,0.786462561830874,exact_stoker_entropy_solution,sqrt(mean((dh/h_scale)^2+(dq/q_scale)^2))/sqrt(mean((h_ref/h_scale)^2+(q_ref/q_scale)^2)),2026-07-20 06:45:46,,,,,,,,,,,,,,,,,,,,,,,,,,,,,,,,,,,,,,,,,,,,,,,,,,,,,,,,,,,,,,,,,,,,,,,,,,,,,,,,,,,,,,,
2d_burgers,aaf_pinn,AAF-PINN,100,True,False,<LOCAL_PATH_REDACTED>/PINN/paper/<LOCAL_PATH_REDACTED>/results/raw/runs/2d_burgers/aaf_pinn/seed_100,<LOCAL_PATH_REDACTED>/PINN/paper/<LOCAL_PATH_REDACTED>/results/raw/runs/2d_burgers/aaf_pinn/seed_100/metrics_final.json,AAF-PINN,0.030668125310879514,0.07654452468438652,0.11350778473962606,0.014728243214848601,0.04855105639278723,0.06531612516495765,0.0005003621067209236,0.0013681866880452948,0.0007806953010536799,,,0.6798287647407495,0.6830127018922193,0.0031839371514698067,0.3130088531636516,0.13537020711322273,0.20066627955431943,0.07943610336513071,0.04040169715881348,0.02142089605331421,-0.02142089605331421,1.0404016971588135,,,,0.002603441543320236,0.0037725404700285625,0.0008333870724305248,0.004514448267105936,0.0017143423040464345,0.003669652986573624,0.005547015732514332,0.004074207269981742,0.01908548388314965,0.08955153651921403,0.934163928351404,1.0,0.03162277660168379,0.7,0.02883744426071644,0.9754613637924194,0.030824039653035935,0.03435563816604709,0.8126156330108643,2.0,1.4271914958953857,34.173255920410156,0.025011099874973297,1.0,0.4228644283892903,,3000,7000,10000,2026-07-03 00:54:17,AdamW,False,407.98163866996765,83202,5.0,0.259723424911499,1.2986171245574951,1.0,1e-06,20.0,6.0,analytical_planar_entropy_shock,True,Analytical oblique planar entropy-shock solution,pointwise_analytic_on_fixed_evaluation_grids,,45,0.5,space_time_rel_l2,2026-07-21 00:37:38,,,,,,,,,,,,,,,,,,,,,,,,,,,,,,,,,,,,,,,,,,,,,,,,,,,,,,,,,,,,,,,,,,,,,,,,,,,,,,,,,,,,,,,,,,,,,,,,,,,,,,,,,,,,,,,,,,,,,,,,,,,,,,,,,,,,,,,,,,,,,,,,,,,,,,,,,,,,0.09072565564505597,0.09150635094610965,1.0074715669765029,0.007471566976502884,180.0,,,,,,,,,,,,,,,,,,,,,,,,,,,,,,,,,,,,,,,,,,,,,,,,,,,,,,,,,,,,,,,,,,,,,,,,,,,,,,,,,,
2d_burgers,aaf_pinn,AAF-PINN,2026,True,False,<LOCAL_PATH_REDACTED>/PINN/paper/<LOCAL_PATH_REDACTED>/results/raw/runs/2d_burgers/aaf_pinn/seed_2026,<LOCAL_PATH_REDACTED>/PINN/paper/<LOCAL_PATH_REDACTED>/results/raw/runs/2d_burgers/aaf_pinn/seed_2026/metrics_final.json,AAF-PINN,0.03063796588978813,0.07580100697747383,0.11240522321514955,0.013928585932762534,0.047772806457591764,0.06426913929166161,0.0003963605089725439,0.0009942924436020517,0.0009942924436020517,,,0.6808040425210571,0.6830127018922193,0.0022086593711622138,0.33302656825492494,0.14715931980100166,0.2163585085910283,0.08379993229055904,0.017363429069519043,0.013118743896484375,-0.013118743896484375,1.017363429069519,,,,0.0018261237552764042,0.00222472797511597,0.0020099820580149474,0.003348907607873239,0.001524393325497359,0.002437682216109849,0.006663870406175804,0.004479768543191864,0.027573989851928223,0.049875141651079424,0.354107267620405,1.0,0.03162277660168379,0.7,0.029252653941512108,0.9692915678024292,0.031164807930607188,0.034293680297397766,0.7730148434638977,2.0,1.42586088180542,33.21614074707031,0.024867240339517593,1.0,0.4275393115172121,,3000,7000,10000,2026-07-03 00:33:44,AdamW,False,411.922705411911,83202,5.0,0.2548636198043823,1.2743180990219116,1.0,1e-06,20.0,6.0,analytical_planar_entropy_shock,True,Analytical oblique planar entropy-shock solution,pointwise_analytic_on_fixed_evaluation_grids,,45,0.5,space_time_rel_l2,2026-07-21 00:37:38,,,,,,,,,,,,,,,,,,,,,,,,,,,,,,,,,,,,,,,,,,,,,,,,,,,,,,,,,,,,,,,,,,,,,,,,,,,,,,,,,,,,,,,,,,,,,,,,,,,,,,,,,,,,,,,,,,,,,,,,,,,,,,,,,,,,,,,,,,,,,,,,,,,,,,,,,,,,0.0905120585025076,0.09150635094610965,1.003371468810148,0.0033714688101480175,180.0,,,,,,,,,,,,,,,,,,,,,,,,,,,,,,,,,,,,,,,,,,,,,,,,,,,,,,,,,,,,,,,,,,,,,,,,,,,,,,,,,,
2d_burgers,aaf_pinn,AAF-PINN,31415,True,False,<LOCAL_PATH_REDACTED>/PINN/paper/<LOCAL_PATH_REDACTED>/results/raw/runs/2d_burgers/aaf_pinn/seed_31415,<LOCAL_PATH_REDACTED>/PINN/paper/<LOCAL_PATH_REDACTED>/results/raw/runs/2d_burgers/aaf_pinn/seed_31415/metrics_final.json,AAF-PINN,0.03137780507405599,0.07721827875241473,0.11450689384686168,0.014400477665993902,0.04854188964601128,0.06530379306707434,0.00034664882511622287,0.001557907151521265,0.001557907151521265,,,0.6848196249638381,0.6830127018922193,0.0018069230716187823,0.311749408124103,0.1346186160863354,0.20244865364373513,0.08101768639494761,0.03957259654998779,0.01670295000076294,-0.01670295000076294,1.0395725965499878,,,,0.006507315352862457,0.010896277506185159,0.01003703422875546,0.009615498012021917,0.0036038570272580875,0.0036344733727142753,0.0046708308979887285,0.0027041547910541482,0.01941096133303221,0.11310673360917105,0.9999999959168197,1.0,0.03162277660168379,0.7,0.029096536338329315,0.9845198392868042,0.03100991325898389,0.034324659231722426,0.732367217540741,2.0,1.4267430305480957,35.63917922973633,0.025048257783055305,1.0,0.425414364640884,,3000,7000,10000,2026-07-03 01:01:07,AdamW,False,409.692724943161,83202,5.0,0.2583294212818146,1.2916471064090729,1.0,1e-06,20.0,6.0,analytical_planar_entropy_shock,True,Analytical oblique planar entropy-shock solution,pointwise_analytic_on_fixed_evaluation_grids,,45,0.5,space_time_rel_l2,2026-07-21 00:37:38,,,,,,,,,,,,,,,,,,,,,,,,,,,,,,,,,,,,,,,,,,,,,,,,,,,,,,,,,,,,,,,,,,,,,,,,,,,,,,,,,,,,,,,,,,,,,,,,,,,,,,,,,,,,,,,,,,,,,,,,,,,,,,,,,,,,,,,,,,,,,,,,,,,,,,,,,,,,0.09306425809763091,0.09150635094610965,1.010467676229255,0.010467676229255145,180.0,,,,,,,,,,,,,,,,,,,,,,,,,,,,,,,,,,,,,,,,,,,,,,,,,,,,,,,,,,,,,,,,,,,,,,,,,,,,,,,,,,
2d_burgers,aaf_pinn,AAF-PINN,42,True,False,<LOCAL_PATH_REDACTED>/PINN/paper/<LOCAL_PATH_REDACTED>/results/raw/runs/2d_burgers/aaf_pinn/seed_42,<LOCAL_PATH_REDACTED>/PINN/paper/<LOCAL_PATH_REDACTED>/results/raw/runs/2d_burgers/aaf_pinn/seed_42/metrics_final.json,AAF-PINN,0.029881159493298524,0.07551468542637432,0.11198063732709912,0.014501096679840559,0.047755357796265746,0.06424566546777793,0.0010794940963336284,0.0022895651154899097,0.0016944473145176497,,,0.688216364084945,0.6830127018922193,0.005203662192725722,0.32196356368822454,0.13984309460910713,0.2103247983461894,0.07994109036005866,0.02614724636077881,0.023661136627197266,-0.023661136627197266,1.0261472463607788,,,,0.00718411045320509,0.01000137933467371,0.0097793084235539,0.011240260443140524,0.0031622351448234256,0.004263942749366922,0.004575492960085765,0.0022839756222849377,0.027309534990595963,0.15571187657492644,0.9999999930815378,1.0,0.03162277660168379,0.7,0.02931050956249237,0.9718847870826721,0.031257744733581165,0.034324659231722426,0.7390995025634766,2.0,1.4263957738876343,33.95276641845703,0.025024430826306343,1.0,0.42881427964300894,,3000,7000,10000,2026-07-03 00:47:28,AdamW,False,406.1330292224884,83202,5.0,0.25402459502220154,1.2701229751110077,1.0,1e-06,20.0,6.0,analytical_planar_entropy_shock,True,Analytical oblique planar entropy-shock solution,pointwise_analytic_on_fixed_evaluation_grids,,45,0.5,space_time_rel_l2,2026-07-21 00:37:38,,,,,,,,,,,,,,,,,,,,,,,,,,,,,,,,,,,,,,,,,,,,,,,,,,,,,,,,,,,,,,,,,,,,,,,,,,,,,,,,,,,,,,,,,,,,,,,,,,,,,,,,,,,,,,,,,,,,,,,,,,,,,,,,,,,,,,,,,,,,,,,,,,,,,,,,,,,,0.0932007982606273,0.09150635094610965,1.0084241240523582,0.008424124052358229,180.0,,,,,,,,,,,,,,,,,,,,,,,,,,,,,,,,,,,,,,,,,,,,,,,,,,,,,,,,,,,,,,,,,,,,,,,,,,,,,,,,,,
2d_burgers,aaf_pinn,AAF-PINN,7,True,False,<LOCAL_PATH_REDACTED>/PINN/paper/<LOCAL_PATH_REDACTED>/results/raw/runs/2d_burgers/aaf_pinn/seed_7,<LOCAL_PATH_REDACTED>/PINN/paper/<LOCAL_PATH_REDACTED>/results/raw/runs/2d_burgers/aaf_pinn/seed_7/metrics_final.json,AAF-PINN,0.03112208480681248,0.07722783777802937,0.11452106891459202,0.014572391510009766,0.04934688156007736,0.06638675513880654,0.00025433032179329637,0.0006537653275589389,0.0002025841089992042,,,0.6836788352097932,0.6830127018922193,0.0006661333175739248,0.3245270517571333,0.13907665475819572,0.2130717259841308,0.08163438910448481,0.01782393455505371,0.018398821353912354,-0.018398821353912354,1.0178239345550537,,,,0.0035938928598521387,0.0049402506270632696,0.0049402506270632696,0.006295185671114775,0.0011544164314386072,0.0019019751126685414,0.0050547479753829455,0.0022525593446080074,0.026795821774170427,0.11464755565968969,0.9999999979229264,1.0,0.03162277660168379,0.7,0.028522077947854996,0.9689366817474365,0.030545229244114003,0.03423172242874845,0.8985468149185181,2.0,1.426849126815796,33.24552917480469,0.024930577725172043,1.0,0.4190395240118997,,3000,7000,10000,2026-07-03 00:40:40,AdamW,False,415.0949459075928,83202,5.0,0.2548655867576599,1.2743279337882996,1.0,1e-06,20.0,6.0,analytical_planar_entropy_shock,True,Analytical oblique planar entropy-shock solution,pointwise_analytic_on_fixed_evaluation_grids,,45,0.5,space_time_rel_l2,2026-07-21 00:37:38,,,,,,,,,,,,,,,,,,,,,,,,,,,,,,,,,,,,,,,,,,,,,,,,,,,,,,,,,,,,,,,,,,,,,,,,,,,,,,,,,,,,,,,,,,,,,,,,,,,,,,,,,,,,,,,,,,,,,,,,,,,,,,,,,,,,,,,,,,,,,,,,,,,,,,,,,,,,0.09130376683711044,0.09150635094610965,1.0076783091522927,0.007678309152292651,180.0,,,,,,,,,,,,,,,,,,,,,,,,,,,,,,,,,,,,,,,,,,,,,,,,,,,,,,,,,,,,,,,,,,,,,,,,,,,,,,,,,,
2d_burgers,cpinn,cPINN,100,True,False,<LOCAL_PATH_REDACTED>/PINN/paper/<LOCAL_PATH_REDACTED>/results/raw/runs/2d_burgers/cpinn/seed_100,<LOCAL_PATH_REDACTED>/PINN/paper/<LOCAL_PATH_REDACTED>/results/raw/runs/2d_burgers/cpinn/seed_100/metrics_final.json,cPINN,0.03274945649504662,0.07862937200659673,0.1165994023574789,0.017899543242873968,0.05455264294960682,0.07339010764563116,0.00047973423882104773,0.0022507678517336843,0.0022507678517336843,,,0.6798652607749315,0.6830127018922193,0.003147441117287819,0.3372809500717521,0.1855379223978814,0.2096194279551357,0.10808794101460201,0.02689516544342041,0.0127524733543396,-0.0127524733543396,1.0268951654434204,,,,0.004059851065086528,0.005558730311378435,0.004437295700920552,0.007343898918377569,0.002176824019836755,0.0003496347641465114,0.005821212223754312,0.004261683679174309,0.021763975609423496,0.13986025399640234,0.9999999975204571,1.0,0.03162277660168379,0.7,0.02847445197403431,0.9937773942947388,0.030018587360594796,0.036400247831474594,0.7847082614898682,2.0,1.428158164024353,37.60427474975586,0.025005215778946877,0.9948400412796697,0.4096897577560561,,3000,7000,10000,2026-07-04 02:39:33,AdamW,False,1563.541550397873,332808,,,,,,,,analytical_planar_entropy_shock,True,Analytical oblique planar entropy-shock solution,pointwise_analytic_on_fixed_evaluation_grids,,45,0.5,space_time_rel_l2,2026-07-21 00:37:38,4.0,2.0,0.0,0.0,1000.0,4000.0,20.0,20.0,True,3.5112905607093126e-05,6.98825460858643e-05,,,,,,,,,,,,,,,,,,,,,,,,,,,,,,,,,,,,,,,,,,,,,,,,,,,,,,,,,,,,,,,,,,,,,,,,,,,,,,,,,,,,,,,,,,,,,,,,,,,,,,,,,,,,,,,,,,,,,,,,,,,,,,,,,,,,,,,,,,,,,,,,,0.08925558309437596,0.09150635094610965,1.0215462751166766,0.02154627511667651,180.0,,,,,,,,,,,,,,,,,,,,,,,,,,,,,,,,,,,,,,,,,,,,,,,,,,,,,,,,,,,,,,,,,,,,,,,,,,,,,,,,,,
2d_burgers,cpinn,cPINN,2026,True,False,<LOCAL_PATH_REDACTED>/PINN/paper/<LOCAL_PATH_REDACTED>/results/raw/runs/2d_burgers/cpinn/seed_2026,<LOCAL_PATH_REDACTED>/PINN/paper/<LOCAL_PATH_REDACTED>/results/raw/runs/2d_burgers/cpinn/seed_2026/metrics_final.json,cPINN,0.031994787623321405,0.07873904500113557,0.11676203631081776,0.017747638384685103,0.056770412149787265,0.0763736903197971,0.003120865887795967,0.0061089158969521995,0.005904774596457121,,,0.6701306746410736,0.6830127018922193,0.012882027251145733,0.3261664081948942,0.17492156719030946,0.20551451586212524,0.08774087952556651,0.023096323013305664,0.03545314073562622,-0.03545314073562622,1.0230963230133057,,,,0.0023495890291481258,0.0036040028576778127,0.0028864022905109588,0.002965192854968136,0.005568957225112896,0.008073508907834537,0.006959800812596843,0.004497859940000743,0.03369386064411006,0.053220334173724425,0.5268935600941057,1.0,0.03162277660168379,0.7,0.029234332963824272,1.0,0.030885997521685252,0.036586121437422556,0.711081326007843,2.0,1.429965615272522,39.659549713134766,0.025217121466994286,0.9789368104312939,0.41478963025924354,,3000,7000,10000,2026-07-04 01:23:02,AdamW,False,1526.8585419654846,332808,,,,,,,,analytical_planar_entropy_shock,True,Analytical oblique planar entropy-shock solution,pointwise_analytic_on_fixed_evaluation_grids,,45,0.5,space_time_rel_l2,2026-07-21 00:37:38,4.0,2.0,0.0,0.0,1000.0,4000.0,20.0,20.0,True,5.0791059038601816e-05,8.657932630740106e-05,,,,,,,,,,,,,,,,,,,,,,,,,,,,,,,,,,,,,,,,,,,,,,,,,,,,,,,,,,,,,,,,,,,,,,,,,,,,,,,,,,,,,,,,,,,,,,,,,,,,,,,,,,,,,,,,,,,,,,,,,,,,,,,,,,,,,,,,,,,,,,,,,0.08560157634965253,0.09150635094610965,1.0206171163292819,0.02061711632928183,180.0,,,,,,,,,,,,,,,,,,,,,,,,,,,,,,,,,,,,,,,,,,,,,,,,,,,,,,,,,,,,,,,,,,,,,,,,,,,,,,,,,,
2d_burgers,cpinn,cPINN,31415,True,False,<LOCAL_PATH_REDACTED>/PINN/paper/<LOCAL_PATH_REDACTED>/results/raw/runs/2d_burgers/cpinn/seed_31415,<LOCAL_PATH_REDACTED>/PINN/paper/<LOCAL_PATH_REDACTED>/results/raw/runs/2d_burgers/cpinn/seed_31415/metrics_final.json,cPINN,0.031728993482795766,0.07729520859945976,0.11462097302567226,0.017211456270313556,0.05316214111525858,0.07151945438693325,0.001831254504113677,0.004951106952852207,0.004726073374647463,,,0.6714003314436329,0.6830127018922193,0.011612370448586429,0.32199516319136523,0.1501143574431235,0.19826789562972744,0.09103483694336684,0.028833746910095215,0.02264520525932312,-0.02264520525932312,1.0288337469100952,,,,0.0005247042913681758,0.0016811875561763695,0.00016099102994859837,0.0021648515840890304,0.002474919882960543,0.0029582103071010835,0.005436145978625216,0.0036865404663294493,0.0217153560300669,0.1388695917905062,0.9999999964813384,1.0,0.03162277660168379,0.7,0.029592176899313927,0.9999998807907104,0.031226765799256505,0.03674101610904585,0.7694305181503296,2.0,1.4289692640304565,38.183536529541016,0.025134814903140068,0.9712301587301587,0.4160645983850404,,3000,7000,10000,2026-07-04 03:02:19,AdamW,False,1364.2073249816895,332808,,,,,,,,analytical_planar_entropy_shock,True,Analytical oblique planar entropy-shock solution,pointwise_analytic_on_fixed_evaluation_grids,,45,0.5,space_time_rel_l2,2026-07-21 00:37:38,4.0,2.0,0.0,0.0,1000.0,4000.0,20.0,20.0,True,3.865030885208398e-05,7.686247408855706e-05,,,,,,,,,,,,,,,,,,,,,,,,,,,,,,,,,,,,,,,,,,,,,,,,,,,,,,,,,,,,,,,,,,,,,,,,,,,,,,,,,,,,,,,,,,,,,,,,,,,,,,,,,,,,,,,,,,,,,,,,,,,,,,,,,,,,,,,,,,,,,,,,,0.08678027757146219,0.09150635094610965,1.0488983836284904,0.04889838362849036,180.0,,,,,,,,,,,,,,,,,,,,,,,,,,,,,,,,,,,,,,,,,,,,,,,,,,,,,,,,,,,,,,,,,,,,,,,,,,,,,,,,,,
2d_burgers,cpinn,cPINN,42,True,False,<LOCAL_PATH_REDACTED>/PINN/paper/<LOCAL_PATH_REDACTED>/results/raw/runs/2d_burgers/cpinn/seed_42,<LOCAL_PATH_REDACTED>/PINN/paper/<LOCAL_PATH_REDACTED>/results/raw/runs/2d_burgers/cpinn/seed_42/metrics_final.json,cPINN,0.031810091650739454,0.07822234786126857,0.11599582673580987,0.01588136250682083,0.05282636093462815,0.07106772661960031,0.002281352229539005,0.006565423302913306,0.006565423302913306,,,0.6713701708606675,0.6830127018922193,0.011642531031551773,0.3374396766981216,0.18120672992993347,0.2117169910765395,0.11946338495789076,0.031434059143066406,0.022122621536254883,-0.022122621536254883,1.0314340591430664,,,,0.0015277252120794078,0.0026157506586069745,0.0014269882193572725,0.0027435948995438784,0.006933307113386963,0.00961809333927599,0.004807424066891853,0.0023567942930278335,0.030468876090773103,0.19994990957254766,0.999999998376058,1.0,0.03162277660168379,0.7,0.02930980920791626,0.9945257902145386,0.030793060718711275,0.036059479553903345,0.828576922416687,2.0,1.4288920164108276,37.791072845458984,0.025229159742593765,0.9859154929577465,0.416489587760306,,3000,7000,10000,2026-07-04 02:13:28,AdamW,False,1501.859875202179,332808,,,,,,,,analytical_planar_entropy_shock,True,Analytical oblique planar entropy-shock solution,pointwise_analytic_on_fixed_evaluation_grids,,45,0.5,space_time_rel_l2,2026-07-21 00:37:38,4.0,2.0,0.0,0.0,1000.0,4000.0,20.0,20.0,True,4.0616643673274666e-05,7.547181303380057e-05,,,,,,,,,,,,,,,,,,,,,,,,,,,,,,,,,,,,,,,,,,,,,,,,,,,,,,,,,,,,,,,,,,,,,,,,,,,,,,,,,,,,,,,,,,,,,,,,,,,,,,,,,,,,,,,,,,,,,,,,,,,,,,,,,,,,,,,,,,,,,,,,,0.08494092764319634,0.09150635094610965,1.0350630699202072,0.03506306992020718,180.0,,,,,,,,,,,,,,,,,,,,,,,,,,,,,,,,,,,,,,,,,,,,,,,,,,,,,,,,,,,,,,,,,,,,,,,,,,,,,,,,,,
2d_burgers,cpinn,cPINN,7,True,False,<LOCAL_PATH_REDACTED>/PINN/paper/<LOCAL_PATH_REDACTED>/results/raw/runs/2d_burgers/cpinn/seed_7,<LOCAL_PATH_REDACTED>/PINN/paper/<LOCAL_PATH_REDACTED>/results/raw/runs/2d_burgers/cpinn/seed_7/metrics_final.json,cPINN,0.032403573322852125,0.07907053277857214,0.11725359914225776,0.017121456269128824,0.05569020168314869,0.07492047452418892,0.0012827572093526995,0.004511149087854993,0.004511149087854993,,,0.6720648763134626,0.6830127018922193,0.010947825578756731,0.3267901121908448,0.17634635080557867,0.20308777497300878,0.08831558382325021,0.024959087371826172,0.02729278802871704,-0.02729278802871704,1.0249590873718262,,,,0.0007194846256515369,0.002249747364351351,0.0017664608548834115,0.0011716420527414634,0.0065626508885672724,0.0106369697220976,0.005660973604479351,0.0033281461753187297,0.026269230592665338,0.10329337529032394,0.7628936868174141,1.0,0.03162277660168379,0.7,0.029337534680962563,1.0,0.030700123915737298,0.03596654275092937,0.7528759241104126,2.0,1.4279212951660156,39.01657485961914,0.025137804448604584,0.9909182643794148,0.41733956651083726,,3000,7000,10000,2026-07-04 01:48:24,AdamW,False,1519.5510411262512,332808,,,,,,,,analytical_planar_entropy_shock,True,Analytical oblique planar entropy-shock solution,pointwise_analytic_on_fixed_evaluation_grids,,45,0.5,space_time_rel_l2,2026-07-21 00:37:38,4.0,2.0,0.0,0.0,1000.0,4000.0,20.0,20.0,True,4.316258491599001e-05,7.80982882133685e-05,,,,,,,,,,,,,,,,,,,,,,,,,,,,,,,,,,,,,,,,,,,,,,,,,,,,,,,,,,,,,,,,,,,,,,,,,,,,,,,,,,,,,,,,,,,,,,,,,,,,,,,,,,,,,,,,,,,,,,,,,,,,,,,,,,,,,,,,,,,,,,,,,0.08699520185825466,0.09150635094610965,1.0187715264253838,0.01877152642538381,180.0,,,,,,,,,,,,,,,,,,,,,,,,,,,,,,,,,,,,,,,,,,,,,,,,,,,,,,,,,,,,,,,,,,,,,,,,,,,,,,,,,,
2d_burgers,gpinn_subsampled,gPINN-subsampled,100,True,False,<LOCAL_PATH_REDACTED>/PINN/paper/<LOCAL_PATH_REDACTED>/results/raw/runs/2d_burgers/gpinn_subsampled/seed_100,<LOCAL_PATH_REDACTED>/PINN/paper/<LOCAL_PATH_REDACTED>/results/raw/runs/2d_burgers/gpinn_subsampled/seed_100/metrics_final.json,gPINN-subsampled,0.03607094242886751,0.08859429982502044,0.1313763819836947,0.023104019149402043,0.06875912244110606,0.09250219833039779,0.002053095529021984,0.004487006666162835,0.0004691952586594189,,,0.6874083054589674,0.6830127018922193,0.004395603566748063,0.3594998009471448,0.21927252575514614,0.24043548080249164,0.13897296818023994,0.012474298477172852,0.01950991153717041,-0.01950991153717041,1.0124742984771729,,,,0.000575380399081567,0.00141054269095639,0.0004856400636734648,0.001374540623766455,0.0037375686414180837,0.0042098097465834705,0.006649987291122865,0.005026851641833797,0.022496054056987735,0.10154541218855993,0.8075891228980614,1.0,0.03162277660168379,0.7,0.017693713307380676,0.8330862522125244,0.018897149938042132,0.031133828996282528,0.819558322429657,2.0,1.42618989944458,28.080965042114258,0.024945860728621483,1.0,0.2592435189120272,,3000,7000,10000,2026-07-02 09:22:58,AdamW,False,1365.2174260616302,83201,,,,,,,,analytical_planar_entropy_shock,True,Analytical oblique planar entropy-shock solution,pointwise_analytic_on_fixed_evaluation_grids,,45,0.5,space_time_rel_l2,2026-07-21 00:37:38,,,,,,,,,,,,0.0001,1024.0,512.0,False,1901.5310668945312,0.19015310668945312,,,,,,,,,,,,,,,,,,,,,,,,,,,,,,,,,,,,,,,,,,,,,,,,,,,,,,,,,,,,,,,,,,,,,,,,,,,,,,,,,,,,,,,,,,,,,,,,,,,,,,,,,,,,,,,,,,,,,,,,,,,,,,,,,,,,,,,,,,,0.09103715568745023,0.09150635094610965,1.0104041182717611,0.010404118271761163,180.0,,,,,,,,,,,,,,,,,,,,,,,,,,,,,,,,,,,,,,,,,,,,,,,,,,,,,,,,,,,,,,,,,,,,,,,,,,,,,,,,,,
2d_burgers,gpinn_subsampled,gPINN-subsampled,2026,True,False,<LOCAL_PATH_REDACTED>/PINN/paper/<LOCAL_PATH_REDACTED>/results/raw/runs/2d_burgers/gpinn_subsampled/seed_2026,<LOCAL_PATH_REDACTED>/PINN/paper/<LOCAL_PATH_REDACTED>/results/raw/runs/2d_burgers/gpinn_subsampled/seed_2026/metrics_final.json,gPINN-subsampled,0.03490913383370401,0.0872622031482875,0.12940101740394944,0.02093700839045607,0.06476349620798257,0.08712685034530526,0.0007454206538684181,0.0016436337472565954,8.97503927320964e-05,,,0.6865552273445452,0.6830127018922193,0.0035425254523259175,0.34895639166864717,0.18501561632248084,0.23330609293418994,0.11816602555207577,0.01504969596862793,0.017260193824768066,-0.017260193824768066,1.015049695968628,,,,0.001956009315134673,0.003995961876030463,0.003391590254536836,0.0019384257496616512,0.004080697938268142,0.002792355346860731,0.007159592622916051,0.004662792818894645,0.028923671605309814,0.08691876911920504,0.9845070985987637,1.0,0.03162277660168379,0.7,0.018923966214060783,0.8490153551101685,0.02094175960346964,0.0315365551425031,0.7509286999702454,2.0,1.4259893894195557,28.858707427978516,0.024975204840302467,1.0,0.287292817679558,,3000,7000,10000,2026-07-02 08:13:35,AdamW,False,1804.8410472869873,83201,,,,,,,,analytical_planar_entropy_shock,True,Analytical oblique planar entropy-shock solution,pointwise_analytic_on_fixed_evaluation_grids,,45,0.5,space_time_rel_l2,2026-07-21 00:37:38,,,,,,,,,,,,0.0001,1024.0,512.0,False,748.4847412109375,0.07484847412109376,,,,,,,,,,,,,,,,,,,,,,,,,,,,,,,,,,,,,,,,,,,,,,,,,,,,,,,,,,,,,,,,,,,,,,,,,,,,,,,,,,,,,,,,,,,,,,,,,,,,,,,,,,,,,,,,,,,,,,,,,,,,,,,,,,,,,,,,,,,0.09141660055337755,0.09150635094610965,1.0102700383164163,0.010270038316416185,180.0,,,,,,,,,,,,,,,,,,,,,,,,,,,,,,,,,,,,,,,,,,,,,,,,,,,,,,,,,,,,,,,,,,,,,,,,,,,,,,,,,,
2d_burgers,gpinn_subsampled,gPINN-subsampled,31415,True,False,<LOCAL_PATH_REDACTED>/PINN/paper/<LOCAL_PATH_REDACTED>/results/raw/runs/2d_burgers/gpinn_subsampled/seed_31415,<LOCAL_PATH_REDACTED>/PINN/paper/<LOCAL_PATH_REDACTED>/results/raw/runs/2d_burgers/gpinn_subsampled/seed_31415/metrics_final.json,gPINN-subsampled,0.03621417551979279,0.0892992652766476,0.13242177441459824,0.0230402326685043,0.06881136876523807,0.09257248572885945,0.0024305992207223955,0.006016680347301767,0.0010873832480230161,,,0.6851540070838298,0.6830127018922193,0.0021413051916104875,0.36623358945753676,0.21335957743960532,0.244466790559301,0.14359082929912126,0.020624399185180664,0.025405168533325195,-0.025405168533325195,1.0206243991851807,,,,0.00093433127604461,0.0020330144014621965,0.0020330144014621965,0.0014452886688309608,0.0038370485394139515,0.004176679394371163,0.006050289941009215,0.0034990590763656964,0.02411451359777013,0.15145975079700022,0.9999999978994086,1.0,0.03162277660168379,0.7,0.017860058695077896,0.8374218344688416,0.019175960346964064,0.03104089219330855,0.7202311754226685,2.0,1.4267966747283936,27.7408390045166,0.02528039924800396,1.0,0.26306842328941776,,3000,7000,10000,2026-07-02 09:46:31,AdamW,False,1412.0317833423615,83201,,,,,,,,analytical_planar_entropy_shock,True,Analytical oblique planar entropy-shock solution,pointwise_analytic_on_fixed_evaluation_grids,,45,0.5,space_time_rel_l2,2026-07-21 00:37:38,,,,,,,,,,,,0.0001,1024.0,512.0,False,1827.8127899169922,0.18278127899169921,,,,,,,,,,,,,,,,,,,,,,,,,,,,,,,,,,,,,,,,,,,,,,,,,,,,,,,,,,,,,,,,,,,,,,,,,,,,,,,,,,,,,,,,,,,,,,,,,,,,,,,,,,,,,,,,,,,,,,,,,,,,,,,,,,,,,,,,,,,0.09041896769808663,0.09150635094610965,1.009017315021781,0.009017315021781035,180.0,,,,,,,,,,,,,,,,,,,,,,,,,,,,,,,,,,,,,,,,,,,,,,,,,,,,,,,,,,,,,,,,,,,,,,,,,,,,,,,,,,
2d_burgers,gpinn_subsampled,gPINN-subsampled,42,True,False,<LOCAL_PATH_REDACTED>/PINN/paper/<LOCAL_PATH_REDACTED>/results/raw/runs/2d_burgers/gpinn_subsampled/seed_42,<LOCAL_PATH_REDACTED>/PINN/paper/<LOCAL_PATH_REDACTED>/results/raw/runs/2d_burgers/gpinn_subsampled/seed_42/metrics_final.json,gPINN-subsampled,0.03735440769852925,0.09006414024260824,0.13355600659315012,0.022385477444823876,0.06922489992794718,0.09312881251533763,0.006010241456217585,0.012073579632231171,0.0015354589857858592,,,0.685796254805747,0.6830127018922193,0.0027835529135277204,0.3727894076597384,0.20983036772126723,0.24701681668177525,0.13813756874178204,0.015228867530822754,0.0177537202835083,-0.0177537202835083,1.0152288675308228,,,,0.00307784073379496,0.007685957086984829,0.007685957086984829,0.0033806371525334404,0.001729883316371324,0.0010445532712233252,0.005560673510551478,0.0025283076285879938,0.03102693140106748,0.07185694638292585,0.5490961441522595,1.0,0.03162277660168379,0.7,0.017119115218520164,0.8190280199050903,0.018215613382899627,0.030978934324659233,0.6968056559562683,2.0,1.4260234832763672,27.50419044494629,0.024967223405838013,1.0,0.2498937526561836,,3000,7000,10000,2026-07-02 09:00:12,AdamW,False,1321.5347719192505,83201,,,,,,,,analytical_planar_entropy_shock,True,Analytical oblique planar entropy-shock solution,pointwise_analytic_on_fixed_evaluation_grids,,45,0.5,space_time_rel_l2,2026-07-21 00:37:38,,,,,,,,,,,,0.0001,1024.0,512.0,False,935.2067260742188,0.09352067260742188,,,,,,,,,,,,,,,,,,,,,,,,,,,,,,,,,,,,,,,,,,,,,,,,,,,,,,,,,,,,,,,,,,,,,,,,,,,,,,,,,,,,,,,,,,,,,,,,,,,,,,,,,,,,,,,,,,,,,,,,,,,,,,,,,,,,,,,,,,,0.08997089196032379,0.09150635094610965,1.0056922823883767,0.0056922823883766354,180.0,,,,,,,,,,,,,,,,,,,,,,,,,,,,,,,,,,,,,,,,,,,,,,,,,,,,,,,,,,,,,,,,,,,,,,,,,,,,,,,,,,
2d_burgers,gpinn_subsampled,gPINN-subsampled,7,True,False,<LOCAL_PATH_REDACTED>/PINN/paper/<LOCAL_PATH_REDACTED>/results/raw/runs/2d_burgers/gpinn_subsampled/seed_7,<LOCAL_PATH_REDACTED>/PINN/paper/<LOCAL_PATH_REDACTED>/results/raw/runs/2d_burgers/gpinn_subsampled/seed_7/metrics_final.json,gPINN-subsampled,0.03550048602171069,0.08846448023212167,0.13118387266357676,0.02185140244524788,0.06761530133604024,0.09096340663325361,0.0022763803586252377,0.005237305445563389,0.001112621812203951,,,0.6843018981367361,0.6830127018922193,0.0012891962445168437,0.35875029269127606,0.20515588956040087,0.2394720774595433,0.13109740454422084,0.016056060791015625,0.01745021343231201,-0.01745021343231201,1.0160560607910156,,,,0.001446060920079302,0.003169725697311998,0.002114596384369616,0.0016038817000090563,0.0025393146811633145,0.003689788406611605,0.005850590040359945,0.002674394877644615,0.030897134527048543,0.11398175833480258,0.8227236099282943,1.0,0.03162277660168379,0.7,0.017962723970413208,0.8361018300056458,0.019485749690210656,0.031288723667905825,0.7895622253417969,2.0,1.4262529611587524,27.91774559020996,0.024975376203656197,1.0,0.2673183170420739,,3000,7000,10000,2026-07-02 08:38:09,AdamW,False,1473.6378438472748,83201,,,,,,,,analytical_planar_entropy_shock,True,Analytical oblique planar entropy-shock solution,pointwise_analytic_on_fixed_evaluation_grids,,45,0.5,space_time_rel_l2,2026-07-21 00:37:38,,,,,,,,,,,,0.0001,1024.0,512.0,False,1217.6747436523438,0.12176747436523438,,,,,,,,,,,,,,,,,,,,,,,,,,,,,,,,,,,,,,,,,,,,,,,,,,,,,,,,,,,,,,,,,,,,,,,,,,,,,,,,,,,,,,,,,,,,,,,,,,,,,,,,,,,,,,,,,,,,,,,,,,,,,,,,,,,,,,,,,,,0.0903937291339057,0.09150635094610965,1.0110622034516445,0.011062203451644543,180.0,,,,,,,,,,,,,,,,,,,,,,,,,,,,,,,,,,,,,,,,,,,,,,,,,,,,,,,,,,,,,,,,,,,,,,,,,,,,,,,,,,
2d_burgers,lra_pinn,LRA-PINN,100,True,False,<LOCAL_PATH_REDACTED>/PINN/paper/<LOCAL_PATH_REDACTED>/results/raw/runs/2d_burgers/lra_pinn/seed_100,<LOCAL_PATH_REDACTED>/PINN/paper/<LOCAL_PATH_REDACTED>/results/raw/runs/2d_burgers/lra_pinn/seed_100/metrics_final.json,LRA-PINN,0.0005736979397399599,0.010652646101499463,0.015796796251359577,0.0006137757122884562,0.01051248389632836,0.014142528813630338,0.00033307298922558064,0.0008165513767207505,3.188543309559644e-05,,,0.6827599923711156,0.6830127018922193,0.00025270952110367784,0.004060908416001042,0.0046774106649781905,0.003160745118414361,0.004142413877131906,0.009442925453186035,0.007934808731079102,-0.007934808731079102,1.009442925453186,,,,0.00039033825500005796,0.0006416172141796572,0.0002454445074728806,0.0008895800719915278,0.0006290933507034,0.0003945164176739624,0.00016908989839865634,0.00014455129067458827,0.0008691446459867802,0.10554027815372195,0.9999770659944006,1.0,0.03162277660168379,0.7,0.03450656682252884,0.9975332021713257,0.03466542750929368,0.034789343246592316,1.3959017992019653,2.0,1.4238452911376953,40.62606430053711,0.02459878847002983,1.0,0.4755631109222269,,3000,7000,10000,2026-07-01 22:04:02,AdamW,False,374.2762897014618,83201,,,,,,,,analytical_planar_entropy_shock,True,Analytical oblique planar entropy-shock solution,pointwise_analytic_on_fixed_evaluation_grids,,45,0.5,space_time_rel_l2,2026-07-21 00:37:38,,,,,,,,,,,,,,,,,,0.9,500.0,9999.999999858925,10000.0,999999.9999858924,300000.0,1.0,,,,,,,,,,,,,,,,,,,,,,,,,,,,,,,,,,,,,,,,,,,,,,,,,,,,,,,,,,,,,,,,,,,,,,,,,,,,,,,,,,,,,,,,,,,,,,,,,,,,,,,,,,,,,,,,,,,,,,,,,,,,,,,,,,,,0.09153823637920525,0.09150635094610965,1.0136784730955612,0.013678473095561182,180.0,,,,,,,,,,,,,,,,,,,,,,,,,,,,,,,,,,,,,,,,,,,,,,,,,,,,,,,,,,,,,,,,,,,,,,,,,,,,,,,,,,
2d_burgers,lra_pinn,LRA-PINN,2026,True,False,<LOCAL_PATH_REDACTED>/PINN/paper/<LOCAL_PATH_REDACTED>/results/raw/runs/2d_burgers/lra_pinn/seed_2026,<LOCAL_PATH_REDACTED>/PINN/paper/<LOCAL_PATH_REDACTED>/results/raw/runs/2d_burgers/lra_pinn/seed_2026/metrics_final.json,LRA-PINN,0.0006827580224829937,0.010478324134904017,0.01553829441414404,0.000722148832347658,0.011024431960574616,0.014831256646280214,0.00030964794712085405,0.000716328502291726,0.0005739447644740464,,,0.6832222010184235,0.6830127018922193,0.0002094991262041601,0.004484847494863312,0.004694161250725998,0.003292649643590783,0.003842680949395827,0.01531362533569336,0.015079855918884277,-0.015079855918884277,1.0153136253356934,,,,0.00028766163593207624,0.0006138078967989902,0.0004926001508062106,0.0005659693177639696,0.00034700045112422785,0.000414998692464863,0.0003194923048798198,0.00018782055193450678,0.0026404274123006805,0.009199129772416277,0.19848250357961117,1.0,0.03162277660168379,0.7,0.034475501626729965,0.9975666999816895,0.03460346964064436,0.03482032218091698,1.310843586921692,2.0,1.4233217239379883,40.61179733276367,0.024624202400445938,1.0,0.4747131321716957,,3000,7000,10000,2026-07-01 21:45:49,AdamW,False,368.837060213089,83201,,,,,,,,analytical_planar_entropy_shock,True,Analytical oblique planar entropy-shock solution,pointwise_analytic_on_fixed_evaluation_grids,,45,0.5,space_time_rel_l2,2026-07-21 00:37:38,,,,,,,,,,,,,,,,,,0.9,500.0,9999.999999994321,10000.0,999999.9999994321,300000.0,1.0,,,,,,,,,,,,,,,,,,,,,,,,,,,,,,,,,,,,,,,,,,,,,,,,,,,,,,,,,,,,,,,,,,,,,,,,,,,,,,,,,,,,,,,,,,,,,,,,,,,,,,,,,,,,,,,,,,,,,,,,,,,,,,,,,,,,0.0909324061816356,0.09150635094610965,1.0112526915794195,0.011252691579419513,180.0,,,,,,,,,,,,,,,,,,,,,,,,,,,,,,,,,,,,,,,,,,,,,,,,,,,,,,,,,,,,,,,,,,,,,,,,,,,,,,,,,,
2d_burgers,lra_pinn,LRA-PINN,31415,True,False,<LOCAL_PATH_REDACTED>/PINN/paper/<LOCAL_PATH_REDACTED>/results/raw/runs/2d_burgers/lra_pinn/seed_31415,<LOCAL_PATH_REDACTED>/PINN/paper/<LOCAL_PATH_REDACTED>/results/raw/runs/2d_burgers/lra_pinn/seed_31415/metrics_final.json,LRA-PINN,0.0006629966118862272,0.011098184004483857,0.01645748387851278,0.0007338084446059333,0.013840462841724455,0.0186196855532338,0.00027096597161870625,0.0008978961571884936,0.0008978961571884936,,,0.6834971080450133,0.6830127018922193,0.00048440615279399246,0.004330426635410206,0.004679255160542475,0.0033330494860723554,0.0041162161044688145,0.02093517780303955,0.01617223024368286,-0.01617223024368286,1.0209351778030396,,,,0.0007589771838966885,0.001603892838202503,0.001603892838202503,0.0015973052849017877,0.00028794518557124783,0.0011121767737014565,0.00018749606130647625,0.00017839592447289106,0.0008066234216386886,0.025643264002322193,0.2889103576048047,1.0,0.03162277660168379,0.7,0.03445526212453842,0.9977471232414246,0.0345724907063197,0.03485130111524164,1.4441249370574951,2.0,1.4236211776733398,40.70506286621094,0.024683399125933647,1.0,0.4742881427964301,,3000,7000,10000,2026-07-01 22:10:08,AdamW,False,365.66231393814087,83201,,,,,,,,analytical_planar_entropy_shock,True,Analytical oblique planar entropy-shock solution,pointwise_analytic_on_fixed_evaluation_grids,,45,0.5,space_time_rel_l2,2026-07-21 00:37:38,,,,,,,,,,,,,,,,,,0.9,500.0,9999.999999999854,10000.0,999999.9999999854,300000.0,1.0,,,,,,,,,,,,,,,,,,,,,,,,,,,,,,,,,,,,,,,,,,,,,,,,,,,,,,,,,,,,,,,,,,,,,,,,,,,,,,,,,,,,,,,,,,,,,,,,,,,,,,,,,,,,,,,,,,,,,,,,,,,,,,,,,,,,0.09240424710329814,0.09150635094610965,1.0265786509181178,0.02657865091811779,180.0,,,,,,,,,,,,,,,,,,,,,,,,,,,,,,,,,,,,,,,,,,,,,,,,,,,,,,,,,,,,,,,,,,,,,,,,,,,,,,,,,,
2d_burgers,lra_pinn,LRA-PINN,42,True,False,<LOCAL_PATH_REDACTED>/PINN/paper/<LOCAL_PATH_REDACTED>/results/raw/runs/2d_burgers/lra_pinn/seed_42,<LOCAL_PATH_REDACTED>/PINN/paper/<LOCAL_PATH_REDACTED>/results/raw/runs/2d_burgers/lra_pinn/seed_42/metrics_final.json,LRA-PINN,0.0012847737393588523,0.012461679359588473,0.01847940952112199,0.0012634378616456633,0.012819730241758651,0.017246485808207784,0.00043038568159708935,0.0010904552435714822,0.0007613902314770743,,,0.6853259514128316,0.6830127018922193,0.0023132495206122927,0.005964573829551342,0.004904579139930795,0.0038552431681019876,0.004343705620484237,0.02675151824951172,0.029989004135131836,-0.029989004135131836,1.0267515182495117,,,,0.001147437024223876,0.0021017708248914913,0.0016704105868141639,0.001229215653686331,0.0009826057985137767,0.0009044769683907994,0.0002813073509050701,0.00022256822830775402,0.0011529998759192417,0.004720674586114867,0.04232957020975873,1.0,0.03162277660168379,0.7,0.03444436937570572,0.9975475668907166,0.03460346964064436,0.034758364312267656,1.513097882270813,2.0,1.423814058303833,40.63563919067383,0.02463388815522194,1.0,0.4747131321716957,,3000,7000,10000,2026-07-01 21:57:47,AdamW,False,346.7017295360565,83201,,,,,,,,analytical_planar_entropy_shock,True,Analytical oblique planar entropy-shock solution,pointwise_analytic_on_fixed_evaluation_grids,,45,0.5,space_time_rel_l2,2026-07-21 00:37:38,,,,,,,,,,,,,,,,,,0.9,500.0,9999.999659902725,10000.0,999999.9659902726,300000.0,1.0,,,,,,,,,,,,,,,,,,,,,,,,,,,,,,,,,,,,,,,,,,,,,,,,,,,,,,,,,,,,,,,,,,,,,,,,,,,,,,,,,,,,,,,,,,,,,,,,,,,,,,,,,,,,,,,,,,,,,,,,,,,,,,,,,,,,0.09226774117758672,0.09150635094610965,1.0109842793886052,0.010984279388605162,180.0,,,,,,,,,,,,,,,,,,,,,,,,,,,,,,,,,,,,,,,,,,,,,,,,,,,,,,,,,,,,,,,,,,,,,,,,,,,,,,,,,,
2d_burgers,lra_pinn,LRA-PINN,7,True,False,<LOCAL_PATH_REDACTED>/PINN/paper/<LOCAL_PATH_REDACTED>/results/raw/runs/2d_burgers/lra_pinn/seed_7,<LOCAL_PATH_REDACTED>/PINN/paper/<LOCAL_PATH_REDACTED>/results/raw/runs/2d_burgers/lra_pinn/seed_7/metrics_final.json,LRA-PINN,0.0006470604480866379,0.011212055218898237,0.01662634336711868,0.0007149935200994398,0.012804207996261162,0.01722560360697301,0.0002850359681283988,0.000732989782619542,0.00026283156827386356,,,0.6838566077657041,0.6830127018922193,0.0008439058734848182,0.004249549102046025,0.004697273132112656,0.0032660907501404685,0.004174081671948035,0.015638351440429688,0.011950552463531494,-0.011950552463531494,1.0156383514404297,,,,0.0007264164934045436,0.0013260451670522588,0.0013082645116953007,0.0008480803318160712,0.0005666523020181262,0.0010237425395240862,0.0003777061170815539,0.00021593746290874544,0.004704805821140856,0.07802191917401659,0.999930129156539,1.0,0.03162277660168379,0.7,0.034476108849048615,0.9975622892379761,0.03460346964064436,0.03482032218091698,1.4910364151000977,2.0,1.424548625946045,40.634307861328125,0.024614710360765457,1.0,0.4747131321716957,,3000,7000,10000,2026-07-01 21:51:59,AdamW,False,369.5315725803375,83201,,,,,,,,analytical_planar_entropy_shock,True,Analytical oblique planar entropy-shock solution,pointwise_analytic_on_fixed_evaluation_grids,,45,0.5,space_time_rel_l2,2026-07-21 00:37:38,,,,,,,,,,,,,,,,,,0.9,500.0,9999.999986939716,10000.0,999999.9986939717,300000.0,1.0,,,,,,,,,,,,,,,,,,,,,,,,,,,,,,,,,,,,,,,,,,,,,,,,,,,,,,,,,,,,,,,,,,,,,,,,,,,,,,,,,,,,,,,,,,,,,,,,,,,,,,,,,,,,,,,,,,,,,,,,,,,,,,,,,,,,0.09176918251438351,0.09150635094610965,1.026849200559217,0.026849200559216878,180.0,,,,,,,,,,,,,,,,,,,,,,,,,,,,,,,,,,,,,,,,,,,,,,,,,,,,,,,,,,,,,,,,,,,,,,,,,,,,,,,,,,
2d_burgers,ours,Ours,100,True,False,<LOCAL_PATH_REDACTED>/PINN/paper/<LOCAL_PATH_REDACTED>/results/raw/runs/2d_burgers/ours/seed_100,<LOCAL_PATH_REDACTED>/PINN/paper/<LOCAL_PATH_REDACTED>/results/raw/runs/2d_burgers/ours/seed_100/metrics_final.json,Ours,0.0070684063825424154,0.0321817124559152,0.047722223177429635,0.004313559077312181,0.022205675836732202,0.02987347361899929,0.000698377723285839,0.0024915131500084925,0.0005041671437278489,,,0.6818429952413173,0.6830127018922193,0.0011697066509019916,0.03908194223054253,0.028439317508571482,0.02658625086723626,0.0175394275800847,0.00599217414855957,0.004095524549484253,-0.004095524549484253,1.0059921741485596,,,,0.0005117633178731835,0.0007942962745568494,4.2364342611511674e-05,0.0010670785058285402,0.0003674138160914738,0.001242616654166806,0.001879595711762926,0.0015280641911241091,0.0054308946572810685,0.11653260530302811,0.9985923745108508,1.0,0.03162277660168379,0.7,0.033140040934085846,0.9978645443916321,0.033818970861748295,0.03468691878487291,0.773774266242981,2.0,1.4144214391708374,39.880123138427734,0.02476434037089348,1.0,0.46366340841478965,,3000,7000,10000,2026-08-04 03:38:30,AdamW,False,456.43564558029175,83201,,,,,,,,analytical_planar_entropy_shock,True,Analytical oblique planar entropy-shock solution,pointwise_analytic_on_fixed_evaluation_grids,,45,0.5,space_time_rel_l2,2026-08-14T05:09:48,,,,,,,,,,,,,,,,,,,,,,,,,105.82513236999512,350.61051321029663,,,,,,,,,,,,,,,,,,,,,,,,,,,,,,,,,,,,,,,,,,,,,,,,,,,,,,,,,,,,,,,,,,,,,,,,,,,,,,,,,,,,,,,,,,,,,,,,,,,,,,,,,,,,,,,,,,,,,,,,,,,,,,,,,,0.0910021838023818,0.09150635094610965,1.031856328942055,0.03185632894205492,180.0,valid_mask_all_probe_bounds_v3,"xm2,xp2,ym2,yp2 each satisfy lower and upper bounds",<LOCAL_PATH_REDACTED>/PINN/paper/<LOCAL_PATH_REDACTED>/results/raw/runs/2d_burgers/_shared_warmup/seed_100/model_warmup.pt,f2f3ee77f2b3ff33c8fe8329e7b0e079880bf53b3b27910d5a0e8f0adcc96810,True,,,,,,,,,,,,,,,,,,,,,,,,,,,,,,,,,,,,,,,,,,,,,,,,,,,,,,,,,,,,,,,,,,,,,,,,,,,,,
2d_burgers,ours,Ours,2026,True,False,<LOCAL_PATH_REDACTED>/PINN/paper/<LOCAL_PATH_REDACTED>/results/raw/runs/2d_burgers/ours/seed_2026,<LOCAL_PATH_REDACTED>/PINN/paper/<LOCAL_PATH_REDACTED>/results/raw/runs/2d_burgers/ours/seed_2026/metrics_final.json,Ours,0.00697150485060179,0.030720319366967515,0.045555125101581405,0.00498314375632707,0.021719559955530977,0.029219498029171963,0.0003568864227619629,0.0009923572285797932,0.00019681847806667097,,,0.6832741877502108,0.6830127018922193,0.0002614858579914614,0.035962943414434914,0.027466819803851433,0.025357264420431215,0.017073618276825797,0.010065317153930664,0.012730419635772705,-0.012730419635772705,1.0100653171539307,,,,0.0009639924159976233,0.0017833329254750563,0.0014117865733507262,0.0010458086118924983,0.0003003653476333085,0.000795102289492533,0.0016362300968128293,0.0010792905464994534,0.005175153422954142,0.023281378506824203,0.31199333503230764,1.0,0.03162277660168379,0.7,0.03317374363541603,0.9980903267860413,0.0337879727216367,0.03459392436453813,0.7377482056617737,2.0,1.413185715675354,40.239219665527344,0.02472088299691677,1.0,0.463238419039524,,3000,7000,10000,2026-08-04 03:20:58,AdamW,False,440.61467266082764,83201,,,,,,,,analytical_planar_entropy_shock,True,Analytical oblique planar entropy-shock solution,pointwise_analytic_on_fixed_evaluation_grids,,45,0.5,space_time_rel_l2,2026-08-14T05:09:48,,,,,,,,,,,,,,,,,,,,,,,,,108.04609704017639,332.56857562065125,,,,,,,,,,,,,,,,,,,,,,,,,,,,,,,,,,,,,,,,,,,,,,,,,,,,,,,,,,,,,,,,,,,,,,,,,,,,,,,,,,,,,,,,,,,,,,,,,,,,,,,,,,,,,,,,,,,,,,,,,,,,,,,,,,0.09130953246804298,0.09150635094610965,1.0000006764434104,0.0008298934892166492,180.0,valid_mask_all_probe_bounds_v3,"xm2,xp2,ym2,yp2 each satisfy lower and upper bounds",<LOCAL_PATH_REDACTED>/PINN/paper/<LOCAL_PATH_REDACTED>/results/raw/runs/2d_burgers/_shared_warmup/seed_2026/model_warmup.pt,b0b994a299773b88e751f31480312e8e083be6f81ba1555bcf52ee5b240abd30,True,,,,,,,,,,,,,,,,,,,,,,,,,,,,,,,,,,,,,,,,,,,,,,,,,,,,,,,,,,,,,,,,,,,,,,,,,,,,,
2d_burgers,ours,Ours,31415,True,False,<LOCAL_PATH_REDACTED>/PINN/paper/<LOCAL_PATH_REDACTED>/results/raw/runs/2d_burgers/ours/seed_31415,<LOCAL_PATH_REDACTED>/PINN/paper/<LOCAL_PATH_REDACTED>/results/raw/runs/2d_burgers/ours/seed_31415/metrics_final.json,Ours,0.007839592008474595,0.032012948014367576,0.04747196258750662,0.005475596544551261,0.022779634805509753,0.030645625218357567,0.0005973236614954386,0.0023071257071972523,0.0002861498617746788,,,0.6810206388198231,0.6830127018922193,0.0019920630723961885,0.04055061981292296,0.029454311725607862,0.02692935259136139,0.01851749398055809,0.009838342666625977,0.006134927272796631,-0.006134927272796631,1.009838342666626,,,,0.000522756105816818,0.0011083423259287128,0.0002710493022237692,0.0015364801416133977,0.0011401654980906074,0.00040958600060791994,0.0018984730825024776,0.001176780598589733,0.0065822145064234824,0.06715286948135982,0.5607526542970109,1.0,0.03162277660168379,0.7,0.03306971862912178,0.9978036284446716,0.03369497830130192,0.034562926224426534,0.8118414282798767,2.0,1.4143940210342407,39.980751037597656,0.024722427129745483,1.0,0.46196345091372715,,3000,7000,10000,2026-08-04 03:43:48,AdamW,False,404.7108006477356,83201,,,,,,,,analytical_planar_entropy_shock,True,Analytical oblique planar entropy-shock solution,pointwise_analytic_on_fixed_evaluation_grids,,45,0.5,space_time_rel_l2,2026-08-14T05:09:48,,,,,,,,,,,,,,,,,,,,,,,,,87.01457571983337,317.6962249279022,,,,,,,,,,,,,,,,,,,,,,,,,,,,,,,,,,,,,,,,,,,,,,,,,,,,,,,,,,,,,,,,,,,,,,,,,,,,,,,,,,,,,,,,,,,,,,,,,,,,,,,,,,,,,,,,,,,,,,,,,,,,,,,,,,0.09122020108433497,0.09150635094610965,1.002434262009554,0.002434262009554131,180.0,valid_mask_all_probe_bounds_v3,"xm2,xp2,ym2,yp2 each satisfy lower and upper bounds",<LOCAL_PATH_REDACTED>/PINN/paper/<LOCAL_PATH_REDACTED>/results/raw/runs/2d_burgers/_shared_warmup/seed_31415/model_warmup.pt,b76ea4534d9164558f68ffe85b3230a7f3d58e4c7f4a26fee18d6c4c082b3987,True,,,,,,,,,,,,,,,,,,,,,,,,,,,,,,,,,,,,,,,,,,,,,,,,,,,,,,,,,,,,,,,,,,,,,,,,,,,,,
2d_burgers,ours,Ours,42,True,False,<LOCAL_PATH_REDACTED>/PINN/paper/<LOCAL_PATH_REDACTED>/results/raw/runs/2d_burgers/ours/seed_42,<LOCAL_PATH_REDACTED>/PINN/paper/<LOCAL_PATH_REDACTED>/results/raw/runs/2d_burgers/ours/seed_42/metrics_final.json,Ours,0.007883024853933987,0.033291505664823536,0.04936793420877609,0.004770887956759076,0.022771519698816814,0.03063470790030387,0.0004229200728542948,0.0024617696270942332,0.00015075276448946184,,,0.6823493674559622,0.6830127018922193,0.0006633344362571014,0.040531396790054214,0.02979765283327661,0.027049975706353105,0.018520618043291012,0.005377054214477539,0.005904465913772583,-0.005904465913772583,1.0053770542144775,,,,0.00025143043476136837,0.0008259840207174296,0.0008259840207174296,0.0002760649239941328,0.0007992517711133099,0.0016128851438712566,0.0014860665196598025,0.0007739442277572112,0.00872722224284779,0.06461516625776105,0.5607479195263003,1.0,0.03162277660168379,0.7,0.033049535006284714,0.9976020455360413,0.033725976441413515,0.034562926224426534,0.8570860028266907,2.0,1.414664626121521,39.88644790649414,0.024753233417868614,1.0,0.4623884402889928,,3000,7000,10000,2026-08-04 03:32:38,AdamW,False,455.62612891197205,83201,,,,,,,,analytical_planar_entropy_shock,True,Analytical oblique planar entropy-shock solution,pointwise_analytic_on_fixed_evaluation_grids,,45,0.5,space_time_rel_l2,2026-08-14T05:09:48,,,,,,,,,,,,,,,,,,,,,,,,,106.94376277923584,348.6823661327362,,,,,,,,,,,,,,,,,,,,,,,,,,,,,,,,,,,,,,,,,,,,,,,,,,,,,,,,,,,,,,,,,,,,,,,,,,,,,,,,,,,,,,,,,,,,,,,,,,,,,,,,,,,,,,,,,,,,,,,,,,,,,,,,,,0.09135559818162019,0.09150635094610965,1.0892313801965048,0.08923138019650481,180.0,valid_mask_all_probe_bounds_v3,"xm2,xp2,ym2,yp2 each satisfy lower and upper bounds",<LOCAL_PATH_REDACTED>/PINN/paper/<LOCAL_PATH_REDACTED>/results/raw/runs/2d_burgers/_shared_warmup/seed_42/model_warmup.pt,414038c67ddc70908fdc61fd83a861f95d9c9d2484f9c8e0573b0c4f50502d39,True,,,,,,,,,,,,,,,,,,,,,,,,,,,,,,,,,,,,,,,,,,,,,,,,,,,,,,,,,,,,,,,,,,,,,,,,,,,,,
2d_burgers,ours,Ours,7,True,False,<LOCAL_PATH_REDACTED>/PINN/paper/<LOCAL_PATH_REDACTED>/results/raw/runs/2d_burgers/ours/seed_7,<LOCAL_PATH_REDACTED>/PINN/paper/<LOCAL_PATH_REDACTED>/results/raw/runs/2d_burgers/ours/seed_7/metrics_final.json,Ours,0.006826386969235045,0.03109947495208265,0.0461173744684111,0.00454039393843692,0.02317172559164283,0.03117310809444385,0.0003516240349899825,0.0008035171384976891,0.0005956316589829508,,,0.6840398899720026,0.6830127018922193,0.0010271880797833033,0.03859393725731359,0.028985556226351697,0.026429409252467187,0.01863578202488636,0.009051799774169922,0.007969498634338379,-0.007969498634338379,1.00905179977417,,,,0.0016763163943937355,0.003018065617612531,0.003018065617612531,0.002225980580266495,0.00045043399443789073,0.0006182014386570955,0.0017093829834971108,0.0007586920905650711,0.007799025150140776,0.09605183666685048,0.8434109169154544,1.0,0.03162277660168379,0.7,0.03307264298200607,0.997877836227417,0.033818970861748295,0.03459392436453813,0.7881067395210266,2.0,1.414300560951233,40.068946838378906,0.024752309545874596,1.0,0.46366340841478965,,3000,7000,10000,2026-08-04 03:26:49,AdamW,False,455.1841025352478,83201,,,,,,,,analytical_planar_entropy_shock,True,Analytical oblique planar entropy-shock solution,pointwise_analytic_on_fixed_evaluation_grids,,45,0.5,space_time_rel_l2,2026-08-14T05:09:48,,,,,,,,,,,,,,,,,,,,,,,,,105.50451254844666,349.67958998680115,,,,,,,,,,,,,,,,,,,,,,,,,,,,,,,,,,,,,,,,,,,,,,,,,,,,,,,,,,,,,,,,,,,,,,,,,,,,,,,,,,,,,,,,,,,,,,,,,,,,,,,,,,,,,,,,,,,,,,,,,,,,,,,,,,0.0921019826050926,0.09150635094610965,1.0026951723320539,0.0026951723320539607,180.0,valid_mask_all_probe_bounds_v3,"xm2,xp2,ym2,yp2 each satisfy lower and upper bounds",<LOCAL_PATH_REDACTED>/PINN/paper/<LOCAL_PATH_REDACTED>/results/raw/runs/2d_burgers/_shared_warmup/seed_7/model_warmup.pt,72ed1164c72cd01e1f0655a9f3966e3d73f1e36da4835a61f06964b4df88db82,True,,,,,,,,,,,,,,,,,,,,,,,,,,,,,,,,,,,,,,,,,,,,,,,,,,,,,,,,,,,,,,,,,,,,,,,,,,,,,
2d_burgers,pinn,PINN,100,True,False,<LOCAL_PATH_REDACTED>/PINN/paper/<LOCAL_PATH_REDACTED>/results/raw/runs/2d_burgers/pinn/seed_100,<LOCAL_PATH_REDACTED>/PINN/paper/<LOCAL_PATH_REDACTED>/results/raw/runs/2d_burgers/pinn/seed_100/metrics_final.json,PINN,0.031611225619809946,0.07694705736747176,0.11410469997726974,0.01821710669424063,0.05466440228746056,0.07354045837828159,0.0009469049491940981,0.0014288540923126404,0.0013264318799401514,,,0.6841357646991603,0.6830127018922193,0.0011230628069409665,0.3517136936233284,0.1835451366871923,0.22594472607456273,0.1137730798288003,0.022269010543823242,0.027561455965042114,-0.027561455965042114,1.0222690105438232,,,,0.0040410337957173,0.00750933037446444,0.00750933037446444,0.00525397920749416,0.006605943671926514,0.008426177828723791,0.006455147394305722,0.004519209597419569,0.024311013441837004,0.09720834341805511,0.9999999987799426,1.0,0.03162277660168379,0.7,0.027195492759346962,0.9564728140830994,0.029368029739776952,0.03413878562577447,0.6534786224365234,2.0,1.426405668258667,31.39959144592285,0.025305667892098427,1.0,0.4028899277518062,,3000,7000,10000,2026-07-01 01:47:49,AdamW,False,355.45016169548035,83201,,,,,,,,analytical_planar_entropy_shock,True,Analytical oblique planar entropy-shock solution,pointwise_analytic_on_fixed_evaluation_grids,,45,0.5,space_time_rel_l2,2026-07-21 00:37:38,,,,,,,,,,,,,,,,,,,,,,,,,99.09634351730347,256.3538181781769,,,,,,,,,,,,,,,,,,,,,,,,,,,,,,,,,,,,,,,,,,,,,,,,,,,,,,,,,,,,,,,,,,,,,,,,,,,,,,,,,,,,,,,,,,,,,,,,,,,,,,,,,,,,,,,,,,,,,,,,,,,,,,,,,,0.0928327828260498,0.09150635094610965,1.00665633900221,0.00665633900221004,180.0,,,,,,,,,,,,,,,,,,,,,,,,,,,,,,,,,,,,,,,,,,,,,,,,,,,,,,,,,,,,,,,,,,,,,,,,,,,,,,,,,,
2d_burgers,pinn,PINN,2026,True,False,<LOCAL_PATH_REDACTED>/PINN/paper/<LOCAL_PATH_REDACTED>/results/raw/runs/2d_burgers/pinn/seed_2026,<LOCAL_PATH_REDACTED>/PINN/paper/<LOCAL_PATH_REDACTED>/results/raw/runs/2d_burgers/pinn/seed_2026/metrics_final.json,PINN,0.03155276717819958,0.0761685040265302,0.112950184152705,0.017276635427993757,0.05212038120904941,0.0701179664383435,0.00029052913180072337,0.0008165430771300553,0.0005714638969531866,,,0.6820095991390528,0.6830127018922193,0.001003102753166507,0.352732164545921,0.18251531877788854,0.22662862741548098,0.10613159560669572,0.017129063606262207,0.016757577657699585,-0.016757577657699585,1.0171290636062622,,,,0.0022833208662364317,0.00352765290015411,0.00352765290015411,0.0033393419178537665,0.0008554006084645158,0.0009889256065238605,0.006725858568415649,0.00440437126731731,0.026126258044167766,0.05505080413110871,0.5434291846969909,1.0,0.03162277660168379,0.7,0.02838200144469738,0.968603253364563,0.030359355638166045,0.03410780669144981,0.6580173969268799,2.0,1.4261666536331177,32.221927642822266,0.024943850934505463,1.0,0.416489587760306,,3000,7000,10000,2026-07-01 00:57:02,AdamW,False,299.0468399524689,83201,,,,,,,,analytical_planar_entropy_shock,True,Analytical oblique planar entropy-shock solution,pointwise_analytic_on_fixed_evaluation_grids,,45,0.5,space_time_rel_l2,2026-07-21 00:37:38,,,,,,,,,,,,,,,,,,,,,,,,,94.69443869590759,204.35240125656128,,,,,,,,,,,,,,,,,,,,,,,,,,,,,,,,,,,,,,,,,,,,,,,,,,,,,,,,,,,,,,,,,,,,,,,,,,,,,,,,,,,,,,,,,,,,,,,,,,,,,,,,,,,,,,,,,,,,,,,,,,,,,,,,,,0.09093488704915646,0.09150635094610965,1.0045809579450031,0.004580957945003066,180.0,,,,,,,,,,,,,,,,,,,,,,,,,,,,,,,,,,,,,,,,,,,,,,,,,,,,,,,,,,,,,,,,,,,,,,,,,,,,,,,,,,
2d_burgers,pinn,PINN,31415,True,False,<LOCAL_PATH_REDACTED>/PINN/paper/<LOCAL_PATH_REDACTED>/results/raw/runs/2d_burgers/pinn/seed_31415,<LOCAL_PATH_REDACTED>/PINN/paper/<LOCAL_PATH_REDACTED>/results/raw/runs/2d_burgers/pinn/seed_31415/metrics_final.json,PINN,0.032251552430404395,0.07762749906508715,0.11511372616247705,0.019225516101276433,0.055638058745884726,0.07485032621290917,0.0004450745319507445,0.0011703173609289297,0.0011703173609289297,,,0.685487951073319,0.6830127018922193,0.002475249181099648,0.3610186412066867,0.2012305446970627,0.2318328347773247,0.12226546889032407,0.014814376831054688,0.024790078401565552,-0.024790078401565552,1.0148143768310547,,,,0.003677227612485354,0.00800413866760652,0.00800413866760652,0.004304390617544205,0.0012133856747718645,0.0032421703746394748,0.0054749410122047135,0.0030596199662711442,0.02238083592241645,0.14137000629174,0.9999999979984562,1.0,0.03162277660168379,0.7,0.027478331699967384,0.9601644277572632,0.02949194547707559,0.03401486988847584,0.6804555654525757,2.0,1.4261058568954468,31.590614318847656,0.02515476569533348,1.0,0.40458988525286865,,3000,7000,10000,2026-07-01 01:59:37,AdamW,False,354.48634672164917,83201,,,,,,,,analytical_planar_entropy_shock,True,Analytical oblique planar entropy-shock solution,pointwise_analytic_on_fixed_evaluation_grids,,45,0.5,space_time_rel_l2,2026-07-21 00:37:38,,,,,,,,,,,,,,,,,,,,,,,,,111.09671187400818,243.389634847641,,,,,,,,,,,,,,,,,,,,,,,,,,,,,,,,,,,,,,,,,,,,,,,,,,,,,,,,,,,,,,,,,,,,,,,,,,,,,,,,,,,,,,,,,,,,,,,,,,,,,,,,,,,,,,,,,,,,,,,,,,,,,,,,,,0.09267666830703858,0.09150635094610965,1.0085922146952429,0.008592214695242949,180.0,,,,,,,,,,,,,,,,,,,,,,,,,,,,,,,,,,,,,,,,,,,,,,,,,,,,,,,,,,,,,,,,,,,,,,,,,,,,,,,,,,
2d_burgers,pinn,PINN,42,True,False,<LOCAL_PATH_REDACTED>/PINN/paper/<LOCAL_PATH_REDACTED>/results/raw/runs/2d_burgers/pinn/seed_42,<LOCAL_PATH_REDACTED>/PINN/paper/<LOCAL_PATH_REDACTED>/results/raw/runs/2d_burgers/pinn/seed_42/metrics_final.json,PINN,0.031706009738811575,0.07740299410716435,0.11478080802702642,0.019189986727303928,0.05446028775153654,0.07326586145770085,0.0003202427517957224,0.0006043195364273668,0.00015003454115235237,,,0.6845462890597089,0.6830127018922193,0.0015335871674896362,0.35028482650943144,0.17931183247485977,0.22802550778298292,0.11133782575114222,0.01817619800567627,0.022179096937179565,-0.022179096937179565,1.0181761980056763,,,,0.0020484152591246133,0.002543656957602225,0.002113227698577247,0.003981605192085721,0.0013219134269424585,0.0022716186375077996,0.005092711879000507,0.0021456986763547965,0.028360150343488627,0.15427993096998865,0.9999999986715852,1.0,0.03162277660168379,0.7,0.026949873194098473,0.9492291808128357,0.029832713754646842,0.03407682775712516,0.6168645024299622,2.0,1.4260467290878296,30.934633255004883,0.02537149377167225,1.0,0.40926476838079046,,3000,7000,10000,2026-07-01 01:36:05,AdamW,False,296.1154932975769,83201,,,,,,,,analytical_planar_entropy_shock,True,Analytical oblique planar entropy-shock solution,pointwise_analytic_on_fixed_evaluation_grids,,45,0.5,space_time_rel_l2,2026-07-21 00:37:38,,,,,,,,,,,,,,,,,,,,,,,,,103.38796353340149,192.72752976417542,,,,,,,,,,,,,,,,,,,,,,,,,,,,,,,,,,,,,,,,,,,,,,,,,,,,,,,,,,,,,,,,,,,,,,,,,,,,,,,,,,,,,,,,,,,,,,,,,,,,,,,,,,,,,,,,,,,,,,,,,,,,,,,,,,0.091656385487262,0.09150635094610965,1.0094100070554157,0.009410007055415663,180.0,,,,,,,,,,,,,,,,,,,,,,,,,,,,,,,,,,,,,,,,,,,,,,,,,,,,,,,,,,,,,,,,,,,,,,,,,,,,,,,,,,
2d_burgers,pinn,PINN,7,True,False,<LOCAL_PATH_REDACTED>/PINN/paper/<LOCAL_PATH_REDACTED>/results/raw/runs/2d_burgers/pinn/seed_7,<LOCAL_PATH_REDACTED>/PINN/paper/<LOCAL_PATH_REDACTED>/results/raw/runs/2d_burgers/pinn/seed_7/metrics_final.json,PINN,0.03174343245690088,0.077052617075202,0.11426123434248561,0.01932150638351838,0.05465488598546548,0.07352765602096129,0.0002820591188432149,0.0006333933284383662,0.0006036219568478496,,,0.6847527629524226,0.6830127018922193,0.0017400610602033018,0.352812567921562,0.19913711981615317,0.22733253768363113,0.11785877548103961,0.013568520545959473,0.019847005605697632,-0.019847005605697632,1.0135685205459595,,,,0.00301264706448142,0.0045663158502098344,0.004523896863965371,0.003716252773870925,0.0006797635197683949,0.001439116956756692,0.005492751859599562,0.0025014555966297106,0.02884209938746661,0.12056122289592423,0.8592379465984109,1.0,0.03162277660168379,0.7,0.027696559205651283,0.9596409201622009,0.029832713754646842,0.03401486988847584,0.7532576322555542,2.0,1.4261552095413208,31.529644012451172,0.02503283880650997,1.0,0.40926476838079046,,3000,7000,10000,2026-07-01 01:25:36,AdamW,False,281.70505142211914,83201,,,,,,,,analytical_planar_entropy_shock,True,Analytical oblique planar entropy-shock solution,pointwise_analytic_on_fixed_evaluation_grids,,45,0.5,space_time_rel_l2,2026-07-21 00:37:38,,,,,,,,,,,,,,,,,,,,,,,,,84.05732846260071,197.64772295951843,,,,,,,,,,,,,,,,,,,,,,,,,,,,,,,,,,,,,,,,,,,,,,,,,,,,,,,,,,,,,,,,,,,,,,,,,,,,,,,,,,,,,,,,,,,,,,,,,,,,,,,,,,,,,,,,,,,,,,,,,,,,,,,,,,0.0921099729029575,0.09150635094610965,1.010930856993032,0.010930856993032057,180.0,,,,,,,,,,,,,,,,,,,,,,,,,,,,,,,,,,,,,,,,,,,,,,,,,,,,,,,,,,,,,,,,,,,,,,,,,,,,,,,,,,
2d_burgers,rad_pinn,RAD-PINN,100,True,False,<LOCAL_PATH_REDACTED>/PINN/paper/<LOCAL_PATH_REDACTED>/results/raw/runs/2d_burgers/rad_pinn/seed_100,<LOCAL_PATH_REDACTED>/PINN/paper/<LOCAL_PATH_REDACTED>/results/raw/runs/2d_burgers/rad_pinn/seed_100/metrics_final.json,RAD-PINN,0.03606844651829886,0.08530829640709353,0.12650357141816243,0.022173759680655266,0.06391957592197837,0.08599151762290366,0.004614405687422344,0.007315743161393967,0.006835079300292951,,,0.6986196745994864,0.6830127018922193,0.015606972707267075,0.3612279641860873,0.19367092213120385,0.2417235494260358,0.1219664504573873,0.026316165924072266,0.03884398937225342,-0.03884398937225342,1.0263161659240723,,,,0.010824401626878446,0.017499671917242554,0.017499671917242554,0.014969125537961788,0.016695192358103985,0.022230352251200625,0.006206201885279397,0.00401994719330504,0.02516458614747301,0.109209663988952,0.9999999990260316,1.0,0.03162277660168379,0.7,0.02773970551788807,0.9410080909729004,0.029832713754646842,0.03333333333333333,0.6580306887626648,2.0,1.4262511730194092,30.245540618896484,0.02558952197432518,1.0,0.40926476838079046,,3000,7000,10000,2026-07-01 06:23:22,AdamW,False,361.57801961898804,83201,,,,,,,,analytical_planar_entropy_shock,True,Analytical oblique planar entropy-shock solution,pointwise_analytic_on_fixed_evaluation_grids,,45,0.5,space_time_rel_l2,2026-07-21 00:37:38,,,,,,,,,,,,,,,,,,,,,,,,,,,1.0,1.0,3.0,500.0,14.0,,,,,,,,,,,,,,,,,,,,,,,,,,,,,,,,,,,,,,,,,,,,,,,,,,,,,,,,,,,,,,,,,,,,,,,,,,,,,,,,,,,,,,,,,,,,,,,,,,,,,,,,,,,,,,,,,,,,,,,,,,,,,0.0983414302464026,0.09150635094610965,1.0087871634682943,0.008787163468294366,180.0,,,,,,,,,,,,,,,,,,,,,,,,,,,,,,,,,,,,,,,,,,,,,,,,,,,,,,,,,,,,,,,,,,,,,,,,,,,,,,,,,,
2d_burgers,rad_pinn,RAD-PINN,2026,True,False,<LOCAL_PATH_REDACTED>/PINN/paper/<LOCAL_PATH_REDACTED>/results/raw/runs/2d_burgers/rad_pinn/seed_2026,<LOCAL_PATH_REDACTED>/PINN/paper/<LOCAL_PATH_REDACTED>/results/raw/runs/2d_burgers/rad_pinn/seed_2026/metrics_final.json,RAD-PINN,0.04042936800618557,0.09007548062037234,0.13357282322586708,0.029202600798489135,0.08151721177880288,0.10966575813649325,0.005524712926310101,0.01108566728153658,0.01108566728153658,,,0.706470507861189,0.6830127018922193,0.023457805968969736,0.4012898489964933,0.24948880250379754,0.2629939283290452,0.16284291512080423,0.01380014419555664,0.007750868797302246,-0.007750868797302246,1.0138001441955566,,,,0.02161508389146191,0.03681564612855215,0.03681564612855215,0.02941952155496038,0.02235849515715637,0.036661826508183726,0.008537756878284246,0.006202193062002828,0.03384184624067339,0.08274227624787878,0.9950435769663554,1.0,0.03162277660168379,0.7,0.02523561380803585,0.9671522974967957,0.03020446096654275,0.03454151177199504,0.6484935283660889,2.0,1.4261972904205322,23.70384979248047,0.025027720257639885,1.0,0.4143646408839779,,3000,7000,10000,2026-07-01 06:05:27,AdamW,False,358.1203513145447,83201,,,,,,,,analytical_planar_entropy_shock,True,Analytical oblique planar entropy-shock solution,pointwise_analytic_on_fixed_evaluation_grids,,45,0.5,space_time_rel_l2,2026-07-21 00:37:38,,,,,,,,,,,,,,,,,,,,,,,,,,,1.0,1.0,3.0,500.0,14.0,,,,,,,,,,,,,,,,,,,,,,,,,,,,,,,,,,,,,,,,,,,,,,,,,,,,,,,,,,,,,,,,,,,,,,,,,,,,,,,,,,,,,,,,,,,,,,,,,,,,,,,,,,,,,,,,,,,,,,,,,,,,,0.10259201822764623,0.09150635094610965,1.0064440078513568,0.006444007851356684,180.0,,,,,,,,,,,,,,,,,,,,,,,,,,,,,,,,,,,,,,,,,,,,,,,,,,,,,,,,,,,,,,,,,,,,,,,,,,,,,,,,,,
2d_burgers,rad_pinn,RAD-PINN,31415,True,False,<LOCAL_PATH_REDACTED>/PINN/paper/<LOCAL_PATH_REDACTED>/results/raw/runs/2d_burgers/rad_pinn/seed_31415,<LOCAL_PATH_REDACTED>/PINN/paper/<LOCAL_PATH_REDACTED>/results/raw/runs/2d_burgers/rad_pinn/seed_31415/metrics_final.json,RAD-PINN,0.03695513989127385,0.08544958475825201,0.12671308774628176,0.02525444318206958,0.0693044022268471,0.0932357675950343,0.0038807462190007165,0.006641122978952127,0.006641122978952127,,,0.6690771902278048,0.6830127018922193,0.013935511664414535,0.376936464983272,0.20131174612510208,0.24964519885468933,0.13171480576972283,0.02726435661315918,0.025754272937774658,-0.025754272937774658,1.0272643566131592,,,,0.008209925760811553,0.014482519323624432,0.01431248644667249,0.009979727048745642,0.015686095960994226,0.02270993746932337,0.005869693440231037,0.00403437552615872,0.02280270621062698,0.10513283610476144,0.9999999986331045,1.0,0.03162277660168379,0.7,0.025823745876550674,0.9492604732513428,0.029399008674101612,0.03358116480793061,0.6632541418075562,2.0,1.4261945486068726,28.869705200195312,0.02559530735015869,1.0,0.40331491712707185,,3000,7000,10000,2026-07-01 06:29:23,AdamW,False,360.323317527771,83201,,,,,,,,analytical_planar_entropy_shock,True,Analytical oblique planar entropy-shock solution,pointwise_analytic_on_fixed_evaluation_grids,,45,0.5,space_time_rel_l2,2026-07-21 00:37:38,,,,,,,,,,,,,,,,,,,,,,,,,,,1.0,1.0,3.0,500.0,14.0,,,,,,,,,,,,,,,,,,,,,,,,,,,,,,,,,,,,,,,,,,,,,,,,,,,,,,,,,,,,,,,,,,,,,,,,,,,,,,,,,,,,,,,,,,,,,,,,,,,,,,,,,,,,,,,,,,,,,,,,,,,,,0.08486522796715752,0.09150635094610965,1.0143165643825087,0.014316564382508744,180.0,,,,,,,,,,,,,,,,,,,,,,,,,,,,,,,,,,,,,,,,,,,,,,,,,,,,,,,,,,,,,,,,,,,,,,,,,,,,,,,,,,
2d_burgers,rad_pinn,RAD-PINN,42,True,False,<LOCAL_PATH_REDACTED>/PINN/paper/<LOCAL_PATH_REDACTED>/results/raw/runs/2d_burgers/rad_pinn/seed_42,<LOCAL_PATH_REDACTED>/PINN/paper/<LOCAL_PATH_REDACTED>/results/raw/runs/2d_burgers/rad_pinn/seed_42/metrics_final.json,RAD-PINN,0.0393142513053898,0.08890377845000315,0.13183530746910196,0.022990484109815256,0.06828589282835401,0.09186555874076222,0.001395654549307907,0.0025979906561097305,0.000617387254794946,,,0.6803832165109968,0.6830127018922193,0.0026294853812225405,0.3996313014131484,0.22521025320492505,0.2639832839514153,0.13785825920937608,0.025441765785217285,0.022641152143478394,-0.022641152143478394,1.0254417657852173,,,,0.013166794025003847,0.02114279475267644,0.02114279475267644,0.020817794085436724,0.009958551299607713,0.013707470893017604,0.005213777600121515,0.0026805558509503586,0.025405199170758307,0.0795823748933458,0.5690163197802063,1.0,0.03162277660168379,0.7,0.027679458260536194,0.9806355834007263,0.031195786864931848,0.03385997521685254,0.6214516162872314,2.0,1.4229133129119873,29.93207359313965,0.025252174586057663,1.0,0.42796430089247767,,3000,7000,10000,2026-07-01 06:17:20,AdamW,False,361.2080502510071,83201,,,,,,,,analytical_planar_entropy_shock,True,Analytical oblique planar entropy-shock solution,pointwise_analytic_on_fixed_evaluation_grids,,45,0.5,space_time_rel_l2,2026-07-21 00:37:38,,,,,,,,,,,,,,,,,,,,,,,,,,,1.0,1.0,3.0,500.0,14.0,,,,,,,,,,,,,,,,,,,,,,,,,,,,,,,,,,,,,,,,,,,,,,,,,,,,,,,,,,,,,,,,,,,,,,,,,,,,,,,,,,,,,,,,,,,,,,,,,,,,,,,,,,,,,,,,,,,,,,,,,,,,,0.0921237382009046,0.09150635094610965,1.006676707156869,0.006676707156868868,180.0,,,,,,,,,,,,,,,,,,,,,,,,,,,,,,,,,,,,,,,,,,,,,,,,,,,,,,,,,,,,,,,,,,,,,,,,,,,,,,,,,,
2d_burgers,rad_pinn,RAD-PINN,7,True,False,<LOCAL_PATH_REDACTED>/PINN/paper/<LOCAL_PATH_REDACTED>/results/raw/runs/2d_burgers/rad_pinn/seed_7,<LOCAL_PATH_REDACTED>/PINN/paper/<LOCAL_PATH_REDACTED>/results/raw/runs/2d_burgers/rad_pinn/seed_7/metrics_final.json,RAD-PINN,0.039075487991787276,0.08804965781490923,0.13056873299379285,0.02596999870820178,0.06979579063774975,0.09389683636131341,0.002447365214294911,0.005231558665244024,0.005231558665244024,,,0.672445054057594,0.6830127018922193,0.010567647834625271,0.40127928205053925,0.2323725264074985,0.2697776470951909,0.14975079517985285,0.015054941177368164,0.025161027908325195,-0.025161027908325195,1.0150549411773682,,,,0.0031480184649339544,0.005941443466826457,0.005933812502532665,0.003735792546292451,0.0051493439797169385,0.008328177592030528,0.006414075232597956,0.0028956795665234297,0.02924651172680985,0.12085787830308907,0.9999999949828617,1.0,0.03162277660168379,0.7,0.023833734914660454,0.876068115234375,0.027602230483271376,0.03370508054522924,0.6844330430030823,2.0,1.4252910614013672,26.313194274902344,0.02528073452413082,1.0,0.378665533361666,,3000,7000,10000,2026-07-01 06:11:18,AdamW,False,350.3521180152893,83201,,,,,,,,analytical_planar_entropy_shock,True,Analytical oblique planar entropy-shock solution,pointwise_analytic_on_fixed_evaluation_grids,,45,0.5,space_time_rel_l2,2026-07-21 00:37:38,,,,,,,,,,,,,,,,,,,,,,,,,,,1.0,1.0,3.0,500.0,14.0,,,,,,,,,,,,,,,,,,,,,,,,,,,,,,,,,,,,,,,,,,,,,,,,,,,,,,,,,,,,,,,,,,,,,,,,,,,,,,,,,,,,,,,,,,,,,,,,,,,,,,,,,,,,,,,,,,,,,,,,,,,,,0.08627479228086563,0.09150635094610965,1.0091065528780916,0.009106552878091501,180.0,,,,,,,,,,,,,,,,,,,,,,,,,,,,,,,,,,,,,,,,,,,,,,,,,,,,,,,,,,,,,,,,,,,,,,,,,,,,,,,,,,
2d_burgers,rar_d_pinn,RAR-D-PINN,100,True,False,<LOCAL_PATH_REDACTED>/PINN/paper/<LOCAL_PATH_REDACTED>/results/raw/runs/2d_burgers/rar_d_pinn/seed_100,<LOCAL_PATH_REDACTED>/PINN/paper/<LOCAL_PATH_REDACTED>/results/raw/runs/2d_burgers/rar_d_pinn/seed_100/metrics_final.json,RAR-D-PINN,0.04114704265033594,0.09195614047043765,0.13636165148379753,0.024569845601548384,0.0665978248646548,0.08959458738409545,0.00031776392570399484,0.0009590754606726738,0.0003252170963582435,,,0.6838129948364551,0.6830127018922193,0.0008002929442357809,0.40934055001218206,0.21929062882887446,0.2743020878126948,0.1369097814214074,0.035062313079833984,0.03882712125778198,-0.03882712125778198,1.035062313079834,,,,0.009727835594777008,0.01718502753908413,0.017130839058002723,0.012669218192016824,0.007299518582305536,0.011219506864029949,0.007424362836011792,0.005475530564133959,0.027011306643185358,0.11478929442457081,0.9999999966114083,1.0,0.03162277660168379,0.7,0.02254777029156685,0.829647421836853,0.026363073110285008,0.03348822800495663,0.682206392288208,2.0,1.4264291524887085,25.972753524780273,0.025574611499905586,1.0,0.3616659583510412,,3000,7000,10000,2026-07-01 07:57:39,AdamW,False,360.1392743587494,83201,,,,,,,,analytical_planar_entropy_shock,True,Analytical oblique planar entropy-shock solution,pointwise_analytic_on_fixed_evaluation_grids,,45,0.5,space_time_rel_l2,2026-07-21 00:37:38,,,,,,,,,,,,,,,,,,,,,,,,,,,,,,,,2.0,0.0,0.5,8000.0,16000.0,500.0,3.0,14.0,,,,,,,,,,,,,,,,,,,,,,,,,,,,,,,,,,,,,,,,,,,,,,,,,,,,,,,,,,,,,,,,,,,,,,,,,,,,,,,,,,,,,,,,,,,,,,,,,,,,,,,,,,,,,,,,,,,,,0.0911811338497514,0.09150635094610965,1.0074579854344212,0.007457985434421274,180.0,,,,,,,,,,,,,,,,,,,,,,,,,,,,,,,,,,,,,,,,,,,,,,,,,,,,,,,,,,,,,,,,,,,,,,,,,,,,,,,,,,
2d_burgers,rar_d_pinn,RAR-D-PINN,2026,True,False,<LOCAL_PATH_REDACTED>/PINN/paper/<LOCAL_PATH_REDACTED>/results/raw/runs/2d_burgers/rar_d_pinn/seed_2026,<LOCAL_PATH_REDACTED>/PINN/paper/<LOCAL_PATH_REDACTED>/results/raw/runs/2d_burgers/rar_d_pinn/seed_2026/metrics_final.json,RAR-D-PINN,0.03765970081270804,0.09035948009389348,0.1339939657078346,0.017103259847671897,0.05880957310848522,0.0791169898956555,0.003209780363968769,0.006215425557800705,0.006215425557800705,,,0.6710746830819149,0.6830127018922193,0.01193801881030443,0.3476148821855302,0.12398864983704715,0.2403497444074507,0.07483743344103991,0.0242764949798584,0.035300254821777344,-0.035300254821777344,1.0242764949798584,,,,0.003964135298730299,0.007589887695003017,0.007589887695003017,0.0054495674265153575,0.01259223334445936,0.020076891315428558,0.0064678035420544,0.0037118710588063585,0.02981151677799633,0.051294233510935185,0.6125448458912881,1.0,0.03162277660168379,0.7,0.0260927751660347,0.9526363611221313,0.028810408921933085,0.03361214374225527,0.7235220074653625,2.0,1.4264041185379028,32.547607421875,0.025513553991913795,1.0,0.39524011899702505,,3000,7000,10000,2026-07-01 07:33:06,AdamW,False,352.97805738449097,83201,,,,,,,,analytical_planar_entropy_shock,True,Analytical oblique planar entropy-shock solution,pointwise_analytic_on_fixed_evaluation_grids,,45,0.5,space_time_rel_l2,2026-07-21 00:37:38,,,,,,,,,,,,,,,,,,,,,,,,,,,,,,,,2.0,0.0,0.5,8000.0,16000.0,500.0,3.0,14.0,,,,,,,,,,,,,,,,,,,,,,,,,,,,,,,,,,,,,,,,,,,,,,,,,,,,,,,,,,,,,,,,,,,,,,,,,,,,,,,,,,,,,,,,,,,,,,,,,,,,,,,,,,,,,,,,,,,,,0.08529092538830894,0.09150635094610965,1.0086789851964906,0.00867898519649062,180.0,,,,,,,,,,,,,,,,,,,,,,,,,,,,,,,,,,,,,,,,,,,,,,,,,,,,,,,,,,,,,,,,,,,,,,,,,,,,,,,,,,
2d_burgers,rar_d_pinn,RAR-D-PINN,31415,True,False,<LOCAL_PATH_REDACTED>/PINN/paper/<LOCAL_PATH_REDACTED>/results/raw/runs/2d_burgers/rar_d_pinn/seed_31415,<LOCAL_PATH_REDACTED>/PINN/paper/<LOCAL_PATH_REDACTED>/results/raw/runs/2d_burgers/rar_d_pinn/seed_31415/metrics_final.json,RAR-D-PINN,0.03737988402511521,0.0890412031408926,0.1320390943799974,0.01589585686079514,0.051595829721346596,0.06941228311913664,0.0012884970633247166,0.0019731280413285562,0.0019731280413285562,,,0.6827821035359493,0.6830127018922193,0.00023059835627003977,0.3520460352153041,0.13618757012077443,0.24532283329796253,0.08061252305684038,0.03472113609313965,0.04040789604187012,-0.04040789604187012,1.0347211360931396,,,,0.005528382631356439,0.008300647431952413,0.006675043052237539,0.00824430258411475,0.0040888226968354546,0.00357951869626838,0.005130681338123262,0.0030962890070392914,0.02035841316462028,0.09216133607698644,0.9999999109948805,1.0,0.03162277660168379,0.7,0.02617807686328888,0.9683496952056885,0.02822180916976456,0.03339529120198265,0.761889636516571,2.0,1.4284489154815674,34.18184280395508,0.02537500485777855,1.0,0.3871653208669783,,3000,7000,10000,2026-07-01 08:03:34,AdamW,False,353.66433477401733,83201,,,,,,,,analytical_planar_entropy_shock,True,Analytical oblique planar entropy-shock solution,pointwise_analytic_on_fixed_evaluation_grids,,45,0.5,space_time_rel_l2,2026-07-21 00:37:38,,,,,,,,,,,,,,,,,,,,,,,,,,,,,,,,2.0,0.0,0.5,8000.0,16000.0,500.0,3.0,14.0,,,,,,,,,,,,,,,,,,,,,,,,,,,,,,,,,,,,,,,,,,,,,,,,,,,,,,,,,,,,,,,,,,,,,,,,,,,,,,,,,,,,,,,,,,,,,,,,,,,,,,,,,,,,,,,,,,,,,0.08953322290478109,0.09150635094610965,1.0134819607402004,0.013481960740200308,180.0,,,,,,,,,,,,,,,,,,,,,,,,,,,,,,,,,,,,,,,,,,,,,,,,,,,,,,,,,,,,,,,,,,,,,,,,,,,,,,,,,,
2d_burgers,rar_d_pinn,RAR-D-PINN,42,True,False,<LOCAL_PATH_REDACTED>/PINN/paper/<LOCAL_PATH_REDACTED>/results/raw/runs/2d_burgers/rar_d_pinn/seed_42,<LOCAL_PATH_REDACTED>/PINN/paper/<LOCAL_PATH_REDACTED>/results/raw/runs/2d_burgers/rar_d_pinn/seed_42/metrics_final.json,RAR-D-PINN,0.03594052930362267,0.08775687775700497,0.13013456979367266,0.014494398754136061,0.04776411167533987,0.064257442131434,0.0005172650894506814,0.0017588664961955963,0.0017588664961955963,,,0.6849714499839791,0.6830127018922193,0.0019587480917597766,0.3245170611356964,0.09939618187331306,0.22637917112335076,0.05987945104180521,0.028920412063598633,0.03733670711517334,-0.03733670711517334,1.0289204120635986,,,,0.008377213314559952,0.01209772538481202,0.008279260138440714,0.013111756800864476,0.0014135096134678055,0.0012323466656982696,0.004484919695466637,0.002060736958261101,0.029407846495605572,0.12752565239607594,0.9999999982882927,1.0,0.03162277660168379,0.7,0.027617936953902245,0.9686772227287292,0.029646840148698884,0.03382899628252788,0.685722827911377,2.0,1.427427053451538,34.18979263305664,0.025593316182494164,1.0,0.4067148321291968,,3000,7000,10000,2026-07-01 07:51:39,AdamW,False,355.7905116081238,83201,,,,,,,,analytical_planar_entropy_shock,True,Analytical oblique planar entropy-shock solution,pointwise_analytic_on_fixed_evaluation_grids,,45,0.5,space_time_rel_l2,2026-07-21 00:37:38,,,,,,,,,,,,,,,,,,,,,,,,,,,,,,,,2.0,0.0,0.5,8000.0,16000.0,500.0,3.0,14.0,,,,,,,,,,,,,,,,,,,,,,,,,,,,,,,,,,,,,,,,,,,,,,,,,,,,,,,,,,,,,,,,,,,,,,,,,,,,,,,,,,,,,,,,,,,,,,,,,,,,,,,,,,,,,,,,,,,,,0.09326521744230525,0.09150635094610965,1.0147303841834845,0.014730384183484454,180.0,,,,,,,,,,,,,,,,,,,,,,,,,,,,,,,,,,,,,,,,,,,,,,,,,,,,,,,,,,,,,,,,,,,,,,,,,,,,,,,,,,
2d_burgers,rar_d_pinn,RAR-D-PINN,7,True,False,<LOCAL_PATH_REDACTED>/PINN/paper/<LOCAL_PATH_REDACTED>/results/raw/runs/2d_burgers/rar_d_pinn/seed_7,<LOCAL_PATH_REDACTED>/PINN/paper/<LOCAL_PATH_REDACTED>/results/raw/runs/2d_burgers/rar_d_pinn/seed_7/metrics_final.json,RAR-D-PINN,0.03705283897800374,0.08859787759403227,0.13138168745311288,0.016129598551326327,0.051989817934937836,0.06994231861958491,0.0009659955932911503,0.0015722747390704422,0.0011097851382640966,,,0.6820126995467924,0.6830127018922193,0.0010000023454268536,0.35959124340522514,0.14682848943273366,0.24628813733086075,0.08127863811465263,0.040590524673461914,0.034259527921676636,-0.034259527921676636,1.040590524673462,,,,0.0024932973674138847,0.006968655234195542,0.006968655234195542,0.003453732491813832,0.0013711018608952952,0.002944584111188142,0.005063053644950156,0.0021509894936742567,0.02670102632266516,0.07624124588612795,0.4857973923654096,1.0,0.03162277660168379,0.7,0.026315787807106972,0.9761886596679688,0.02815985130111524,0.03345724907063197,0.7481047511100769,2.0,1.4276772737503052,34.098270416259766,0.025345465168356895,1.0,0.3863153421164471,,3000,7000,10000,2026-07-01 07:45:42,AdamW,False,355.47196912765503,83201,,,,,,,,analytical_planar_entropy_shock,True,Analytical oblique planar entropy-shock solution,pointwise_analytic_on_fixed_evaluation_grids,,45,0.5,space_time_rel_l2,2026-07-21 00:37:38,,,,,,,,,,,,,,,,,,,,,,,,,,,,,,,,2.0,0.0,0.5,8000.0,16000.0,500.0,3.0,14.0,,,,,,,,,,,,,,,,,,,,,,,,,,,,,,,,,,,,,,,,,,,,,,,,,,,,,,,,,,,,,,,,,,,,,,,,,,,,,,,,,,,,,,,,,,,,,,,,,,,,,,,,,,,,,,,,,,,,,0.09039656580784555,0.09150635094610965,1.006525577500809,0.006525577500809071,180.0,,,,,,,,,,,,,,,,,,,,,,,,,,,,,,,,,,,,,,,,,,,,,,,,,,,,,,,,,,,,,,,,,,,,,,,,,,,,,,,,,,
2d_burgers,sa_pinn,SA-PINN,100,True,False,<LOCAL_PATH_REDACTED>/PINN/paper/<LOCAL_PATH_REDACTED>/results/raw/runs/2d_burgers/sa_pinn/seed_100,<LOCAL_PATH_REDACTED>/PINN/paper/<LOCAL_PATH_REDACTED>/results/raw/runs/2d_burgers/sa_pinn/seed_100/metrics_final.json,SA-PINN,0.020533410827564113,0.0660858670451593,0.09799865374856248,0.01432706296995834,0.08023254908477828,0.10793749112127486,0.00711706925913557,0.018183193668500103,0.018183193668500103,,,0.7339197676937398,0.6830127018922193,0.05090706580152049,0.21125019093487246,0.06359655573230083,0.12444565542373999,0.036569905825142426,0.12999427318572998,0.08506706357002258,-0.08506706357002258,1.12999427318573,,,,0.015722911760395884,0.03764463087378411,0.03764463087378411,0.031254587202843895,0.013016825237283846,0.030725263857284357,0.0070640070042290596,0.004794577195941705,0.03348725451736437,0.0838742056769494,0.6129192264828514,1.0,0.03162277660168379,0.7,0.030086439102888107,0.9986985921859741,0.029832713754646842,0.03441759603469641,0.8766807913780212,2.0,1.4311259984970093,42.860382080078125,0.025195106863975525,0.9937694704049844,0.4067148321291968,,3000,7000,10000,2026-07-01 09:29:53,AdamW,False,329.84977412223816,83201,,,,,,,,analytical_planar_entropy_shock,True,Analytical oblique planar entropy-shock solution,pointwise_analytic_on_fixed_evaluation_grids,,45,0.5,space_time_rel_l2,2026-07-21 00:37:38,,,,,,,,,,,,,,,,,,,,,,,,,,,,,,,,,,,,,,,,Adam,0.005,100.0,100.0,100.0,79.86942291259766,100.0,100.0,100.0,,,,,,,,,,,,,,,,,,,,,,,,,,,,,,,,,,,,,,,,,,,,,,,,,,,,,,,,,,,,,,,,,,,,,,,,,,,,,,,,,,,,,,,,,,,,,,,,,,,,,,,,,,,,0.10968954461460975,0.09150635094610965,1.2141492976698764,0.21414929766987645,180.0,,,,,,,,,,,,,,,,,,,,,,,,,,,,,,,,,,,,,,,,,,,,,,,,,,,,,,,,,,,,,,,,,,,,,,,,,,,,,,,,,,
2d_burgers,sa_pinn,SA-PINN,2026,True,False,<LOCAL_PATH_REDACTED>/PINN/paper/<LOCAL_PATH_REDACTED>/results/raw/runs/2d_burgers/sa_pinn/seed_2026,<LOCAL_PATH_REDACTED>/PINN/paper/<LOCAL_PATH_REDACTED>/results/raw/runs/2d_burgers/sa_pinn/seed_2026/metrics_final.json,SA-PINN,0.019120698204338142,0.058154148885349165,0.08623671831018415,0.008893720573849148,0.04533492112643971,0.060989432622889785,0.004857105119531805,0.0060824191409783734,0.006003989632620443,,,0.6841723760888716,0.6830127018922193,0.001159674196652305,0.15521873749254664,0.0574328890909824,0.07897891181793008,0.028013539446029592,0.16874241828918457,0.10861992835998535,-0.10861992835998535,1.1687424182891846,,,,0.019528769940344425,0.034864239766719485,0.008592164618379639,0.03111345926248963,0.017444798761209586,0.0048286088542845995,0.008319057609016424,0.005259089810136668,0.035134613456601974,0.06623329679011532,0.6423835159909468,1.0,0.03162277660168379,0.7,0.033717285841703415,0.9994373917579651,0.03358116480793061,0.03590458488228005,0.8655614852905273,2.0,1.4234943389892578,40.18922424316406,0.025392431765794754,0.9907749077490775,0.4564385890352741,,3000,7000,10000,2026-07-01 09:13:35,AdamW,False,315.6288809776306,83201,,,,,,,,analytical_planar_entropy_shock,True,Analytical oblique planar entropy-shock solution,pointwise_analytic_on_fixed_evaluation_grids,,45,0.5,space_time_rel_l2,2026-07-21 00:37:38,,,,,,,,,,,,,,,,,,,,,,,,,,,,,,,,,,,,,,,,Adam,0.005,100.0,98.6447982788086,94.12513732910156,84.77576446533203,100.0,100.0,100.0,,,,,,,,,,,,,,,,,,,,,,,,,,,,,,,,,,,,,,,,,,,,,,,,,,,,,,,,,,,,,,,,,,,,,,,,,,,,,,,,,,,,,,,,,,,,,,,,,,,,,,,,,,,,0.09751034057873009,0.09150635094610965,1.1884101740149564,0.18841017401495644,180.0,,,,,,,,,,,,,,,,,,,,,,,,,,,,,,,,,,,,,,,,,,,,,,,,,,,,,,,,,,,,,,,,,,,,,,,,,,,,,,,,,,
2d_burgers,sa_pinn,SA-PINN,31415,True,False,<LOCAL_PATH_REDACTED>/PINN/paper/<LOCAL_PATH_REDACTED>/results/raw/runs/2d_burgers/sa_pinn/seed_31415,<LOCAL_PATH_REDACTED>/PINN/paper/<LOCAL_PATH_REDACTED>/results/raw/runs/2d_burgers/sa_pinn/seed_31415/metrics_final.json,SA-PINN,0.02363364385675501,0.07016983503716898,0.10405476503322912,0.015103586221366753,0.07688490735659118,0.10343388188244092,0.008921582951242676,0.018025431185398302,0.018025431185398302,,,0.7257167451093239,0.6830127018922193,0.04270404321710464,0.2456603016982185,0.08970979435534923,0.14615006551038914,0.03483069081912586,0.10997259616851807,0.06990137696266174,-0.06990137696266174,1.109972596168518,,,,0.0291755630131137,0.04403199706551797,0.03194476884187647,0.038619874678486384,0.022835214203280923,0.025642420530705312,0.006379291892081668,0.004768212016680827,0.029465983486970257,0.1214471366335416,0.9283332683907974,1.0,0.03162277660168379,0.7,0.03160397708415985,0.997665286064148,0.03144361833952912,0.03587360594795539,0.8349133133888245,2.0,1.4250985383987427,39.19150924682617,0.025260984897613525,1.0,0.4313642158946026,,3000,7000,10000,2026-07-01 09:35:16,AdamW,False,321.80399465560913,83201,,,,,,,,analytical_planar_entropy_shock,True,Analytical oblique planar entropy-shock solution,pointwise_analytic_on_fixed_evaluation_grids,,45,0.5,space_time_rel_l2,2026-07-21 00:37:38,,,,,,,,,,,,,,,,,,,,,,,,,,,,,,,,,,,,,,,,Adam,0.005,100.0,100.0,100.0,77.09149169921875,100.0,100.0,100.0,,,,,,,,,,,,,,,,,,,,,,,,,,,,,,,,,,,,,,,,,,,,,,,,,,,,,,,,,,,,,,,,,,,,,,,,,,,,,,,,,,,,,,,,,,,,,,,,,,,,,,,,,,,,0.10953178213150795,0.09150635094610965,1.1058033094849697,0.10580330948496974,180.0,,,,,,,,,,,,,,,,,,,,,,,,,,,,,,,,,,,,,,,,,,,,,,,,,,,,,,,,,,,,,,,,,,,,,,,,,,,,,,,,,,
2d_burgers,sa_pinn,SA-PINN,42,True,False,<LOCAL_PATH_REDACTED>/PINN/paper/<LOCAL_PATH_REDACTED>/results/raw/runs/2d_burgers/sa_pinn/seed_42,<LOCAL_PATH_REDACTED>/PINN/paper/<LOCAL_PATH_REDACTED>/results/raw/runs/2d_burgers/sa_pinn/seed_42/metrics_final.json,SA-PINN,0.020329703638910103,0.06001117795505561,0.08899050451198759,0.010034013060323987,0.052421697036990386,0.07052332903586876,0.0059352476689080984,0.010352286463824995,0.005540641095188162,,,0.6848833260187104,0.6830127018922193,0.0018706241264910828,0.2565262108331319,0.1040443361166059,0.14764907402317717,0.03988151656848808,0.24218273162841797,0.09545782208442688,-0.09545782208442688,1.242182731628418,,,,0.005929298299978125,0.014422178157700749,0.014422178157700749,0.017843460307688422,0.004693854874055504,0.013204245216790422,0.0037385331099523277,0.002407103458154241,0.01798901518141935,0.14016866689432061,0.9999999988962991,1.0,0.03162277660168379,0.7,0.03363918885588646,0.9997352957725525,0.0337360594795539,0.03550185873605948,0.8127540946006775,2.0,1.4302607774734497,44.04252243041992,0.025342611595988274,0.9972451790633609,0.46153846153846156,,3000,7000,10000,2026-07-01 09:24:21,AdamW,False,324.8753590583801,83201,,,,,,,,analytical_planar_entropy_shock,True,Analytical oblique planar entropy-shock solution,pointwise_analytic_on_fixed_evaluation_grids,,45,0.5,space_time_rel_l2,2026-07-21 00:37:38,,,,,,,,,,,,,,,,,,,,,,,,,,,,,,,,,,,,,,,,Adam,0.005,100.0,98.26981353759766,85.57740020751953,88.19488525390625,100.0,100.0,100.0,,,,,,,,,,,,,,,,,,,,,,,,,,,,,,,,,,,,,,,,,,,,,,,,,,,,,,,,,,,,,,,,,,,,,,,,,,,,,,,,,,,,,,,,,,,,,,,,,,,,,,,,,,,,0.08596570985092149,0.09150635094610965,1.2036303198614786,0.2036303198614786,180.0,,,,,,,,,,,,,,,,,,,,,,,,,,,,,,,,,,,,,,,,,,,,,,,,,,,,,,,,,,,,,,,,,,,,,,,,,,,,,,,,,,
2d_burgers,sa_pinn,SA-PINN,7,True,False,<LOCAL_PATH_REDACTED>/PINN/paper/<LOCAL_PATH_REDACTED>/results/raw/runs/2d_burgers/sa_pinn/seed_7,<LOCAL_PATH_REDACTED>/PINN/paper/<LOCAL_PATH_REDACTED>/results/raw/runs/2d_burgers/sa_pinn/seed_7/metrics_final.json,SA-PINN,0.021667959847731517,0.06450758505111379,0.0956582212541781,0.011766465877493222,0.06435866715316574,0.08658223057429744,0.00826024176757052,0.01477188779257845,0.0141129836763903,,,0.7313896001992848,0.6830127018922193,0.048376898307065486,0.268534129617636,0.08748956452167064,0.15543268290110812,0.0333308157440694,0.0809023380279541,0.11461228132247925,-0.11461228132247925,1.080902338027954,,,,0.009994518711467287,0.02069007529937028,0.02069007529937028,0.010903338249991063,0.008749637899404937,0.016320493270361336,0.007022471987623867,0.004430430162705233,0.02820684569594724,0.06869341341941158,0.5269397924333364,1.0,0.03162277660168379,0.7,0.03347543627023697,0.9989425539970398,0.03330235439900867,0.035687732342007436,0.8378227353096008,2.0,1.4260506629943848,42.19151306152344,0.025095822289586067,0.9944186046511628,0.45431364215894604,,3000,7000,10000,2026-07-01 09:18:55,AdamW,False,318.54936599731445,83201,,,,,,,,analytical_planar_entropy_shock,True,Analytical oblique planar entropy-shock solution,pointwise_analytic_on_fixed_evaluation_grids,,45,0.5,space_time_rel_l2,2026-07-21 00:37:38,,,,,,,,,,,,,,,,,,,,,,,,,,,,,,,,,,,,,,,,Adam,0.005,100.0,99.21094512939453,98.29728698730469,74.41148376464844,100.0,100.0,100.0,,,,,,,,,,,,,,,,,,,,,,,,,,,,,,,,,,,,,,,,,,,,,,,,,,,,,,,,,,,,,,,,,,,,,,,,,,,,,,,,,,,,,,,,,,,,,,,,,,,,,,,,,,,,0.10561933462249995,0.09150635094610965,1.1152335654857546,0.11523356548575468,180.0,,,,,,,,,,,,,,,,,,,,,,,,,,,,,,,,,,,,,,,,,,,,,,,,,,,,,,,,,,,,,,,,,,,,,,,,,,,,,,,,,,
2d_burgers,xpinn,XPINN,100,True,False,<LOCAL_PATH_REDACTED>/PINN/paper/<LOCAL_PATH_REDACTED>/results/raw/runs/2d_burgers/xpinn/seed_100,<LOCAL_PATH_REDACTED>/PINN/paper/<LOCAL_PATH_REDACTED>/results/raw/runs/2d_burgers/xpinn/seed_100/metrics_final.json,XPINN,0.02657622847198132,0.07797434197583711,0.11562805910286961,0.011960936958591144,0.053747312138273634,0.07230668965269023,0.004548089059057016,0.009870774494171536,0.009870774494171536,,,0.7021253838213197,0.6830127018922193,0.019112681929100428,0.2413592610687087,0.10060164115911976,0.16454838644592001,0.06408250190007961,0.02169013023376465,0.01602804660797119,-0.01602804660797119,1.0216901302337646,,,,0.010154083488681681,0.017834573379359897,0.017834573379359897,0.013073007045384555,0.0117851477364594,0.0171913562896151,0.006132215766725751,0.0033055288413948395,0.02391713093417179,0.14348659816821607,0.9999999742881389,1.0,0.03162277660168379,0.7,0.028853150084614754,0.9999902248382568,0.030421313506815366,0.03438661710037175,0.7746022343635559,2.0,1.4242682456970215,37.9615478515625,0.025308094918727875,0.9979633401221996,0.416489587760306,,3000,7000,10000,2026-07-05 04:18:54,AdamW,False,3020.302342414856,332808,,,,,,,,analytical_planar_entropy_shock,True,Analytical oblique planar entropy-shock solution,pointwise_analytic_on_fixed_evaluation_grids,,45,0.5,space_time_rel_l2,2026-07-21 00:37:38,,,,,,,,,,,,,,,,,,,,,,,,,,,,,,,,,,,,,,,,,,,,,,,,,4.0,2.0,0.0,0.25,512.0,2048.0,1.0,20.0,True,0.0011183681199327111,0.0006786269368603826,,,,,,,,,,,,,,,,,,,,,,,,,,,,,,,,,,,,,,,,,,,,,,,,,,,,,,,,,,,,,,,,,,,,,,,,,,,,,,,,,,,,,,,,,,,,,,,,,0.10137712544028118,0.09150635094610965,1.0187330024186956,0.018733002418695494,180.0,,,,,,,,,,,,,,,,,,,,,,,,,,,,,,,,,,,,,,,,,,,,,,,,,,,,,,,,,,,,,,,,,,,,,,,,,,,,,,,,,,
2d_burgers,xpinn,XPINN,2026,True,False,<LOCAL_PATH_REDACTED>/PINN/paper/<LOCAL_PATH_REDACTED>/results/raw/runs/2d_burgers/xpinn/seed_2026,<LOCAL_PATH_REDACTED>/PINN/paper/<LOCAL_PATH_REDACTED>/results/raw/runs/2d_burgers/xpinn/seed_2026/metrics_final.json,XPINN,0.02807085117898033,0.07989551895256168,0.11847697015979933,0.014318645103018226,0.053864845507462115,0.07246480823595786,0.003220165231418463,0.006162522545533053,0.005742328285922804,,,0.694618064956053,0.6830127018922193,0.011605363063833751,0.2553242635526723,0.12636534953728942,0.17604448094189656,0.08594858557027549,0.046282410621643066,0.013434261083602905,-0.013434261083602905,1.046282410621643,,,,0.0126798285809129,0.022919312604265274,0.022919312604265274,0.015354714826861331,0.011989365409417191,0.015710638405516786,0.007299106825407641,0.0048979801900103535,0.029801431274424882,0.0891845968198622,0.9998998875875534,1.0,0.03162277660168379,0.7,0.02769395150244236,1.0,0.029151177199504337,0.03482032218091698,0.7582205533981323,2.0,1.4259567260742188,38.077693939208984,0.025221170857548714,0.9904357066950054,0.3960900977475563,,3000,7000,10000,2026-07-05 01:38:51,AdamW,False,3332.7828817367554,332808,,,,,,,,analytical_planar_entropy_shock,True,Analytical oblique planar entropy-shock solution,pointwise_analytic_on_fixed_evaluation_grids,,45,0.5,space_time_rel_l2,2026-07-21 00:37:38,,,,,,,,,,,,,,,,,,,,,,,,,,,,,,,,,,,,,,,,,,,,,,,,,4.0,2.0,0.0,0.25,512.0,2048.0,1.0,20.0,True,0.0016082886140793562,0.0007794671691954136,,,,,,,,,,,,,,,,,,,,,,,,,,,,,,,,,,,,,,,,,,,,,,,,,,,,,,,,,,,,,,,,,,,,,,,,,,,,,,,,,,,,,,,,,,,,,,,,,0.09724867923203245,0.09150635094610965,1.0189442828644153,0.01894428286441537,180.0,,,,,,,,,,,,,,,,,,,,,,,,,,,,,,,,,,,,,,,,,,,,,,,,,,,,,,,,,,,,,,,,,,,,,,,,,,,,,,,,,,
2d_burgers,xpinn,XPINN,31415,True,False,<LOCAL_PATH_REDACTED>/PINN/paper/<LOCAL_PATH_REDACTED>/results/raw/runs/2d_burgers/xpinn/seed_31415,<LOCAL_PATH_REDACTED>/PINN/paper/<LOCAL_PATH_REDACTED>/results/raw/runs/2d_burgers/xpinn/seed_31415/metrics_final.json,XPINN,0.028055106303778533,0.07917586634858993,0.11740979816812845,0.015806045781499075,0.054162869875336035,0.07286574280588314,0.0013640567274091505,0.005194336258134386,8.569287961492089e-05,,,0.6863979933552576,0.6830127018922193,0.0033852914630383424,0.2612812201842281,0.17455434294094913,0.17837157230423348,0.11315388820669817,0.01822662353515625,0.015426486730575562,-0.015426486730575562,1.0182266235351562,,,,0.0030208715766334294,0.004200992246114976,0.00238971184435377,0.004891994731949342,0.0040954754062967735,0.004854786247447063,0.005984684121798964,0.002897969768689043,0.023091636077903564,0.16006132449761004,0.9999999986049871,1.0,0.03162277660168379,0.7,0.026631271466612816,1.0,0.02822180916976456,0.034789343246592316,0.7218031287193298,2.0,1.4245764017105103,39.25611877441406,0.02516154944896698,0.9967069154774972,0.3858903527411815,,3000,7000,10000,2026-07-05 05:06:02,AdamW,False,2825.1961390972137,332808,,,,,,,,analytical_planar_entropy_shock,True,Analytical oblique planar entropy-shock solution,pointwise_analytic_on_fixed_evaluation_grids,,45,0.5,space_time_rel_l2,2026-07-21 00:37:38,,,,,,,,,,,,,,,,,,,,,,,,,,,,,,,,,,,,,,,,,,,,,,,,,4.0,2.0,0.0,0.25,512.0,2048.0,1.0,20.0,True,0.0017761318013072014,0.0007038860348984599,,,,,,,,,,,,,,,,,,,,,,,,,,,,,,,,,,,,,,,,,,,,,,,,,,,,,,,,,,,,,,,,,,,,,,,,,,,,,,,,,,,,,,,,,,,,,,,,,0.09142065806649473,0.09150635094610965,1.0190781216288722,0.019078121628872183,180.0,,,,,,,,,,,,,,,,,,,,,,,,,,,,,,,,,,,,,,,,,,,,,,,,,,,,,,,,,,,,,,,,,,,,,,,,,,,,,,,,,,
2d_burgers,xpinn,XPINN,42,True,False,<LOCAL_PATH_REDACTED>/PINN/paper/<LOCAL_PATH_REDACTED>/results/raw/runs/2d_burgers/xpinn/seed_42,<LOCAL_PATH_REDACTED>/PINN/paper/<LOCAL_PATH_REDACTED>/results/raw/runs/2d_burgers/xpinn/seed_42/metrics_final.json,XPINN,0.026940601254973065,0.07753813607275864,0.11498120988729293,0.012839623130398032,0.049538343156900554,0.06664432995903731,0.002639759746253758,0.006250126136295553,0.006250126136295553,,,0.6963743545579235,0.6830127018922193,0.013361652665704216,0.24479725228655627,0.12021499634011282,0.16499892869461386,0.07547769981232791,0.017017483711242676,0.009720653295516968,-0.009720653295516968,1.0170174837112427,,,,0.007135641244293111,0.01169235036262073,0.01169235036262073,0.009429451163205243,0.004168241476670165,0.007003259784243543,0.00473254226380703,0.0015275153233799618,0.025154980246877193,0.13677320492720466,0.9985758038231402,1.0,0.03162277660168379,0.7,0.027707945555448532,0.995964765548706,0.02908921933085502,0.03361214374225527,0.7188268899917603,2.0,1.4259952306747437,38.60146713256836,0.025301050394773483,1.0,0.39906502337441563,,3000,7000,10000,2026-07-05 03:28:31,AdamW,False,3300.4631559848785,332808,,,,,,,,analytical_planar_entropy_shock,True,Analytical oblique planar entropy-shock solution,pointwise_analytic_on_fixed_evaluation_grids,,45,0.5,space_time_rel_l2,2026-07-21 00:37:38,,,,,,,,,,,,,,,,,,,,,,,,,,,,,,,,,,,,,,,,,,,,,,,,,4.0,2.0,0.0,0.25,512.0,2048.0,1.0,20.0,True,0.0023739233147352934,0.0007317129638977349,,,,,,,,,,,,,,,,,,,,,,,,,,,,,,,,,,,,,,,,,,,,,,,,,,,,,,,,,,,,,,,,,,,,,,,,,,,,,,,,,,,,,,,,,,,,,,,,,0.0977564770824052,0.09150635094610965,1.0193841401920762,0.019384140192076217,180.0,,,,,,,,,,,,,,,,,,,,,,,,,,,,,,,,,,,,,,,,,,,,,,,,,,,,,,,,,,,,,,,,,,,,,,,,,,,,,,,,,,
2d_burgers,xpinn,XPINN,7,True,False,<LOCAL_PATH_REDACTED>/PINN/paper/<LOCAL_PATH_REDACTED>/results/raw/runs/2d_burgers/xpinn/seed_7,<LOCAL_PATH_REDACTED>/PINN/paper/<LOCAL_PATH_REDACTED>/results/raw/runs/2d_burgers/xpinn/seed_7/metrics_final.json,XPINN,0.0276118334538325,0.07847626251360859,0.11637235647218078,0.014037000061829149,0.050935894547120164,0.06852446704173126,0.001970373125165563,0.00415010067616868,0.0026093998200973356,,,0.6755712568637063,0.6830127018922193,0.007441445028512961,0.24831325617330408,0.13086880806222262,0.16930770035513057,0.08589587703684792,0.017622947692871094,0.015416562557220459,-0.015416562557220459,1.017622947692871,,,,0.0021365041707428404,0.004209368061203311,0.0025777950498571123,0.0035162830300765097,0.0030291881763987723,0.00507269675857458,0.0062362401240335,0.0037965727020193287,0.02552399032821931,0.12838210311204215,0.999999999098514,1.0,0.03162277660168379,0.7,0.027170078828930855,1.0,0.02908921933085502,0.0337360594795539,0.6804012656211853,2.0,1.4252033233642578,39.899627685546875,0.025346368551254272,0.9978700745473909,0.3982150446238844,,3000,7000,10000,2026-07-05 02:33:28,AdamW,False,3271.028054714203,332808,,,,,,,,analytical_planar_entropy_shock,True,Analytical oblique planar entropy-shock solution,pointwise_analytic_on_fixed_evaluation_grids,,45,0.5,space_time_rel_l2,2026-07-21 00:37:38,,,,,,,,,,,,,,,,,,,,,,,,,,,,,,,,,,,,,,,,,,,,,,,,,4.0,2.0,0.0,0.25,512.0,2048.0,1.0,20.0,True,0.0010027142707258463,0.0006900428561493754,,,,,,,,,,,,,,,,,,,,,,,,,,,,,,,,,,,,,,,,,,,,,,,,,,,,,,,,,,,,,,,,,,,,,,,,,,,,,,,,,,,,,,,,,,,,,,,,,0.08889695112601231,0.09150635094610965,1.019136292989864,0.019136292989863905,180.0,,,,,,,,,,,,,,,,,,,,,,,,,,,,,,,,,,,,,,,,,,,,,,,,,,,,,,,,,,,,,,,,,,,,,,,,,,,,,,,,,,
2d_euler,aaf_pinn,AAF-PINN,100,True,False,<LOCAL_PATH_REDACTED>/PINN/paper/<LOCAL_PATH_REDACTED>/results/raw/runs/2d_euler/aaf_pinn/seed_100,<LOCAL_PATH_REDACTED>/PINN/paper/<LOCAL_PATH_REDACTED>/results/raw/runs/2d_euler/aaf_pinn/seed_100/metrics_final.json,AAF-PINN,,,,,,,,,,,,,,,,,,,,,,,,,,,,,,,,,,,,,1.0,0.0282842712474619,0.7,0.061729393899440765,0.9999910593032837,0.05570987654320988,0.08067901234567901,0.6401159763336182,2.0,1.0000001192092896,14.416626930236816,0.054496973752975464,,,,3000,7000,10000,2026-07-03 01:33:32,AdamW,False,981.4970510005951,83589,5.0,0.2981264889240265,1.4906324446201324,1.0,1e-06,20.0,6.0,analytical_rotated_sod_riemann_solution,True,Analytical rotated Sod Riemann solution,pointwise_analytic_on_fixed_evaluation_grids,,41,0.2,primitive_scaled_space_time_rel_l2,2026-07-21 00:37:38,,,,,,,,,,,,,,,,,,,,,,,,,,,,,,,,,,,,,,,,,,,,,,,,,,,,,,,,,,,,0.004140599262441966,0.01189219151640761,0.017101434221646644,0.005279484946647851,0.012100702252322997,0.017860817297693666,0.12348015606403351,1.0039128065109253,0.015019478751329939,0.059029994291507,0.2076812824333775,0.01469666661194377,0.05990523019849019,0.1485369311641564,,,0.00466140367304518,0.01318312779734613,0.019210486285300695,0.004767940656885978,0.013319698123834246,0.020162469857158073,0.09891997277736664,1.007390022277832,0.05960643790948673,0.05998702033799418,0.0,0.0,,,,,,,0.0005053198263786056,0.0005402743929602242,,,,,0.002131071145574829,0.00468917848066052,,,,,,,,,,,,,,,,,,,,,,,,,,,,,,,,,,,,,,,,,,,,,,,,,,,,,,,,,,,220.0,,,,,,0.009224947841095963,0.0347082497322249,0.211503693875509,0.01731381901819884,0.06840347763700716,0.2084171386604007,0.010048105841502657,0.03534625790644692,0.15180070024836106,0.017205693764213856,0.06941140201779675,0.14904971637213751,0.0041373839284243406,0.015276609122739156,0.013299681928714484,0.1458641182774814,0.003852780337748056,0.016965123073067447,0.2208188772201538,0.13799203201208554,0.05701348781585691,0.004752569823127103,0.0056368172972195985,0.0018809455900098179,0.0014441160634676986,0.0003594458586697145,0.00021233579886252666,0.0014304799572931268,0.0004314450020483668,0.0001641700325243113,0.002510990042247474,0.000253852972022142,0.00020945174813648965,0.0009402113829420911,0.0005009777968427684,0.0002908923913335611,0.0017794120145466774,0.9339506030082703,,,,,,,,,,,,,,,,,,,,,,,,,,,,,,,,,,,,,,,
2d_euler,aaf_pinn,AAF-PINN,2026,True,False,<LOCAL_PATH_REDACTED>/PINN/paper/<LOCAL_PATH_REDACTED>/results/raw/runs/2d_euler/aaf_pinn/seed_2026,<LOCAL_PATH_REDACTED>/PINN/paper/<LOCAL_PATH_REDACTED>/results/raw/runs/2d_euler/aaf_pinn/seed_2026/metrics_final.json,AAF-PINN,,,,,,,,,,,,,,,,,,,,,,,,,,,,,,,,,,,,,1.0,0.0282842712474619,0.7,0.06066133826971054,0.9999890327453613,0.05429012345679012,0.08015432098765432,0.6411329507827759,2.0,1.0000001192092896,14.135784149169922,0.05406780540943146,,,,3000,7000,10000,2026-07-03 00:43:28,AdamW,False,999.1426017284393,83589,5.0,0.29088181257247925,1.4544090628623962,1.0,1e-06,20.0,6.0,analytical_rotated_sod_riemann_solution,True,Analytical rotated Sod Riemann solution,pointwise_analytic_on_fixed_evaluation_grids,,41,0.2,primitive_scaled_space_time_rel_l2,2026-07-21 00:37:38,,,,,,,,,,,,,,,,,,,,,,,,,,,,,,,,,,,,,,,,,,,,,,,,,,,,,,,,,,,,0.00420139446624745,0.01175948629212543,0.01691059894449866,0.00544730597625576,0.011966613525738272,0.01766290033409344,0.12438363581895828,1.005012035369873,0.01616213714132713,0.05879382913483386,0.2068503983516046,0.016805980441414285,0.0608553697974602,0.15089283263955217,,,0.0046411898718246684,0.013095515083537079,0.019082816823021372,0.004924397713832096,0.013261124104334594,0.020073804416575674,0.09919575601816177,1.0089079141616821,0.05916482320480376,0.06034659069534154,0.0,0.0,,,,,,,0.0005370934367552461,0.00024820417020175923,,,,,0.0005562191505816002,0.0013905381811750682,,,,,,,,,,,,,,,,,,,,,,,,,,,,,,,,,,,,,,,,,,,,,,,,,,,,,,,,,,,220.0,,,,,,0.009404460018779776,0.03412279719979921,0.2079360874951204,0.018376401955907045,0.06793350617983866,0.2069851923655807,0.009826023167669454,0.03471225707227135,0.14907787253515234,0.01901828882910769,0.06997822291997845,0.15026687223195315,0.0044077116943480035,0.015028148001459601,0.01538487027902327,0.14563872240955136,0.0038819783009596933,0.01672487753975593,0.1909191608428955,0.1440118627158209,0.0667929410934448,0.0035997638731978454,0.0045538684849546485,0.00308997910195288,0.003944395173004045,0.00020654827641014206,0.00013027567323254264,0.0008187389344404957,0.0002947180486607385,0.00012076942806925686,0.0027234186775790814,0.00022711296567041637,4.883201185197335e-05,0.002107871432079342,0.0005680768141214627,0.0003674167030875078,0.002648430336268423,0.9339506030082703,,,,,,,,,,,,,,,,,,,,,,,,,,,,,,,,,,,,,,,
2d_euler,aaf_pinn,AAF-PINN,31415,True,False,<LOCAL_PATH_REDACTED>/PINN/paper/<LOCAL_PATH_REDACTED>/results/raw/runs/2d_euler/aaf_pinn/seed_31415,<LOCAL_PATH_REDACTED>/PINN/paper/<LOCAL_PATH_REDACTED>/results/raw/runs/2d_euler/aaf_pinn/seed_31415/metrics_final.json,AAF-PINN,,,,,,,,,,,,,,,,,,,,,,,,,,,,,,,,,,,,,1.0,0.0282842712474619,0.7,0.0628700703382492,0.9999934434890747,0.05583333333333333,0.08095679012345679,0.6496389508247375,2.0,1.0,14.42396354675293,0.05430145934224129,,,,3000,7000,10000,2026-07-03 01:49:53,AdamW,False,975.9299566745758,83589,5.0,0.2986316680908203,1.4931583404541016,1.0,1e-06,20.0,6.0,analytical_rotated_sod_riemann_solution,True,Analytical rotated Sod Riemann solution,pointwise_analytic_on_fixed_evaluation_grids,,41,0.2,primitive_scaled_space_time_rel_l2,2026-07-21 00:37:38,,,,,,,,,,,,,,,,,,,,,,,,,,,,,,,,,,,,,,,,,,,,,,,,,,,,,,,,,,,,0.003975759171599898,0.01182659455090004,0.01700710323233996,0.005077848743993603,0.01199949257517115,0.017711430302238863,0.12464607506990433,1.0043470859527588,0.014791117304594837,0.057958563381837684,0.2039117386949852,0.015253113838370538,0.059141102599619626,0.1466422523827212,,,0.004320435308448752,0.012957309031458772,0.018881422623647053,0.004485136277807072,0.012853489286313515,0.019456754040909036,0.09993018209934235,1.0074483156204224,0.05828744544919199,0.058704739487284094,0.0,0.0,,,,,,,0.0012886449608145918,0.002892085997444163,,,,,0.002913336407517784,0.0059558983064664835,,,,,,,,,,,,,,,,,,,,,,,,,,,,,,,,,,,,,,,,,,,,,,,,,,,,,,,,,,,220.0,,,,,,0.008765961430818064,0.03340513339430393,0.20356281753786074,0.017024928574042496,0.06687483822074622,0.20375955889711325,0.008929655471878562,0.03371978293139194,0.14481551837130727,0.017479977405603333,0.06803610311419253,0.14609648526672686,0.003900338158051667,0.014820169694894325,0.013989950220119302,0.13948002716478927,0.0035862145003182698,0.016021990723019096,0.2177184820175171,0.13852966590795956,0.060672199726104714,0.004234695119373051,0.005416500567051619,0.0020047591917061298,0.0021653892926835616,0.00043518093148930205,0.0001884994916114252,0.002109857178740297,0.0005661550120077378,0.0001306930773659669,0.006490293364570854,0.00032049681265344993,0.00014608138634232028,0.0037902365684824857,0.0008819832936595729,0.00035266020248186735,0.008670195952843202,0.9339506030082703,,,,,,,,,,,,,,,,,,,,,,,,,,,,,,,,,,,,,,,
2d_euler,aaf_pinn,AAF-PINN,42,True,False,<LOCAL_PATH_REDACTED>/PINN/paper/<LOCAL_PATH_REDACTED>/results/raw/runs/2d_euler/aaf_pinn/seed_42,<LOCAL_PATH_REDACTED>/PINN/paper/<LOCAL_PATH_REDACTED>/results/raw/runs/2d_euler/aaf_pinn/seed_42/metrics_final.json,AAF-PINN,,,,,,,,,,,,,,,,,,,,,,,,,,,,,,,,,,,,,1.0,0.0282842712474619,0.7,0.0639231726527214,0.9999908208847046,0.056296296296296296,0.08157407407407408,0.6593500375747681,2.0,1.0000001192092896,14.043977737426758,0.054713230580091476,,,,3000,7000,10000,2026-07-03 01:17:06,AdamW,False,1012.4705536365509,83589,5.0,0.29528334736824036,1.4764167368412018,1.0,1e-06,20.0,6.0,analytical_rotated_sod_riemann_solution,True,Analytical rotated Sod Riemann solution,pointwise_analytic_on_fixed_evaluation_grids,,41,0.2,primitive_scaled_space_time_rel_l2,2026-07-21 00:37:38,,,,,,,,,,,,,,,,,,,,,,,,,,,,,,,,,,,,,,,,,,,,,,,,,,,,,,,,,,,,0.004149244158919659,0.011842134902887498,0.017029450863298313,0.005493383557182253,0.012308652331274154,0.01816775472080682,0.1241496130824089,1.0047968626022339,0.014706765839590814,0.057950844406906156,0.20388458154153985,0.015275132869095829,0.061086344328845535,0.15146554136557458,,,0.004399701165671602,0.013024706589883956,0.018979634511728,0.0045544332570166485,0.013309940646550432,0.020147699639410814,0.0994662418961525,1.005892038345337,0.05846014871891144,0.06058040111904323,0.0,0.0,,,,,,,0.0007228263034099373,0.0013787158045964875,,,,,0.0006245069508997341,1.078917071139834e-05,,,,,,,,,,,,,,,,,,,,,,,,,,,,,,,,,,,,,,,,,,,,,,,,,,,,,,,,,,,220.0,,,,,,0.009148406339525674,0.0338074919129705,0.20601469320479318,0.017091549692275672,0.06705009259337422,0.2042935378137216,0.008674846810008546,0.03471182678199146,0.14907602457812189,0.017409837020915652,0.07020851441355513,0.15076138582485998,0.004275462703112862,0.015430599960065468,0.013579141747885281,0.14670148939880936,0.0035467299518341126,0.01682757963233981,0.2368713617324829,0.151003010710816,0.06598565578460691,0.004907225360731494,0.007204765004218627,0.0027055468433471157,0.0038450303293176558,0.00030720545958352647,6.718681366395677e-05,0.0022417320188985353,0.00037134538840217607,6.231492787630698e-05,0.0016802670674095077,0.00022163179691972587,9.164967108369495e-05,0.0010040683180782897,0.00046283725673562827,0.00022840182823889976,0.0022763202250258574,0.9339506030082703,,,,,,,,,,,,,,,,,,,,,,,,,,,,,,,,,,,,,,,
2d_euler,aaf_pinn,AAF-PINN,7,True,False,<LOCAL_PATH_REDACTED>/PINN/paper/<LOCAL_PATH_REDACTED>/results/raw/runs/2d_euler/aaf_pinn/seed_7,<LOCAL_PATH_REDACTED>/PINN/paper/<LOCAL_PATH_REDACTED>/results/raw/runs/2d_euler/aaf_pinn/seed_7/metrics_final.json,AAF-PINN,,,,,,,,,,,,,,,,,,,,,,,,,,,,,,,,,,,,,1.0,0.0282842712474619,0.7,0.061635348945856094,0.999997615814209,0.05472222222222222,0.08030864197530864,0.6686230897903442,2.0,0.9999999403953552,14.12899112701416,0.05468267574906349,,,,3000,7000,10000,2026-07-03 01:00:09,AdamW,False,996.405434846878,83589,5.0,0.29808706045150757,1.4904353022575378,1.0,1e-06,20.0,6.0,analytical_rotated_sod_riemann_solution,True,Analytical rotated Sod Riemann solution,pointwise_analytic_on_fixed_evaluation_grids,,41,0.2,primitive_scaled_space_time_rel_l2,2026-07-21 00:37:38,,,,,,,,,,,,,,,,,,,,,,,,,,,,,,,,,,,,,,,,,,,,,,,,,,,,,,,,,,,,0.004141239090193728,0.012089547194712363,0.0173852393677495,0.005216119892815686,0.012279187208650524,0.01812426375963275,0.12422177940607071,1.0081572532653809,0.015265078312374003,0.05939253083601002,0.20895677052032424,0.01449152952287138,0.05840933996678638,0.14482782356804996,,,0.004476537448769596,0.013186369688513578,0.019215210377091965,0.004558407703286306,0.013020491927425755,0.019709551490685026,0.09993167221546173,1.0091633796691895,0.05972255465335867,0.05852474860015687,0.0,0.0,,,,,,,0.0013226927131921834,0.0020672844719243242,,,,,0.00360061195012384,0.006767567657885477,,,,,,,,,,,,,,,,,,,,,,,,,,,,,,,,,,,,,,,,,,,,,,,,,,,,,,,,,,,220.0,,,,,,0.009155091225557176,0.0342781685649337,0.20888288308124053,0.017502738257192303,0.0685422282016696,0.2088398948808946,0.009303374000860022,0.03429955379070275,0.14730544595175765,0.016935925339400727,0.06766602670448627,0.14530180626156003,0.003979331593710594,0.015178210769767282,0.013167566949354882,0.13850832473213254,0.003498065524870879,0.016102231573689646,0.2387622594833374,0.131075032195191,0.06659374237060545,0.0036701023109215747,0.003956742888361731,0.00291600730433171,0.003500763278923791,0.0003662302706864038,0.00023279548399828638,0.0017793314717731695,0.00034836856480727636,0.00018681874467531105,0.002272740249413513,0.00024258836435016884,0.00010518840359761115,0.001804016000155284,0.0005767731587727982,0.00044478381572421455,0.0023687614439276746,0.9339506030082703,,,,,,,,,,,,,,,,,,,,,,,,,,,,,,,,,,,,,,,
2d_euler,cpinn,cPINN,100,True,False,<LOCAL_PATH_REDACTED>/PINN/paper/<LOCAL_PATH_REDACTED>/results/raw/runs/2d_euler/cpinn/seed_100,<LOCAL_PATH_REDACTED>/PINN/paper/<LOCAL_PATH_REDACTED>/results/raw/runs/2d_euler/cpinn/seed_100/metrics_final.json,cPINN,,,,,,,,,,,,,,,,,,,,,,,,,,,,,,,,,,,,,1.0,0.0282842712474619,0.7,0.05930126830935478,0.9999442100524902,0.05311728395061728,0.08080246913580247,0.6537382006645203,2.0,1.0,13.441446304321289,0.05391019210219383,,,,3000,7000,10000,2026-07-04 05:09:04,AdamW,False,3724.300347328186,334356,,,,,,,,analytical_rotated_sod_riemann_solution,True,Analytical rotated Sod Riemann solution,pointwise_analytic_on_fixed_evaluation_grids,,41,0.2,primitive_scaled_space_time_rel_l2,2026-07-21 00:37:38,4.0,2.0,0.0,0.0,1000.0,4000.0,20.0,20.0,True,1.2746837455779314e-05,3.347777601447888e-05,,,,,,,,,,,,,,,,,,,,,,,,,,,,,,,,,,,,,,,,,,,,,,,,,0.004183039482684273,0.01190786773878447,0.017123977239512773,0.006038465899552067,0.013230577899853487,0.019528530632742572,0.12477727979421616,1.0046513080596924,0.016592183653011548,0.061943343591804936,0.21793112450306087,0.01945070200301246,0.07009292102401911,0.17379763587824051,,,0.004765265377742869,0.013736226283487245,0.02001646276112409,0.0057020186241640795,0.015228280026525234,0.023051553733170645,0.09902705252170563,1.0066992044448853,0.06206373889670055,0.06937757413619873,0.0,0.0,,,,,,,0.0008484498778777253,0.0018309996856048626,,,,,0.002681376324016716,0.006595564880712932,,,,,,,,,,,,,,,,,,,,,,,,,,,,,,,,,,,,,,,,,,,,,,,,,,,,,,,,,,,220.0,,,,,,0.009720296195131775,0.035532976270688514,0.2165293782781501,0.019050927512635634,0.07133476260654298,0.2173484100964947,0.011063039614376772,0.03993684162363778,0.171515766682344,0.02196276800361025,0.08055578006861348,0.17298045886300695,0.004516133444086038,0.017084103250809054,0.017632821762298998,0.18464143769248167,0.00432465698264198,0.02090416007694924,0.14160919189453125,0.13047326370153867,0.054032301902770974,0.005271083640733228,0.006986807128514683,0.002994365535552627,0.00408522290681454,0.0004451597229127567,0.00032518251515998805,0.0013101040192308212,0.000589156037794554,0.0002496054330531367,0.0030622692670688317,0.00031032963567066257,0.0001091224591659092,0.001680483624983617,0.0008148991456871721,0.0004328678516536588,0.00278109689839931,0.9339506030082703,,,,,,,,,,,,,,,,,,,,,,,,,,,,,,,,,,,,,,,
2d_euler,cpinn,cPINN,2026,True,False,<LOCAL_PATH_REDACTED>/PINN/paper/<LOCAL_PATH_REDACTED>/results/raw/runs/2d_euler/cpinn/seed_2026,<LOCAL_PATH_REDACTED>/PINN/paper/<LOCAL_PATH_REDACTED>/results/raw/runs/2d_euler/cpinn/seed_2026/metrics_final.json,cPINN,,,,,,,,,,,,,,,,,,,,,,,,,,,,,,,,,,,,,1.0,0.0282842712474619,0.7,0.05961757153272629,0.9999629259109497,0.05308641975308642,0.08092592592592593,0.6212702989578247,2.0,1.0000001192092896,13.75251293182373,0.05420513451099396,,,,3000,7000,10000,2026-07-04 02:01:32,AdamW,False,3807.5868487358093,334356,,,,,,,,analytical_rotated_sod_riemann_solution,True,Analytical rotated Sod Riemann solution,pointwise_analytic_on_fixed_evaluation_grids,,41,0.2,primitive_scaled_space_time_rel_l2,2026-07-21 00:37:38,4.0,2.0,0.0,0.0,1000.0,4000.0,20.0,20.0,True,1.6409561794716865e-05,4.9024638428818434e-05,,,,,,,,,,,,,,,,,,,,,,,,,,,,,,,,,,,,,,,,,,,,,,,,,0.004314944896982752,0.011840006809720168,0.017026390582502427,0.005991609621560456,0.01302334411833545,0.01922265047534152,0.12391822040081024,1.006390929222107,0.016657493301538772,0.0612514494091452,0.2154968794571717,0.01840739654919326,0.06774705144757769,0.1679809773554134,,,0.004770724477174515,0.013637823769068627,0.01987307037483026,0.00536229956627749,0.01481254515175439,0.02242224203231931,0.0996008813381195,1.0082626342773438,0.06156935137996907,0.06711980048328865,0.0,0.0,,,,,,,0.0004005577839254725,0.0011110912298744262,,,,,0.00404052978542189,0.007857510853237604,,,,,,,,,,,,,,,,,,,,,,,,,,,,,,,,,,,,,,,,,,,,,,,,,,,,,,,,,,,220.0,,,,,,0.009747285374419537,0.03557520134491694,0.21678668768563628,0.019134569466651482,0.07078122795917272,0.21566185684891698,0.010837215944065632,0.03860363119385259,0.16579006079982975,0.021134344419911105,0.07791070854332872,0.1673005972096344,0.004899510132902552,0.01715439758240114,0.017986160585478136,0.18042626043688337,0.0042923327068097265,0.02044266576678511,0.16716408729553223,0.18523920341406308,0.060744976997375466,0.00436448073167812,0.005370857155767739,0.003327805564298877,0.0042265254608422065,0.0002767685295200197,0.00020143931184664305,0.0010783946828653301,0.0004181795478738145,0.00018731660442561403,0.0030305764107143307,0.00032396950471320424,0.00014261799956962655,0.002371353784335589,0.0006151079595648263,0.0004052982439804202,0.0024750533857080753,0.9339506030082703,,,,,,,,,,,,,,,,,,,,,,,,,,,,,,,,,,,,,,,
2d_euler,cpinn,cPINN,31415,True,False,<LOCAL_PATH_REDACTED>/PINN/paper/<LOCAL_PATH_REDACTED>/results/raw/runs/2d_euler/cpinn/seed_31415,<LOCAL_PATH_REDACTED>/PINN/paper/<LOCAL_PATH_REDACTED>/results/raw/runs/2d_euler/cpinn/seed_31415/metrics_final.json,cPINN,,,,,,,,,,,,,,,,,,,,,,,,,,,,,,,,,,,,,1.0,0.0282842712474619,0.7,0.05863838642835617,0.9999951124191284,0.05274691358024691,0.07981481481481481,0.6318141222000122,2.0,1.0,13.51859188079834,0.05465257167816162,,,,3000,7000,10000,2026-07-04 06:11:48,AdamW,False,3756.240767478943,334356,,,,,,,,analytical_rotated_sod_riemann_solution,True,Analytical rotated Sod Riemann solution,pointwise_analytic_on_fixed_evaluation_grids,,41,0.2,primitive_scaled_space_time_rel_l2,2026-07-21 00:37:38,4.0,2.0,0.0,0.0,1000.0,4000.0,20.0,20.0,True,1.6320958820870146e-05,4.512488885666244e-05,,,,,,,,,,,,,,,,,,,,,,,,,,,,,,,,,,,,,,,,,,,,,,,,,0.004419462065578469,0.012132623379272029,0.017447184597587942,0.006158327619001848,0.01341744113074108,0.019804343553095963,0.12287876754999161,1.004375696182251,0.01686719399764078,0.06042569446148358,0.21259168103111076,0.018844653340760322,0.06684667775303828,0.16574847202917248,,,0.004693629390074242,0.013458073344148265,0.019611137613061484,0.005442779094393793,0.014478314773789587,0.021916306397862,0.09899897873401642,1.0075116157531738,0.060726074347801175,0.06630852722965433,0.0,0.0,,,,,,,0.0004434898941412666,0.000228791571635442,,,,,0.00048036768890762885,0.0019617009983409575,,,,,,,,,,,,,,,,,,,,,,,,,,,,,,,,,,,,,,,,,,,,,,,,,,,,,,,,,,,220.0,,,,,,0.009444471209972834,0.034844625032506654,0.2123347320288444,0.01901877885132641,0.06966810530571836,0.21227030650052478,0.010608296349123525,0.03809684612032558,0.16361358346974195,0.021096096565339235,0.07679376141702336,0.16490213460062667,0.004704713548941256,0.017243346751904805,0.017535800974109124,0.17463619166303757,0.004199250246850826,0.019706674813309615,0.18256127834320068,0.1651316957083746,0.06293807029724119,0.004801081261032387,0.006456530088935486,0.0024625935671380213,0.0028691927946689066,0.00036362164460672044,0.0001795942059624399,0.0029014908227623882,0.0006939466942525158,0.0002468450939962611,0.006089638920517587,0.00032266818180748836,0.00011210899455466224,0.0029808981020973957,0.0007895205452920576,0.0003297219192684407,0.008012636251492048,0.9339506030082703,,,,,,,,,,,,,,,,,,,,,,,,,,,,,,,,,,,,,,,
2d_euler,cpinn,cPINN,42,True,False,<LOCAL_PATH_REDACTED>/PINN/paper/<LOCAL_PATH_REDACTED>/results/raw/runs/2d_euler/cpinn/seed_42,<LOCAL_PATH_REDACTED>/PINN/paper/<LOCAL_PATH_REDACTED>/results/raw/runs/2d_euler/cpinn/seed_42/metrics_final.json,cPINN,,,,,,,,,,,,,,,,,,,,,,,,,,,,,,,,,,,,,1.0,0.0282842712474619,0.7,0.058884743601083755,0.9999659061431885,0.05305555555555556,0.07962962962962963,0.6611196398735046,2.0,1.0,13.833535194396973,0.05348976328969002,,,,3000,7000,10000,2026-07-04 04:06:52,AdamW,False,3726.7064051628113,334356,,,,,,,,analytical_rotated_sod_riemann_solution,True,Analytical rotated Sod Riemann solution,pointwise_analytic_on_fixed_evaluation_grids,,41,0.2,primitive_scaled_space_time_rel_l2,2026-07-21 00:37:38,4.0,2.0,0.0,0.0,1000.0,4000.0,20.0,20.0,True,1.3445929653244093e-05,4.137808718951419e-05,,,,,,,,,,,,,,,,,,,,,,,,,,,,,,,,,,,,,,,,,,,,,,,,,0.004283329052298845,0.011919695983561998,0.01714098671583523,0.005910955587826698,0.012970384650307277,0.01914448150936662,0.12415776401758194,1.00716233253479,0.0162567064209561,0.06054726842473646,0.21301940657812982,0.01809737236357393,0.06626584530390195,0.16430827942446322,,,0.004667482462137199,0.013517333190344,0.019697491206845306,0.0055191054061418405,0.014709155229961381,0.022265737270551825,0.09890728443861008,1.0074478387832642,0.06082605048417551,0.06601273515345679,0.0,0.0,,,,,,,0.0009351996923723301,0.002275254907733509,,,,,0.0031263369664199453,0.006501219142553278,,,,,,,,,,,,,,,,,,,,,,,,,,,,,,,,,,,,,,,,,,,,,,,,,,,,,,,,,,,220.0,,,,,,0.00980808967850531,0.03495598555165738,0.21301333614555976,0.018810036332520083,0.0698559861226691,0.2128427566687143,0.010785605712941652,0.03844756659916838,0.16511981404217455,0.020838096909585855,0.07653316845100117,0.16434255351531413,0.004306921720948685,0.01707600127763705,0.016858342323892918,0.1754226204403756,0.004387496231659258,0.02026611757378167,0.14657330513000488,0.16041386886511289,0.05835226774215696,0.005497671002556124,0.007187208265450218,0.0022231230037932205,0.002342143990153034,0.0002790611342015752,0.00010151083037288858,0.0015337038575589067,0.0003976829422603673,0.00011156286387710508,0.0017370597627709289,0.00016730793026096323,8.806400792625417e-05,0.000960562207240459,0.0004531922917459534,0.00017942504650907305,0.0027959579900823928,0.9339506030082703,,,,,,,,,,,,,,,,,,,,,,,,,,,,,,,,,,,,,,,
2d_euler,cpinn,cPINN,7,True,False,<LOCAL_PATH_REDACTED>/PINN/paper/<LOCAL_PATH_REDACTED>/results/raw/runs/2d_euler/cpinn/seed_7,<LOCAL_PATH_REDACTED>/PINN/paper/<LOCAL_PATH_REDACTED>/results/raw/runs/2d_euler/cpinn/seed_7/metrics_final.json,cPINN,,,,,,,,,,,,,,,,,,,,,,,,,,,,,,,,,,,,,1.0,0.0282842712474619,0.7,0.05951831117272377,0.9999853372573853,0.05333333333333334,0.07950617283950617,0.6477330923080444,2.0,1.0,13.569899559020996,0.054128073155879974,,,,3000,7000,10000,2026-07-04 03:04:37,AdamW,False,3777.31063747406,334356,,,,,,,,analytical_rotated_sod_riemann_solution,True,Analytical rotated Sod Riemann solution,pointwise_analytic_on_fixed_evaluation_grids,,41,0.2,primitive_scaled_space_time_rel_l2,2026-07-21 00:37:38,4.0,2.0,0.0,0.0,1000.0,4000.0,20.0,20.0,True,1.1901132893399335e-05,3.237880446249619e-05,,,,,,,,,,,,,,,,,,,,,,,,,,,,,,,,,,,,,,,,,,,,,,,,,0.004353587447881822,0.012302508392229369,0.017691485857816144,0.0060741868114201885,0.013101795513664662,0.0193384459068385,0.12463793903589249,1.0071556568145752,0.016272015515322945,0.061478467934773524,0.21629558355844258,0.017355598670142736,0.06472905579758145,0.16049776077095376,,,0.004746674440332451,0.013791130666820866,0.020096469563701376,0.005331665819074755,0.014405929571584866,0.02180673451087265,0.09885231405496597,1.0077182054519653,0.06184179215814785,0.06453180525946323,0.0,0.0,,,,,,,0.000633904922888103,0.0017030052130061332,,,,,0.0016833971001991995,0.0024850950777478733,,,,,,,,,,,,,,,,,,,,,,,,,,,,,,,,,,,,,,,,,,,,,,,,,,,,,,,,,,,220.0,,,,,,0.009599691929471582,0.03556353276623012,0.21671558218439146,0.01871465437551039,0.07096670906899111,0.21622699539916798,0.010629601901316848,0.03745410149142633,0.16085320399743624,0.020001737657678233,0.07469876964544339,0.16040347990876644,0.004917675700273599,0.01771125691406477,0.017308419652757284,0.17938034500004835,0.004543773451799976,0.020797144876442845,0.170890212059021,0.13961494728002988,0.06587938070297239,0.005157679140624403,0.006544731241581503,0.0031475974495256426,0.004210914531337068,0.0003241807719571346,0.00022086155698098318,0.0012784244103550228,0.0003836324591227208,0.00019073054333526573,0.0033359833008993756,0.0002509405538903572,0.00015568286388701995,0.002168903728098165,0.00045981817373385783,0.00029640824409545886,0.0017944107832586192,0.9339506030082703,,,,,,,,,,,,,,,,,,,,,,,,,,,,,,,,,,,,,,,
2d_euler,gpinn_subsampled,gPINN-subsampled,100,True,False,<LOCAL_PATH_REDACTED>/PINN/paper/<LOCAL_PATH_REDACTED>/results/raw/runs/2d_euler/gpinn_subsampled/seed_100,<LOCAL_PATH_REDACTED>/PINN/paper/<LOCAL_PATH_REDACTED>/results/raw/runs/2d_euler/gpinn_subsampled/seed_100/metrics_final.json,gPINN-subsampled,,,,,,,,,,,,,,,,,,,,,,,,,,,,,,,,,,,,,1.0,0.0282842712474619,0.7,0.06538455188274384,0.9999995231628418,0.04966049382716049,0.09876543209876543,0.6528716087341309,2.0,1.0,9.133136749267578,0.057262394577264786,,,,3000,7000,10000,2026-07-02 15:42:03,AdamW,False,7334.277628660202,83588,,,,,,,,analytical_rotated_sod_riemann_solution,True,Analytical rotated Sod Riemann solution,pointwise_analytic_on_fixed_evaluation_grids,,41,0.2,primitive_scaled_space_time_rel_l2,2026-07-21 00:37:38,,,,,,,,,,,,0.0001,1024.0,512.0,False,177.24725723266602,0.017724725723266603,,,,,,,,,,,,,,,,,,,,,,,,,,,,,,,,,,,,,,,,,,,0.007439318956584274,0.01969495052815269,0.028322105348798834,0.010004522762174924,0.019766274796586762,0.02917531688956887,0.12502093613147736,1.009737253189087,0.025744599538539727,0.08035313170396752,0.28270105122166744,0.028653250677469076,0.079101724652365,0.19613525214281735,,,0.007791957121371366,0.018927880464008146,0.02758175401567736,0.00893405150228679,0.018247274964695397,0.027621506736148046,0.10036991536617279,1.0134975910186768,0.08172295837169419,0.07941898112476616,0.0,0.0,,,,,,,0.0019258763461639686,0.004151832152281979,,,,,0.0009650312627692936,0.0013583189092467628,,,,,,,,,,,,,,,,,,,,,,,,,,,,,,,,,,,,,,,,,,,,,,,,,,,,,,,,,,,220.0,,,,,,0.0142070737148985,0.046291142343681424,0.2820870448651687,0.029338941508111126,0.09271206072685402,0.2824824567917341,0.015403371313012414,0.04477202778513754,0.19228132118855312,0.03239895523656444,0.09084634771142822,0.19507778212520774,0.0077626150278091695,0.025127557951016816,0.026256304437511715,0.19325928979859902,0.007137087187836335,0.023594556940473927,0.36122655868530273,0.22233999534521542,0.09495345354080198,0.006122004714175305,0.007097323405408251,0.0033751063066128567,0.003701505854432685,0.0006312470933810245,0.0005270823308401711,0.0016340010194677984,0.0005011751951443634,0.0001816955363988411,0.0029621460959262658,0.0002680625318076867,0.00011498610288296698,0.0014744337085786097,0.0009855900345410562,0.0006721468708695425,0.0028674360325151305,0.9339506030082703,,,,,,,,,,,,,,,,,,,,,,,,,,,,,,,,,,,,,,,
2d_euler,gpinn_subsampled,gPINN-subsampled,2026,True,False,<LOCAL_PATH_REDACTED>/PINN/paper/<LOCAL_PATH_REDACTED>/results/raw/runs/2d_euler/gpinn_subsampled/seed_2026,<LOCAL_PATH_REDACTED>/PINN/paper/<LOCAL_PATH_REDACTED>/results/raw/runs/2d_euler/gpinn_subsampled/seed_2026/metrics_final.json,gPINN-subsampled,,,,,,,,,,,,,,,,,,,,,,,,,,,,,,,,,,,,,1.0,0.0282842712474619,0.7,0.06316538900136948,0.9999983310699463,0.04839506172839506,0.0975,0.6407835483551025,2.0,1.0,8.438470840454102,0.05682612583041191,,,,3000,7000,10000,2026-07-02 09:46:39,AdamW,False,7383.885151147842,83588,,,,,,,,analytical_rotated_sod_riemann_solution,True,Analytical rotated Sod Riemann solution,pointwise_analytic_on_fixed_evaluation_grids,,41,0.2,primitive_scaled_space_time_rel_l2,2026-07-21 00:37:38,,,,,,,,,,,,0.0001,1024.0,512.0,False,310.7087631225586,0.03107087631225586,,,,,,,,,,,,,,,,,,,,,,,,,,,,,,,,,,,,,,,,,,,0.008107782358743579,0.019683221509198535,0.028305238563072065,0.011159751055003032,0.020208325951194532,0.02982779099760406,0.12517087161540985,1.0082942247390747,0.02700618303661409,0.08237797891123536,0.2898249357787346,0.0313641704521896,0.08621227954320795,0.21376610004809285,,,0.008147589017368038,0.0194306723863186,0.028314423642823765,0.009975315150157196,0.019786629258306796,0.029951678505498344,0.09955977648496628,1.0160598754882812,0.08357754138259756,0.08668308753274315,0.0,0.0,,,,,,,0.0015805548148044159,0.003940183368376576,,,,,0.001301356625217004,0.000592797422528644,,,,,,,,,,,,,,,,,,,,,,,,,,,,,,,,,,,,,,,,,,,,,,,,,,,,,,,,,,,220.0,,,,,,0.015216187207116151,0.047219643308310334,0.2877451055654655,0.030923369532054375,0.09493780439943544,0.2892640290692808,0.01796677283954078,0.04996587521619767,0.214587209384833,0.03600134758000788,0.09961896233578733,0.21391554773131868,0.009122509138714294,0.02589541966180845,0.029034603791903656,0.212897245820101,0.007846054999649276,0.02566894081785018,0.33185040950775146,0.22656572624121152,0.10569367408752439,0.007408089774113524,0.008873025142321467,0.0036816758210422578,0.003799644125258378,0.000667503641894387,0.0006740198432532507,0.0025081672139952507,0.0005416151827856136,0.0001817779982316095,0.005340166403438401,0.00025077584177589347,6.671946343096051e-05,0.0025211497703376134,0.0008356643466513302,0.000478499800171,0.004113093372090194,0.9339506030082703,,,,,,,,,,,,,,,,,,,,,,,,,,,,,,,,,,,,,,,
2d_euler,gpinn_subsampled,gPINN-subsampled,31415,True,False,<LOCAL_PATH_REDACTED>/PINN/paper/<LOCAL_PATH_REDACTED>/results/raw/runs/2d_euler/gpinn_subsampled/seed_31415,<LOCAL_PATH_REDACTED>/PINN/paper/<LOCAL_PATH_REDACTED>/results/raw/runs/2d_euler/gpinn_subsampled/seed_31415/metrics_final.json,gPINN-subsampled,,,,,,,,,,,,,,,,,,,,,,,,,,,,,,,,,,,,,1.0,0.0282842712474619,0.7,0.06733033806085587,0.9999991655349731,0.05351851851851852,0.10049382716049382,0.6525887250900269,2.0,1.0000001192092896,9.242085456848145,0.057080917060375214,,,,3000,7000,10000,2026-07-02 17:38:51,AdamW,False,7004.354888916016,83588,,,,,,,,analytical_rotated_sod_riemann_solution,True,Analytical rotated Sod Riemann solution,pointwise_analytic_on_fixed_evaluation_grids,,41,0.2,primitive_scaled_space_time_rel_l2,2026-07-21 00:37:38,,,,,,,,,,,,0.0001,1024.0,512.0,False,152.88927459716797,0.015288927459716798,,,,,,,,,,,,,,,,,,,,,,,,,,,,,,,,,,,,,,,,,,,0.007528077257822538,0.019867120743071117,0.028569692818382713,0.010537347649131733,0.020543658682305472,0.0303227471182837,0.12460900098085403,1.006270408630371,0.025939955929175505,0.08264825351000772,0.29077582483023984,0.02905177594866095,0.0827440472048066,0.20516650721782598,,,0.008228245780588719,0.019593910212664923,0.02855229420529374,0.009864398676413588,0.019676407405317505,0.029784832022354702,0.10053922235965729,1.0163543224334717,0.08410006853138544,0.08367048891125207,0.0,0.0,,,,,,,0.0008617158381145271,0.001970293903780969,,,,,0.0023959592161459844,0.007621522764563299,,,,,,,,,,,,,,,,,,,,,,,,,,,,,,,,,,,,,,,,,,,,,,,,,,,,,,,,,,,220.0,,,,,,0.014889979393195064,0.04788017341866737,0.29177021657896623,0.029700760662500113,0.0954597706415275,0.29085439719692835,0.016992268114013248,0.048113149562032144,0.20663035430798674,0.033340313714594026,0.09560666115691764,0.2052997823768487,0.008201062061535012,0.026026026121803013,0.026387081342918072,0.20240725519664418,0.00772265276880186,0.02536486341993102,0.313723087310791,0.23297537132177792,0.10081574916839597,0.007778085134919209,0.009259838631296313,0.003557381404899683,0.0036374723589017166,0.0006908268976843612,0.00033469850654843885,0.003836460312389159,0.0007368100325226114,0.00022820772533401097,0.005557570042569321,0.0003297617848043895,8.752526618667776e-05,0.0030583042769218166,0.00093572009729664,0.0006264247843536614,0.007846542196517292,0.9339506030082703,,,,,,,,,,,,,,,,,,,,,,,,,,,,,,,,,,,,,,,
2d_euler,gpinn_subsampled,gPINN-subsampled,42,True,False,<LOCAL_PATH_REDACTED>/PINN/paper/<LOCAL_PATH_REDACTED>/results/raw/runs/2d_euler/gpinn_subsampled/seed_42,<LOCAL_PATH_REDACTED>/PINN/paper/<LOCAL_PATH_REDACTED>/results/raw/runs/2d_euler/gpinn_subsampled/seed_42/metrics_final.json,gPINN-subsampled,,,,,,,,,,,,,,,,,,,,,,,,,,,,,,,,,,,,,1.0,0.0282842712474619,0.7,0.06325777620077133,0.9999967813491821,0.04691358024691358,0.09768518518518518,0.6326305866241455,2.0,1.0,9.070399284362793,0.05616239830851555,,,,3000,7000,10000,2026-07-02 13:39:45,AdamW,False,7129.658868074417,83588,,,,,,,,analytical_rotated_sod_riemann_solution,True,Analytical rotated Sod Riemann solution,pointwise_analytic_on_fixed_evaluation_grids,,41,0.2,primitive_scaled_space_time_rel_l2,2026-07-21 00:37:38,,,,,,,,,,,,0.0001,1024.0,512.0,False,228.78670501708984,0.022878670501708987,,,,,,,,,,,,,,,,,,,,,,,,,,,,,,,,,,,,,,,,,,,0.007334356208564336,0.01913206880015172,0.02751265951766718,0.0100897228672923,0.01952856694668197,0.028824456551974655,0.12570367753505707,1.008486270904541,0.02659148363562578,0.08094922583747034,0.2847982493593723,0.030431714837569884,0.08415702881074465,0.20867004022891736,,,0.008241915016656162,0.01926648897735536,0.028075175175036233,0.010073721033798189,0.019662954276918568,0.029764467574654292,0.10069696605205536,1.0155750513076782,0.08243437209908984,0.08475465982379767,0.0,0.0,,,,,,,0.0014990985938461443,0.003542513119919757,,,,,0.001457473376947825,0.004148143095465531,,,,,,,,,,,,,,,,,,,,,,,,,,,,,,,,,,,,,,,,,,,,,,,,,,,,,,,,,,,220.0,,,,,,0.015412486362249582,0.04720008331983683,0.2876259117182901,0.030645353419795983,0.09367918963682476,0.2854291818281642,0.01680616122594766,0.04904329180792191,0.21062501322295202,0.03458472350320096,0.09735849999290175,0.20906157185296648,0.00794715099984446,0.024879612229572023,0.027652270479237726,0.20776952821721373,0.007929411114150558,0.02547698209268878,0.29400384426116943,0.20812190338049374,0.09064701795578001,0.007426045886116116,0.00971571180420494,0.005108792734952788,0.006506651934306329,0.0004762901770425158,0.00016500559001762023,0.0024604311302770243,0.0004337888842795968,0.00011623426093338319,0.0021589997310547254,0.0003142711535818637,9.396011285050989e-05,0.0014024722742561058,0.0005159392815673935,0.00025807677403023865,0.0017781671217233785,0.9339506030082703,,,,,,,,,,,,,,,,,,,,,,,,,,,,,,,,,,,,,,,
2d_euler,gpinn_subsampled,gPINN-subsampled,7,True,False,<LOCAL_PATH_REDACTED>/PINN/paper/<LOCAL_PATH_REDACTED>/results/raw/runs/2d_euler/gpinn_subsampled/seed_7,<LOCAL_PATH_REDACTED>/PINN/paper/<LOCAL_PATH_REDACTED>/results/raw/runs/2d_euler/gpinn_subsampled/seed_7/metrics_final.json,gPINN-subsampled,,,,,,,,,,,,,,,,,,,,,,,,,,,,,,,,,,,,,1.0,0.0282842712474619,0.7,0.06397145241498947,0.9999988079071045,0.04845679012345679,0.09737654320987654,0.6615745425224304,2.0,0.9999999403953552,8.953034400939941,0.05644294619560242,,,,3000,7000,10000,2026-07-02 11:40:52,AdamW,False,6849.913972377777,83588,,,,,,,,analytical_rotated_sod_riemann_solution,True,Analytical rotated Sod Riemann solution,pointwise_analytic_on_fixed_evaluation_grids,,41,0.2,primitive_scaled_space_time_rel_l2,2026-07-21 00:37:38,,,,,,,,,,,,0.0001,1024.0,512.0,False,386.6858215332031,0.038668582153320315,,,,,,,,,,,,,,,,,,,,,,,,,,,,,,,,,,,,,,,,,,,0.007271990264207933,0.018921561739946566,0.027209942172565244,0.009787373480648877,0.01907436970586334,0.028154054639240974,0.12464075535535812,1.0105247497558594,0.026125412739784176,0.07966482170826121,0.28027941618111374,0.029714103473252786,0.08113259536615113,0.2011708609271828,,,0.00844740257547581,0.019017075177240123,0.02771172877141091,0.0098419943510501,0.01908486701808378,0.02888939767271658,0.10035695880651474,1.0124465227127075,0.0809593931452973,0.08186512522663256,0.0,0.0,,,,,,,0.0018842655609507242,0.0039049106678382575,,,,,0.0034557916334084543,0.0018259964723863823,,,,,,,,,,,,,,,,,,,,,,,,,,,,,,,,,,,,,,,,,,,,,,,,,,,,,,,,,,,220.0,,,,,,0.014629490661818519,0.04594247297447646,0.27996233791229624,0.029874204379073396,0.09193899090138849,0.2801270063588887,0.016585480441648603,0.04746681906496477,0.2038545746962841,0.03393638667846944,0.09395908005352072,0.20176186945443805,0.007663243994400631,0.02429308004469875,0.027521713581404535,0.2002525391567187,0.007958189264635564,0.024709041313543872,0.30999958515167236,0.21178782745275937,0.09130964279174802,0.007375424885490174,0.009247581248840675,0.0050336915823117065,0.006731148322170227,0.000570004986381131,0.00041575437561910234,0.002987689073775607,0.0005410423913342494,0.00025411779294106165,0.005281835268729856,0.0003734113740841589,0.00021119679055808577,0.0034032368652452683,0.0012299082240846023,0.0010940078670663954,0.004524396959737199,0.9339506030082703,,,,,,,,,,,,,,,,,,,,,,,,,,,,,,,,,,,,,,,
2d_euler,lra_pinn,LRA-PINN,100,True,False,<LOCAL_PATH_REDACTED>/PINN/paper/<LOCAL_PATH_REDACTED>/results/raw/runs/2d_euler/lra_pinn/seed_100,<LOCAL_PATH_REDACTED>/PINN/paper/<LOCAL_PATH_REDACTED>/results/raw/runs/2d_euler/lra_pinn/seed_100/metrics_final.json,LRA-PINN,,,,,,,,,,,,,,,,,,,,,,,,,,,,,,,,,,,,,1.0,0.0282842712474619,0.7,0.06323432177305222,0.9988406300544739,0.05617283950617284,0.08608024691358025,0.6902686953544617,2.0,1.0000001192092896,18.8387451171875,0.05235297977924347,,,,3000,7000,10000,2026-07-01 22:34:12,AdamW,False,829.4121508598328,83588,,,,,,,,analytical_rotated_sod_riemann_solution,True,Analytical rotated Sod Riemann solution,pointwise_analytic_on_fixed_evaluation_grids,,41,0.2,primitive_scaled_space_time_rel_l2,2026-07-21 00:37:38,,,,,,,,,,,,,,,,,,0.9,500.0,324.3437232347899,10000.0,32434.372323478987,10000.0,1.0,,,,,,,,,,,,,,,,,,,,,,,,,,,,,,,,,,,,0.002156391609237521,0.006998703489103155,0.010064407993310029,0.003259028741520157,0.008212981497736584,0.012122483384982976,0.11197662353515625,1.00392484664917,0.0023921677507569767,0.015067864758668949,0.05301226121011661,0.003610970294820432,0.016895602817810305,0.041893186695228936,,,0.001873758677350191,0.006023823255296801,0.008777930079252518,0.0025781829108604327,0.006353394123597804,0.009617343900494547,0.09896565973758698,1.0012128353118896,0.017369305430175088,0.019349977932888684,0.0,0.0,,,,,,,0.0021471294130665547,0.002013805766942649,,,,,0.004234218577440383,0.0005173063369949387,,,,,,,,,,,,,,,,,,,,,,,,,,,,,,,,,,,,,,,,,,,,,,,,,,,,,,,,,,,220.0,,,,,,0.001746709400386833,0.00944643776357271,0.057564310974336626,0.0026133803036560454,0.01757570400636562,0.05355104836025313,0.002519424833507755,0.010684810880483054,0.045887793213402646,0.004020610112625169,0.01969455956185832,0.04229086909981319,0.002739763173568347,0.011092529150759622,0.003344950431985104,0.04884607266877339,0.0021978388639366914,0.009315398881445298,0.08442866802215576,0.1795362310019537,0.0850656986236572,0.0015354303406363429,0.001876560688640505,0.001200497117546165,0.0009738882147968531,0.0005115229605820833,0.000329968295850292,0.0020837580874011503,0.00029630958984382507,0.0002467276834466122,0.0013041889105282548,0.00021234516558011314,0.0001407688321289416,0.0012825563799470363,0.0010136255930714509,0.0005734366191779312,0.004595105784507458,0.9339506030082703,,,,,,,,,,,,,,,,,,,,,,,,,,,,,,,,,,,,,,,
2d_euler,lra_pinn,LRA-PINN,2026,True,False,<LOCAL_PATH_REDACTED>/PINN/paper/<LOCAL_PATH_REDACTED>/results/raw/runs/2d_euler/lra_pinn/seed_2026,<LOCAL_PATH_REDACTED>/PINN/paper/<LOCAL_PATH_REDACTED>/results/raw/runs/2d_euler/lra_pinn/seed_2026/metrics_final.json,LRA-PINN,,,,,,,,,,,,,,,,,,,,,,,,,,,,,,,,,,,,,1.0,0.0282842712474619,0.7,0.055331479758024216,0.9988106489181519,0.04799382716049383,0.08296296296296296,0.6266379952430725,2.0,1.0000001192092896,18.564023971557617,0.053381942212581635,,,,3000,7000,10000,2026-07-01 21:53:45,AdamW,False,852.131872177124,83588,,,,,,,,analytical_rotated_sod_riemann_solution,True,Analytical rotated Sod Riemann solution,pointwise_analytic_on_fixed_evaluation_grids,,41,0.2,primitive_scaled_space_time_rel_l2,2026-07-21 00:37:38,,,,,,,,,,,,,,,,,,0.9,500.0,9999.030425430488,10000.0,999903.0425430489,10000.0,1.0,,,,,,,,,,,,,,,,,,,,,,,,,,,,,,,,,,,,0.0034316655182867854,0.009096995982814477,0.01308183426074529,0.004927027278216073,0.01131838095588999,0.016706099377004197,0.1147102564573288,1.001550316810608,0.0038965450961896938,0.017895340494774495,0.06295998006002583,0.005430186010590873,0.020364515146363497,0.05049446558279066,,,0.0028544109557186214,0.008143639208711645,0.011866931105900782,0.0038168308158817495,0.00905842328236317,0.013712036465541984,0.09472819417715073,1.0008171796798706,0.020808963614573187,0.023786381812767377,0.0,0.0,,,,,,,0.002653996118597203,0.000375982226677789,,,,,0.008282550353769205,0.003979075974681952,,,,,,,,,,,,,,,,,,,,,,,,,,,,,,,,,,,,,,,,,,,,,,,,,,,,,,,,,,,220.0,,,,,,0.0026645617414485416,0.009814971748676597,0.0598100681003655,0.003949885191267865,0.020067196856190146,0.06114232629949555,0.004100257654746683,0.011092200085177684,0.047637397562184026,0.005869584727165803,0.022848236008208088,0.04906287724535394,0.004089717495492594,0.014930034541110693,0.0047513589028744755,0.054158959894996535,0.003240972679143779,0.012845935440549638,0.1031186580657959,0.226273425063233,0.06385073661804197,0.0023897785557346913,0.002676475726514471,0.0011497156924345246,0.001212685971977906,0.000481660189764398,0.0003909564019492275,0.0014834802061551352,0.0007885587644627812,0.000508940642284475,0.0030057222144667384,0.0004379348756651695,0.0002733537377628695,0.0015104801712211152,0.0018681193635257294,0.0012949163699048903,0.006527710374633795,0.9339506030082703,,,,,,,,,,,,,,,,,,,,,,,,,,,,,,,,,,,,,,,
2d_euler,lra_pinn,LRA-PINN,31415,True,False,<LOCAL_PATH_REDACTED>/PINN/paper/<LOCAL_PATH_REDACTED>/results/raw/runs/2d_euler/lra_pinn/seed_31415,<LOCAL_PATH_REDACTED>/PINN/paper/<LOCAL_PATH_REDACTED>/results/raw/runs/2d_euler/lra_pinn/seed_31415/metrics_final.json,LRA-PINN,,,,,,,,,,,,,,,,,,,,,,,,,,,,,,,,,,,,,1.0,0.0282842712474619,0.7,0.06230289116501808,0.9987159967422485,0.05382716049382716,0.09228395061728395,0.6563705801963806,2.0,1.0,18.202835083007812,0.05462634563446045,,,,3000,7000,10000,2026-07-01 22:48:22,AdamW,False,847.4435105323792,83588,,,,,,,,analytical_rotated_sod_riemann_solution,True,Analytical rotated Sod Riemann solution,pointwise_analytic_on_fixed_evaluation_grids,,41,0.2,primitive_scaled_space_time_rel_l2,2026-07-21 00:37:38,,,,,,,,,,,,,,,,,,0.9,500.0,918.5893812249853,10000.0,91858.93812249854,10000.0,1.0,,,,,,,,,,,,,,,,,,,,,,,,,,,,,,,,,,,,0.003185340002202859,0.008368106612193286,0.012033662978829948,0.004921371762386353,0.010295679617013078,0.015196576922612708,0.12017210572957993,1.0068436861038208,0.0030340720206481825,0.016734173715360526,0.05887472461045137,0.004932562143346009,0.0191335766453126,0.047442314263246695,,,0.002782958364613495,0.007629743682956504,0.011118081280475903,0.004118614101912634,0.008231204793999303,0.012459848339215351,0.09882308542728424,1.005410075187683,0.019984576226923553,0.02259389927320552,0.0,0.0,,,,,,,0.0025797917744206094,0.00019202880189536815,,,,,0.0070251705744562454,0.0021358436652901026,,,,,,,,,,,,,,,,,,,,,,,,,,,,,,,,,,,,,,,,,,,,,,,,,,,,,,,,,,,220.0,,,,,,0.0027954274258328083,0.010823708847503603,0.06595706843017728,0.0034869831874136527,0.019429482992703452,0.0591992891425651,0.0037799800789883532,0.011886910453169742,0.05105042053833969,0.005321842241558122,0.021979523984261305,0.04719745921583287,0.004048658058694215,0.01381788192125245,0.00448324455672041,0.0583445228891277,0.0035683484581517087,0.012161340185120974,0.14963459968566895,0.20775903030310117,0.10842881202697752,0.0018935410316905908,0.004779397090793225,0.001216349629654673,0.0022413533627451965,0.0008152764292262845,0.00043251738014028025,0.00684978456282751,0.0005902637571659027,0.0002920462406703333,0.0036332892646245285,0.00035462307004408586,0.00021345913011510233,0.001333082976301872,0.00251114012825879,0.0010995954030975396,0.017543988016458026,0.9339506030082703,,,,,,,,,,,,,,,,,,,,,,,,,,,,,,,,,,,,,,,
2d_euler,lra_pinn,LRA-PINN,42,True,False,<LOCAL_PATH_REDACTED>/PINN/paper/<LOCAL_PATH_REDACTED>/results/raw/runs/2d_euler/lra_pinn/seed_42,<LOCAL_PATH_REDACTED>/PINN/paper/<LOCAL_PATH_REDACTED>/results/raw/runs/2d_euler/lra_pinn/seed_42/metrics_final.json,LRA-PINN,,,,,,,,,,,,,,,,,,,,,,,,,,,,,,,,,,,,,1.0,0.0282842712474619,0.7,0.05847156047821045,0.9988904595375061,0.05280864197530864,0.08006172839506173,0.6675205230712891,2.0,1.0000001192092896,18.545764923095703,0.05357155203819275,,,,3000,7000,10000,2026-07-01 22:20:19,AdamW,False,858.0163304805756,83588,,,,,,,,analytical_rotated_sod_riemann_solution,True,Analytical rotated Sod Riemann solution,pointwise_analytic_on_fixed_evaluation_grids,,41,0.2,primitive_scaled_space_time_rel_l2,2026-07-21 00:37:38,,,,,,,,,,,,,,,,,,0.9,500.0,7443.375760534054,10000.0,744337.5760534054,10000.0,1.0,,,,,,,,,,,,,,,,,,,,,,,,,,,,,,,,,,,,0.0026374876480225484,0.008748674612900196,0.012580934574815714,0.004416566613616948,0.011414748748446767,0.016848339678463414,0.11001802980899811,1.004103660583496,0.003739778142229908,0.01923530401750504,0.0676742841380573,0.004713150821745592,0.02437585108316158,0.06044070112760458,,,0.0025539942359441704,0.008209371653090484,0.011962716585693612,0.004836415129069359,0.010524449044340065,0.015931208398784525,0.09740845859050751,1.0032787322998047,0.022200997765016665,0.02784259916447333,0.0,0.0,,,,,,,0.0029318146264964216,0.0037516763954947513,,,,,0.0049511617338547035,0.00903311280129364,,,,,,,,,,,,,,,,,,,,,,,,,,,,,,,,,,,,,,,,,,,,,,,,,,,,,,,,,,,220.0,,,,,,0.002916305200840952,0.011842005874211674,0.07216232465233824,0.004169074201333643,0.022015984307571727,0.06708004640532984,0.004553609049851715,0.01443088168929536,0.06197595093190142,0.005505926604165785,0.02782475184644308,0.059749137033337986,0.0036944852441020133,0.015565608394860172,0.004990629063214173,0.07036359130835669,0.004070482761964628,0.01517891869747923,0.10604345798492432,0.20286119743261777,0.108769154548645,0.002163722010795436,0.0036716363020198872,0.0006727990282490944,0.0013481650445591187,0.0007723692262799272,0.0004692995928578439,0.0025887867104922233,0.00014316884739395323,9.103234181956832e-05,0.0005133923623054648,0.00017370672547233762,0.00013329825879317055,0.0005990669866056814,0.0018170769744748495,0.0015295444452018514,0.006579132502807547,0.9339506030082703,,,,,,,,,,,,,,,,,,,,,,,,,,,,,,,,,,,,,,,
2d_euler,lra_pinn,LRA-PINN,7,True,False,<LOCAL_PATH_REDACTED>/PINN/paper/<LOCAL_PATH_REDACTED>/results/raw/runs/2d_euler/lra_pinn/seed_7,<LOCAL_PATH_REDACTED>/PINN/paper/<LOCAL_PATH_REDACTED>/results/raw/runs/2d_euler/lra_pinn/seed_7/metrics_final.json,LRA-PINN,,,,,,,,,,,,,,,,,,,,,,,,,,,,,,,,,,,,,1.0,0.0282842712474619,0.7,0.063399538397789,0.9990285634994507,0.0517283950617284,0.10092592592592593,0.6481236815452576,2.0,1.0,18.771587371826172,0.05370220169425011,,,,3000,7000,10000,2026-07-01 22:05:58,AdamW,False,729.8002943992615,83588,,,,,,,,analytical_rotated_sod_riemann_solution,True,Analytical rotated Sod Riemann solution,pointwise_analytic_on_fixed_evaluation_grids,,41,0.2,primitive_scaled_space_time_rel_l2,2026-07-21 00:37:38,,,,,,,,,,,,,,,,,,0.9,500.0,9239.049419014047,10000.0,923904.9419014048,10000.0,1.0,,,,,,,,,,,,,,,,,,,,,,,,,,,,,,,,,,,,0.003397055889849413,0.009317943663254469,0.013399565624073632,0.004783547812314426,0.010808435006523858,0.015953411537620418,0.11026496440172195,1.0022474527359009,0.003717962324602486,0.018967760242163473,0.06673300276005793,0.0053578649894249495,0.01953764785028255,0.048444221718725464,,,0.002849265628463351,0.008173325473337396,0.011910190003805846,0.003126463506931519,0.007375888909499141,0.01116512825027247,0.09819299727678299,1.0014901161193848,0.02193230812692112,0.022650915042024142,0.0,0.0,,,,,,,0.0034019939223716043,0.0003414613361552406,,,,,0.010635873891408305,0.00260153465263281,,,,,,,,,,,,,,,,,,,,,,,,,,,,,,,,,,,,,,,,,,,,,,,,,,,,,,,,,,,220.0,,,,,,0.0027724375768507933,0.0109434322020721,0.06668663364679765,0.0036518543584087835,0.021401811226613516,0.0652087351709095,0.004256809739270323,0.011532773310925285,0.04952951650603881,0.0053989001725175964,0.021825046783894797,0.046865744508576467,0.004023891945682571,0.014483489007329233,0.004561835107090447,0.05515783896184656,0.002825902262679193,0.010925926598962998,0.17274248600006104,0.2478655652609869,0.10544428825378416,0.0016143821370670892,0.00031610610828036734,0.0015657749939535705,0.0022295194157722076,0.0005451665030666306,0.000536710262779916,0.0017277199776501541,0.00033002558488061964,0.00022058043217624591,0.0013089093780621064,0.00030679612702935944,0.00022538264840237746,0.0009736606321297768,0.0020634764873584256,0.0016705222606624194,0.006242159725606183,0.9339506030082703,,,,,,,,,,,,,,,,,,,,,,,,,,,,,,,,,,,,,,,
2d_euler,ours,Ours,100,True,False,<LOCAL_PATH_REDACTED>/PINN/paper/<LOCAL_PATH_REDACTED>/results/raw/runs/2d_euler/ours/seed_100,<LOCAL_PATH_REDACTED>/PINN/paper/<LOCAL_PATH_REDACTED>/results/raw/runs/2d_euler/ours/seed_100/metrics_final.json,Ours,,,,,,,,,,,,,,,,,,,,,,,,,,,,,,,,,,,,,1.0,0.0282842712474619,0.7,0.06154116615653038,0.9974576830863953,0.054475308641975306,0.08151234567901235,0.6494892239570618,2.0,0.9999999403953552,17.16438102722168,0.05253303423523903,,,,3000,7000,10000,2026-08-04 05:01:54,AdamW,False,962.4058675765991,83588,,,,,,,,analytical_rotated_sod_riemann_solution,True,Analytical rotated Sod Riemann solution,pointwise_analytic_on_fixed_evaluation_grids,,41,0.2,primitive_scaled_space_time_rel_l2,2026-08-14T05:09:48,,,,,,,,,,,,,,,,,,,,,,,,,250.0621621608734,712.3437054157257,,,,,,,,,,,,,,,,,,,,,,,,,,,,,,,,,,0.0023304854557023432,0.007565691905427261,0.010879759402074708,0.0038185101306328676,0.009774865559109638,0.014427847592668405,0.1246175765991211,1.0030431747436523,0.005780835622696225,0.025088431022484783,0.08826694956568246,0.00809731465582768,0.02994449368400389,0.07424832827365552,,,0.0023984332406331477,0.007824222994966582,0.011401477012776731,0.003017872980400849,0.0091181138740189,0.013802392098516953,0.10000579804182053,1.0024783611297607,0.026408666111114573,0.031101174385797292,0.0,0.0,,,,,,,0.002822540962138177,0.005709690967567169,,,,,0.005774703014524392,0.004039214017619114,,,,,,,,,,,,,,,,,,,,,,,,,,,,,,,,,,,,,,,,,,,,,,,,,,,,,,,,,,,220.0,valid_mask_all_probe_bounds_v1,"xm2,xp2,ym2,yp2 each satisfy lower and upper bounds",<LOCAL_PATH_REDACTED>/PINN/paper/<LOCAL_PATH_REDACTED>/results/raw/runs/2d_euler/_shared_warmup/seed_100/model_warmup.pt,191e1ff9bf9d05c82a5e3e11f97c20479d89432f2e7350348344fecf062cbced,True,0.0035165556340392883,0.01455391504263514,0.08868804435879417,0.006503198911758388,0.02889392097032937,0.08803628910904704,0.0042598951660551875,0.016598701386279283,0.07128603260689333,0.008831911740623252,0.03404501404827955,0.07310614020561712,0.003015861389304639,0.012722969716316028,0.007213063396244643,0.07463019406718323,0.002499759147638553,0.012380586545683634,0.07543212175369263,0.0801240281668707,0.04319832324981687,0.001637840027084309,0.0030848028158035334,0.000992393148355672,0.002574408782048593,0.0004982676889952534,0.0002778859941964084,0.001480150583445649,0.0004509304432182034,0.0002955545886375501,0.0014963381665657055,0.00037972573774091206,0.00019543468280267418,0.001286524632056682,0.0006540632460681192,0.0004124442946866168,0.003530533452404291,0.9197530746459961,,,,,,,,,,,,,,,,,,,,,,,,,,,,,,,,,,,,,,,
2d_euler,ours,Ours,2026,True,False,<LOCAL_PATH_REDACTED>/PINN/paper/<LOCAL_PATH_REDACTED>/results/raw/runs/2d_euler/ours/seed_2026,<LOCAL_PATH_REDACTED>/PINN/paper/<LOCAL_PATH_REDACTED>/results/raw/runs/2d_euler/ours/seed_2026/metrics_final.json,Ours,,,,,,,,,,,,,,,,,,,,,,,,,,,,,,,,,,,,,1.0,0.0282842712474619,0.7,0.05784481018781662,0.9944546818733215,0.05274691358024691,0.0737037037037037,0.646155059337616,2.0,1.0,17.090810775756836,0.05245266854763031,,,,3000,7000,10000,2026-08-04 04:25:44,AdamW,False,1042.1072363853455,83588,,,,,,,,analytical_rotated_sod_riemann_solution,True,Analytical rotated Sod Riemann solution,pointwise_analytic_on_fixed_evaluation_grids,,41,0.2,primitive_scaled_space_time_rel_l2,2026-08-14T05:09:48,,,,,,,,,,,,,,,,,,,,,,,,,319.3897190093994,722.717517375946,,,,,,,,,,,,,,,,,,,,,,,,,,,,,,,,,,0.002413005551589272,0.008342244590685596,0.011996472385402121,0.003469717560845034,0.01039962403587379,0.0153500004376843,0.12455660104751587,1.0032342672348022,0.0058206540441346,0.02428499799995633,0.08544028487647308,0.007619065032166556,0.02821083427079422,0.06994966439958686,,,0.002416176798913135,0.007865529890484422,0.011461669522629633,0.002901277035122056,0.008671556434574573,0.013126423256837673,0.0999051034450531,1.0034339427947998,0.025942260977573985,0.029967838935482508,0.0,0.0,,,,,,,0.0022523475587139775,0.0037730991630618347,,,,,0.008248836202136154,0.008239407744609696,,,,,,,,,,,,,,,,,,,,,,,,,,,,,,,,,,,,,,,,,,,,,,,,,,,,,,,,,,,220.0,valid_mask_all_probe_bounds_v1,"xm2,xp2,ym2,yp2 each satisfy lower and upper bounds",<LOCAL_PATH_REDACTED>/PINN/paper/<LOCAL_PATH_REDACTED>/results/raw/runs/2d_euler/_shared_warmup/seed_2026/model_warmup.pt,83e052e489d48dc96a35d2623c86d09513e037efe348fc4207fc5e1e74bcfb71,True,0.0034090043872174428,0.014072111512244592,0.08575204997169461,0.0065949678338765505,0.027991044928102598,0.08528533480399683,0.0049499306511729905,0.016371963443478115,0.07031226676777144,0.008782281383807822,0.032508823372931483,0.06980742014237094,0.002805183087731212,0.013626004682697493,0.007074275575819165,0.07111862958194609,0.0024119250674670394,0.011829337040713204,0.06554520130157471,0.09306729598913632,0.05278668403625486,0.0011823983943691498,0.0032627758038333843,0.0006733481960546091,0.001809087692394351,0.0003641143653822985,0.000301435044061776,0.001107852242771823,0.00036825656519099857,0.0002896042458017285,0.0012550421739313256,0.00020459784211027295,0.00012232572771843364,0.0007165707611154135,0.0011115473741494786,0.0003170491452428575,0.009857712170568356,0.9197530746459961,,,,,,,,,,,,,,,,,,,,,,,,,,,,,,,,,,,,,,,
2d_euler,ours,Ours,31415,True,False,<LOCAL_PATH_REDACTED>/PINN/paper/<LOCAL_PATH_REDACTED>/results/raw/runs/2d_euler/ours/seed_31415,<LOCAL_PATH_REDACTED>/PINN/paper/<LOCAL_PATH_REDACTED>/results/raw/runs/2d_euler/ours/seed_31415/metrics_final.json,Ours,,,,,,,,,,,,,,,,,,,,,,,,,,,,,,,,,,,,,1.0,0.0282842712474619,0.7,0.057895831763744354,0.99831223487854,0.05277777777777778,0.07367283950617284,0.6396133899688721,2.0,1.0000001192092896,17.27475929260254,0.05226484313607216,,,,3000,7000,10000,2026-08-04 05:14:11,AdamW,False,982.9939737319946,83588,,,,,,,,analytical_rotated_sod_riemann_solution,True,Analytical rotated Sod Riemann solution,pointwise_analytic_on_fixed_evaluation_grids,,41,0.2,primitive_scaled_space_time_rel_l2,2026-08-14T05:09:48,,,,,,,,,,,,,,,,,,,,,,,,,248.5616099834442,734.4323637485504,,,,,,,,,,,,,,,,,,,,,,,,,,,,,,,,,,0.0023188007793152115,0.008381892785066075,0.012053488031952156,0.003518321836809609,0.010720041129444614,0.01582294085452894,0.12458851933479309,1.0023820400238037,0.005507058280601765,0.024469040821536028,0.08608779043135381,0.007605830789057697,0.0289696036804653,0.07183105737980482,,,0.002458788163428793,0.008179634772987408,0.011919383930790367,0.003078643008474432,0.008988738355240557,0.0136065520747138,0.10012932866811752,1.003221035003662,0.026240333450010415,0.030963381046837223,0.0,0.0,,,,,,,0.0018188235239253254,0.003419747427132544,,,,,0.009336426396376806,0.009898600665946283,,,,,,,,,,,,,,,,,,,,,,,,,,,,,,,,,,,,,,,,,,,,,,,,,,,,,,,,,,,220.0,valid_mask_all_probe_bounds_v1,"xm2,xp2,ym2,yp2 each satisfy lower and upper bounds",<LOCAL_PATH_REDACTED>/PINN/paper/<LOCAL_PATH_REDACTED>/results/raw/runs/2d_euler/_shared_warmup/seed_31415/model_warmup.pt,421951f7447c5cb4f6d87a7813b7392698ad6ad93eeab8763629c78cfec74f63,True,0.003463814445149126,0.014266323436849228,0.08693553054952435,0.006311501759123403,0.028231367038266855,0.08601756726187067,0.005285807619225342,0.01722021949348872,0.07395525106111109,0.008944373270866992,0.03357438577025092,0.07209554238857706,0.002873043034605689,0.014084567041181769,0.007225612698870668,0.07585826561700965,0.0025828968669762294,0.012589431228239608,0.06683206558227539,0.08586467071447812,0.0467041492462158,0.0013179712347534947,0.0027495950799049096,0.0009500372143039817,0.001974851882288464,0.0003542465696424834,0.000205078279019712,0.00395613365208675,0.0004262183934120804,0.00023356813309226288,0.0032629211395544255,0.00025767121664925133,0.00014534599013883188,0.0019525326253853545,0.0018928611513481248,0.0007423305948437867,0.019632721482550075,0.9197530746459961,,,,,,,,,,,,,,,,,,,,,,,,,,,,,,,,,,,,,,,
2d_euler,ours,Ours,42,True,False,<LOCAL_PATH_REDACTED>/PINN/paper/<LOCAL_PATH_REDACTED>/results/raw/runs/2d_euler/ours/seed_42,<LOCAL_PATH_REDACTED>/PINN/paper/<LOCAL_PATH_REDACTED>/results/raw/runs/2d_euler/ours/seed_42/metrics_final.json,Ours,,,,,,,,,,,,,,,,,,,,,,,,,,,,,,,,,,,,,1.0,0.0282842712474619,0.7,0.061912525445222855,0.9991758465766907,0.05382716049382716,0.09083333333333334,0.6802438497543335,2.0,1.0,17.353002548217773,0.052187006920576096,,,,3000,7000,10000,2026-08-04 04:49:58,AdamW,False,1057.6036975383759,83588,,,,,,,,analytical_rotated_sod_riemann_solution,True,Analytical rotated Sod Riemann solution,pointwise_analytic_on_fixed_evaluation_grids,,41,0.2,primitive_scaled_space_time_rel_l2,2026-08-14T05:09:48,,,,,,,,,,,,,,,,,,,,,,,,,326.43430352211,731.1693940162659,,,,,,,,,,,,,,,,,,,,,,,,,,,,,,,,,,0.002007066250348945,0.007550881004617279,0.010858460750298391,0.003325276418105232,0.010081941075847202,0.014881095642796372,0.12440544366836548,1.0012907981872559,0.0058063773792659795,0.024214175565072507,0.0851911150386938,0.007851032043116154,0.029316903670203436,0.07269219879430432,,,0.0021755965828298943,0.0075887848285188225,0.011058395936941943,0.002771684434277903,0.008949680148217554,0.013547428368271327,0.09996217489242554,1.0011647939682007,0.025532982876697464,0.030539368246849604,0.0,0.0,,,,,,,0.0014647661646908126,0.003111966175574098,,,,,0.009955231490561175,0.012628907844632295,,,,,,,,,,,,,,,,,,,,,,,,,,,,,,,,,,,,,,,,,,,,,,,,,,,,,,,,,,,220.0,valid_mask_all_probe_bounds_v1,"xm2,xp2,ym2,yp2 each satisfy lower and upper bounds",<LOCAL_PATH_REDACTED>/PINN/paper/<LOCAL_PATH_REDACTED>/results/raw/runs/2d_euler/_shared_warmup/seed_42/model_warmup.pt,54a008fedda4fa2756b5ea26e920113fc59c960904b0ac02b1ea5e3d8eb4edd0,True,0.00327899943281749,0.013951083258398028,0.08501453301392982,0.006468914798055185,0.027848677315108126,0.08485155787388697,0.003987818502553332,0.016047135750867872,0.06891723730443182,0.008480562077554077,0.0332784916058174,0.07146015771109022,0.002661050815641882,0.013278003165870784,0.006663241064220152,0.07459601833734544,0.002316633707459243,0.012369413516283767,0.0653916597366333,0.07180608077917539,0.03966293334960935,0.0018375463971857975,0.003716499908605564,0.0010570175574080558,0.0023465053807475156,0.00027563691605067016,6.347190080490165e-05,0.001678799987117792,0.00031593707290559375,6.424964012735797e-05,0.0017241420463968704,0.00017933789342372889,4.643545554747356e-05,0.0009393999751793128,0.0007059307322505505,0.000294095349534112,0.004603033512807289,0.9197530746459961,,,,,,,,,,,,,,,,,,,,,,,,,,,,,,,,,,,,,,,
2d_euler,ours,Ours,7,True,False,<LOCAL_PATH_REDACTED>/PINN/paper/<LOCAL_PATH_REDACTED>/results/raw/runs/2d_euler/ours/seed_7,<LOCAL_PATH_REDACTED>/PINN/paper/<LOCAL_PATH_REDACTED>/results/raw/runs/2d_euler/ours/seed_7/metrics_final.json,Ours,,,,,,,,,,,,,,,,,,,,,,,,,,,,,,,,,,,,,1.0,0.0282842712474619,0.7,0.05992598086595535,0.9993621706962585,0.05280864197530864,0.07882716049382717,0.6573169827461243,2.0,1.0000001192092896,17.359859466552734,0.05223679915070534,,,,3000,7000,10000,2026-08-04 04:37:43,AdamW,False,1040.9743123054504,83588,,,,,,,,analytical_rotated_sod_riemann_solution,True,Analytical rotated Sod Riemann solution,pointwise_analytic_on_fixed_evaluation_grids,,41,0.2,primitive_scaled_space_time_rel_l2,2026-08-14T05:09:48,,,,,,,,,,,,,,,,,,,,,,,,,324.98186016082764,715.9924521446228,,,,,,,,,,,,,,,,,,,,,,,,,,,,,,,,,,0.0019885202079635653,0.008027398230708199,0.011543711066544313,0.0032874262471280415,0.010935404246016847,0.016140820031914707,0.12465405464172363,1.0021158456802368,0.0054947207110739305,0.02522298859789683,0.08874035448733464,0.007337677960613596,0.03129234793104018,0.07759037591871057,,,0.0022106872942088264,0.00799855885427142,0.011655519656199024,0.00269853345501074,0.009890575569708666,0.014971693047408936,0.0997694730758667,1.0020337104797363,0.02670763368973686,0.03334270092226378,0.0,0.0,,,,,,,0.0013215529141716424,0.002800367363986033,,,,,0.009451004745941372,0.013216826222537418,,,,,,,,,,,,,,,,,,,,,,,,,,,,,,,,,,,,,,,,,,,,,,,,,,,,,,,,,,,220.0,valid_mask_all_probe_bounds_v1,"xm2,xp2,ym2,yp2 each satisfy lower and upper bounds",<LOCAL_PATH_REDACTED>/PINN/paper/<LOCAL_PATH_REDACTED>/results/raw/runs/2d_euler/_shared_warmup/seed_7/model_warmup.pt,8291dc49dec3adecffd57913b7fdb28ad3783743c7b7ac6432135499028f40c6,True,0.0035202997960022044,0.014629994992352546,0.08915165720355696,0.00637164376523673,0.029069249597015488,0.08857049426880648,0.004721903062040524,0.018739922381442845,0.08048188149456402,0.008545421809813233,0.03635066577613883,0.07805715295136517,0.002618791860077925,0.014288764451552822,0.006932935685611513,0.0830092254371527,0.0021724550462669315,0.013758192226752468,0.06510883569717407,0.08317435546789609,0.04287407398223875,0.001609473171299453,0.0034757547394844157,0.0011085041482394831,0.0012396124052967417,0.0001917946259202166,0.0001075880746264204,0.0012572207497116537,0.0002450234843499155,0.00020612228232484535,0.00128800825529643,0.00013360098545671522,7.593986616536287e-05,0.0008583683901691314,0.0009897175335315765,0.0004928266216254256,0.007729741164489946,0.9197530746459961,,,,,,,,,,,,,,,,,,,,,,,,,,,,,,,,,,,,,,,
2d_euler,pinn,PINN,100,True,False,<LOCAL_PATH_REDACTED>/PINN/paper/<LOCAL_PATH_REDACTED>/results/raw/runs/2d_euler/pinn/seed_100,<LOCAL_PATH_REDACTED>/PINN/paper/<LOCAL_PATH_REDACTED>/results/raw/runs/2d_euler/pinn/seed_100/metrics_final.json,PINN,,,,,,,,,,,,,,,,,,,,,,,,,,,,,,,,,,,,,1.0,0.0282842712474619,0.7,0.059937335550785065,0.9999804496765137,0.053981481481481484,0.08033950617283951,0.6514975428581238,2.0,1.0,12.970571517944336,0.05384529381990433,,,,3000,7000,10000,2026-07-01 02:27:46,AdamW,False,861.5886180400848,83588,,,,,,,,analytical_rotated_sod_riemann_solution,True,Analytical rotated Sod Riemann solution,pointwise_analytic_on_fixed_evaluation_grids,,41,0.2,primitive_scaled_space_time_rel_l2,2026-07-21 00:37:38,,,,,,,,,,,,,,,,,,,,,,,,,260.14659309387207,601.4420249462128,,,,,,,,,,,,,,,,,,,,,,,,,,,,,,,,,,0.0043792659215610204,0.011831990642337286,0.017014863021832142,0.005649215665377766,0.012115933025489108,0.017883298146420465,0.12440003454685211,1.0051130056381226,0.01624942744863229,0.05956591909121014,0.20956679082662855,0.018045005461957635,0.0647518387415543,0.1605542518080368,,,0.004809375907786703,0.013417735252283479,0.019552356846277166,0.005424978752488377,0.013993786727567117,0.02118286018638765,0.1008119285106659,1.0092509984970093,0.05992721425769555,0.06399469202558399,0.0,0.0,,,,,,,0.0004161379704999313,0.0004857790203677409,,,,,0.0038205874349412413,0.009357290713041689,,,,,,,,,,,,,,,,,,,,,,,,,,,,,,,,,,,,,,,,,,,,,,,,,,,,,,,,,,,220.0,,,,,,0.009427855424522295,0.034492543360528254,0.21018923132674017,0.018712044798302848,0.06881645041021227,0.20967541684609187,0.010250862610307495,0.03673610335923158,0.15776963516441705,0.02063283113729269,0.0744156838116601,0.15979559904182256,0.004474572951532823,0.015293444698491813,0.01631673070181145,0.156505707163725,0.004321350134484798,0.017860701905992638,0.19286394119262695,0.12678457065496884,0.0687983989715576,0.004864324599513712,0.006230527137337294,0.0022341252477660898,0.0027967724091940704,0.00032414965359534134,0.0002206947488169837,0.0010327478138297819,0.00045318450836503424,0.0001876281305967127,0.002328340369010015,0.0002525025890215339,0.00015793443724806087,0.0010658970887845176,0.0007096097187457556,0.0004133364247928906,0.002372288698182845,0.9339506030082703,,,,,,,,,,,,,,,,,,,,,,,,,,,,,,,,,,,,,,,
2d_euler,pinn,PINN,2026,True,False,<LOCAL_PATH_REDACTED>/PINN/paper/<LOCAL_PATH_REDACTED>/results/raw/runs/2d_euler/pinn/seed_2026,<LOCAL_PATH_REDACTED>/PINN/paper/<LOCAL_PATH_REDACTED>/results/raw/runs/2d_euler/pinn/seed_2026/metrics_final.json,PINN,,,,,,,,,,,,,,,,,,,,,,,,,,,,,,,,,,,,,1.0,0.0282842712474619,0.7,0.05779995396733284,0.9999755620956421,0.05234567901234568,0.07839506172839507,0.624914288520813,2.0,1.0,12.834166526794434,0.05385386571288109,,,,3000,7000,10000,2026-07-01 01:07:00,AdamW,False,871.7548544406891,83588,,,,,,,,analytical_rotated_sod_riemann_solution,True,Analytical rotated Sod Riemann solution,pointwise_analytic_on_fixed_evaluation_grids,,41,0.2,primitive_scaled_space_time_rel_l2,2026-07-21 00:37:38,,,,,,,,,,,,,,,,,,,,,,,,,269.80452704429626,601.9503273963928,,,,,,,,,,,,,,,,,,,,,,,,,,,,,,,,,,0.004505199542282077,0.01186507400207084,0.017062438180669253,0.005858774593650966,0.012452938744172625,0.018380723621750108,0.12436094135046005,1.0095542669296265,0.01643310264093091,0.05917923440164118,0.2082063439353337,0.019731221993823125,0.0668728234002734,0.1658133009963718,,,0.005133760689411264,0.013324775978137289,0.019416896363110465,0.005931286197964872,0.014448175784984205,0.021870684008550762,0.09961390495300293,1.0102494955062866,0.05927710231004371,0.06631209521891858,0.0,0.0,,,,,,,0.0005582976290867339,0.001143674698502393,,,,,0.0009605799626065897,0.0003756747543509193,,,,,,,,,,,,,,,,,,,,,,,,,,,,,,,,,,,,,,,,,,,,,,,,,,,,,,,,,,,220.0,,,,,,0.009570128136147498,0.033557845938571494,0.204493410911566,0.018797518442626976,0.06799705660162468,0.20717882282892627,0.011670395411933487,0.03853209972647244,0.16548285637477178,0.022681216856718138,0.07711853114852386,0.16559952487022522,0.004659393917966273,0.015837885911999937,0.01847545469394287,0.16315347984698894,0.004628235920087856,0.018512186453140813,0.18729925155639648,0.13967693611059628,0.07185635566711424,0.005352294209222037,0.007494709446105641,0.0034398570997728017,0.004937662391727854,0.0003123052560479166,0.0002448109152665789,0.0011857606464646675,0.0006002588140900587,0.0003055776037383922,0.003811190676171,0.0003866286734845439,0.0002407047376592631,0.002279952679812694,0.0006911037354137378,0.00035888049516399645,0.0038846259458228394,0.9339506030082703,,,,,,,,,,,,,,,,,,,,,,,,,,,,,,,,,,,,,,,
2d_euler,pinn,PINN,31415,True,False,<LOCAL_PATH_REDACTED>/PINN/paper/<LOCAL_PATH_REDACTED>/results/raw/runs/2d_euler/pinn/seed_31415,<LOCAL_PATH_REDACTED>/PINN/paper/<LOCAL_PATH_REDACTED>/results/raw/runs/2d_euler/pinn/seed_31415/metrics_final.json,PINN,,,,,,,,,,,,,,,,,,,,,,,,,,,,,,,,,,,,,1.0,0.0282842712474619,0.7,0.05951141566038132,0.9999595880508423,0.053425925925925925,0.08006172839506173,0.6477473378181458,2.0,1.0000001192092896,13.12779426574707,0.05342656373977661,,,,3000,7000,10000,2026-07-01 02:53:48,AdamW,False,849.5612151622772,83588,,,,,,,,analytical_rotated_sod_riemann_solution,True,Analytical rotated Sod Riemann solution,pointwise_analytic_on_fixed_evaluation_grids,,41,0.2,primitive_scaled_space_time_rel_l2,2026-07-21 00:37:38,,,,,,,,,,,,,,,,,,,,,,,,,256.38543176651,593.1757833957672,,,,,,,,,,,,,,,,,,,,,,,,,,,,,,,,,,0.004156189163180048,0.011605041072203167,0.016688500707541725,0.0053455535244750045,0.011941755155005517,0.0176262090075309,0.12374017387628555,1.0062495470046997,0.01578033804008545,0.05809334025429112,0.20438591515475688,0.017618706856329977,0.06261075534270943,0.1552453671517693,,,0.004834155935980536,0.013252350814511269,0.019311358236352077,0.005656521885932211,0.013952880147282095,0.021120938535890157,0.10062967985868454,1.0095735788345337,0.05842335288889932,0.0627652423554185,0.0,0.0,,,,,,,0.0004507041985956493,0.0008617398920402479,,,,,0.0016730865047640587,0.00595427100351693,,,,,,,,,,,,,,,,,,,,,,,,,,,,,,,,,,,,,,,,,,,,,,,,,,,,,,,,,,,220.0,,,,,,0.009523921264584609,0.033460551519655705,0.2039005222135498,0.018277606746568843,0.06700455367742235,0.2041547862342953,0.011200864705863674,0.037423763722905186,0.16072291313276618,0.020543925141414142,0.07286896148593652,0.15647426396928732,0.00408293869619343,0.015003448506199071,0.016437571875870485,0.15171459959127306,0.004507173252219827,0.01765083464750489,0.16702783107757568,0.12995184226904355,0.06886050701141355,0.002638616941805516,0.0029591433194136596,0.0012891212099698146,0.0018514372974375304,0.00048254407730806935,0.00022794496613705274,0.00308279915395896,0.0005142714207736763,0.00019911602049835046,0.005352912808140639,0.0002758066678714325,0.00011816820441944387,0.002990628635962826,0.0009705523699959348,0.0006027884555370953,0.008819891910548201,0.9339506030082703,,,,,,,,,,,,,,,,,,,,,,,,,,,,,,,,,,,,,,,
2d_euler,pinn,PINN,42,True,False,<LOCAL_PATH_REDACTED>/PINN/paper/<LOCAL_PATH_REDACTED>/results/raw/runs/2d_euler/pinn/seed_42,<LOCAL_PATH_REDACTED>/PINN/paper/<LOCAL_PATH_REDACTED>/results/raw/runs/2d_euler/pinn/seed_42/metrics_final.json,PINN,,,,,,,,,,,,,,,,,,,,,,,,,,,,,,,,,,,,,1.0,0.0282842712474619,0.7,0.06246163696050644,0.9999747276306152,0.05472222222222222,0.08756172839506172,0.6755849123001099,2.0,1.0000001192092896,13.254851341247559,0.05380809307098389,,,,3000,7000,10000,2026-07-01 02:01:21,AdamW,False,837.3880450725555,83588,,,,,,,,analytical_rotated_sod_riemann_solution,True,Analytical rotated Sod Riemann solution,pointwise_analytic_on_fixed_evaluation_grids,,41,0.2,primitive_scaled_space_time_rel_l2,2026-07-21 00:37:38,,,,,,,,,,,,,,,,,,,,,,,,,246.3227310180664,591.0653140544891,,,,,,,,,,,,,,,,,,,,,,,,,,,,,,,,,,0.00432991196587587,0.011554799786228951,0.016616251783017295,0.0055054875334163795,0.012009790195459088,0.017726629743620752,0.12406175583600998,1.008466362953186,0.015275090792682335,0.05748644757275142,0.20225072520743662,0.01713155616030764,0.06315826339303543,0.1566029308455174,,,0.004789424345095835,0.013034680961319177,0.018994169190341928,0.0051869417420782405,0.013769186939003848,0.020842876019724912,0.09998374432325363,1.0122016668319702,0.057984072309096774,0.06295204372600932,0.0,0.0,,,,,,,0.0008706882063079135,0.001916198855134178,,,,,0.0012514388794481553,0.0037046610560853743,,,,,,,,,,,,,,,,,,,,,,,,,,,,,,,,,,,,,,,,,,,,,,,,,,,,,,,,,,,220.0,,,,,,0.009363049841594421,0.03354924473665024,0.2044409972637402,0.017736328367401386,0.066520027790143,0.20267849434794508,0.010037146913498999,0.03702781439634964,0.15902243934589225,0.01956432108718379,0.07314981798920668,0.15707735771090275,0.0044025243044315664,0.015205412279151086,0.015430489229978382,0.15351232454256558,0.004212896998091283,0.017551947270441338,0.17690706253051758,0.12553168102179013,0.07040891647338865,0.004516278624427366,0.006308850533319588,0.00281212692454878,0.0038601924234077656,0.00029489710325415487,0.00010339421001466997,0.0017608058478127027,0.000288547851499612,6.294401265069874e-05,0.0013099819763563864,0.0001938968575276406,4.387524361400611e-05,0.0008370464275177167,0.0004724903642278104,0.00023941881071674512,0.0017639049452309596,0.9339506030082703,,,,,,,,,,,,,,,,,,,,,,,,,,,,,,,,,,,,,,,
2d_euler,pinn,PINN,7,True,False,<LOCAL_PATH_REDACTED>/PINN/paper/<LOCAL_PATH_REDACTED>/results/raw/runs/2d_euler/pinn/seed_7,<LOCAL_PATH_REDACTED>/PINN/paper/<LOCAL_PATH_REDACTED>/results/raw/runs/2d_euler/pinn/seed_7/metrics_final.json,PINN,,,,,,,,,,,,,,,,,,,,,,,,,,,,,,,,,,,,,1.0,0.0282842712474619,0.7,0.0596746988594532,0.9999938011169434,0.05287037037037037,0.08040123456790123,0.652463436126709,2.0,0.9999999403953552,12.96514892578125,0.05381329357624054,,,,3000,7000,10000,2026-07-01 01:35:27,AdamW,False,861.6400344371796,83588,,,,,,,,analytical_rotated_sod_riemann_solution,True,Analytical rotated Sod Riemann solution,pointwise_analytic_on_fixed_evaluation_grids,,41,0.2,primitive_scaled_space_time_rel_l2,2026-07-21 00:37:38,,,,,,,,,,,,,,,,,,,,,,,,,261.09676575660706,600.5432686805725,,,,,,,,,,,,,,,,,,,,,,,,,,,,,,,,,,0.004254010593896148,0.012011917752122235,0.0172736052081174,0.005559459980758303,0.012537586374074126,0.01850566478804178,0.12457434833049774,1.0053826570510864,0.015990120786715478,0.05960326929976311,0.20969819756831193,0.01866614308959812,0.06549387018998636,0.16239414247888795,,,0.00474137051251322,0.013352166585731098,0.0194568100239363,0.005306496790422903,0.014169125355725747,0.021448276096881734,0.09963782876729965,1.0092653036117554,0.05999260596561554,0.0650434220889543,0.0,0.0,,,,,,,0.0007535166903157674,0.001577765471977395,,,,,0.0016949913589233534,0.004019058309275578,,,,,,,,,,,,,,,,,,,,,,,,,,,,,,,,,,,,,,,,,,,,,,,,,,,,,,,,,,,220.0,,,,,,0.009586837298597013,0.03454069166898844,0.21048263549352336,0.018527155839184347,0.06887220154314073,0.20984528381782228,0.010444640384037442,0.03782089652413384,0.16242846955906917,0.021174477072988834,0.07560140631862544,0.16234174561459933,0.004314985843199667,0.015785010844938056,0.01693009402502777,0.15842963067279872,0.004101746432857239,0.01797261548863452,0.19563591480255127,0.1268539504614874,0.061528122425079323,0.005139621708660772,0.006976457658724955,0.0028400020654689826,0.003907754541766617,0.00030812136886186695,0.0002414171604476702,0.0012954724368967538,0.000401756713478252,0.00024190834557911815,0.0033023505719719515,0.0002615040461749161,0.00017205080478147582,0.0020746077108681205,0.000570768245688738,0.0003620285721884489,0.00188658462010282,0.9339506030082703,,,,,,,,,,,,,,,,,,,,,,,,,,,,,,,,,,,,,,,
2d_euler,rad_pinn,RAD-PINN,100,True,False,<LOCAL_PATH_REDACTED>/PINN/paper/<LOCAL_PATH_REDACTED>/results/raw/runs/2d_euler/rad_pinn/seed_100,<LOCAL_PATH_REDACTED>/PINN/paper/<LOCAL_PATH_REDACTED>/results/raw/runs/2d_euler/rad_pinn/seed_100/metrics_final.json,RAD-PINN,,,,,,,,,,,,,,,,,,,,,,,,,,,,,,,,,,,,,1.0,0.0282842712474619,0.7,0.0729389414191246,0.9999998807907104,0.06669753086419752,0.09824074074074074,0.6316400170326233,2.0,1.0000001192092896,12.373961448669434,0.05619724467396736,,,,3000,7000,10000,2026-07-01 06:58:06,AdamW,False,864.6143932342529,83588,,,,,,,,analytical_rotated_sod_riemann_solution,True,Analytical rotated Sod Riemann solution,pointwise_analytic_on_fixed_evaluation_grids,,41,0.2,primitive_scaled_space_time_rel_l2,2026-07-21 00:37:38,,,,,,,,,,,,,,,,,,,,,,,,,,,1.0,1.0,3.0,500.0,14.0,,,,,,,,,,,,,,,,,,,,,,,,,,,,,0.006501447780109502,0.01867225263216724,0.026851425972951138,0.007156464619404839,0.016763951905525685,0.024743843450444208,0.1240234524011612,1.0123831033706665,0.015581931324411161,0.04787301207906162,0.16842841782145573,0.017165850384950485,0.04555347421096715,0.11295129391445248,,,0.0050070542688657954,0.01283225531091466,0.018699194034167543,0.005443688751730781,0.01228007279577233,0.01858875443621485,0.09995337575674057,1.0180610418319702,0.05109098181295277,0.04773968155556462,0.0,0.0,,,,,,,0.0007652791010362237,0.0020496993558828643,,,,,0.0074081987965481134,0.01244349577395194,,,,,,,,,,,,,,,,,,,,,,,,,,,,,,,,,,,,,,,,,,,,,,,,,,,,,,,,,,,220.0,,,,,,0.00897857944320925,0.0275471224718751,0.1678655133402816,0.01784289535564796,0.05518772647844443,0.16815034029187215,0.009476003993629844,0.02591552805754044,0.11129877784666853,0.019234388631414332,0.05228045807140011,0.11226379558432896,0.005641523236381005,0.021363004045004005,0.015923828385394814,0.11142731546134076,0.004309816082887814,0.01604545361822904,0.3761322498321533,0.13712108894262753,0.08948729038238523,0.0008018854420870663,0.0007459626484730975,0.0006944525021637372,0.00034115500137041344,0.0005446891145740822,0.00035473107885060156,0.002810563273297354,0.00046697198782172264,0.0002604776478833913,0.0027018340542852987,0.00025185216994123947,0.00018387705953872534,0.0015422087946259239,0.0018647510425038871,0.001615938565309403,0.00568954056942441,0.9339506030082703,,,,,,,,,,,,,,,,,,,,,,,,,,,,,,,,,,,,,,,
2d_euler,rad_pinn,RAD-PINN,2026,True,False,<LOCAL_PATH_REDACTED>/PINN/paper/<LOCAL_PATH_REDACTED>/results/raw/runs/2d_euler/rad_pinn/seed_2026,<LOCAL_PATH_REDACTED>/PINN/paper/<LOCAL_PATH_REDACTED>/results/raw/runs/2d_euler/rad_pinn/seed_2026/metrics_final.json,RAD-PINN,,,,,,,,,,,,,,,,,,,,,,,,,,,,,,,,,,,,,1.0,0.0282842712474619,0.7,0.07572353631258011,0.9999998807907104,0.06972222222222223,0.10123456790123457,0.6165634393692017,2.0,1.0000001192092896,12.115596771240234,0.05554436519742012,,,,3000,7000,10000,2026-07-01 06:14:15,AdamW,False,881.1050069332123,83588,,,,,,,,analytical_rotated_sod_riemann_solution,True,Analytical rotated Sod Riemann solution,pointwise_analytic_on_fixed_evaluation_grids,,41,0.2,primitive_scaled_space_time_rel_l2,2026-07-21 00:37:38,,,,,,,,,,,,,,,,,,,,,,,,,,,1.0,1.0,3.0,500.0,14.0,,,,,,,,,,,,,,,,,,,,,,,,,,,,,0.006850276792720253,0.01887804744947017,0.027147366929368314,0.008171162911237071,0.017853659929942957,0.026352268773710982,0.12510226666927338,1.0131081342697144,0.017498188458367203,0.048263948527833195,0.16980382339289948,0.018770589828329333,0.048838548302338,0.1210967400226189,,,0.00553480516632948,0.013252309809456355,0.019311298483685096,0.0069096640320739896,0.013952668626516194,0.021120618349874904,0.0984671413898468,1.017641544342041,0.05156117573796569,0.052012733622346145,0.0,0.0,,,,,,,0.0013454613748713896,0.003582255687395012,,,,,0.00986661989397356,0.019599454274353972,,,,,,,,,,,,,,,,,,,,,,,,,,,,,,,,,,,,,,,,,,,,,,,,,,,,,,,,,,,220.0,,,,,,0.010788980345062508,0.027655015999510826,0.1685229904477783,0.020119908287854055,0.05552970231573562,0.16919229938461663,0.013447215137308293,0.02956468033253786,0.12697070193333324,0.021992510559948716,0.056850627762007416,0.12207749299362357,0.0066164541705104754,0.022847023200305707,0.017630908059966685,0.12162443632237677,0.005541516449634113,0.018348637897080262,0.3456171751022339,0.1154706554022833,0.07732543945312498,0.0007264627341726216,0.0010660609863743509,0.000902239577072951,0.0006703607392028188,0.0005915875230886738,0.0004925576572039497,0.001798782600287853,0.0005148285086846896,0.0003389849237026973,0.0021086701013135756,0.00021376334334570544,0.00012129091124225372,0.0008887692614436976,0.0028208798418114475,0.002376742557493171,0.01083105848066513,0.9339506030082703,,,,,,,,,,,,,,,,,,,,,,,,,,,,,,,,,,,,,,,
2d_euler,rad_pinn,RAD-PINN,31415,True,False,<LOCAL_PATH_REDACTED>/PINN/paper/<LOCAL_PATH_REDACTED>/results/raw/runs/2d_euler/rad_pinn/seed_31415,<LOCAL_PATH_REDACTED>/PINN/paper/<LOCAL_PATH_REDACTED>/results/raw/runs/2d_euler/rad_pinn/seed_31415/metrics_final.json,RAD-PINN,,,,,,,,,,,,,,,,,,,,,,,,,,,,,,,,,,,,,1.0,0.0282842712474619,0.7,0.060421135276556015,1.0,0.05212962962962963,0.0825,0.6177211403846741,2.0,1.0000001192092896,12.101106643676758,0.05629889294505119,,,,3000,7000,10000,2026-07-01 07:12:25,AdamW,False,855.3438918590546,83588,,,,,,,,analytical_rotated_sod_riemann_solution,True,Analytical rotated Sod Riemann solution,pointwise_analytic_on_fixed_evaluation_grids,,41,0.2,primitive_scaled_space_time_rel_l2,2026-07-21 00:37:38,,,,,,,,,,,,,,,,,,,,,,,,,,,1.0,1.0,3.0,500.0,14.0,,,,,,,,,,,,,,,,,,,,,,,,,,,,,0.00928206192379437,0.023884279290125536,0.034346523149074305,0.013654259843381427,0.029234440180761878,0.043150470442217856,0.12191005796194077,1.0125752687454224,0.034042510978099016,0.1146971531624656,0.4035313258308339,0.04771793851707529,0.14296739780499304,0.3544922280761727,,,0.009537471910130038,0.02469571727945954,0.035986660024506845,0.013894239935872287,0.03234575676402137,0.04896284733319558,0.10310781747102737,1.0205494165420532,0.11520321133038273,0.14296380756392768,0.0,0.0,,,,,,,0.006802873387900369,0.009939295256039373,,,,,0.020695972135483593,0.0383177327974038,,,,,,,,,,,,,,,,,,,,,,,,,,,,,,,,,,,,,,,,,,,,,,,,,,,,,,,,,,,220.0,,,,,,0.019932859495788935,0.06600642810200825,0.40222723619915685,0.039377082442311445,0.13230444372541617,0.4031156681775062,0.028648746481336283,0.08338655325922542,0.35811816938445734,0.05560244886326771,0.16546576298395035,0.3553108614019027,0.010589548446263634,0.0372070829988597,0.04467493501458887,0.3543229529099403,0.01129446006195176,0.04205003736301556,0.2774256467819214,0.2287291364279791,0.09456191062927244,0.009351042696297754,0.01453422299321444,0.005052700153272349,0.008258931568468797,0.0010193561289934567,0.00046214515543785547,0.006104285471402519,0.0015739396446374655,0.0008915655835134116,0.006494395293618352,0.0009136100664601613,0.0005180486785215654,0.0033747191024538215,0.003954260857613314,0.0025670507890106463,0.015830514649224865,0.9339506030082703,,,,,,,,,,,,,,,,,,,,,,,,,,,,,,,,,,,,,,,
2d_euler,rad_pinn,RAD-PINN,42,True,False,<LOCAL_PATH_REDACTED>/PINN/paper/<LOCAL_PATH_REDACTED>/results/raw/runs/2d_euler/rad_pinn/seed_42,<LOCAL_PATH_REDACTED>/PINN/paper/<LOCAL_PATH_REDACTED>/results/raw/runs/2d_euler/rad_pinn/seed_42/metrics_final.json,RAD-PINN,,,,,,,,,,,,,,,,,,,,,,,,,,,,,,,,,,,,,1.0,0.0282842712474619,0.7,0.07859228551387787,0.9999997615814209,0.07024691358024691,0.10141975308641975,0.6547402739524841,2.0,0.9999999403953552,13.342242240905762,0.05525001883506775,,,,3000,7000,10000,2026-07-01 06:43:39,AdamW,False,876.17080950737,83588,,,,,,,,analytical_rotated_sod_riemann_solution,True,Analytical rotated Sod Riemann solution,pointwise_analytic_on_fixed_evaluation_grids,,41,0.2,primitive_scaled_space_time_rel_l2,2026-07-21 00:37:38,,,,,,,,,,,,,,,,,,,,,,,,,,,1.0,1.0,3.0,500.0,14.0,,,,,,,,,,,,,,,,,,,,,,,,,,,,,0.0061974570312011415,0.017992486371443156,0.0258738956348441,0.007243916600118717,0.01715885638182779,0.02532672835697261,0.12667232751846313,1.0127633810043335,0.01369384446426312,0.039606772879973454,0.13934586109122946,0.015691804002871495,0.04011467457282737,0.0994656165405532,,,0.004556839530145132,0.01168101398447694,0.01702160233873884,0.005109461451566082,0.011724191495742494,0.017747298432346872,0.0996989831328392,1.0191848278045654,0.04373031006327245,0.04313546802605328,0.0,0.0,,,,,,,0.001611983329384616,0.004854568702922141,,,,,0.00851244804535297,0.014797315127944095,,,,,,,,,,,,,,,,,,,,,,,,,,,,,,,,,,,,,,,,,,,,,,,,,,,,,,,,,,,220.0,,,,,,0.008185206030739411,0.023420523402725615,0.1427190149428701,0.015737810575516435,0.045932887284426016,0.13995196251617986,0.008211072609895167,0.02285210681657276,0.09814237835551394,0.01741557233251394,0.046030056946392346,0.09884207396781942,0.00591776219974891,0.021991252532749507,0.014483405766130742,0.09884622603054073,0.003967981369547411,0.015447296371089901,0.3232889175415039,0.11021364494238339,0.08127818107604978,0.0012000949193634767,0.0018553965450926468,0.0003559155005185791,0.0008457883572797475,0.0004631541410674053,0.00013750078467106763,0.002183275542363826,0.0003301317121613093,0.00010280763914107605,0.0017381590366470911,0.00013422803505797453,6.02280938062894e-05,0.0007169266067086066,0.0012562234935098815,0.0004235819256215187,0.005566777772797946,0.9339506030082703,,,,,,,,,,,,,,,,,,,,,,,,,,,,,,,,,,,,,,,
2d_euler,rad_pinn,RAD-PINN,7,True,False,<LOCAL_PATH_REDACTED>/PINN/paper/<LOCAL_PATH_REDACTED>/results/raw/runs/2d_euler/rad_pinn/seed_7,<LOCAL_PATH_REDACTED>/PINN/paper/<LOCAL_PATH_REDACTED>/results/raw/runs/2d_euler/rad_pinn/seed_7/metrics_final.json,RAD-PINN,,,,,,,,,,,,,,,,,,,,,,,,,,,,,,,,,,,,,1.0,0.0282842712474619,0.7,0.07741259038448334,0.9999998807907104,0.06808641975308642,0.10854938271604939,0.6314141750335693,2.0,0.9999999403953552,12.359620094299316,0.05644499137997627,,,,3000,7000,10000,2026-07-01 06:28:59,AdamW,False,880.587030172348,83588,,,,,,,,analytical_rotated_sod_riemann_solution,True,Analytical rotated Sod Riemann solution,pointwise_analytic_on_fixed_evaluation_grids,,41,0.2,primitive_scaled_space_time_rel_l2,2026-07-21 00:37:38,,,,,,,,,,,,,,,,,,,,,,,,,,,1.0,1.0,3.0,500.0,14.0,,,,,,,,,,,,,,,,,,,,,,,,,,,,,0.0073802713049230485,0.020101382302271386,0.028906570057518698,0.00929768877090419,0.019925014918101624,0.029409619680354944,0.12617547810077667,1.0103850364685059,0.01812535495716215,0.0628644462977751,0.2211717785726524,0.020609828191808434,0.06641609924616254,0.16468083887219018,,,0.005755936037273746,0.01467705742892075,0.021387444222729316,0.006779473922288923,0.014996074960513677,0.02270005720520056,0.09938664734363556,1.0161763429641724,0.06536924774525953,0.06776101179808558,0.0,0.0,,,,,,,0.0012180139622412183,0.0031200674550499433,,,,,0.008494640710460136,0.014571823759085195,,,,,,,,,,,,,,,,,,,,,,,,,,,,,,,,,,,,,,,,,,,,,,,,,,,,,,,,,,,220.0,,,,,,0.010873461999395267,0.03676000863941117,0.22400661727728938,0.020919757892343134,0.0727835876935878,0.22176280523388348,0.012319117578808231,0.038340106514545,0.1646583078726176,0.023543559303940982,0.07659476210730165,0.16447481589202792,0.0074606475486781,0.025359197158938057,0.01908832692358594,0.16150162494968423,0.005331159283596529,0.019207061299214095,0.3723912239074707,0.1414643601981207,0.07045123577117918,0.0011879712275031243,0.0006615970763837464,0.0011247682773861518,0.0010104590367368549,0.00045289356826231286,0.0003573152390184006,0.0017437890291489315,0.0002687627453206852,0.0002093322383205031,0.0017034733700289212,0.00018965254441185534,0.0001132281424787914,0.0009690955165836575,0.0015264938175085982,0.001144223416418429,0.0068357678289919024,0.9339506030082703,,,,,,,,,,,,,,,,,,,,,,,,,,,,,,,,,,,,,,,
2d_euler,rar_d_pinn,RAR-D-PINN,100,True,False,<LOCAL_PATH_REDACTED>/PINN/paper/<LOCAL_PATH_REDACTED>/results/raw/runs/2d_euler/rar_d_pinn/seed_100,<LOCAL_PATH_REDACTED>/PINN/paper/<LOCAL_PATH_REDACTED>/results/raw/runs/2d_euler/rar_d_pinn/seed_100/metrics_final.json,RAR-D-PINN,,,,,,,,,,,,,,,,,,,,,,,,,,,,,,,,,,,,,1.0,0.0282842712474619,0.7,0.06267141550779343,1.0,0.05614197530864198,0.09024691358024692,0.632515013217926,2.0,0.9999999403953552,10.263110160827637,0.05838034301996231,,,,3000,7000,10000,2026-07-01 08:26:31,AdamW,False,869.8553669452667,83588,,,,,,,,analytical_rotated_sod_riemann_solution,True,Analytical rotated Sod Riemann solution,pointwise_analytic_on_fixed_evaluation_grids,,41,0.2,primitive_scaled_space_time_rel_l2,2026-07-21 00:37:38,,,,,,,,,,,,,,,,,,,,,,,,,,,,,,,,2.0,0.0,0.5,10000.0,20000.0,500.0,3.0,14.0,,,,,,,,,,,,,,,,,,,,,0.012155153168233101,0.030407867870498248,0.043727697413078255,0.017241626893469256,0.03648717510651535,0.05385561554176086,0.1172633245587349,1.012739896774292,0.04162139991544309,0.12656533085041866,0.4452863419368732,0.05863100691671593,0.1571549392084867,0.3896706900210943,,,0.010948288094499724,0.025956010776231168,0.037823162811050325,0.016236136811186946,0.033656653670233905,0.050947195560281634,0.10559898614883423,1.0199896097183228,0.1275011934344834,0.15717326059899295,0.0,0.0,,,,,,,0.008981602423278202,0.013838460881828165,,,,,0.018143739379519543,0.035772771709303805,,,,,,,,,,,,,,,,,,,,,,,,,,,,,,,,,,,,,,,,,,,,,,,,,,,,,,,,,,,220.0,,,,,,0.02418763470758714,0.07223824469263561,0.44020242188674336,0.04809277225481228,0.14569887106787646,0.44392687130849884,0.03317455424025951,0.09043264476743425,0.38837884444067144,0.06733880699225943,0.1812707107777594,0.3892494207374378,0.01354699110295926,0.0466521747501462,0.05508157535055075,0.39246314393375614,0.013430192737418195,0.044188544752543656,0.3846924304962158,0.25593078895483456,0.09588906764984129,0.009420639239114223,0.015426112635934297,0.005241926897243319,0.008082634216864504,0.0011890496383520517,0.0003503841328393655,0.004545134582578007,0.0012778853249879234,0.0005750568144319689,0.004829067691926661,0.0006625651147729585,0.00031764232824197346,0.002551416329546023,0.0027465548191420025,0.000975412662685124,0.011342077668089687,0.9339506030082703,,,,,,,,,,,,,,,,,,,,,,,,,,,,,,,,,,,,,,,
2d_euler,rar_d_pinn,RAR-D-PINN,2026,True,False,<LOCAL_PATH_REDACTED>/PINN/paper/<LOCAL_PATH_REDACTED>/results/raw/runs/2d_euler/rar_d_pinn/seed_2026,<LOCAL_PATH_REDACTED>/PINN/paper/<LOCAL_PATH_REDACTED>/results/raw/runs/2d_euler/rar_d_pinn/seed_2026/metrics_final.json,RAR-D-PINN,,,,,,,,,,,,,,,,,,,,,,,,,,,,,,,,,,,,,1.0,0.0282842712474619,0.7,0.08369436860084534,0.9999996423721313,0.07861111111111112,0.1133641975308642,0.6195322275161743,2.0,1.0,9.55775260925293,0.05931227281689644,,,,3000,7000,10000,2026-07-01 07:41:36,AdamW,False,853.1135621070862,83588,,,,,,,,analytical_rotated_sod_riemann_solution,True,Analytical rotated Sod Riemann solution,pointwise_analytic_on_fixed_evaluation_grids,,41,0.2,primitive_scaled_space_time_rel_l2,2026-07-21 00:37:38,,,,,,,,,,,,,,,,,,,,,,,,,,,,,,,,2.0,0.0,0.5,10000.0,20000.0,500.0,3.0,14.0,,,,,,,,,,,,,,,,,,,,,0.011059174858821578,0.029086497656551247,0.04182751562025392,0.01529939424024258,0.032597321711650085,0.04811413382013892,0.1181412935256958,1.0137468576431274,0.03533128783787592,0.11002808514015448,0.3871044559610233,0.04536207043958709,0.1292412503263629,0.32045780710112853,,,0.009793851239568413,0.023353849301979836,0.03403128670382589,0.01343910161323356,0.02804426617259227,0.0424515380239143,0.10171055048704147,1.0186738967895508,0.11131981292435775,0.1294564447247063,0.0,0.0,,,,,,,0.004814610858522473,0.006054063157036828,,,,,0.009080004156284315,0.01690224402119051,,,,,,,,,,,,,,,,,,,,,,,,,,,,,,,,,,,,,,,,,,,,,,,,,,,,,,,,,,,220.0,,,,,,0.020134865176583094,0.06197018458257546,0.3776313427061893,0.040391882666107444,0.12622819786926306,0.3846020805810269,0.026922300746807223,0.07315349265715661,0.3141704969267561,0.05227980440524619,0.14844060565217487,0.3187521001937437,0.01196220041024687,0.04165536406224695,0.042341375924202895,0.31975284126516595,0.010832081779032913,0.03661627157801762,0.4628671407699585,0.25051034255896054,0.10191104412078855,0.00669608242923868,0.009255144158107353,0.003833884345073515,0.005548213171463173,0.0004012763044133772,0.00010543258664806837,0.003732547856695771,0.0006694006584904719,0.0002685557509975456,0.004654505830170297,0.0003590149604533188,0.00011606630421272292,0.0024292360360444742,0.0012565875147164945,0.000707289415715382,0.004835109647675662,0.9339506030082703,,,,,,,,,,,,,,,,,,,,,,,,,,,,,,,,,,,,,,,
2d_euler,rar_d_pinn,RAR-D-PINN,31415,True,False,<LOCAL_PATH_REDACTED>/PINN/paper/<LOCAL_PATH_REDACTED>/results/raw/runs/2d_euler/rar_d_pinn/seed_31415,<LOCAL_PATH_REDACTED>/PINN/paper/<LOCAL_PATH_REDACTED>/results/raw/runs/2d_euler/rar_d_pinn/seed_31415/metrics_final.json,RAR-D-PINN,,,,,,,,,,,,,,,,,,,,,,,,,,,,,,,,,,,,,1.0,0.0282842712474619,0.7,0.07708575576543808,1.0,0.07111111111111111,0.10277777777777777,0.6336550712585449,2.0,1.0,10.346229553222656,0.057336606085300446,,,,3000,7000,10000,2026-07-01 08:40:57,AdamW,False,862.6850249767303,83588,,,,,,,,analytical_rotated_sod_riemann_solution,True,Analytical rotated Sod Riemann solution,pointwise_analytic_on_fixed_evaluation_grids,,41,0.2,primitive_scaled_space_time_rel_l2,2026-07-21 00:37:38,,,,,,,,,,,,,,,,,,,,,,,,,,,,,,,,2.0,0.0,0.5,10000.0,20000.0,500.0,3.0,14.0,,,,,,,,,,,,,,,,,,,,,0.009301203245454349,0.025039081718893765,0.036007173984316104,0.011993367367221933,0.025414605282089567,0.03751233706698808,0.12493259459733963,1.0140608549118042,0.025915646250822908,0.08367880559093235,0.29440154731843604,0.03108207165970187,0.09391229502403885,0.23285853430883194,,,0.007728992170975366,0.018966373645432466,0.02763784637442536,0.009684323864040341,0.02091086303418117,0.031653468546663406,0.10029030591249466,1.0229814052581787,0.08655484553713112,0.09563520792328131,0.0,0.0,,,,,,,0.0028416709242829862,0.0019077586216601765,,,,,0.004170994171102728,0.006976570187678932,,,,,,,,,,,,,,,,,,,,,,,,,,,,,,,,,,,,,,,,,,,,,,,,,,,,,,,,,,,220.0,,,,,,0.015956650886328513,0.04934323614046265,0.30068576756233817,0.03024937950341453,0.09708993084414345,0.2958212985406031,0.018437170780578094,0.055794519850997405,0.239619345443006,0.036025641927328385,0.10917224420369862,0.23442966949578292,0.009367458580435339,0.03238123365018812,0.02894455621754041,0.2330613264922237,0.007604919375125906,0.027064026516273324,0.3889775276184082,0.18787420555029355,0.09550449848175047,0.004715382547295543,0.0059317005892777774,0.003713518240388408,0.004149347257067421,0.0005854423534516536,0.00021445401475276129,0.006836290103804403,0.0005985844339686661,0.0003184305483315969,0.003580924472816757,0.00046038792068118194,0.00025317365997110715,0.0021541736484822147,0.001192389660670701,0.000772238495010129,0.00763818209767133,0.9339506030082703,,,,,,,,,,,,,,,,,,,,,,,,,,,,,,,,,,,,,,,
2d_euler,rar_d_pinn,RAR-D-PINN,42,True,False,<LOCAL_PATH_REDACTED>/PINN/paper/<LOCAL_PATH_REDACTED>/results/raw/runs/2d_euler/rar_d_pinn/seed_42,<LOCAL_PATH_REDACTED>/PINN/paper/<LOCAL_PATH_REDACTED>/results/raw/runs/2d_euler/rar_d_pinn/seed_42/metrics_final.json,RAR-D-PINN,,,,,,,,,,,,,,,,,,,,,,,,,,,,,,,,,,,,,1.0,0.0282842712474619,0.7,0.07478145509958267,0.9999998807907104,0.06725308641975308,0.10160493827160494,0.630600094795227,2.0,0.9999999403953552,10.136756896972656,0.05676976218819618,,,,3000,7000,10000,2026-07-01 08:11:58,AdamW,False,870.5461137294769,83588,,,,,,,,analytical_rotated_sod_riemann_solution,True,Analytical rotated Sod Riemann solution,pointwise_analytic_on_fixed_evaluation_grids,,41,0.2,primitive_scaled_space_time_rel_l2,2026-07-21 00:37:38,,,,,,,,,,,,,,,,,,,,,,,,,,,,,,,,2.0,0.0,0.5,10000.0,20000.0,500.0,3.0,14.0,,,,,,,,,,,,,,,,,,,,,0.008822041400449643,0.024318246232021872,0.0349705845006738,0.010686865520588862,0.023151110608310856,0.03417138511398029,0.12530012428760529,1.0157408714294434,0.02382060551344226,0.07442633132333062,0.2618491856819414,0.028092554846139837,0.08250397216516663,0.20457123349098977,,,0.007521600104409583,0.017654008521511076,0.02572546468459042,0.009035007288665733,0.018618988284244166,0.028184181545383793,0.10122960060834885,1.0234549045562744,0.07777456542109026,0.08423679379045511,0.0,0.0,,,,,,,0.0011809634026904146,0.00042415838214334084,,,,,0.004973802279901956,0.007660249060038059,,,,,,,,,,,,,,,,,,,,,,,,,,,,,,,,,,,,,,,,,,,,,,,,,,,,,,,,,,,220.0,,,,,,0.014584234403931742,0.04394531677685534,0.267792150239276,0.027674100759110386,0.08638315806558461,0.2631990544109121,0.01654980212863231,0.048903534119540945,0.21002479933277232,0.03221777389303775,0.09580822882251616,0.20573261621270109,0.008369713370419675,0.029434709162466297,0.025823871020881434,0.20454720605089552,0.007235964672458803,0.02409862950757939,0.3963007926940918,0.149460680922608,0.09160528182983396,0.004087333141879566,0.004926175211007577,0.0022717322324185686,0.00269078130605524,0.0002600049772961496,7.806685001360893e-05,0.0009395829945577014,0.0002841216702873644,0.00015039633862010577,0.0014264734186227868,0.0002014295907172618,0.00013816976822707318,0.0009368693387157151,0.0008792087009884863,0.00044641682113608604,0.003980427589144714,0.9339506030082703,,,,,,,,,,,,,,,,,,,,,,,,,,,,,,,,,,,,,,,
2d_euler,rar_d_pinn,RAR-D-PINN,7,True,False,<LOCAL_PATH_REDACTED>/PINN/paper/<LOCAL_PATH_REDACTED>/results/raw/runs/2d_euler/rar_d_pinn/seed_7,<LOCAL_PATH_REDACTED>/PINN/paper/<LOCAL_PATH_REDACTED>/results/raw/runs/2d_euler/rar_d_pinn/seed_7/metrics_final.json,RAR-D-PINN,,,,,,,,,,,,,,,,,,,,,,,,,,,,,,,,,,,,,1.0,0.0282842712474619,0.7,0.08507946878671646,1.0,0.07895061728395061,0.11339506172839506,0.6438954472541809,2.0,0.9999999403953552,9.962322235107422,0.05873998627066612,,,,3000,7000,10000,2026-07-01 07:57:24,AdamW,False,868.5659658908844,83588,,,,,,,,analytical_rotated_sod_riemann_solution,True,Analytical rotated Sod Riemann solution,pointwise_analytic_on_fixed_evaluation_grids,,41,0.2,primitive_scaled_space_time_rel_l2,2026-07-21 00:37:38,,,,,,,,,,,,,,,,,,,,,,,,,,,,,,,,2.0,0.0,0.5,10000.0,20000.0,500.0,3.0,14.0,,,,,,,,,,,,,,,,,,,,,0.010398245995467528,0.028476397797102402,0.040950168278462026,0.013722102545808981,0.030539534740566192,0.04507680950939091,0.12121467292308807,1.0152026414871216,0.029992287576549304,0.09778455373301709,0.34402885795925503,0.036913076199710196,0.1131342368156148,0.2805199527739044,,,0.008667021049606673,0.021508638623749566,0.0313424411602995,0.010957589860086001,0.024922279482945568,0.037725682982814444,0.09968316555023193,1.0198568105697632,0.10077919548831074,0.11465270904483559,0.0,0.0,,,,,,,0.002248530925885394,0.0021056049556447535,,,,,0.007688568896347618,0.013665550419418509,,,,,,,,,,,,,,,,,,,,,,,,,,,,,,,,,,,,,,,,,,,,,,,,,,,,,,,,,,,220.0,,,,,,0.01818478720369281,0.0576314779131789,0.3511923118043319,0.035022075725217594,0.11347772276264682,0.34575292217443837,0.02124103500677084,0.06599186974310704,0.28341365199723545,0.04253840899230374,0.1309503097379212,0.28119452939844614,0.010698049696067788,0.03892857486767226,0.0340676470185324,0.2807872096091635,0.008656859090581026,0.032358425868011575,0.48648810386657715,0.19389141364965878,0.09493336677551267,0.005194799803319504,0.007250346450761558,0.003313266376744379,0.004211634331486386,0.0003792852174766819,0.00026117579251922624,0.002148217598788348,0.0005253977840865659,0.00030484459470190434,0.002906406554545521,0.00036535444794118894,0.00022684077951679732,0.002131957404345214,0.0013267619332434602,0.0009751321308695656,0.005930153508314523,0.9339506030082703,,,,,,,,,,,,,,,,,,,,,,,,,,,,,,,,,,,,,,,
2d_euler,sa_pinn,SA-PINN,100,True,False,<LOCAL_PATH_REDACTED>/PINN/paper/<LOCAL_PATH_REDACTED>/results/raw/runs/2d_euler/sa_pinn/seed_100,<LOCAL_PATH_REDACTED>/PINN/paper/<LOCAL_PATH_REDACTED>/results/raw/runs/2d_euler/sa_pinn/seed_100/metrics_final.json,SA-PINN,,,,,,,,,,,,,,,,,,,,,,,,,,,,,,,,,,,,,1.0,0.0282842712474619,0.7,0.07167106866836548,1.0,0.06601851851851852,0.095,0.6316638588905334,2.0,1.0000001192092896,13.16423225402832,0.056222815066576004,,,,3000,7000,10000,2026-07-01 10:11:45,AdamW,False,855.57759308815,83588,,,,,,,,analytical_rotated_sod_riemann_solution,True,Analytical rotated Sod Riemann solution,pointwise_analytic_on_fixed_evaluation_grids,,41,0.2,primitive_scaled_space_time_rel_l2,2026-07-21 00:37:38,,,,,,,,,,,,,,,,,,,,,,,,,,,,,,,,,,,,,,,,Adam,0.005,100.0,100.0,97.55479431152344,100.0,100.0,100.0,100.0,,,,,,,,,,,,0.005717433347981706,0.01818331477982728,0.02614831431277239,0.006681157598636262,0.01704346944670608,0.025156415516959206,0.12320765852928162,1.0039598941802979,0.01439778480046839,0.04419046020426696,0.15547234175937774,0.014745047834191484,0.04150027217668579,0.1029012500440653,,,0.005044251451966764,0.013378422715386652,0.01949507052071724,0.005137764206396128,0.011610615849661502,0.017575375201105047,0.1000409722328186,1.0042181015014648,0.04811865572321806,0.044464040195874494,0.0,0.0,,,,,,,0.002148259657472613,0.0028680564066887342,,,,,0.009897927968562883,0.00813555362272534,,,,,,,,,,,,,,,,,,,,,,,,,,,,,,,,,,,,,,,,,,,,,,,,,,,,,,,,,,,220.0,,,,,,0.008524700434441963,0.026023845719695623,0.15858303259388085,0.01629295167640332,0.05105998380719085,0.15557360667557307,0.008800890324032645,0.024279713087776964,0.10427348372517807,0.016545363222485423,0.047807016398524034,0.1026578058885939,0.005011466352153834,0.0211919306705693,0.012780220560510473,0.10147726543216018,0.003987134022009468,0.014983725191315194,0.40759503841400146,0.14152944847021542,0.06648699045181272,0.0009247907046239664,0.0013579301487812168,0.0008857952661871588,2.302917329033427e-05,0.0004604109363331441,0.00018145294274653917,0.00460608486581034,0.0005270424345836419,0.0001784602971703908,0.004423892646916179,0.0002886437202122731,8.775608202484485e-05,0.002012611963225188,0.0008427413325840277,0.0004915178829168724,0.004696924606001971,0.9339506030082703,,,,,,,,,,,,,,,,,,,,,,,,,,,,,,,,,,,,,,,
2d_euler,sa_pinn,SA-PINN,2026,True,False,<LOCAL_PATH_REDACTED>/PINN/paper/<LOCAL_PATH_REDACTED>/results/raw/runs/2d_euler/sa_pinn/seed_2026,<LOCAL_PATH_REDACTED>/PINN/paper/<LOCAL_PATH_REDACTED>/results/raw/runs/2d_euler/sa_pinn/seed_2026/metrics_final.json,SA-PINN,,,,,,,,,,,,,,,,,,,,,,,,,,,,,,,,,,,,,1.0,0.0282842712474619,0.7,0.061091549694538116,0.9999974966049194,0.05712962962962963,0.07990740740740741,0.6127909421920776,2.0,1.0000001192092896,13.713976860046387,0.053849805146455765,,,,3000,7000,10000,2026-07-01 09:24:53,AdamW,False,983.478018283844,83588,,,,,,,,analytical_rotated_sod_riemann_solution,True,Analytical rotated Sod Riemann solution,pointwise_analytic_on_fixed_evaluation_grids,,41,0.2,primitive_scaled_space_time_rel_l2,2026-07-21 00:37:38,,,,,,,,,,,,,,,,,,,,,,,,,,,,,,,,,,,,,,,,Adam,0.005,100.0,100.0,95.49262237548828,100.0,100.0,100.0,100.0,,,,,,,,,,,,0.006671961163567982,0.020567074502107745,0.029576253564721516,0.007715729412063671,0.017000637592276546,0.025093195059953048,0.12470626831054688,1.00526762008667,0.017307363365033447,0.05250105149325836,0.18471093948232745,0.017755873373651896,0.045953873358320886,0.11394409638581612,,,0.00612829847104623,0.017755837015051172,0.02587384941609538,0.006678895349845757,0.014430067397273384,0.021843272740068045,0.09848388284444809,1.0057964324951172,0.05722675467076579,0.04908447631414624,0.0,0.0,,,,,,,0.0047900165616505995,0.005481229339312463,,,,,0.017972927754956215,0.01830680562942145,,,,,,,,,,,,,,,,,,,,,,,,,,,,,,,,,,,,,,,,,,,,,,,,,,,,,,,,,,,220.0,,,,,,0.010519195128670458,0.030644561233129704,0.1867405573028207,0.020104841149249052,0.06069879290688196,0.1849418944008249,0.010608888033763942,0.027108234560485826,0.11642106498713724,0.020557500873961184,0.05321555609395116,0.11427176676758852,0.0060982600311042055,0.021305603887164296,0.016123219988226866,0.11189954319615879,0.005261623115882088,0.0186968910426932,0.19421172142028809,0.1356674508658453,0.059249496459960915,0.01056506887215412,0.009753917343170437,0.006181440724166621,0.006067482683499853,0.00039569767700184605,4.018474982015179e-05,0.003319828403196578,0.0009345089033201184,0.00020175015878278347,0.007863239232316716,0.0005613264222300455,0.00023301287689608298,0.004366854421542457,0.0019575031760286706,0.0005965852071730593,0.015242752447017338,0.9339506030082703,,,,,,,,,,,,,,,,,,,,,,,,,,,,,,,,,,,,,,,
2d_euler,sa_pinn,SA-PINN,31415,True,False,<LOCAL_PATH_REDACTED>/PINN/paper/<LOCAL_PATH_REDACTED>/results/raw/runs/2d_euler/sa_pinn/seed_31415,<LOCAL_PATH_REDACTED>/PINN/paper/<LOCAL_PATH_REDACTED>/results/raw/runs/2d_euler/sa_pinn/seed_31415/metrics_final.json,SA-PINN,,,,,,,,,,,,,,,,,,,,,,,,,,,,,,,,,,,,,1.0,0.0282842712474619,0.7,0.06660681962966919,0.9999998807907104,0.060833333333333336,0.09395061728395061,0.6543344259262085,2.0,0.9999999403953552,13.912971496582031,0.0542030930519104,,,,3000,7000,10000,2026-07-01 10:25:55,AdamW,False,847.0572247505188,83588,,,,,,,,analytical_rotated_sod_riemann_solution,True,Analytical rotated Sod Riemann solution,pointwise_analytic_on_fixed_evaluation_grids,,41,0.2,primitive_scaled_space_time_rel_l2,2026-07-21 00:37:38,,,,,,,,,,,,,,,,,,,,,,,,,,,,,,,,,,,,,,,,Adam,0.005,100.0,56.00285720825195,75.0644760131836,96.7609634399414,100.0,100.0,100.0,,,,,,,,,,,,0.004859934862872689,0.015198861885834502,0.021856554902086565,0.005759259860102049,0.013269235690896596,0.019585590109833736,0.12349871546030045,1.0033923387527466,0.013585325126705912,0.044264148563459255,0.1557315945870486,0.014749404513963749,0.045622697727028594,0.11312293583296427,,,0.004371334110482682,0.011981745583717129,0.017459829165601824,0.004749693476369785,0.010647427536309057,0.016117365030440214,0.09931197017431259,1.0053026676177979,0.04683049324002602,0.04671024787857512,0.0,0.0,,,,,,,0.0019755772034043603,0.0018426632246389973,,,,,0.01023246505837173,0.009299612789113561,,,,,,,,,,,,,,,,,,,,,,,,,,,,,,,,,,,,,,,,,,,,,,,,,,,,,,,,,,,220.0,,,,,,0.008786127018442906,0.026137532355730873,0.15927581150527065,0.01591080714515105,0.05128253482376807,0.15625169275662187,0.009358492898414929,0.026864029247373276,0.11537228246444495,0.01728449243444595,0.052791946815882805,0.11336213461907631,0.004452719414206036,0.016684911894093307,0.013536680569192836,0.10755392075205923,0.0036188659918817844,0.013254176943704643,0.3135652542114258,0.12740159793768369,0.06476083993911741,0.0019345735925854763,0.0005942828716736792,0.0006775149581257033,0.00047676508849059385,0.0005352901859720873,0.00013046451329151365,0.007043437185789022,0.000370492286439814,0.00022677432084294846,0.0012303137889510263,0.0002761334274235444,0.00018321495803504204,0.0010566433681215986,0.0018266241976835846,0.0005907593942319039,0.022700583823016297,0.9339506030082703,,,,,,,,,,,,,,,,,,,,,,,,,,,,,,,,,,,,,,,
2d_euler,sa_pinn,SA-PINN,42,True,False,<LOCAL_PATH_REDACTED>/PINN/paper/<LOCAL_PATH_REDACTED>/results/raw/runs/2d_euler/sa_pinn/seed_42,<LOCAL_PATH_REDACTED>/PINN/paper/<LOCAL_PATH_REDACTED>/results/raw/runs/2d_euler/sa_pinn/seed_42/metrics_final.json,SA-PINN,,,,,,,,,,,,,,,,,,,,,,,,,,,,,,,,,,,,,1.0,0.0282842712474619,0.7,0.06845352053642273,0.9999982118606567,0.06157407407407407,0.09851851851851852,0.6687023043632507,2.0,1.0,13.999247550964355,0.05415816977620125,,,,3000,7000,10000,2026-07-01 09:57:26,AdamW,False,954.8286330699921,83588,,,,,,,,analytical_rotated_sod_riemann_solution,True,Analytical rotated Sod Riemann solution,pointwise_analytic_on_fixed_evaluation_grids,,41,0.2,primitive_scaled_space_time_rel_l2,2026-07-21 00:37:38,,,,,,,,,,,,,,,,,,,,,,,,,,,,,,,,,,,,,,,,Adam,0.005,100.0,99.84933471679688,89.99197387695312,99.24896240234375,100.0,100.0,100.0,,,,,,,,,,,,0.004482951699588986,0.013011787957979512,0.01871145747715131,0.005724573065489615,0.01290545190628268,0.01904863980915136,0.12362180650234222,1.0044523477554321,0.014657381358921489,0.05277958514292561,0.18569088580043283,0.015586188951445803,0.05586431824132413,0.13851736093242192,,,0.004391831761921025,0.012615974868268215,0.018384029640625466,0.004520442095919689,0.012216538658169298,0.01849258069996257,0.09962118417024612,1.0073797702789307,0.05401001974101082,0.0559683739659706,0.0,0.0,,,,,,,0.00023158584931071366,0.00022244641480394548,,,,,0.0025963079118198084,0.00036181078076523627,,,,,,,,,,,,,,,,,,,,,,,,,,,,,,,,,,,,,,,,,,,,,,,,,,,,,,,,,,,220.0,,,,,,0.008728455036887853,0.031093286876116746,0.18947498303043972,0.016767872809108575,0.06110140639920006,0.18616860910823052,0.008955932874722855,0.03229902187038956,0.13871381095671761,0.01760538377219749,0.0643999948629555,0.13828853314660816,0.004420315657900492,0.016298930356998823,0.013575077235527484,0.13690464858915768,0.003394218035728527,0.015646452682707722,0.241707444190979,0.10616017146978818,0.061383938789367654,0.00225257599082831,0.003214052219623953,0.0011726541639463146,0.0016908015274871568,0.00020251928012470736,7.192231554237292e-05,0.0016864938561189716,0.00031733588884159844,6.384860484034798e-05,0.0015198276072992817,0.0002535674653333931,4.746238001851997e-05,0.0012042189836906497,0.000546559991764316,0.0001446464939391932,0.003344773265801279,0.9339506030082703,,,,,,,,,,,,,,,,,,,,,,,,,,,,,,,,,,,,,,,
2d_euler,sa_pinn,SA-PINN,7,True,False,<LOCAL_PATH_REDACTED>/PINN/paper/<LOCAL_PATH_REDACTED>/results/raw/runs/2d_euler/sa_pinn/seed_7,<LOCAL_PATH_REDACTED>/PINN/paper/<LOCAL_PATH_REDACTED>/results/raw/runs/2d_euler/sa_pinn/seed_7/metrics_final.json,SA-PINN,,,,,,,,,,,,,,,,,,,,,,,,,,,,,,,,,,,,,1.0,0.0282842712474619,0.7,0.0626089796423912,0.9999943971633911,0.05728395061728395,0.08191358024691359,0.6621294021606445,2.0,1.0000001192092896,13.456246376037598,0.053742606192827225,,,,3000,7000,10000,2026-07-01 09:41:27,AdamW,False,990.7987942695618,83588,,,,,,,,analytical_rotated_sod_riemann_solution,True,Analytical rotated Sod Riemann solution,pointwise_analytic_on_fixed_evaluation_grids,,41,0.2,primitive_scaled_space_time_rel_l2,2026-07-21 00:37:38,,,,,,,,,,,,,,,,,,,,,,,,,,,,,,,,,,,,,,,,Adam,0.005,100.0,100.0,99.92906951904297,95.68009948730469,100.0,100.0,100.0,,,,,,,,,,,,0.004830772419458401,0.014073763428839897,0.020238619534276275,0.00592873235875286,0.012750029742989064,0.018819234374267062,0.12444239854812622,1.0032050609588623,0.015121448818699482,0.05284201856374953,0.18591054113089725,0.01646082800421382,0.05660206313972962,0.14034662296560457,,,0.004709215603981491,0.012739812616693588,0.018564486312539628,0.005131869573382627,0.01275406905002849,0.01930625832406532,0.09906662255525589,1.0057404041290283,0.054109810589152825,0.056930098092004854,0.0,0.0,,,,,,,0.00042629684548369114,4.928990255263679e-05,,,,,0.0013178865970561407,0.002016323560618486,,,,,,,,,,,,,,,,,,,,,,,,,,,,,,,,,,,,,,,,,,,,,,,,,,,,,,,,,,,220.0,,,,,,0.009125428764527675,0.03051413439041566,0.18594576761370166,0.017524454290896996,0.06096092513400311,0.18574057965213894,0.010349857270654591,0.033267174152219366,0.14287171063361687,0.019299358847899406,0.06559672346729785,0.14085831352657968,0.004518556180482121,0.01597111805224778,0.01512208398018211,0.13746384960125718,0.003891312658560715,0.016152419083737216,0.21784579753875732,0.1254365520087286,0.06158456802368162,0.000735610482835874,0.0006506920686176199,0.0005824213442509724,0.000774464513099038,0.00030726276799749886,0.00016737195720298022,0.0032882837240635985,0.0003501656974538964,0.00013623467223864523,0.0028767886529646597,0.00021783484893255324,0.00011378332948119418,0.0015944024511356063,0.0005094643231609845,0.0002382767443942438,0.0016653507250312186,0.9339506030082703,,,,,,,,,,,,,,,,,,,,,,,,,,,,,,,,,,,,,,,
2d_euler,xpinn,XPINN,100,True,False,<LOCAL_PATH_REDACTED>/PINN/paper/<LOCAL_PATH_REDACTED>/results/raw/runs/2d_euler/xpinn/seed_100,<LOCAL_PATH_REDACTED>/PINN/paper/<LOCAL_PATH_REDACTED>/results/raw/runs/2d_euler/xpinn/seed_100/metrics_final.json,XPINN,,,,,,,,,,,,,,,,,,,,,,,,,,,,,,,,,,,,,1.0,0.0282842712474619,0.7,0.024995777755975723,0.9223962426185608,0.02123456790123457,0.02830246913580247,0.5675058960914612,2.0,0.9999999403953552,13.617631912231445,0.052291348576545715,,,,3000,7000,10000,2026-07-05 11:13:32,AdamW,False,8581.72440123558,334356,,,,,,,,analytical_rotated_sod_riemann_solution,True,Analytical rotated Sod Riemann solution,pointwise_analytic_on_fixed_evaluation_grids,,41,0.2,primitive_scaled_space_time_rel_l2,2026-07-21 00:37:38,,,,,,,,,,,,,,,,,,,,,,,,,,,,,,,,,,,,,,,,,,,,,,,,,4.0,2.0,0.0,0.1,512.0,2048.0,1.0,20.0,True,0.0020950231701135635,8.436368079856038e-05,0.006437333463608761,0.015207379065325361,0.021868802937666545,0.011053069398926647,0.02084884902463915,0.030773212622828776,0.10580458492040634,1.0078418254852295,0.014520510326148903,0.04579246408786714,0.16110856492020578,0.01857780893155032,0.04683557614437438,0.11613030659826888,,,0.005791781804139332,0.013956984719566367,0.020338152497721813,0.00733151027508788,0.01428216240507496,0.02161938403634527,0.09920281916856766,1.0137228965759277,0.048517898553280016,0.05102247388114011,0.0,0.0,,,,,,,0.007743096613694929,0.014362338995699154,,,,,0.00839588614723601,0.014623188716025378,,,,,,,,,,,,,,,,,,,,,,,,,,,,,,,,,,,,,,,,,,,,,,,,,,,,,,,,,,,220.0,,,,,,0.00868461375331443,0.026566420983218552,0.16188935524990436,0.016768925595262742,0.05290136218874993,0.16118406431213098,0.011252483782510113,0.02720946499256528,0.11685581682187961,0.021615453018915078,0.054129875526832835,0.1162351193030928,0.008806448189251448,0.02679981915284882,0.01787136579541501,0.11682319974542911,0.005998267419645193,0.018802448802554005,0.061374783515930176,0.16073239608679257,0.0714313745498657,0.003568693556666513,0.00399888928023423,0.0010790834010184615,0.0009742701728138736,0.0029951857457530874,0.0023147533118576045,0.007708537160280079,0.0015923672003938978,0.0018568091719345058,0.005972627797552671,0.0007296675059838723,0.0006803727694492286,0.0020704998787740153,0.00392413310992099,0.0033542426895346276,0.012407755184839563,0.9339506030082703,,,,,,,,,,,,,,,,,,,,,,,,,,,,,,,,,,,,,,,
2d_euler,xpinn,XPINN,2026,True,False,<LOCAL_PATH_REDACTED>/PINN/paper/<LOCAL_PATH_REDACTED>/results/raw/runs/2d_euler/xpinn/seed_2026,<LOCAL_PATH_REDACTED>/PINN/paper/<LOCAL_PATH_REDACTED>/results/raw/runs/2d_euler/xpinn/seed_2026/metrics_final.json,XPINN,,,,,,,,,,,,,,,,,,,,,,,,,,,,,,,,,,,,,1.0,0.0282842712474619,0.7,0.025146212428808212,0.9222903847694397,0.020925925925925924,0.028148148148148148,0.5626048445701599,2.0,1.0000001192092896,13.25508975982666,0.05245189368724823,,,,3000,7000,10000,2026-07-05 03:45:11,AdamW,False,10914.114323616028,334356,,,,,,,,analytical_rotated_sod_riemann_solution,True,Analytical rotated Sod Riemann solution,pointwise_analytic_on_fixed_evaluation_grids,,41,0.2,primitive_scaled_space_time_rel_l2,2026-07-21 00:37:38,,,,,,,,,,,,,,,,,,,,,,,,,,,,,,,,,,,,,,,,,,,,,,,,,4.0,2.0,0.0,0.1,512.0,2048.0,1.0,20.0,True,0.0022583373356610537,8.565602183807641e-05,0.006452690077555519,0.015124889553585963,0.02175017980945332,0.010571028638280522,0.019795215804947863,0.02921803425026167,0.11348926275968552,1.0069267749786377,0.017533784563348576,0.057931812353339225,0.20381762233987363,0.02186161155071206,0.054233465744328045,0.13447361008992362,,,0.0065181979950623145,0.015362997477995362,0.022386997751136967,0.008365521182976584,0.015330565165518973,0.02320638614848689,0.09812051057815552,1.0105726718902588,0.05973474640670937,0.05704126813286644,0.0,0.0,,,,,,,0.0037782255193004764,0.006454518266868316,,,,,0.00562438998186332,0.00885559215957073,,,,,,,,,,,,,,,,,,,,,,,,,,,,,,,,,,,,,,,,,,,,,,,,,,,,,,,,,,,220.0,,,,,,0.010437459131909138,0.03385009118628954,0.2062742828911905,0.020255224352865493,0.06705987257346158,0.20432333623240403,0.012166905868244792,0.03107337288924217,0.13345004656928783,0.02472034577117892,0.06244486928363947,0.1340902183943107,0.008716642035138705,0.025484821524008175,0.021035116943233515,0.13857267386023941,0.007087421855332022,0.020729440331870116,0.05136603116989136,0.1857627706137701,0.07332447767257688,0.003083861712110284,0.002480268270208086,0.0015711173951086519,0.0007028484672620128,0.0011670614742213725,0.0002598340626220535,0.005549469085842605,0.0012122500443763962,0.0007782627224626594,0.005004552971193232,0.0005662553581320556,0.00031004449161789113,0.0023908460341186474,0.0038139647099972537,0.0009999209010896752,0.015501980043167506,0.9339506030082703,,,,,,,,,,,,,,,,,,,,,,,,,,,,,,,,,,,,,,,
2d_euler,xpinn,XPINN,31415,True,False,<LOCAL_PATH_REDACTED>/PINN/paper/<LOCAL_PATH_REDACTED>/results/raw/runs/2d_euler/xpinn/seed_31415,<LOCAL_PATH_REDACTED>/PINN/paper/<LOCAL_PATH_REDACTED>/results/raw/runs/2d_euler/xpinn/seed_31415/metrics_final.json,XPINN,,,,,,,,,,,,,,,,,,,,,,,,,,,,,,,,,,,,,1.0,0.0282842712474619,0.7,0.022264087572693825,0.8719174861907959,0.019074074074074073,0.0279320987654321,0.5862508416175842,2.0,1.0000001192092896,13.20641040802002,0.052273448556661606,,,,3000,7000,10000,2026-07-05 13:46:53,AdamW,False,9194.808485984802,334356,,,,,,,,analytical_rotated_sod_riemann_solution,True,Analytical rotated Sod Riemann solution,pointwise_analytic_on_fixed_evaluation_grids,,41,0.2,primitive_scaled_space_time_rel_l2,2026-07-21 00:37:38,,,,,,,,,,,,,,,,,,,,,,,,,,,,,,,,,,,,,,,,,,,,,,,,,4.0,2.0,0.0,0.1,512.0,2048.0,1.0,20.0,True,0.0019373982213437557,9.326959843747318e-05,0.006319817315727354,0.015222349492686516,0.021890330994831914,0.011152309684566084,0.02192639963757645,0.03236369342513066,0.10590143501758575,1.0074012279510498,0.01459426687845067,0.047953372305232334,0.16871114383266544,0.017770361486659416,0.048146180448001896,0.11937999181918092,,,0.0055955345585294875,0.014100093154966669,0.02054669046214341,0.0070769296382405455,0.014867756571706449,0.022505817394178472,0.10052672773599625,1.012113332748413,0.050505901821039874,0.0526937921175873,0.0,0.0,,,,,,,0.0033341487705083896,0.006345667861766219,,,,,0.010375971051671049,0.017303584879257934,,,,,,,,,,,,,,,,,,,,,,,,,,,,,,,,,,,,,,,,,,,,,,,,,,,,,,,,,,,220.0,,,,,,0.00880167991636642,0.02795012350296382,0.17032130432278586,0.016932787922667596,0.0554688102162259,0.16900676850833304,0.010597541918315754,0.02797030670046693,0.12012338490060864,0.020519933839074026,0.0556478242916923,0.11949466782527551,0.008902627205603232,0.02796274817176834,0.016522491273454,0.11897957655900315,0.005727841272053181,0.019650575046043166,0.05777442455291748,0.1799916104880377,0.07704011201858518,0.0036241482825610516,0.00454244793294617,0.002545972869305604,0.003625851171309563,0.0012161008807872113,0.000514411940172875,0.003902669880088523,0.0005172650960115882,0.00025242169007859503,0.005320917661928534,0.0003073397280416754,0.00015335024789217338,0.0032298202216321237,0.003891304914873889,0.0018017416559362115,0.01717166401419004,0.9339506030082703,,,,,,,,,,,,,,,,,,,,,,,,,,,,,,,,,,,,,,,
2d_euler,xpinn,XPINN,42,True,False,<LOCAL_PATH_REDACTED>/PINN/paper/<LOCAL_PATH_REDACTED>/results/raw/runs/2d_euler/xpinn/seed_42,<LOCAL_PATH_REDACTED>/PINN/paper/<LOCAL_PATH_REDACTED>/results/raw/runs/2d_euler/xpinn/seed_42/metrics_final.json,XPINN,,,,,,,,,,,,,,,,,,,,,,,,,,,,,,,,,,,,,1.0,0.0282842712474619,0.7,0.024953125044703484,0.9320917129516602,0.021388888888888888,0.028179012345679013,0.5691758394241333,2.0,0.9999999403953552,13.241579055786133,0.052651483565568924,,,,3000,7000,10000,2026-07-05 08:50:24,AdamW,False,9024.180269002914,334356,,,,,,,,analytical_rotated_sod_riemann_solution,True,Analytical rotated Sod Riemann solution,pointwise_analytic_on_fixed_evaluation_grids,,41,0.2,primitive_scaled_space_time_rel_l2,2026-07-21 00:37:38,,,,,,,,,,,,,,,,,,,,,,,,,,,,,,,,,,,,,,,,,,,,,,,,,4.0,2.0,0.0,0.1,512.0,2048.0,1.0,20.0,True,0.0017697265138849616,0.00010520585055928677,0.0067284812295086245,0.015676246675103287,0.022543052807946135,0.01171476356577289,0.021340776812080898,0.03149930538603754,0.11243875324726105,1.0060151815414429,0.016932735425957572,0.05592628630752349,0.19676171413341667,0.02130063305914659,0.052778217876869926,0.13086527653375177,,,0.006576664690103199,0.01551172439339097,0.022603722978441338,0.008726905695546142,0.01592511944831887,0.024106382732039067,0.0958850309252739,1.010082483291626,0.057980534802271735,0.05668522892573602,0.0,0.0,,,,,,,0.004896014118227276,0.009452135146674097,,,,,0.010955370486187421,0.019463723215948376,,,,,,,,,,,,,,,,,,,,,,,,,,,,,,,,,,,,,,,,,,,,,,,,,,,,,,,,,,,220.0,,,,,,0.010022718753639798,0.032338565287781604,0.1970634090099269,0.019525878957853456,0.06457384135259059,0.19674869921725266,0.01320915545798717,0.03076875818854341,0.13214182534274652,0.024830573156423754,0.06104572232485569,0.13108577746231234,0.009717036688079357,0.027832657010461937,0.020580596415532063,0.1327491649096684,0.0073413803308292665,0.021497581354930746,0.05303388833999634,0.20385444923315488,0.0752501845359802,0.0019471029353519845,0.0003056688597829482,0.0011494866405101039,7.929346581436736e-05,0.001094380041638822,0.00024828737587875144,0.007410194077325356,0.0004411635792325225,0.00025651414530505033,0.0018813556064997128,0.00023056064822134055,0.00021436376416210834,0.0009678703871899424,0.0037175268181958883,0.0009272370750858742,0.016168886489590056,0.9339506030082703,,,,,,,,,,,,,,,,,,,,,,,,,,,,,,,,,,,,,,,
2d_euler,xpinn,XPINN,7,True,False,<LOCAL_PATH_REDACTED>/PINN/paper/<LOCAL_PATH_REDACTED>/results/raw/runs/2d_euler/xpinn/seed_7,<LOCAL_PATH_REDACTED>/PINN/paper/<LOCAL_PATH_REDACTED>/results/raw/runs/2d_euler/xpinn/seed_7/metrics_final.json,XPINN,,,,,,,,,,,,,,,,,,,,,,,,,,,,,,,,,,,,,1.0,0.0282842712474619,0.7,0.025437431409955025,0.9448933005332947,0.020864197530864197,0.027993827160493825,0.5609643459320068,2.0,1.0000001192092896,13.721841812133789,0.05270319804549217,,,,3000,7000,10000,2026-07-05 06:19:53,AdamW,False,9272.784239530563,334356,,,,,,,,analytical_rotated_sod_riemann_solution,True,Analytical rotated Sod Riemann solution,pointwise_analytic_on_fixed_evaluation_grids,,41,0.2,primitive_scaled_space_time_rel_l2,2026-07-21 00:37:38,,,,,,,,,,,,,,,,,,,,,,,,,,,,,,,,,,,,,,,,,,,,,,,,,4.0,2.0,0.0,0.1,512.0,2048.0,1.0,20.0,True,0.0018984423950314522,9.58233795245178e-05,0.006241660395778751,0.014959103250644826,0.021511772653742267,0.010399887715938257,0.019769689529498466,0.029180357086359486,0.10903948545455933,1.008661150932312,0.016674180005796443,0.05659937106399697,0.19912978323266917,0.020608561593837667,0.05520317699733665,0.13687804010646795,,,0.006406593782277899,0.015043307569099483,0.021921144828765268,0.008299752998253519,0.01543582279733805,0.023365718125011974,0.09763377904891968,1.0168652534484863,0.058305759333787295,0.057999780012635234,0.0,0.0,,,,,,,0.0028205869405755306,0.005294473312096402,,,,,0.0029993524648672474,0.0044425560460889125,,,,,,,,,,,,,,,,,,,,,,,,,,,,,,,,,,,,,,,,,,,,,,,,,,,,,,,,,,,220.0,,,,,,0.009639567049959132,0.03279406409757259,0.19983910878072933,0.0191335721649172,0.0653727504710833,0.19918287885662048,0.011672487953874286,0.031913287504794115,0.13705720711021635,0.023577135340357325,0.0637215877721144,0.13683176406350006,0.00856266184323389,0.025158411506775304,0.0200287690259223,0.14384445039321428,0.00697677583884182,0.020974146242741756,0.05820417404174805,0.18551290794287167,0.08243981599807737,0.003566161471938328,0.0033932154667584147,0.0017876376460201758,0.0012410296077182692,0.0012149102725374117,0.001225423697288851,0.003338341151219183,0.0006795213066404601,0.000401183865657312,0.0038245777464236477,0.0004644878115839142,0.0003408493548469403,0.0026715629685896657,0.0033039268770800197,0.0026074647541226535,0.009863203329447914,0.9339506030082703,,,,,,,,,,,,,,,,,,,,,,,,,,,,,,,,,,,,,,,
2d_shallowwater,aaf_pinn,AAF-PINN,100,True,False,<LOCAL_PATH_REDACTED>/PINN/paper/<LOCAL_PATH_REDACTED>/results/raw/runs/2d_shallowwater/aaf_pinn/seed_100,<LOCAL_PATH_REDACTED>/PINN/paper/<LOCAL_PATH_REDACTED>/results/raw/runs/2d_shallowwater/aaf_pinn/seed_100/metrics_final.json,AAF-PINN,,,,,,,,,,,,,,,,,,,,,,,,,,,,,,,,,,,,,1.0,0.0282842712474619,0.7,0.0539320707321167,0.9998229742050171,0.047512991833704527,0.07003217025488741,,,,,0.01899060606956482,,,,3000,7000,10000,2026-07-03 01:19:34,AdamW,False,842.8323888778687,83460,5.0,0.3508795499801636,1.7543977499008179,1.0,1e-06,20.0,6.0,finite_volume_1024x1024_order2,False,finite_volume_1024x1024_order2,bilinear_space_linear_time_from_canonical_fv1024,,41,,state_scaled_space_time_rel_l2,,,,,,,,,,,,,,,,,,,,,,,,,,,,,,,,,,,,,,,,,,,,,,,,,,,,,,,,,,,,,,,,,,,,,,,,,,,,,,,,,,,,,,,,,,,,,,,0.0009944070912283204,0.0020704785027378346,,,,,,,,0.0004332186207629105,0.0004164299392216148,,0.0002638511214900836,,,,,,,,,0.009748317610411004,0.028277442664883214,0.02528834960235097,0.011327832991242187,0.03164554549024797,0.028575505347475754,,,,,,,0.985823392868042,2.0161185264587402,,,0.0,,,,,,,,,,,,,2026-07-20T09:43:41,,0.03335738040493388,,0.036740625603313225,,,,,,,,,,,,1024.0,,,,,,,,,,,,,,,,,,,,,,,,,,,0.0002756155059550347,8.777791632067419e-05,0.0002961173625606623,0.00032200334034566974,,,,,,,,,,,,,,True,<LOCAL_PATH_REDACTED>/PINN/paper/<LOCAL_PATH_REDACTED>/results/raw/runs/2d_shallowwater/aaf_pinn/seed_100/model_adamw_final.pt,89a6bd61d2e07b10acd1208620bc7cd99c1ad721ef8b19dfc8251736a0b7bef9,True,<LOCAL_PATH_REDACTED>/PINN/paper/<LOCAL_PATH_REDACTED>/results/raw/runs/2d_shallowwater/aaf_pinn/seed_100/model_final.pt,False,4e9209d2d4bbc474054799993825bf33461e75c262d16a89ca241df3f202fe64,0.012066135084427797,0.0021502147211808105,0.00026538614625038615,0.012241370506958374,0.00029744352350870133,0.12823340451841872,0.00014364803377526353,0.00036044095617223233,0.03237000486423678,0.000172267749236156,0.008346513038440364,0.0260686541494287,0.13856579808432526,0.007577465911461917,0.024565432355709533,0.1753217314569028,220x220,90x90x41,6dc204ffb947a0de8e2e5999370417f6f179d2a5e5e08eaf7e4a94986c6cd901,0.008603948355878185,0.0269092456200013,0.14303389326542312,0.007847559133349368,0.024972347886159183,0.17822585845626154,True,fixed_saved_checkpoint_against_canonical_fv1024,0.35,1024.0,2.0,<LOCAL_PATH_REDACTED>/PINN/paper/<LOCAL_PATH_REDACTED>/results/processed/reference_cache/2d_shallowwater/fv_solver1024_eval1024_nt41_order2.npz,9df6008a0562c9de764fe48c4653a682a99912fe95983f1faff9d4bbf759572c
2d_shallowwater,aaf_pinn,AAF-PINN,2026,True,False,<LOCAL_PATH_REDACTED>/PINN/paper/<LOCAL_PATH_REDACTED>/results/raw/runs/2d_shallowwater/aaf_pinn/seed_2026,<LOCAL_PATH_REDACTED>/PINN/paper/<LOCAL_PATH_REDACTED>/results/raw/runs/2d_shallowwater/aaf_pinn/seed_2026/metrics_final.json,AAF-PINN,,,,,,,,,,,,,,,,,,,,,,,,,,,,,,,,,,,,,1.0,0.0282842712474619,0.7,0.0509512834250927,0.9953274726867676,0.044667161593664934,0.06659861420440485,,,,,0.018952924758195877,,,,3000,7000,10000,2026-07-03 00:39:30,AdamW,False,767.8290004730225,83460,5.0,0.3476502299308777,1.7382511496543884,1.0,1e-06,20.0,6.0,finite_volume_1024x1024_order2,False,finite_volume_1024x1024_order2,bilinear_space_linear_time_from_canonical_fv1024,,41,,state_scaled_space_time_rel_l2,,,,,,,,,,,,,,,,,,,,,,,,,,,,,,,,,,,,,,,,,,,,,,,,,,,,,,,,,,,,,,,,,,,,,,,,,,,,,,,,,,,,,,,,,,,,,,,0.0005643734296221922,0.0006973448689993609,,,,,,,,0.00020427291090886396,0.0001217175246690282,,0.00012926046826314415,,,,,,,,,0.00942584697098174,0.028378374555481665,0.025378612394702047,0.010815717328040918,0.031206713127682178,0.028179245579193088,,,,,,,0.987900972366333,2.0131630897521973,,,0.0,,,,,,,,,,,,,2026-07-20T09:43:41,,0.033438941929389614,,0.03619409064454889,,,,,,,,,,,,1024.0,,,,,,,,,,,,,,,,,,,,,,,,,,,0.0013301436656954213,0.0022159347554698127,0.0004826993136060625,0.001031957463092816,,,,,,,,,,,,,,True,<LOCAL_PATH_REDACTED>/PINN/paper/<LOCAL_PATH_REDACTED>/results/raw/runs/2d_shallowwater/aaf_pinn/seed_2026/model_adamw_final.pt,fde87d659b8a85cd38b2f94059101fb62fdb16d32d95e368e49aef4c529ef58d,True,<LOCAL_PATH_REDACTED>/PINN/paper/<LOCAL_PATH_REDACTED>/results/raw/runs/2d_shallowwater/aaf_pinn/seed_2026/model_final.pt,False,a09025a2119aa97150bd12082f2d033bb1d95079edd6ab5b467a05cb4bf161b8,0.011568167604752995,0.00232244469409,0.00026538614625038615,0.011787049328066668,0.0004578791282116291,0.09272460368103132,0.00045126813602541956,0.000283680835141933,0.07645204510339827,0.0002038530775336899,0.008553719640017138,0.026111456955980335,0.13879331290024477,0.007683645462768542,0.02471314689852023,0.17637595957029145,220x220,90x90x41,cb9915c778a02d852103d75259487bf421bea00f5b9c8a2ff85d2d4b8ea5783b,0.008180555801088408,0.026008506975747085,0.13824609070411545,0.007602396057646989,0.024874489645169372,0.17752745119848443,True,fixed_saved_checkpoint_against_canonical_fv1024,0.35,1024.0,2.0,<LOCAL_PATH_REDACTED>/PINN/paper/<LOCAL_PATH_REDACTED>/results/processed/reference_cache/2d_shallowwater/fv_solver1024_eval1024_nt41_order2.npz,9df6008a0562c9de764fe48c4653a682a99912fe95983f1faff9d4bbf759572c
2d_shallowwater,aaf_pinn,AAF-PINN,31415,True,False,<LOCAL_PATH_REDACTED>/PINN/paper/<LOCAL_PATH_REDACTED>/results/raw/runs/2d_shallowwater/aaf_pinn/seed_31415,<LOCAL_PATH_REDACTED>/PINN/paper/<LOCAL_PATH_REDACTED>/results/raw/runs/2d_shallowwater/aaf_pinn/seed_31415/metrics_final.json,AAF-PINN,,,,,,,,,,,,,,,,,,,,,,,,,,,,,,,,,,,,,1.0,0.0282842712474619,0.7,0.05098281800746918,0.9955846667289734,0.043955704033655035,0.06570155902004454,,,,,0.01891278475522995,,,,3000,7000,10000,2026-07-03 01:32:06,AdamW,False,746.8570489883423,83460,5.0,0.34823399782180786,1.7411699891090393,1.0,1e-06,20.0,6.0,finite_volume_1024x1024_order2,False,finite_volume_1024x1024_order2,bilinear_space_linear_time_from_canonical_fv1024,,41,,state_scaled_space_time_rel_l2,,,,,,,,,,,,,,,,,,,,,,,,,,,,,,,,,,,,,,,,,,,,,,,,,,,,,,,,,,,,,,,,,,,,,,,,,,,,,,,,,,,,,,,,,,,,,,,0.0006542812338379815,0.0010722549574043827,,,,,,,,0.0005068561590094166,0.0002894381919265536,,0.0002574969229562183,,,,,,,,,0.00945358055681872,0.02802917510598556,0.02506632539391281,0.011160944736085998,0.0315022790758013,0.028446137686760405,,,,,,,0.9885257482528687,2.0086379051208496,,,0.0,,,,,,,,,,,,,2026-07-20T09:43:41,,0.033017408143813744,,0.036427770673118164,,,,,,,,,,,,1024.0,,,,,,,,,,,,,,,,,,,,,,,,,,,0.00014684986130713898,0.0003989451741724315,0.0005175810147641161,0.0009066924799018344,,,,,,,,,,,,,,True,<LOCAL_PATH_REDACTED>/PINN/paper/<LOCAL_PATH_REDACTED>/results/raw/runs/2d_shallowwater/aaf_pinn/seed_31415/model_adamw_final.pt,855202ca4fcae44f1e9628dde94ccbfea358cc8940a03fd9214f7ce55eedb32b,True,<LOCAL_PATH_REDACTED>/PINN/paper/<LOCAL_PATH_REDACTED>/results/raw/runs/2d_shallowwater/aaf_pinn/seed_31415/model_final.pt,False,99f551f99c31c8ce19f39777e4dd60d1e536c14624ff0afeee42c68606f3aa56,0.011453252032520324,0.002117206587449458,0.00026538614625038615,0.011663914856976163,0.0002990887341007188,0.17980960070040578,0.00023291132055941016,0.0004367101100443498,0.09362948821614477,0.0002017365897924524,0.008175977162217674,0.025594567979451473,0.13604583183953642,0.0075021140320999545,0.02406200110982015,0.1717287787084722,220x220,90x90x41,9fdb358af3cabdf8143c8758c68a78b954d807475ec231d77e2413ac5a5eacaa,0.008251758153077183,0.0266256624431192,0.141526530092675,0.007427778232540316,0.024874487690186395,0.1775274372459109,True,fixed_saved_checkpoint_against_canonical_fv1024,0.35,1024.0,2.0,<LOCAL_PATH_REDACTED>/PINN/paper/<LOCAL_PATH_REDACTED>/results/processed/reference_cache/2d_shallowwater/fv_solver1024_eval1024_nt41_order2.npz,9df6008a0562c9de764fe48c4653a682a99912fe95983f1faff9d4bbf759572c
2d_shallowwater,aaf_pinn,AAF-PINN,42,True,False,<LOCAL_PATH_REDACTED>/PINN/paper/<LOCAL_PATH_REDACTED>/results/raw/runs/2d_shallowwater/aaf_pinn/seed_42,<LOCAL_PATH_REDACTED>/PINN/paper/<LOCAL_PATH_REDACTED>/results/raw/runs/2d_shallowwater/aaf_pinn/seed_42/metrics_final.json,AAF-PINN,,,,,,,,,,,,,,,,,,,,,,,,,,,,,,,,,,,,,1.0,0.0282842712474619,0.7,0.052218563854694366,0.9959784746170044,0.04537861915367483,0.06696980945310567,,,,,0.018888838589191437,,,,3000,7000,10000,2026-07-03 01:05:27,AdamW,False,778.3394360542297,83460,5.0,0.3512646555900574,1.7563232779502869,1.0,1e-06,20.0,6.0,finite_volume_1024x1024_order2,False,finite_volume_1024x1024_order2,bilinear_space_linear_time_from_canonical_fv1024,,41,,state_scaled_space_time_rel_l2,,,,,,,,,,,,,,,,,,,,,,,,,,,,,,,,,,,,,,,,,,,,,,,,,,,,,,,,,,,,,,,,,,,,,,,,,,,,,,,,,,,,,,,,,,,,,,,0.0005180689307182345,0.0008313295156379681,,,,,,,,0.000297192232648185,0.00019599479112763097,,0.0002763390433499101,,,,,,,,,0.00974668391856165,0.028406988912365032,0.02540420204469581,0.011276032134491987,0.031597442787689195,0.02853206924887477,,,,,,,0.9885746240615845,2.007625102996826,,,0.0,,,,,,,,,,,,,2026-07-20T09:43:41,,0.033507250112224815,,0.03666767608372449,,,,,,,,,,,,1024.0,,,,,,,,,,,,,,,,,,,,,,,,,,,0.0015435517918521995,0.003396012629164817,0.0009854306176852198,0.0021509449875225625,,,,,,,,,,,,,,True,<LOCAL_PATH_REDACTED>/PINN/paper/<LOCAL_PATH_REDACTED>/results/raw/runs/2d_shallowwater/aaf_pinn/seed_42/model_adamw_final.pt,862fed6e0a5d1c8e1f0d2839763ec4582c43254d61da01616c2bc8c15cc0e21d,True,<LOCAL_PATH_REDACTED>/PINN/paper/<LOCAL_PATH_REDACTED>/results/raw/runs/2d_shallowwater/aaf_pinn/seed_42/model_final.pt,False,55e1b3ed8bf258085f0d49f23bf0f2e7edee1f556d307e18071f2f07587e08c5,0.012257661038148855,0.0015996717290075446,0.00026538614625038615,0.012373940342325567,0.00029968493684361986,0.05055346887984493,0.0001937644852394191,0.00035585003096500004,0.11829560612172411,0.00018035190797027826,0.00852345810466137,0.02675291748832508,0.14220294387292365,0.007778401025148628,0.02520857919067995,0.17991182435880254,220x220,90x90x41,65b1da38220c6f36d52d2e0d149d863f1eb020768be6f6e82c5ac250a2497e52,0.008457439110461153,0.026087041459999617,0.13866353432913786,0.007704800903999876,0.02454328911233202,0.17516369671471702,True,fixed_saved_checkpoint_against_canonical_fv1024,0.35,1024.0,2.0,<LOCAL_PATH_REDACTED>/PINN/paper/<LOCAL_PATH_REDACTED>/results/processed/reference_cache/2d_shallowwater/fv_solver1024_eval1024_nt41_order2.npz,9df6008a0562c9de764fe48c4653a682a99912fe95983f1faff9d4bbf759572c
2d_shallowwater,aaf_pinn,AAF-PINN,7,True,False,<LOCAL_PATH_REDACTED>/PINN/paper/<LOCAL_PATH_REDACTED>/results/raw/runs/2d_shallowwater/aaf_pinn/seed_7,<LOCAL_PATH_REDACTED>/PINN/paper/<LOCAL_PATH_REDACTED>/results/raw/runs/2d_shallowwater/aaf_pinn/seed_7/metrics_final.json,AAF-PINN,,,,,,,,,,,,,,,,,,,,,,,,,,,,,,,,,,,,,1.0,0.0282842712474619,0.7,0.049801453948020935,0.9947569370269775,0.0425018559762435,0.06647488245483792,,,,,0.019019342958927155,,,,3000,7000,10000,2026-07-03 00:52:23,AdamW,False,769.1621844768524,83460,5.0,0.34187617897987366,1.7093808948993683,1.0,1e-06,20.0,6.0,finite_volume_1024x1024_order2,False,finite_volume_1024x1024_order2,bilinear_space_linear_time_from_canonical_fv1024,,41,,state_scaled_space_time_rel_l2,,,,,,,,,,,,,,,,,,,,,,,,,,,,,,,,,,,,,,,,,,,,,,,,,,,,,,,,,,,,,,,,,,,,,,,,,,,,,,,,,,,,,,,,,,,,,,,0.0003001935058641189,0.0007050898229704733,,,,,,,,0.00021468497537515568,0.00016719000842719775,,0.000189568079970498,,,,,,,,,0.00978759449994207,0.028632736623662176,0.025606086886718754,0.011283139882103096,0.03143019060879509,0.02838104276289309,,,,,,,0.9858255386352539,2.0046467781066895,,,0.0,,,,,,,,,,,,,2026-07-20T09:43:41,,0.03377373293931153,,0.036296082910231696,,,,,,,,,,,,1024.0,,,,,,,,,,,,,,,,,,,,,,,,,,,0.0012288125787043515,0.0021794053709950534,0.0003211958166920102,0.00012852231129640326,,,,,,,,,,,,,,True,<LOCAL_PATH_REDACTED>/PINN/paper/<LOCAL_PATH_REDACTED>/results/raw/runs/2d_shallowwater/aaf_pinn/seed_7/model_adamw_final.pt,f0076f3b633a64b4d178a1a0254994ad04a55be7670f3e6c3ee928082680640b,True,<LOCAL_PATH_REDACTED>/PINN/paper/<LOCAL_PATH_REDACTED>/results/raw/runs/2d_shallowwater/aaf_pinn/seed_7/model_final.pt,False,fd43d8acf50b553c3f7394b9d24dcd01ca67ca52490f5721e780b0ef36d1daf0,0.011070200125078186,0.0029846110718146934,0.00026538614625038615,0.011452675518484307,0.0003823782308665447,0.18606162288804384,0.00018826725932965735,0.00027023996045595324,0.07723874452195796,0.00024210588226335704,0.008555655441181188,0.026171770294755505,0.13911390351741304,0.007912044508753506,0.02537571368797422,0.18110465129657063,220x220,90x90x41,be1d9ab7b6ae514ade13e8a56011ebfd287aa920a0e9423a5ef794fc4e3aa883,0.008541691041325223,0.025767254112533455,0.13696373085002772,0.007904621298583141,0.024773088011920474,0.176803755003916,True,fixed_saved_checkpoint_against_canonical_fv1024,0.35,1024.0,2.0,<LOCAL_PATH_REDACTED>/PINN/paper/<LOCAL_PATH_REDACTED>/results/processed/reference_cache/2d_shallowwater/fv_solver1024_eval1024_nt41_order2.npz,9df6008a0562c9de764fe48c4653a682a99912fe95983f1faff9d4bbf759572c
2d_shallowwater,cpinn,cPINN,100,True,False,<LOCAL_PATH_REDACTED>/PINN/paper/<LOCAL_PATH_REDACTED>/results/raw/runs/2d_shallowwater/cpinn/seed_100,<LOCAL_PATH_REDACTED>/PINN/paper/<LOCAL_PATH_REDACTED>/results/raw/runs/2d_shallowwater/cpinn/seed_100/metrics_final.json,cPINN,,,,,,,,,,,,,,,,,,,,,,,,,,,,,,,,,,,,,1.0,0.0282842712474619,0.7,0.05889938026666641,0.9999769926071167,0.0528334570650829,0.0735894580549369,,,,,0.018612688407301903,,,,3000,7000,10000,2026-07-04 04:06:25,AdamW,False,2552.58877325058,333840,,,,,,,,finite_volume_1024x1024_order2,False,finite_volume_1024x1024_order2,bilinear_space_linear_time_from_canonical_fv1024,,41,,state_scaled_space_time_rel_l2,,4.0,2.0,0.0,0.0,1000.0,4000.0,20.0,20.0,True,8.185482329281513e-06,7.3709011303435545e-06,,,,,,,,,,,,,,,,,,,,,,,,,,,,,,,,,,,,,,,,,,,,,,,,,,,,,,,,,,,,,,,,,,,,,,,,,,,,,,,,,,,0.000369747887433138,0.0006415879395807786,,,,,,,,0.00025075556346493445,0.0001498121405749224,,0.0001414676801840427,,,,,,,,,0.008325822358059664,0.028096545718530513,0.025126574533948273,0.009496991273690938,0.03152449457814307,0.028466197988965016,,,,,,,0.9885886907577515,2.0016841888427734,,,0.0,,,,,,,,,,,,,2026-07-20T09:43:41,,0.03318753389655499,,0.036797764292428314,,,,,,,,,,,,1024.0,,,,,,,,,,,,,,,,,,,,,,,,,,,0.0011889190794550184,0.002626798444356235,0.0005505870520712689,0.0011011103443489762,,,,,,,,,,,,,,True,<LOCAL_PATH_REDACTED>/PINN/paper/<LOCAL_PATH_REDACTED>/results/raw/runs/2d_shallowwater/cpinn/seed_100/model_adamw_final.pt,f5c4ea058056495a2a4d85bfea9b77c1ffcf88a662b7f33fa0b56a75513124ac,True,<LOCAL_PATH_REDACTED>/PINN/paper/<LOCAL_PATH_REDACTED>/results/raw/runs/2d_shallowwater/cpinn/seed_100/model_final.pt,False,c7ac4fe23f01bea3da0c4f3e90bfa66de1d76f9b7f62ee628a90fc338b522a6b,0.013291901188242666,0.002853929515293663,0.00026538614625038615,0.013546829867307366,0.0006253099054377541,0.04918709843109916,0.00036882892262724313,0.0003721036747467321,0.061913607341360456,0.00027637421203282323,0.0070824915892200415,0.026435109484560536,0.1405136614333012,0.00651635723929356,0.024462045899817826,0.17458386972527673,220x220,90x90x41,9a11711e2fded80f380184bc025241b026068ad8c7b37aa1646485ac85380528,0.00694615625103201,0.027032660795707857,0.14368989653354242,0.0064524343122849956,0.024907317079313804,0.17776173824502,True,fixed_saved_checkpoint_against_canonical_fv1024,0.35,1024.0,2.0,<LOCAL_PATH_REDACTED>/PINN/paper/<LOCAL_PATH_REDACTED>/results/processed/reference_cache/2d_shallowwater/fv_solver1024_eval1024_nt41_order2.npz,9df6008a0562c9de764fe48c4653a682a99912fe95983f1faff9d4bbf759572c
2d_shallowwater,cpinn,cPINN,2026,True,False,<LOCAL_PATH_REDACTED>/PINN/paper/<LOCAL_PATH_REDACTED>/results/raw/runs/2d_shallowwater/cpinn/seed_2026,<LOCAL_PATH_REDACTED>/PINN/paper/<LOCAL_PATH_REDACTED>/results/raw/runs/2d_shallowwater/cpinn/seed_2026/metrics_final.json,cPINN,,,,,,,,,,,,,,,,,,,,,,,,,,,,,,,,,,,,,1.0,0.0282842712474619,0.7,0.05817553028464317,0.9999642372131348,0.0527406582529077,0.07120762187577333,,,,,0.018614890053868294,,,,3000,7000,10000,2026-07-04 01:47:47,AdamW,False,2999.1455500125885,333840,,,,,,,,finite_volume_1024x1024_order2,False,finite_volume_1024x1024_order2,bilinear_space_linear_time_from_canonical_fv1024,,41,,state_scaled_space_time_rel_l2,,4.0,2.0,0.0,0.0,1000.0,4000.0,20.0,20.0,True,7.2629500209586695e-06,6.549261343025137e-06,,,,,,,,,,,,,,,,,,,,,,,,,,,,,,,,,,,,,,,,,,,,,,,,,,,,,,,,,,,,,,,,,,,,,,,,,,,,,,,,,,,0.00036530643081495703,0.0006693580047935968,,,,,,,,0.0001835958778145534,9.110119262929653e-05,,8.605118473781438e-05,,,,,,,,,0.008457198387147258,0.02799076419101868,0.02503197474001033,0.009764171335250846,0.03162414397447162,0.028556180064279117,,,,,,,0.9903368949890137,2.0103249549865723,,,0.0,,,,,,,,,,,,,2026-07-20T09:43:41,,0.032995648276356745,,0.03684964448498863,,,,,,,,,,,,1024.0,,,,,,,,,,,,,,,,,,,,,,,,,,,0.0008799847250100895,0.0010215645017031686,0.0013273824103612406,0.0020426329221075313,,,,,,,,,,,,,,True,<LOCAL_PATH_REDACTED>/PINN/paper/<LOCAL_PATH_REDACTED>/results/raw/runs/2d_shallowwater/cpinn/seed_2026/model_adamw_final.pt,729f16b880525a2168b0c675a3d18af824c2d88373a4d68bb9bc87f89d42a7f8,True,<LOCAL_PATH_REDACTED>/PINN/paper/<LOCAL_PATH_REDACTED>/results/raw/runs/2d_shallowwater/cpinn/seed_2026/model_final.pt,False,a5671f80906775621ebcfffbbd71bde6c298736dea0c67fd3579ee4341f7a2ea,0.012257661038148862,0.003014207201602224,0.00026538614625038615,0.012575308841844626,0.0003629107186810244,0.058118753287047686,0.00019844720754212935,0.000413874977092974,0.12873491654335262,0.00023457355606134288,0.007077728445637313,0.027069673569309526,0.1438866349030812,0.00633640767970851,0.02473651394570968,0.17654272851263972,220x220,90x90x41,afd6d12747b3bca5b62377cc8d8ddf6cc9d138139e3dde3be21da452858917b8,0.006998144369102801,0.026341401409018722,0.14001556382534772,0.006412837773062805,0.024217347252916008,0.17283747300655516,True,fixed_saved_checkpoint_against_canonical_fv1024,0.35,1024.0,2.0,<LOCAL_PATH_REDACTED>/PINN/paper/<LOCAL_PATH_REDACTED>/results/processed/reference_cache/2d_shallowwater/fv_solver1024_eval1024_nt41_order2.npz,9df6008a0562c9de764fe48c4653a682a99912fe95983f1faff9d4bbf759572c
2d_shallowwater,cpinn,cPINN,31415,True,False,<LOCAL_PATH_REDACTED>/PINN/paper/<LOCAL_PATH_REDACTED>/results/raw/runs/2d_shallowwater/cpinn/seed_31415,<LOCAL_PATH_REDACTED>/PINN/paper/<LOCAL_PATH_REDACTED>/results/raw/runs/2d_shallowwater/cpinn/seed_31415/metrics_final.json,cPINN,,,,,,,,,,,,,,,,,,,,,,,,,,,,,,,,,,,,,1.0,0.0282842712474619,0.7,0.060549162328243256,0.9999796152114868,0.055308092056421676,0.07383692155407078,,,,,0.01860245317220688,,,,3000,7000,10000,2026-07-04 04:55:18,AdamW,False,2924.686560869217,333840,,,,,,,,finite_volume_1024x1024_order2,False,finite_volume_1024x1024_order2,bilinear_space_linear_time_from_canonical_fv1024,,41,,state_scaled_space_time_rel_l2,,4.0,2.0,0.0,0.0,1000.0,4000.0,20.0,20.0,True,7.420928341161925e-06,6.862421741971048e-06,,,,,,,,,,,,,,,,,,,,,,,,,,,,,,,,,,,,,,,,,,,,,,,,,,,,,,,,,,,,,,,,,,,,,,,,,,,,,,,,,,,0.00044178297734923886,0.0008193771977067633,,,,,,,,0.0003595126871746821,0.00015328719040853887,,0.00016237752674605021,,,,,,,,,0.008209328193113662,0.027281926103842436,0.024398065034227936,0.009478262713600959,0.031141146668693172,0.028120039941545518,,,,,,,0.9904381036758423,2.0056655406951904,,,0.0,,,,,,,,,,,,,2026-07-20T09:43:41,,0.0322183944692448,,0.03636650620738481,,,,,,,,,,,,1024.0,,,,,,,,,,,,,,,,,,,,,,,,,,,0.0005461316944970415,0.0010235079266727217,0.0007379100377285411,0.0012654567658416929,,,,,,,,,,,,,,True,<LOCAL_PATH_REDACTED>/PINN/paper/<LOCAL_PATH_REDACTED>/results/raw/runs/2d_shallowwater/cpinn/seed_31415/model_adamw_final.pt,2d479d1972a9d8208ea47303215ea1cf68974c4450cd4f7464a9bf6fb4231d31,True,<LOCAL_PATH_REDACTED>/PINN/paper/<LOCAL_PATH_REDACTED>/results/raw/runs/2d_shallowwater/cpinn/seed_31415/model_final.pt,False,55a0ac712cbe025b5884d6b1f6d2e8c0505ec8ad3778a52a68fb28c9c0ccfc82,0.013406816760475303,0.0020769751215590133,0.00026538614625038615,0.013533826155993824,0.0004120887736885112,0.2219645138737102,0.0003349108093095073,0.0004515817982660433,0.08286475182911503,0.0002511600087553179,0.007056032421356448,0.026680747828644914,0.14181933195211893,0.00648099731809612,0.02414248502735171,0.17230318666399871,220x220,90x90x41,c3a09d72841eecadc276a653b0d7b56597da212a301ab3d59edcdb95453105b8,0.006907499691937536,0.026194199148019695,0.13923312225171572,0.006261275323660916,0.023772390982930013,0.16966185197343223,True,fixed_saved_checkpoint_against_canonical_fv1024,0.35,1024.0,2.0,<LOCAL_PATH_REDACTED>/PINN/paper/<LOCAL_PATH_REDACTED>/results/processed/reference_cache/2d_shallowwater/fv_solver1024_eval1024_nt41_order2.npz,9df6008a0562c9de764fe48c4653a682a99912fe95983f1faff9d4bbf759572c
2d_shallowwater,cpinn,cPINN,42,True,False,<LOCAL_PATH_REDACTED>/PINN/paper/<LOCAL_PATH_REDACTED>/results/raw/runs/2d_shallowwater/cpinn/seed_42,<LOCAL_PATH_REDACTED>/PINN/paper/<LOCAL_PATH_REDACTED>/results/raw/runs/2d_shallowwater/cpinn/seed_42/metrics_final.json,cPINN,,,,,,,,,,,,,,,,,,,,,,,,,,,,,,,,,,,,,1.0,0.0282842712474619,0.7,0.060648512095212936,0.9999926090240479,0.0557720861172977,0.07272333580796833,,,,,0.018589423969388008,,,,3000,7000,10000,2026-07-04 03:23:45,AdamW,False,2769.5165786743164,333840,,,,,,,,finite_volume_1024x1024_order2,False,finite_volume_1024x1024_order2,bilinear_space_linear_time_from_canonical_fv1024,,41,,state_scaled_space_time_rel_l2,,4.0,2.0,0.0,0.0,1000.0,4000.0,20.0,20.0,True,6.805516022723168e-06,6.0395573200366925e-06,,,,,,,,,,,,,,,,,,,,,,,,,,,,,,,,,,,,,,,,,,,,,,,,,,,,,,,,,,,,,,,,,,,,,,,,,,,,,,,,,,,0.00017588790641950006,9.867089919661249e-05,,,,,,,,0.00020838929934632007,0.00012776088233801438,,0.00018592117423407695,,,,,,,,,0.008348462786216478,0.02809574400100297,0.02512585756270872,0.009468075498962872,0.03157055482605426,0.02850778977827065,,,,,,,0.9904454350471497,2.012861490249634,,,0.0,,,,,,,,,,,,,2026-07-20T09:43:41,,0.03309716911404762,,0.03668520598768968,,,,,,,,,,,,1024.0,,,,,,,,,,,,,,,,,,,,,,,,,,,9.152446904605091e-05,8.966892553224372e-05,0.00021674095626124363,0.0003932609745105572,,,,,,,,,,,,,,True,<LOCAL_PATH_REDACTED>/PINN/paper/<LOCAL_PATH_REDACTED>/results/raw/runs/2d_shallowwater/cpinn/seed_42/model_adamw_final.pt,549fe7ce1450676effa767b573a56a57f39dc762f41bc165073a3ac310fa5870,True,<LOCAL_PATH_REDACTED>/PINN/paper/<LOCAL_PATH_REDACTED>/results/raw/runs/2d_shallowwater/cpinn/seed_42/model_final.pt,False,ae6ad1366151559547193c9130b183392e26cfa6973301e1c6966bf104e6d6ef,0.013100375234521594,0.0026966418994155807,0.00026538614625038615,0.01332932577080234,0.0001811326716285496,0.0659394694014239,9.370571788924063e-05,0.00019970281444413372,0.1285170671247708,0.00014801753239040253,0.006925443260656115,0.026338753373609462,0.1400014884098032,0.006429609072624574,0.024569475011633438,0.17535058360271488,220x220,90x90x41,9b85afa87ce28f5c5227dd9dfef50208ef40a975996fefc43b5f41d151d467f2,0.006866526384326625,0.026630139967133645,0.14155033000520392,0.006319877284895196,0.024494549935042038,0.1748158486968791,True,fixed_saved_checkpoint_against_canonical_fv1024,0.35,1024.0,2.0,<LOCAL_PATH_REDACTED>/PINN/paper/<LOCAL_PATH_REDACTED>/results/processed/reference_cache/2d_shallowwater/fv_solver1024_eval1024_nt41_order2.npz,9df6008a0562c9de764fe48c4653a682a99912fe95983f1faff9d4bbf759572c
2d_shallowwater,cpinn,cPINN,7,True,False,<LOCAL_PATH_REDACTED>/PINN/paper/<LOCAL_PATH_REDACTED>/results/raw/runs/2d_shallowwater/cpinn/seed_7,<LOCAL_PATH_REDACTED>/PINN/paper/<LOCAL_PATH_REDACTED>/results/raw/runs/2d_shallowwater/cpinn/seed_7/metrics_final.json,cPINN,,,,,,,,,,,,,,,,,,,,,,,,,,,,,,,,,,,,,1.0,0.0282842712474619,0.7,0.05730099231004715,0.9999997615814209,0.05125587725810443,0.07123855481316506,,,,,0.01860905811190605,,,,3000,7000,10000,2026-07-04 02:37:27,AdamW,False,2972.022191762924,333840,,,,,,,,finite_volume_1024x1024_order2,False,finite_volume_1024x1024_order2,bilinear_space_linear_time_from_canonical_fv1024,,41,,state_scaled_space_time_rel_l2,,4.0,2.0,0.0,0.0,1000.0,4000.0,20.0,20.0,True,6.3857132772682235e-06,5.488859642355237e-06,,,,,,,,,,,,,,,,,,,,,,,,,,,,,,,,,,,,,,,,,,,,,,,,,,,,,,,,,,,,,,,,,,,,,,,,,,,,,,,,,,,0.0004703370692463895,0.0007079229102036212,,,,,,,,0.00015788557102584228,8.977480993511977e-05,,0.00010116348924502583,,,,,,,,,0.008306819435725919,0.0274477037070428,0.02454631896354018,0.009583989240520712,0.030750093094102413,0.02776692378131654,,,,,,,0.9895594716072083,2.0118775367736816,,,0.0,,,,,,,,,,,,,2026-07-20T09:43:41,,0.03234708252408727,,0.03578279467470072,,,,,,,,,,,,1024.0,,,,,,,,,,,,,,,,,,,,,,,,,,,0.00015387398518055542,0.00036893430626111945,0.0006587448958898343,0.0002978790421837206,,,,,,,,,,,,,,True,<LOCAL_PATH_REDACTED>/PINN/paper/<LOCAL_PATH_REDACTED>/results/raw/runs/2d_shallowwater/cpinn/seed_7/model_adamw_final.pt,51ddda96581d8403679fb83cc561f0cb16f7be78dc84834d8f9c3344756836e6,True,<LOCAL_PATH_REDACTED>/PINN/paper/<LOCAL_PATH_REDACTED>/results/raw/runs/2d_shallowwater/cpinn/seed_7/model_final.pt,False,6af3e5e94f0a39ebf028bd03cf1c19bc6e445192e6a384518b48318c6091833b,0.012947154471544736,0.003109098094113337,0.00026538614625038615,0.013258687617090863,0.00026231884734137886,0.12646576586005553,0.0001580467180736676,0.0002899937634023425,0.06572738020162926,0.00021708363749155197,0.006866778850013616,0.026062715789681005,0.13853423321898797,0.006359634252281687,0.02425220517163943,0.17308625147611684,220x220,90x90x41,3f77eed175aba428820e234046024f9e41432e9daa745d90d7806c656d89f714,0.0067081216174513835,0.025707163498940453,0.13664432411034094,0.006355809151810572,0.023722884555260566,0.1693085281445831,True,fixed_saved_checkpoint_against_canonical_fv1024,0.35,1024.0,2.0,<LOCAL_PATH_REDACTED>/PINN/paper/<LOCAL_PATH_REDACTED>/results/processed/reference_cache/2d_shallowwater/fv_solver1024_eval1024_nt41_order2.npz,9df6008a0562c9de764fe48c4653a682a99912fe95983f1faff9d4bbf759572c
2d_shallowwater,gpinn_subsampled,gPINN-subsampled,100,True,False,<LOCAL_PATH_REDACTED>/PINN/paper/<LOCAL_PATH_REDACTED>/results/raw/runs/2d_shallowwater/gpinn_subsampled/seed_100,<LOCAL_PATH_REDACTED>/PINN/paper/<LOCAL_PATH_REDACTED>/results/raw/runs/2d_shallowwater/gpinn_subsampled/seed_100/metrics_final.json,gPINN-subsampled,,,,,,,,,,,,,,,,,,,,,,,,,,,,,,,,,,,,,1.0,0.0282842712474619,0.7,0.033519964665174484,0.8517017364501953,0.02746844840386043,0.056607275426874534,,,,,0.01837145909667015,,,,3000,7000,10000,2026-07-02 13:03:17,AdamW,False,4668.549679040909,83459,,,,,,,,finite_volume_1024x1024_order2,False,finite_volume_1024x1024_order2,bilinear_space_linear_time_from_canonical_fv1024,,41,,state_scaled_space_time_rel_l2,,,,,,,,,,,,,0.0001,1024.0,512.0,False,120.43683242797852,0.012043683242797852,,,,,,,,,,,,,,,,,,,,,,,,,,,,,,,,,,,,,,,,,,,,,,,,,,,,,,,,,,,,,,,,,,,,,,,,,,,,,0.0008162971603884765,0.0008158579661769313,,,,,,,,0.00019237673690159784,0.0001211131066621799,,0.00014551741952975524,,,,,,,,,0.014178048705142318,0.036780655824273166,0.032892722800674366,0.017015222080335998,0.039895973055464634,0.03602553135765981,,,,,,,0.9877690672874451,1.9999897480010986,,,0.0,,,,,,,,,,,,,2026-07-20T09:43:41,,0.04340212417430469,,0.04616084782894101,,,,,,,,,,,,1024.0,,,,,,,,,,,,,,,,,,,,,,,,,,,0.0004704076035084393,0.000527728173595445,0.00043062866359739677,0.0008054104338093273,,,,,,,,,,,,,,True,<LOCAL_PATH_REDACTED>/PINN/paper/<LOCAL_PATH_REDACTED>/results/raw/runs/2d_shallowwater/gpinn_subsampled/seed_100/model_adamw_final.pt,76b2c1fbb83269ab7946a07a6d6b0cb8d2b98cb5c20d3acda4478cc4e68014ed,True,<LOCAL_PATH_REDACTED>/PINN/paper/<LOCAL_PATH_REDACTED>/results/raw/runs/2d_shallowwater/gpinn_subsampled/seed_100/model_final.pt,False,6a7019fcfdec32e192500c1c08c1082a41556430a87bcb6dadfa29d84fe76bf7,0.01647123202001253,0.0024598971968171047,0.00026538614625038615,0.016648266145708294,0.0002637532592305568,0.12782167645362982,0.0001978876186892707,0.0004907370569799107,0.0650109223816618,0.00029882804741474694,0.011332445717441983,0.0335886260040126,0.17853759316162954,0.01031330396319585,0.032347323561279825,0.23086053168700452,220x220,90x90x41,391751aec62e5dafd23f8249c5ed6fd66e644401de57b11f97ea84ec2ab362e4,0.011050521370247937,0.032646735429078776,0.17353105088001852,0.010101025657985613,0.03213636361069565,0.22935492562768822,True,fixed_saved_checkpoint_against_canonical_fv1024,0.35,1024.0,2.0,<LOCAL_PATH_REDACTED>/PINN/paper/<LOCAL_PATH_REDACTED>/results/processed/reference_cache/2d_shallowwater/fv_solver1024_eval1024_nt41_order2.npz,9df6008a0562c9de764fe48c4653a682a99912fe95983f1faff9d4bbf759572c
2d_shallowwater,gpinn_subsampled,gPINN-subsampled,2026,True,False,<LOCAL_PATH_REDACTED>/PINN/paper/<LOCAL_PATH_REDACTED>/results/raw/runs/2d_shallowwater/gpinn_subsampled/seed_2026,<LOCAL_PATH_REDACTED>/PINN/paper/<LOCAL_PATH_REDACTED>/results/raw/runs/2d_shallowwater/gpinn_subsampled/seed_2026/metrics_final.json,gPINN-subsampled,,,,,,,,,,,,,,,,,,,,,,,,,,,,,,,,,,,,,1.0,0.0282842712474619,0.7,0.03273049369454384,0.8626635670661926,0.026726057906458798,0.05787552585993566,,,,,0.018384423106908798,,,,3000,7000,10000,2026-07-02 09:11:00,AdamW,False,5236.051893234253,83459,,,,,,,,finite_volume_1024x1024_order2,False,finite_volume_1024x1024_order2,bilinear_space_linear_time_from_canonical_fv1024,,41,,state_scaled_space_time_rel_l2,,,,,,,,,,,,,0.0001,1024.0,512.0,False,108.74897384643555,0.010874897384643555,,,,,,,,,,,,,,,,,,,,,,,,,,,,,,,,,,,,,,,,,,,,,,,,,,,,,,,,,,,,,,,,,,,,,,,,,,,,,0.0004272275316516499,0.000789318995233928,,,,,,,,0.00023380940682912865,0.00019748153679302106,,0.0001414309998517095,,,,,,,,,0.013732198202182298,0.03704929905611887,0.033132968852827314,0.016169152963355065,0.0398941649347597,0.036023898648788084,,,,,,,0.9890605211257935,1.988440752029419,,,0.0,,,,,,,,,,,,,2026-07-20T09:43:41,,0.04364771691909456,,0.04610394832856917,,,,,,,,,,,,1024.0,,,,,,,,,,,,,,,,,,,,,,,,,,,0.0004579672499192153,0.0009401081307941073,0.001504552301026789,0.0023690567886560923,,,,,,,,,,,,,,True,<LOCAL_PATH_REDACTED>/PINN/paper/<LOCAL_PATH_REDACTED>/results/raw/runs/2d_shallowwater/gpinn_subsampled/seed_2026/model_adamw_final.pt,3dae1c42953e1be7e6bba63686e7da21797d4fc126aeabc986544a3b133e3c8d,True,<LOCAL_PATH_REDACTED>/PINN/paper/<LOCAL_PATH_REDACTED>/results/raw/runs/2d_shallowwater/gpinn_subsampled/seed_2026/model_final.pt,False,aebaa09d905360cb1f3762570e816f5cef3c749092e3c2200593b81459c42718,0.017313946216385247,0.0032503032155854366,0.00026538614625038615,0.017618389097296825,0.00032208765097357055,0.04301190411376852,0.0002535595189665596,0.00037664278946935415,0.05834858593004777,0.00023133160567630207,0.011456603968519918,0.03317970241907441,0.17636399330573882,0.010393377578114382,0.03254500957956855,0.2322714026421475,220x220,90x90x41,7f920a05e869ceaf59625e6ec976ab7a7fcb00454070f52fc81727b44a12aca8,0.011440213723951528,0.03286567333785839,0.17469479741971575,0.01024531085118473,0.032164454002166866,0.2295554047399108,True,fixed_saved_checkpoint_against_canonical_fv1024,0.35,1024.0,2.0,<LOCAL_PATH_REDACTED>/PINN/paper/<LOCAL_PATH_REDACTED>/results/processed/reference_cache/2d_shallowwater/fv_solver1024_eval1024_nt41_order2.npz,9df6008a0562c9de764fe48c4653a682a99912fe95983f1faff9d4bbf759572c
2d_shallowwater,gpinn_subsampled,gPINN-subsampled,31415,True,False,<LOCAL_PATH_REDACTED>/PINN/paper/<LOCAL_PATH_REDACTED>/results/raw/runs/2d_shallowwater/gpinn_subsampled/seed_31415,<LOCAL_PATH_REDACTED>/PINN/paper/<LOCAL_PATH_REDACTED>/results/raw/runs/2d_shallowwater/gpinn_subsampled/seed_31415/metrics_final.json,gPINN-subsampled,,,,,,,,,,,,,,,,,,,,,,,,,,,,,,,,,,,,,1.0,0.0282842712474619,0.7,0.034207720309495926,0.8870050311088562,0.029200692897797576,0.05394704281118535,,,,,0.01833072304725647,,,,3000,7000,10000,2026-07-02 14:28:44,AdamW,False,5123.105454206467,83459,,,,,,,,finite_volume_1024x1024_order2,False,finite_volume_1024x1024_order2,bilinear_space_linear_time_from_canonical_fv1024,,41,,state_scaled_space_time_rel_l2,,,,,,,,,,,,,0.0001,1024.0,512.0,False,222.5221290588379,0.02225221290588379,,,,,,,,,,,,,,,,,,,,,,,,,,,,,,,,,,,,,,,,,,,,,,,,,,,,,,,,,,,,,,,,,,,,,,,,,,,,,0.0008333542749393938,0.0008255109387215242,,,,,,,,0.0002865515375009273,0.00024253807330353754,,0.00018622522320560367,,,,,,,,,0.013818089235267467,0.0363190102766635,0.032479875919905345,0.016236045163094792,0.03927901950307644,0.03546843053154683,,,,,,,0.9879581332206726,1.9877482652664185,,,0.0,,,,,,,,,,,,,2026-07-20T09:43:41,,0.042673804623076794,,0.045404747885393726,,,,,,,,,,,,1024.0,,,,,,,,,,,,,,,,,,,,,,,,,,,0.0016628739039845858,0.0030097363759464778,0.0024783477084561927,0.0036189956316831882,,,,,,,,,,,,,,True,<LOCAL_PATH_REDACTED>/PINN/paper/<LOCAL_PATH_REDACTED>/results/raw/runs/2d_shallowwater/gpinn_subsampled/seed_31415/model_adamw_final.pt,cfc24af417e776d743e965dd7e2cd710316ac6daa6e3f6893567329e20477cf9,True,<LOCAL_PATH_REDACTED>/PINN/paper/<LOCAL_PATH_REDACTED>/results/raw/runs/2d_shallowwater/gpinn_subsampled/seed_31415/model_final.pt,False,7b28f067d5a3f5249794eb974799059658db2d78a20f7a26a13559c408f6d532,0.016126485303314585,0.0034735437591699777,0.00026538614625038615,0.016505937374614244,0.0005254555745896936,0.11372633590908593,0.0004504994946986293,0.00037712863177367923,0.04558449895510754,0.0003224501652942794,0.01128292182443239,0.032681610650080545,0.1737164272636161,0.010015547860155273,0.03153158188991071,0.2250386417981933,220x220,90x90x41,fb27a1fc3e58f35e265128e02e5ea5fb2ddb3eebdfe7489728d8fdde33526a65,0.01143108811477204,0.03238665075128381,0.172148592056422,0.010018130226090882,0.03151367393768637,0.2249108340256552,True,fixed_saved_checkpoint_against_canonical_fv1024,0.35,1024.0,2.0,<LOCAL_PATH_REDACTED>/PINN/paper/<LOCAL_PATH_REDACTED>/results/processed/reference_cache/2d_shallowwater/fv_solver1024_eval1024_nt41_order2.npz,9df6008a0562c9de764fe48c4653a682a99912fe95983f1faff9d4bbf759572c
2d_shallowwater,gpinn_subsampled,gPINN-subsampled,42,True,False,<LOCAL_PATH_REDACTED>/PINN/paper/<LOCAL_PATH_REDACTED>/results/raw/runs/2d_shallowwater/gpinn_subsampled/seed_42,<LOCAL_PATH_REDACTED>/PINN/paper/<LOCAL_PATH_REDACTED>/results/raw/runs/2d_shallowwater/gpinn_subsampled/seed_42/metrics_final.json,gPINN-subsampled,,,,,,,,,,,,,,,,,,,,,,,,,,,,,,,,,,,,,1.0,0.0282842712474619,0.7,0.035676419734954834,0.8738625645637512,0.028551101212571147,0.0640621133382826,,,,,0.018459968268871307,,,,3000,7000,10000,2026-07-02 11:45:24,AdamW,False,4612.497804641724,83459,,,,,,,,finite_volume_1024x1024_order2,False,finite_volume_1024x1024_order2,bilinear_space_linear_time_from_canonical_fv1024,,41,,state_scaled_space_time_rel_l2,,,,,,,,,,,,,0.0001,1024.0,512.0,False,92.76947021484375,0.009276947021484376,,,,,,,,,,,,,,,,,,,,,,,,,,,,,,,,,,,,,,,,,,,,,,,,,,,,,,,,,,,,,,,,,,,,,,,,,,,,,0.0006775495570392889,0.0007951649635028242,,,,,,,,0.00014739238563377804,0.0001117745805070047,,0.0001572270199105905,,,,,,,,,0.013729071119871874,0.03691228489658213,0.033010437900933984,0.0159522827720877,0.039687956422988266,0.035837695113992464,,,,,,,0.9904003143310547,2.009798765182495,,,0.0,,,,,,,,,,,,,2026-07-20T09:43:41,,0.04350597099906272,,0.04595835086062864,,,,,,,,,,,,1024.0,,,,,,,,,,,,,,,,,,,,,,,,,,,0.0006719497298237424,0.0007719456882556089,0.0006358751054753281,0.001104332812139209,,,,,,,,,,,,,,True,<LOCAL_PATH_REDACTED>/PINN/paper/<LOCAL_PATH_REDACTED>/results/raw/runs/2d_shallowwater/gpinn_subsampled/seed_42/model_adamw_final.pt,08aa7864930f15a7d9deda8142419cc6258865c17d8cbfa56bbfbfa3f1f72262,True,<LOCAL_PATH_REDACTED>/PINN/paper/<LOCAL_PATH_REDACTED>/results/raw/runs/2d_shallowwater/gpinn_subsampled/seed_42/model_final.pt,False,03cf899d1930b26aaadda6dc9f44eb723aaa9f0fcaf7981f3bcd359a51c08e9c,0.016126485303314585,0.0030794609924587974,0.00026538614625038615,0.01640893508776564,0.00023477824457220935,0.11513903159687668,0.00018449681096160096,0.00029030194504966344,0.13354286722144182,0.00020275631555640057,0.010966620268613461,0.03309591610089074,0.1759186339871826,0.00991960396899877,0.03232756086829268,0.23071948676247045,220x220,90x90x41,b05cde0c87797f7f57f32f1fb1fabe75aa2d47c4ff40f188475f8c657767d006,0.01109019748200204,0.03293478167382646,0.1750621371248192,0.010048926549511904,0.03221098669344368,0.22988750522509133,True,fixed_saved_checkpoint_against_canonical_fv1024,0.35,1024.0,2.0,<LOCAL_PATH_REDACTED>/PINN/paper/<LOCAL_PATH_REDACTED>/results/processed/reference_cache/2d_shallowwater/fv_solver1024_eval1024_nt41_order2.npz,9df6008a0562c9de764fe48c4653a682a99912fe95983f1faff9d4bbf759572c
2d_shallowwater,gpinn_subsampled,gPINN-subsampled,7,True,False,<LOCAL_PATH_REDACTED>/PINN/paper/<LOCAL_PATH_REDACTED>/results/raw/runs/2d_shallowwater/gpinn_subsampled/seed_7,<LOCAL_PATH_REDACTED>/PINN/paper/<LOCAL_PATH_REDACTED>/results/raw/runs/2d_shallowwater/gpinn_subsampled/seed_7/metrics_final.json,gPINN-subsampled,,,,,,,,,,,,,,,,,,,,,,,,,,,,,,,,,,,,,1.0,0.0282842712474619,0.7,0.03381473943591118,0.8742837905883789,0.027344716654293492,0.05840138579559515,,,,,0.018420035019516945,,,,3000,7000,10000,2026-07-02 10:28:28,AdamW,False,4644.367248296738,83459,,,,,,,,finite_volume_1024x1024_order2,False,finite_volume_1024x1024_order2,bilinear_space_linear_time_from_canonical_fv1024,,41,,state_scaled_space_time_rel_l2,,,,,,,,,,,,,0.0001,1024.0,512.0,False,112.2887191772461,0.01122887191772461,,,,,,,,,,,,,,,,,,,,,,,,,,,,,,,,,,,,,,,,,,,,,,,,,,,,,,,,,,,,,,,,,,,,,,,,,,,,,0.001634463200984099,0.003405013481092682,,,,,,,,0.00033365978476183146,0.00030802478659529937,,0.0003421736044123198,,,,,,,,,0.013780316550501987,0.03685467149944735,0.03295891458088734,0.01637370514320219,0.04024235596711254,0.03633831050526905,,,,,,,0.987922191619873,2.0125348567962646,,,0.0,,,,,,,,,,,,,2026-07-20T09:43:41,,0.04352116251250747,,0.04670592035794891,,,,,,,,,,,,1024.0,,,,,,,,,,,,,,,,,,,,,,,,,,,0.0020025110081540306,0.0034637334987184616,0.0007170265281236708,0.0010614440735777354,,,,,,,,,,,,,,True,<LOCAL_PATH_REDACTED>/PINN/paper/<LOCAL_PATH_REDACTED>/results/raw/runs/2d_shallowwater/gpinn_subsampled/seed_7/model_adamw_final.pt,d9fe8ca1dc1b4fb9eca76c35696775edeee78a3362cb875721cb889f972320a2,True,<LOCAL_PATH_REDACTED>/PINN/paper/<LOCAL_PATH_REDACTED>/results/raw/runs/2d_shallowwater/gpinn_subsampled/seed_7/model_final.pt,False,e2874881d7348679163e878b51bd069258ed04a463106bc0242fa376786d0060,0.017926829268292692,0.0034466158354027336,0.00026538614625038615,0.01823777673050555,0.0005011520470638981,0.0927415253906551,0.00029787427647560375,0.0003361485694731619,0.06801119954523983,0.0001772178394128156,0.011851746184897712,0.03373808981768698,0.17933205583345763,0.010297268005221773,0.032318129568993756,0.23065217625480128,220x220,90x90x41,2fb8d7eea68931e8bc3aec4d53aeb894d80b9b8d11560f6664b1ad20f19e1d9e,0.011487546530360642,0.03358530321893349,0.17851993116942583,0.010161618960370553,0.0324039406032762,0.2312646034610747,True,fixed_saved_checkpoint_against_canonical_fv1024,0.35,1024.0,2.0,<LOCAL_PATH_REDACTED>/PINN/paper/<LOCAL_PATH_REDACTED>/results/processed/reference_cache/2d_shallowwater/fv_solver1024_eval1024_nt41_order2.npz,9df6008a0562c9de764fe48c4653a682a99912fe95983f1faff9d4bbf759572c
2d_shallowwater,lra_pinn,LRA-PINN,100,True,False,<LOCAL_PATH_REDACTED>/PINN/paper/<LOCAL_PATH_REDACTED>/results/raw/runs/2d_shallowwater/lra_pinn/seed_100,<LOCAL_PATH_REDACTED>/PINN/paper/<LOCAL_PATH_REDACTED>/results/raw/runs/2d_shallowwater/lra_pinn/seed_100/metrics_final.json,LRA-PINN,,,,,,,,,,,,,,,,,,,,,,,,,,,,,,,,,,,,,1.0,0.0282842712474619,0.7,0.13172468543052673,1.0,0.12648478099480326,0.17467829745112595,,,,,0.008245015516877174,,,,3000,7000,10000,2026-07-01 22:24:04,AdamW,False,663.0416736602783,83459,,,,,,,,finite_volume_1024x1024_order2,False,finite_volume_1024x1024_order2,bilinear_space_linear_time_from_canonical_fv1024,,41,,state_scaled_space_time_rel_l2,,,,,,,,,,,,,,,,,,,0.9,500.0,9999.999999993865,10000.0,999999.9999993865,300000.0,1.0,,,,,,,,,,,,,,,,,,,,,,,,,,,,,,,,,,,,,,,,,,,,,,,,,,,,,,,,,,,,,,,,,,,,,,0.3225030432876258,0.540878840443507,,,,,,,,0.09141745188278938,0.07372236033474099,,0.05469479340169251,,,,,,,,,0.07838007524875325,0.17647133015389282,0.15781726603111734,0.13328650769842926,0.2306081337292573,0.20823606787193857,,,,,,,0.6142956018447876,1.5470097064971924,,,0.0,,,,,,,,,,,,,2026-07-20T09:43:41,,0.19516353844980175,,0.25687775571466914,,,,,,,,,,,,1024.0,,,,,,,,,,,,,,,,,,,,,,,,,,,0.00517104702462731,0.006779887659872396,0.00365272110033611,0.015235569954616173,,,,,,,,,,,,,,True,<LOCAL_PATH_REDACTED>/PINN/paper/<LOCAL_PATH_REDACTED>/results/raw/runs/2d_shallowwater/lra_pinn/seed_100/model_adamw_final.pt,9d961b6cc05b71549cd1a3d493ff3f27549150c140564a4978ce40b41715b986,True,<LOCAL_PATH_REDACTED>/PINN/paper/<LOCAL_PATH_REDACTED>/results/raw/runs/2d_shallowwater/lra_pinn/seed_100/model_final.pt,False,0ca36e1b128b716496ec2cf3271ad96fdaa595a07d52a597e0849a8d8b685bcf,0.2898553783614759,0.06859011568970831,0.00026538614625038615,0.2978417341375507,0.014377167287110748,0.5786850560538,0.0033669170591226366,0.005647115990482439,0.5676767295488204,0.003278814658521879,0.08565156899760232,0.17408028139623227,0.9253094917806287,0.047186091636993784,0.13130862177397065,0.9371402298678235,220x220,90x90x41,490b021a6b1033bc7b31a42fdd52eb44d82a60180fd30c60b7f6501b0ddf47ee,0.08726319774185433,0.172799463646483,0.9185014098337335,0.04786379510533179,0.1312239054374861,0.9365356154413365,True,fixed_saved_checkpoint_against_canonical_fv1024,0.35,1024.0,2.0,<LOCAL_PATH_REDACTED>/PINN/paper/<LOCAL_PATH_REDACTED>/results/processed/reference_cache/2d_shallowwater/fv_solver1024_eval1024_nt41_order2.npz,9df6008a0562c9de764fe48c4653a682a99912fe95983f1faff9d4bbf759572c
2d_shallowwater,lra_pinn,LRA-PINN,2026,True,False,<LOCAL_PATH_REDACTED>/PINN/paper/<LOCAL_PATH_REDACTED>/results/raw/runs/2d_shallowwater/lra_pinn/seed_2026,<LOCAL_PATH_REDACTED>/PINN/paper/<LOCAL_PATH_REDACTED>/results/raw/runs/2d_shallowwater/lra_pinn/seed_2026/metrics_final.json,LRA-PINN,,,,,,,,,,,,,,,,,,,,,,,,,,,,,,,,,,,,,1.0,0.0282842712474619,0.7,0.11056546866893768,1.0,0.1020168275179411,0.16542934917099728,,,,,0.01032200362533331,,,,3000,7000,10000,2026-07-01 21:50:58,AdamW,False,695.0075399875641,83459,,,,,,,,finite_volume_1024x1024_order2,False,finite_volume_1024x1024_order2,bilinear_space_linear_time_from_canonical_fv1024,,41,,state_scaled_space_time_rel_l2,,,,,,,,,,,,,,,,,,,0.9,500.0,9999.999996293358,10000.0,999999.9996293358,300000.0,1.0,,,,,,,,,,,,,,,,,,,,,,,,,,,,,,,,,,,,,,,,,,,,,,,,,,,,,,,,,,,,,,,,,,,,,,0.31671791990666925,0.5158463697502776,,,,,,,,0.09371784003105928,0.07356854881641774,,0.04894947988012188,,,,,,,,,0.07675095603364362,0.17088785248098012,0.15282399499657345,0.12689360804407734,0.2208732969679263,0.1994456401633708,,,,,,,0.513770341873169,1.5774235725402832,,,0.0,,,,,,,,,,,,,2026-07-20T09:43:41,,0.18999522090582754,,0.24942208461644777,,,,,,,,,,,,1024.0,,,,,,,,,,,,,,,,,,,,,,,,,,,0.011453703531476874,0.017313017064703957,0.013688780186238068,0.027911705451482388,,,,,,,,,,,,,,True,<LOCAL_PATH_REDACTED>/PINN/paper/<LOCAL_PATH_REDACTED>/results/raw/runs/2d_shallowwater/lra_pinn/seed_2026/model_adamw_final.pt,d9f222f112133fde484c911f088d36935d99fe76877487b3dcf2b4b58bd9009c,True,<LOCAL_PATH_REDACTED>/PINN/paper/<LOCAL_PATH_REDACTED>/results/raw/runs/2d_shallowwater/lra_pinn/seed_2026/model_final.pt,False,3ff32a0016b875bf7f6ae08efce31d3c9bec7df65cf566cbab87306d2ae67963,0.29881879299562225,0.04497478005043029,0.00026538614625038615,0.3021793534773004,0.010535745212857836,0.39642067982928264,0.0038286885327327392,0.012910457759114822,0.5231794026106165,0.007334005390275003,0.08317469553364784,0.16643701357124155,0.884682327061222,0.04520229375399733,0.12438089768589794,0.8876975591836943,220x220,90x90x41,681698c83bc97134612a9607fc8d706a1030a7cd74bbf79793038e85e5b80f41,0.08994904967922823,0.178118934585343,0.9467766223477507,0.048724689257837205,0.1334683620567655,0.9525541415952435,True,fixed_saved_checkpoint_against_canonical_fv1024,0.35,1024.0,2.0,<LOCAL_PATH_REDACTED>/PINN/paper/<LOCAL_PATH_REDACTED>/results/processed/reference_cache/2d_shallowwater/fv_solver1024_eval1024_nt41_order2.npz,9df6008a0562c9de764fe48c4653a682a99912fe95983f1faff9d4bbf759572c
2d_shallowwater,lra_pinn,LRA-PINN,31415,True,False,<LOCAL_PATH_REDACTED>/PINN/paper/<LOCAL_PATH_REDACTED>/results/raw/runs/2d_shallowwater/lra_pinn/seed_31415,<LOCAL_PATH_REDACTED>/PINN/paper/<LOCAL_PATH_REDACTED>/results/raw/runs/2d_shallowwater/lra_pinn/seed_31415/metrics_final.json,LRA-PINN,,,,,,,,,,,,,,,,,,,,,,,,,,,,,,,,,,,,,1.0,0.0282842712474619,0.7,0.09825461357831955,1.0,0.08639569413511507,0.15766518188567186,,,,,0.01152464747428894,,,,3000,7000,10000,2026-07-01 22:35:02,AdamW,False,654.7109701633453,83459,,,,,,,,finite_volume_1024x1024_order2,False,finite_volume_1024x1024_order2,bilinear_space_linear_time_from_canonical_fv1024,,41,,state_scaled_space_time_rel_l2,,,,,,,,,,,,,,,,,,,0.9,500.0,9999.947066806213,10000.0,999994.7066806213,300000.0,1.0,,,,,,,,,,,,,,,,,,,,,,,,,,,,,,,,,,,,,,,,,,,,,,,,,,,,,,,,,,,,,,,,,,,,,,0.31035557112118756,0.5076760660747268,,,,,,,,0.09039580438397075,0.05484770031148272,,0.04925239737953661,,,,,,,,,0.07563582184657777,0.16524487862631254,0.14777751687884125,0.12510626280210838,0.21501849613726617,0.19415883313087737,,,,,,,0.5651896595954895,1.437468409538269,,,0.0,,,,,,,,,,,,,2026-07-20T09:43:41,,0.1861991111862,,0.24285271874193803,,,,,,,,,,,,1024.0,,,,,,,,,,,,,,,,,,,,,,,,,,,0.02025254957789818,0.03471975509860192,0.020536311631617038,0.027617661883126737,,,,,,,,,,,,,,True,<LOCAL_PATH_REDACTED>/PINN/paper/<LOCAL_PATH_REDACTED>/results/raw/runs/2d_shallowwater/lra_pinn/seed_31415/model_adamw_final.pt,24a51f428275aaaa86dd97b10bd78a33be599991010e34e558747f10313b8eda,True,<LOCAL_PATH_REDACTED>/PINN/paper/<LOCAL_PATH_REDACTED>/results/raw/runs/2d_shallowwater/lra_pinn/seed_31415/model_final.pt,False,15848ed3a9410aec51599abd4e7094b3aaf061b01b0e980d242194c310b1ec1c,0.31107645403377104,0.02702140033861946,0.00026538614625038615,0.3122431264526216,0.01195493763313704,0.5535084288748268,0.007649311589874301,0.014611176878252597,0.47752858077267196,0.011237949923003941,0.08707243537188483,0.16860333342194295,0.8961972229702205,0.04913934401276102,0.1293348248580106,0.9230533826330757,220x220,90x90x41,a3adeb8a0ff88acbfb6ad25983b52482876ba9c97d7909e364cfa6d9a1974bdf,0.08641621787480211,0.16716297997298368,0.8885411420680569,0.05029105644802213,0.1293180846612709,0.9229339090478021,True,fixed_saved_checkpoint_against_canonical_fv1024,0.35,1024.0,2.0,<LOCAL_PATH_REDACTED>/PINN/paper/<LOCAL_PATH_REDACTED>/results/processed/reference_cache/2d_shallowwater/fv_solver1024_eval1024_nt41_order2.npz,9df6008a0562c9de764fe48c4653a682a99912fe95983f1faff9d4bbf759572c
2d_shallowwater,lra_pinn,LRA-PINN,42,True,False,<LOCAL_PATH_REDACTED>/PINN/paper/<LOCAL_PATH_REDACTED>/results/raw/runs/2d_shallowwater/lra_pinn/seed_42,<LOCAL_PATH_REDACTED>/PINN/paper/<LOCAL_PATH_REDACTED>/results/raw/runs/2d_shallowwater/lra_pinn/seed_42/metrics_final.json,LRA-PINN,,,,,,,,,,,,,,,,,,,,,,,,,,,,,,,,,,,,,1.0,0.0282842712474619,0.7,0.12572993338108063,1.0,0.1140497401633259,0.1947537738183618,,,,,0.00744929863139987,,,,3000,7000,10000,2026-07-01 22:12:57,AdamW,False,652.9865250587463,83459,,,,,,,,finite_volume_1024x1024_order2,False,finite_volume_1024x1024_order2,bilinear_space_linear_time_from_canonical_fv1024,,41,,state_scaled_space_time_rel_l2,,,,,,,,,,,,,,,,,,,0.9,500.0,9999.999999806241,10000.0,999999.9999806241,300000.0,1.0,,,,,,,,,,,,,,,,,,,,,,,,,,,,,,,,,,,,,,,,,,,,,,,,,,,,,,,,,,,,,,,,,,,,,,0.29209939812639457,0.4625845577643538,,,,,,,,0.05577280274050193,0.02210192559225132,,0.04336448082498796,,,,,,,,,0.07084792323544317,0.16809965464266818,0.15033052617298304,0.11353273658138567,0.2049783965594587,0.18509275717199591,,,,,,,0.47951769828796387,1.5936018228530884,,,0.0,,,,,,,,,,,,,2026-07-20T09:43:41,,0.1901721889808172,,0.24219539018255912,,,,,,,,,,,,1024.0,,,,,,,,,,,,,,,,,,,,,,,,,,,0.010305578058573768,0.015636821897136985,0.007849992863631586,0.02552544255195098,,,,,,,,,,,,,,True,<LOCAL_PATH_REDACTED>/PINN/paper/<LOCAL_PATH_REDACTED>/results/raw/runs/2d_shallowwater/lra_pinn/seed_42/model_adamw_final.pt,46ce94c9a9e8ee2b321c9baabfd7f7b7d905413917945cf6f4f15a152c3fb078,True,<LOCAL_PATH_REDACTED>/PINN/paper/<LOCAL_PATH_REDACTED>/results/raw/runs/2d_shallowwater/lra_pinn/seed_42/model_final.pt,False,a464ade4326c697f16cbd1b41a2351130bbff6b816e2cbec851cf1475cb83fdd,0.2405182926829268,0.19594871592970106,0.00026538614625038615,0.26511721805650534,0.013493585544144149,0.6380742199489684,0.007277914246786149,0.009213910112691287,0.5690546867261912,0.004765953871972577,0.08983272409606038,0.17812083943281593,0.9467867474086304,0.04917792141635056,0.13297279901202563,0.9490173436349318,220x220,90x90x41,4a1de2868ccffe0382b153aca2370c8a9575782f0a23f85518995755e3298dcc,0.09006801972691822,0.1796455231026267,0.9548910786994768,0.048419699520948205,0.13290545527629344,0.9485367162158668,True,fixed_saved_checkpoint_against_canonical_fv1024,0.35,1024.0,2.0,<LOCAL_PATH_REDACTED>/PINN/paper/<LOCAL_PATH_REDACTED>/results/processed/reference_cache/2d_shallowwater/fv_solver1024_eval1024_nt41_order2.npz,9df6008a0562c9de764fe48c4653a682a99912fe95983f1faff9d4bbf759572c
2d_shallowwater,lra_pinn,LRA-PINN,7,True,False,<LOCAL_PATH_REDACTED>/PINN/paper/<LOCAL_PATH_REDACTED>/results/raw/runs/2d_shallowwater/lra_pinn/seed_7,<LOCAL_PATH_REDACTED>/PINN/paper/<LOCAL_PATH_REDACTED>/results/raw/runs/2d_shallowwater/lra_pinn/seed_7/metrics_final.json,LRA-PINN,,,,,,,,,,,,,,,,,,,,,,,,,,,,,,,,,,,,,1.0,0.0282842712474619,0.7,0.09792300313711166,1.0,0.08921059143776293,0.1520044543429844,,,,,0.014007510617375374,,,,3000,7000,10000,2026-07-01 22:02:01,AdamW,False,659.8162617683411,83459,,,,,,,,finite_volume_1024x1024_order2,False,finite_volume_1024x1024_order2,bilinear_space_linear_time_from_canonical_fv1024,,41,,state_scaled_space_time_rel_l2,,,,,,,,,,,,,,,,,,,0.9,500.0,9967.169861773631,9999.999999998874,996716.9861773631,299999.99999996624,1.0,,,,,,,,,,,,,,,,,,,,,,,,,,,,,,,,,,,,,,,,,,,,,,,,,,,,,,,,,,,,,,,,,,,,,,0.2787121269283559,0.4673112655116842,,,,,,,,0.046581152408293934,0.02182856013672614,,0.03346029648290929,,,,,,,,,0.06949460428013694,0.15507080248512728,0.13867890080565778,0.116436024870358,0.20224974334220566,0.18262881972383121,,,,,,,0.526236355304718,1.5721911191940308,,,0.0,,,,,,,,,,,,,2026-07-20T09:43:41,,0.17342207680867328,,0.2248060578873207,,,,,,,,,,,,1024.0,,,,,,,,,,,,,,,,,,,,,,,,,,,0.010260178766655269,0.04040416887707472,0.012197863515206499,0.03447235643954799,,,,,,,,,,,,,,True,<LOCAL_PATH_REDACTED>/PINN/paper/<LOCAL_PATH_REDACTED>/results/raw/runs/2d_shallowwater/lra_pinn/seed_7/model_adamw_final.pt,3a64d98d2c955b5d150add51175c0ffb5447be3a7995177ba9177c3361174e4e,True,<LOCAL_PATH_REDACTED>/PINN/paper/<LOCAL_PATH_REDACTED>/results/raw/runs/2d_shallowwater/lra_pinn/seed_7/model_final.pt,False,9ae53bb1c09c72602af7b2020fe4af2db709fdc330f59ae1b0e827b23ef14ea3,0.2906980925578486,0.08181399618049105,0.00026538614625038615,0.3019751903715976,0.008547633581297051,0.45531727305366343,0.006015898564318218,0.008979298662213255,0.5379164586975891,0.005828622097443533,0.0726421194978426,0.1477230201586466,0.7852096263342513,0.04282230700717409,0.11628904080507689,0.8299465561276756,220x220,90x90x41,d11bade72faef660553599413cc203dfccf4376bb8a571baec7517cfa4843392,0.07721572823867591,0.15461542769900888,0.8218456546492631,0.0445222338453867,0.12154951858635268,0.8674902093208784,True,fixed_saved_checkpoint_against_canonical_fv1024,0.35,1024.0,2.0,<LOCAL_PATH_REDACTED>/PINN/paper/<LOCAL_PATH_REDACTED>/results/processed/reference_cache/2d_shallowwater/fv_solver1024_eval1024_nt41_order2.npz,9df6008a0562c9de764fe48c4653a682a99912fe95983f1faff9d4bbf759572c
2d_shallowwater,ours,Ours,100,True,False,<LOCAL_PATH_REDACTED>/PINN/paper/<LOCAL_PATH_REDACTED>/results/raw/runs/2d_shallowwater/ours/seed_100,<LOCAL_PATH_REDACTED>/PINN/paper/<LOCAL_PATH_REDACTED>/results/raw/runs/2d_shallowwater/ours/seed_100/metrics_final.json,Ours,,,,,,,,,,,,,,,,,,,,,,,,,,,,,,,,,,,,,1.0,0.0282842712474619,0.7,0.047821857035160065,0.9998563528060913,0.04130003717932829,0.06630313545668608,,,,,0.018195636570453644,,,,3000,7000,10000,2026-08-04 07:50:59,AdamW,False,649.5645272731781,83459,,,,,,,,finite_volume_1024x1024_order2,False,finite_volume_1024x1024_order2,bilinear_space_linear_time_from_canonical_fv1024,,41,,state_scaled_space_time_rel_l2,,,,,,,,,,,,,,,,,,,,,,,,,,167.455260515213,482.1092667579651,,,,,,,,,,,,,,,,,,,,,,,,,,,,,,,,,,,,,,,,,,,,,,,,,,,,,,,,,,,,,,,,,,,,0.0008636375253747679,0.0024153070869301226,,,,,,,,0.0007348731271541288,0.0004999211543660329,,0.0004618037725025041,,,,,,,,,0.008100341373842402,0.021227540263918595,0.018983663613209276,0.010502711687171127,0.022949687765261247,0.02072326184616459,,,,,,,0.987010657787323,1.9533833265304565,,,0.0,,,,,,,,,,,,,2026-08-04T07:59:21,,0.025112900715113233,,0.0270653730770882,,,,,,,,,,,,1024.0,valid_mask_all_probe_bounds_v1,"xm2,xp2,ym2,yp2 each satisfy lower and upper bounds",<LOCAL_PATH_REDACTED>/PINN/paper/<LOCAL_PATH_REDACTED>/results/raw/runs/2d_shallowwater/_shared_warmup/seed_100/model_warmup.pt,eacb182121a8d747a80392f220f6c89c2a0be6a2e5d3a4a19c53e85a2de58d57,True,,,,,,,,,,,,,,,,,,,,,,0.00019128630256589965,0.00018989905657487347,0.0019769311396132046,0.0033257893964107133,,,,,,,,,,,,,,True,<LOCAL_PATH_REDACTED>/PINN/paper/<LOCAL_PATH_REDACTED>/results/raw/runs/2d_shallowwater/ours/seed_100/model_adamw_final.pt,4dde6bbdfc1fc4f9898722f0e0e198c78223d958e484e52931a9e7468c4894c3,True,<LOCAL_PATH_REDACTED>/PINN/paper/<LOCAL_PATH_REDACTED>/results/raw/runs/2d_shallowwater/ours/seed_100/model_final.pt,True,c005485e4cb3303bc0826d700b521180a28b961006048b6f70924f0dae9cd9c7,0.0039454346466541584,0.003612689239274751,0.00026538614625038615,0.0050002581284049755,0.0006387452736642633,0.11528122281638897,0.0004237294125090179,0.0010251573681651967,0.11578629974515763,0.0009165043566349956,0.008804525952274192,0.019657921618231867,0.10449007386785654,0.0069992350433954395,0.018274170413610357,0.13042144552802987,220x220,90x90x41,bc24a66812ef9593cba4e58aafa37b885d89d5ec5a1c9d8171e30aa37bfb1646,0.009080446971514965,0.02021944092338437,0.1074747837885226,0.007271707534616452,0.019149790539076714,0.13667068365550747,False,retrained_checkpoint_against_canonical_fv1024,0.35,1024.0,2.0,<LOCAL_PATH_REDACTED>/PINN/paper/<LOCAL_PATH_REDACTED>/results/processed/reference_cache/2d_shallowwater/fv_solver1024_eval1024_nt41_order2.npz,9df6008a0562c9de764fe48c4653a682a99912fe95983f1faff9d4bbf759572c
2d_shallowwater,ours,Ours,2026,True,False,<LOCAL_PATH_REDACTED>/PINN/paper/<LOCAL_PATH_REDACTED>/results/raw/runs/2d_shallowwater/ours/seed_2026,<LOCAL_PATH_REDACTED>/PINN/paper/<LOCAL_PATH_REDACTED>/results/raw/runs/2d_shallowwater/ours/seed_2026/metrics_final.json,Ours,,,,,,,,,,,,,,,,,,,,,,,,,,,,,,,,,,,,,1.0,0.0282842712474619,0.7,0.04567703977227211,0.995319664478302,0.03844962201016235,0.06441318626843474,,,,,0.018102295696735382,,,,3000,7000,10000,2026-08-04 07:26:42,AdamW,False,671.0971050262451,83459,,,,,,,,finite_volume_1024x1024_order2,False,finite_volume_1024x1024_order2,bilinear_space_linear_time_from_canonical_fv1024,,41,,state_scaled_space_time_rel_l2,,,,,,,,,,,,,,,,,,,,,,,,,,180.94121098518372,490.1558940410614,,,,,,,,,,,,,,,,,,,,,,,,,,,,,,,,,,,,,,,,,,,,,,,,,,,,,,,,,,,,,,,,,,,,0.0009674152706327693,0.0012193513006524088,,,,,,,,0.0005496193041277629,0.0003366833260727044,,0.00029999337204833764,,,,,,,,,0.008253616857859213,0.02181361260196875,0.019507784636192904,0.010297237478956108,0.023021120548626706,0.020787764696452753,,,,,,,0.9883893728256226,1.9472672939300537,,,0.0,,,,,,,,,,,,,2026-08-04T07:59:21,,0.02561477012881829,,0.027292661158714402,,,,,,,,,,,,1024.0,valid_mask_all_probe_bounds_v1,"xm2,xp2,ym2,yp2 each satisfy lower and upper bounds",<LOCAL_PATH_REDACTED>/PINN/paper/<LOCAL_PATH_REDACTED>/results/raw/runs/2d_shallowwater/_shared_warmup/seed_2026/model_warmup.pt,63f4e0f4f547cda354a9417647cd04a3ff9cfb2106b1cc924a04aa6b36767158,True,,,,,,,,,,,,,,,,,,,,,,0.00033200885517094215,0.0004623043913548811,0.0002697601552395474,0.00011221610075350466,,,,,,,,,,,,,,True,<LOCAL_PATH_REDACTED>/PINN/paper/<LOCAL_PATH_REDACTED>/results/raw/runs/2d_shallowwater/ours/seed_2026/model_adamw_final.pt,5ca4ca0ff92cbe5afb41aae311fc98ec01ac7d4f708d7511e116968afdf164a2,True,<LOCAL_PATH_REDACTED>/PINN/paper/<LOCAL_PATH_REDACTED>/results/raw/runs/2d_shallowwater/ours/seed_2026/model_final.pt,True,a4b2c6d33212be9426d9339d9125d1fe97351d359c28a0cdff91b011be57e141,0.0050562851782363916,0.004427523330601584,0.00026538614625038615,0.006059488910137417,0.00034205932105397147,0.06038182169665001,0.0002504972817240409,0.001345671994148019,0.10368444703000822,0.0005078146143778547,0.008487047551698301,0.01859317444619807,0.09883049739700428,0.006746814160584765,0.017439037531276215,0.1244611619552726,220x220,90x90x41,cfa4975f35ff5dbfc3700e8e7ff3e316b6a605e55ba25ec48d97ba010877c8b1,0.009219661255646031,0.021775330230976192,0.11574498609361758,0.007475319112768738,0.020267080365763447,0.1446447011332977,False,retrained_checkpoint_against_canonical_fv1024,0.35,1024.0,2.0,<LOCAL_PATH_REDACTED>/PINN/paper/<LOCAL_PATH_REDACTED>/results/processed/reference_cache/2d_shallowwater/fv_solver1024_eval1024_nt41_order2.npz,9df6008a0562c9de764fe48c4653a682a99912fe95983f1faff9d4bbf759572c
2d_shallowwater,ours,Ours,31415,True,False,<LOCAL_PATH_REDACTED>/PINN/paper/<LOCAL_PATH_REDACTED>/results/raw/runs/2d_shallowwater/ours/seed_31415,<LOCAL_PATH_REDACTED>/PINN/paper/<LOCAL_PATH_REDACTED>/results/raw/runs/2d_shallowwater/ours/seed_31415/metrics_final.json,Ours,,,,,,,,,,,,,,,,,,,,,,,,,,,,,,,,,,,,,1.0,0.0282842712474619,0.7,0.046362318098545074,0.9965062141418457,0.038728466972363366,0.06552856611723881,,,,,0.018082723021507263,,,,3000,7000,10000,2026-08-04 07:59:16,AdamW,False,662.0409059524536,83459,,,,,,,,finite_volume_1024x1024_order2,False,finite_volume_1024x1024_order2,bilinear_space_linear_time_from_canonical_fv1024,,41,,state_scaled_space_time_rel_l2,,,,,,,,,,,,,,,,,,,,,,,,,,165.2866051197052,496.7543008327484,,,,,,,,,,,,,,,,,,,,,,,,,,,,,,,,,,,,,,,,,,,,,,,,,,,,,,,,,,,,,,,,,,,,0.000940640756772078,0.00165564179827435,,,,,,,,0.0005022023691506151,0.00040281555209420276,,0.00041373226499709327,,,,,,,,,0.007603945283588384,0.020869726954467014,0.018663673288446887,0.009812544929974703,0.02276785894497605,0.020559072847495377,,,,,,,0.9849856495857239,1.9567861557006836,,,0.0,,,,,,,,,,,,,2026-08-04T07:59:21,,0.024490265838116677,,0.02648075788258817,,,,,,,,,,,,1024.0,valid_mask_all_probe_bounds_v1,"xm2,xp2,ym2,yp2 each satisfy lower and upper bounds",<LOCAL_PATH_REDACTED>/PINN/paper/<LOCAL_PATH_REDACTED>/results/raw/runs/2d_shallowwater/_shared_warmup/seed_31415/model_warmup.pt,4355469e3cd8bd7a5d662d551d1f1d3226e0364b52cef528871426392a115d06,True,,,,,,,,,,,,,,,,,,,,,,0.0005477336266484902,0.000500814441125945,0.00021804749705145815,0.0005775356360735968,,,,,,,,,,,,,,True,<LOCAL_PATH_REDACTED>/PINN/paper/<LOCAL_PATH_REDACTED>/results/raw/runs/2d_shallowwater/ours/seed_31415/model_adamw_final.pt,06012ec38d6e28715d65be1c948d4bdcb40cea07e5ce94d0baa4255d7108581a,True,<LOCAL_PATH_REDACTED>/PINN/paper/<LOCAL_PATH_REDACTED>/results/raw/runs/2d_shallowwater/ours/seed_31415/model_final.pt,True,da1f6141e9cca6bfa279f692722a027d3b9887fc1a9149513b66a91401b5b2d7,0.005745778611632252,0.0051300361669567125,0.00026538614625038615,0.007196484174171993,0.0009754009772510571,0.28311860585273585,0.0007779475761107568,0.0006279652415364893,0.1590124220356174,0.0004515165616049057,0.007761610912905046,0.019211180863709345,0.10211545994140021,0.006643506488675438,0.018402360684403856,0.13133633031027234,220x220,90x90x41,c24be9e0761bc2679dc0a0ab8148083a83d97d4da41831a228598b5d6a5f5c95,0.008197654251535033,0.019073980795986153,0.10138618420770437,0.0064869782733891525,0.01771133808665561,0.1264045515180741,False,retrained_checkpoint_against_canonical_fv1024,0.35,1024.0,2.0,<LOCAL_PATH_REDACTED>/PINN/paper/<LOCAL_PATH_REDACTED>/results/processed/reference_cache/2d_shallowwater/fv_solver1024_eval1024_nt41_order2.npz,9df6008a0562c9de764fe48c4653a682a99912fe95983f1faff9d4bbf759572c
2d_shallowwater,ours,Ours,42,True,False,<LOCAL_PATH_REDACTED>/PINN/paper/<LOCAL_PATH_REDACTED>/results/raw/runs/2d_shallowwater/ours/seed_42,<LOCAL_PATH_REDACTED>/PINN/paper/<LOCAL_PATH_REDACTED>/results/raw/runs/2d_shallowwater/ours/seed_42/metrics_final.json,Ours,,,,,,,,,,,,,,,,,,,,,,,,,,,,,,,,,,,,,1.0,0.0282842712474619,0.7,0.047972001135349274,0.9988237023353577,0.04170281323584087,0.06775932581484695,,,,,0.01815338246524334,,,,3000,7000,10000,2026-08-04 07:42:57,AdamW,False,654.6044545173645,83459,,,,,,,,finite_volume_1024x1024_order2,False,finite_volume_1024x1024_order2,bilinear_space_linear_time_from_canonical_fv1024,,41,,state_scaled_space_time_rel_l2,,,,,,,,,,,,,,,,,,,,,,,,,,167.8622305393219,486.7422239780426,,,,,,,,,,,,,,,,,,,,,,,,,,,,,,,,,,,,,,,,,,,,,,,,,,,,,,,,,,,,,,,,,,,,0.0010173578567072338,0.0013578255482683296,,,,,,,,0.00045916895025288574,0.00026415630408154595,,0.0003550565138669013,,,,,,,,,0.007787604110265914,0.020663370837094137,0.018479130234092485,0.010054421759293008,0.02234244080751256,0.02017492594550099,,,,,,,0.9874082207679749,1.953498125076294,,,0.0,,,,,,,,,,,,,2026-08-04T07:59:21,,0.02456453253521869,,0.026529028511255288,,,,,,,,,,,,1024.0,valid_mask_all_probe_bounds_v1,"xm2,xp2,ym2,yp2 each satisfy lower and upper bounds",<LOCAL_PATH_REDACTED>/PINN/paper/<LOCAL_PATH_REDACTED>/results/raw/runs/2d_shallowwater/_shared_warmup/seed_42/model_warmup.pt,0d7685669a44ecafb90e3730637da1fa31545b17ddc9faaac05f46fee06a8efb,True,,,,,,,,,,,,,,,,,,,,,,0.001035274571453637,0.0009889727676122963,0.002020116368818645,0.0027481914112099134,,,,,,,,,,,,,,True,<LOCAL_PATH_REDACTED>/PINN/paper/<LOCAL_PATH_REDACTED>/results/raw/runs/2d_shallowwater/ours/seed_42/model_adamw_final.pt,5562830e02898ca27f1623ef2bc0a37da5de997f06695df0e94905ce176ff646,True,<LOCAL_PATH_REDACTED>/PINN/paper/<LOCAL_PATH_REDACTED>/results/raw/runs/2d_shallowwater/ours/seed_42/model_final.pt,True,31b665a2f3abf0d59850cbf5e89fef632cd5f321a43acd8c5fe05da1daf2617e,0.0049796747967479765,0.004352656428115998,0.00026538614625038615,0.0060594889101374325,0.0007378806823235733,0.08168040087297743,0.00015278057720493433,0.0006524166583321253,0.13800590595712955,0.0003220050272684772,0.008703691494378059,0.020146587539484687,0.10708753758757422,0.007138573140416301,0.01880014216489401,0.13417526824920975,220x220,90x90x41,974fa5a8411cdeb9396feb6fd84295b1a074a41083284ed26565972ac87aef23,0.008197370376211306,0.01928315776201458,0.10249804725488902,0.006649707670722949,0.018035738195540676,0.12871977186310982,False,retrained_checkpoint_against_canonical_fv1024,0.35,1024.0,2.0,<LOCAL_PATH_REDACTED>/PINN/paper/<LOCAL_PATH_REDACTED>/results/processed/reference_cache/2d_shallowwater/fv_solver1024_eval1024_nt41_order2.npz,9df6008a0562c9de764fe48c4653a682a99912fe95983f1faff9d4bbf759572c
2d_shallowwater,ours,Ours,7,True,False,<LOCAL_PATH_REDACTED>/PINN/paper/<LOCAL_PATH_REDACTED>/results/raw/runs/2d_shallowwater/ours/seed_7,<LOCAL_PATH_REDACTED>/PINN/paper/<LOCAL_PATH_REDACTED>/results/raw/runs/2d_shallowwater/ours/seed_7/metrics_final.json,Ours,,,,,,,,,,,,,,,,,,,,,,,,,,,,,,,,,,,,,1.0,0.0282842712474619,0.7,0.04688722640275955,0.9942783117294312,0.03984384682116743,0.06831701573924898,,,,,0.018085826188325882,,,,3000,7000,10000,2026-08-04 07:34:50,AdamW,False,668.7315747737885,83459,,,,,,,,finite_volume_1024x1024_order2,False,finite_volume_1024x1024_order2,bilinear_space_linear_time_from_canonical_fv1024,,41,,state_scaled_space_time_rel_l2,,,,,,,,,,,,,,,,,,,,,,,,,,181.00156569480896,487.7300090789795,,,,,,,,,,,,,,,,,,,,,,,,,,,,,,,,,,,,,,,,,,,,,,,,,,,,,,,,,,,,,,,,,,,,0.002482734729529835,0.0019435263673750222,,,,,,,,0.0004774231141447366,0.00020611519122918547,,0.00031754932210457167,,,,,,,,,0.008142340040694541,0.0216166555643177,0.01933164712320102,0.010272270459831078,0.022939766259865334,0.020714302859169618,,,,,,,0.9853072166442871,1.960196852684021,,,0.0,,,,,,,,,,,,,2026-08-04T07:59:21,,0.02551935124577195,,0.027149955300876095,,,,,,,,,,,,1024.0,valid_mask_all_probe_bounds_v1,"xm2,xp2,ym2,yp2 each satisfy lower and upper bounds",<LOCAL_PATH_REDACTED>/PINN/paper/<LOCAL_PATH_REDACTED>/results/raw/runs/2d_shallowwater/_shared_warmup/seed_7/model_warmup.pt,ed384e607078987ef4728f21369e7de5d47c8920499bfd2d14e175fbd8585feb,True,,,,,,,,,,,,,,,,,,,,,,0.0021238230341117112,0.00115558950695163,0.002939526093445489,0.005227842331589911,,,,,,,,,,,,,,True,<LOCAL_PATH_REDACTED>/PINN/paper/<LOCAL_PATH_REDACTED>/results/raw/runs/2d_shallowwater/ours/seed_7/model_adamw_final.pt,9bf457310edec4baedb767f8b680025f912271d5fecb72382418b7f2dc9c0852,True,<LOCAL_PATH_REDACTED>/PINN/paper/<LOCAL_PATH_REDACTED>/results/raw/runs/2d_shallowwater/ours/seed_7/model_final.pt,True,5a654d23dfc64d339e01922e5fa989d868b3e710930a312818bc085052945f8e,0.005515947467166972,0.005722749346167424,0.00026538614625038615,0.006471650356567848,0.0007692940359686869,0.1233014447078874,0.00036343807063687504,0.0008009247505145995,0.08928113044688357,0.0005063762750951821,0.008903765458778766,0.020256527722694786,0.10767191563565916,0.0070690154038240425,0.019174229252936107,0.13684510100613118,220x220,90x90x41,d2bd6236905f017b7d5e88ddcf2d99bb16f087712db89eedf4b92012cf7fdb48,0.008483800243293236,0.019935289644525414,0.10596440091620099,0.007053734160453365,0.018760015691600605,0.13388888848299227,False,retrained_checkpoint_against_canonical_fv1024,0.35,1024.0,2.0,<LOCAL_PATH_REDACTED>/PINN/paper/<LOCAL_PATH_REDACTED>/results/processed/reference_cache/2d_shallowwater/fv_solver1024_eval1024_nt41_order2.npz,9df6008a0562c9de764fe48c4653a682a99912fe95983f1faff9d4bbf759572c
2d_shallowwater,pinn,PINN,100,True,False,<LOCAL_PATH_REDACTED>/PINN/paper/<LOCAL_PATH_REDACTED>/results/raw/runs/2d_shallowwater/pinn/seed_100,<LOCAL_PATH_REDACTED>/PINN/paper/<LOCAL_PATH_REDACTED>/results/raw/runs/2d_shallowwater/pinn/seed_100/metrics_final.json,PINN,,,,,,,,,,,,,,,,,,,,,,,,,,,,,,,,,,,,,1.0,0.0282842712474619,0.7,0.04706517606973648,0.9949813485145569,0.04073867854491463,0.06338158871566443,,,,,0.01842648722231388,,,,3000,7000,10000,2026-07-01 02:12:06,AdamW,False,627.0667705535889,83459,,,,,,,,finite_volume_1024x1024_order2,False,finite_volume_1024x1024_order2,bilinear_space_linear_time_from_canonical_fv1024,,41,,state_scaled_space_time_rel_l2,,,,,,,,,,,,,,,,,,,,,,,,,,191.3805422782898,435.6862282752991,,,,,,,,,,,,,,,,,,,,,,,,,,,,,,,,,,,,,,,,,,,,,,,,,,,,,,,,,,,,,,,,,,,,0.000256945214382475,0.0002247282657810983,,,,,,,,0.0004616817532407719,0.0003088551618668819,,0.00027478049563613285,,,,,,,,,0.010639371150085411,0.02880487281238747,0.02576002726142977,0.012517248607114178,0.03188000873703351,0.02878722253100073,,,,,,,0.9891751408576965,1.9938750267028809,,,0.0,,,,,,,,,,,,,2026-07-20T09:43:41,,0.033959398047565204,,0.037062461149950675,,,,,,,,,,,,1024.0,,,,,,,,,,,,,,,,,,,,,,,,,,,0.00031698828801328215,0.0004295808205013101,0.0005891499139028624,0.0004582992582398038,,,,,,,,,,,,,,False,<LOCAL_PATH_REDACTED>/PINN/paper/<LOCAL_PATH_REDACTED>/results/raw/runs/2d_shallowwater/pinn/seed_100/model_adamw_final.pt,0e722a5aa173ec3722dd18a42590de33c98f7ce6630c19b7c2832e3bea92b36a,False,<LOCAL_PATH_REDACTED>/PINN/paper/<LOCAL_PATH_REDACTED>/results/raw/runs/2d_shallowwater/pinn/seed_100/model_final.pt,False,bb2ec8002b4c6062c4ee1fc6e70b9693ee0ed789e31f9bf99c2fa5f6e9c15508,0.011759693558474067,0.0026535850042019335,0.00026538614625038615,0.012055855185960283,0.00027464687704406267,0.0681669887167392,0.0001957123628863384,0.0003895520546894283,0.08855442689768063,0.00032388996354235956,0.008675299535212195,0.026762133660187194,0.14225193168035075,0.007866054675307725,0.025063658495650377,0.17887753573694495,220x220,90x90x41,ab2d88795078aea798d42a0ed2c59d1db37310f4f2087be443ee73cf129624aa,0.008697604285290914,0.0267884995732601,0.14239207753391986,0.007928999163209511,0.0253300990672218,0.18077910301497463,True,fixed_saved_checkpoint_against_canonical_fv1024,0.35,1024.0,2.0,<LOCAL_PATH_REDACTED>/PINN/paper/<LOCAL_PATH_REDACTED>/results/processed/reference_cache/2d_shallowwater/fv_solver1024_eval1024_nt41_order2.npz,9df6008a0562c9de764fe48c4653a682a99912fe95983f1faff9d4bbf759572c
2d_shallowwater,pinn,PINN,2026,True,False,<LOCAL_PATH_REDACTED>/PINN/paper/<LOCAL_PATH_REDACTED>/results/raw/runs/2d_shallowwater/pinn/seed_2026,<LOCAL_PATH_REDACTED>/PINN/paper/<LOCAL_PATH_REDACTED>/results/raw/runs/2d_shallowwater/pinn/seed_2026/metrics_final.json,PINN,,,,,,,,,,,,,,,,,,,,,,,,,,,,,,,,,,,,,1.0,0.0282842712474619,0.7,0.045438989996910095,0.9910633563995361,0.0378619153674833,0.06492823558525118,,,,,0.018432794138789177,,,,3000,7000,10000,2026-07-01 01:05:55,AdamW,False,632.3114850521088,83459,,,,,,,,finite_volume_1024x1024_order2,False,finite_volume_1024x1024_order2,bilinear_space_linear_time_from_canonical_fv1024,,41,,state_scaled_space_time_rel_l2,,,,,,,,,,,,,,,,,,,,,,,,,,191.5019133090973,440.8095717430115,,,,,,,,,,,,,,,,,,,,,,,,,,,,,,,,,,,,,,,,,,,,,,,,,,,,,,,,,,,,,,,,,,,,0.000791465333079419,0.0014466293623974374,,,,,,,,0.00027646689019184657,0.00022692285273290887,,0.00019741513515686,,,,,,,,,0.010406358759193768,0.02896137873436547,0.0258999895811035,0.0120779228736542,0.031691741229974625,0.028617219484082957,,,,,,,0.9831600785255432,1.9776114225387573,,,0.0,,,,,,,,,,,,,2026-07-20T09:43:41,,0.03400477364553345,,0.03666822140594081,,,,,,,,,,,,1024.0,,,,,,,,,,,,,,,,,,,,,,,,,,,0.001498234662787905,0.0023423333390868214,0.00021803122368157358,0.00011610566639996126,,,,,,,,,,,,,,False,<LOCAL_PATH_REDACTED>/PINN/paper/<LOCAL_PATH_REDACTED>/results/raw/runs/2d_shallowwater/pinn/seed_2026/model_adamw_final.pt,2e973f6243fb10b1f0b3f353ff4f540a0065c7c1f4fc664c62bbd5d6e6490b4e,False,<LOCAL_PATH_REDACTED>/PINN/paper/<LOCAL_PATH_REDACTED>/results/raw/runs/2d_shallowwater/pinn/seed_2026/model_final.pt,False,91f2d092cea10d12e9ba2633bf1c96832ca3632a82a97707821c90557527f4c7,0.010687148217636035,0.002642502955345054,0.00026538614625038615,0.010996725784038878,0.00035113475962051966,0.055995834009798,0.0002680389331487735,0.0002445000217487714,0.07647319035181634,0.00017472786753606448,0.008971895603978503,0.02617424869244571,0.1391270772375424,0.007822029481975808,0.02474712578043537,0.1766184644171051,220x220,90x90x41,8799b1b66d13aa8db1a32f95e841bab15aeb181112e15dfd2f61001428e0cc94,0.008741845336134167,0.02644476909388183,0.14056500629625868,0.007814818136234004,0.025438795443882598,0.18155486127085704,True,fixed_saved_checkpoint_against_canonical_fv1024,0.35,1024.0,2.0,<LOCAL_PATH_REDACTED>/PINN/paper/<LOCAL_PATH_REDACTED>/results/processed/reference_cache/2d_shallowwater/fv_solver1024_eval1024_nt41_order2.npz,9df6008a0562c9de764fe48c4653a682a99912fe95983f1faff9d4bbf759572c
2d_shallowwater,pinn,PINN,31415,True,False,<LOCAL_PATH_REDACTED>/PINN/paper/<LOCAL_PATH_REDACTED>/results/raw/runs/2d_shallowwater/pinn/seed_31415,<LOCAL_PATH_REDACTED>/PINN/paper/<LOCAL_PATH_REDACTED>/results/raw/runs/2d_shallowwater/pinn/seed_31415/metrics_final.json,PINN,,,,,,,,,,,,,,,,,,,,,,,,,,,,,,,,,,,,,1.0,0.0282842712474619,0.7,0.04559808224439621,0.9909108281135559,0.03854243999010146,0.05920564216778025,,,,,0.018272588029503822,,,,3000,7000,10000,2026-07-01 02:32:14,AdamW,False,628.4740490913391,83459,,,,,,,,finite_volume_1024x1024_order2,False,finite_volume_1024x1024_order2,bilinear_space_linear_time_from_canonical_fv1024,,41,,state_scaled_space_time_rel_l2,,,,,,,,,,,,,,,,,,,,,,,,,,188.11386680603027,440.36018228530884,,,,,,,,,,,,,,,,,,,,,,,,,,,,,,,,,,,,,,,,,,,,,,,,,,,,,,,,,,,,,,,,,,,,0.0009786075233044608,0.00162206729641968,,,,,,,,0.0007032591385995806,0.0003204418828929353,,0.0003353952272046295,,,,,,,,,0.01009324588764778,0.028155126369384054,0.025178962863270475,0.011942865540170666,0.031324447198140225,0.02828555787395163,,,,,,,0.9890364408493042,1.9814823865890503,,,0.0,,,,,,,,,,,,,2026-07-20T09:43:41,,0.03314786730405008,,0.0364230357054833,,,,,,,,,,,,1024.0,,,,,,,,,,,,,,,,,,,,,,,,,,,0.000597463289192533,0.0014268258507282253,0.00018891733192135646,0.0005004052429519366,,,,,,,,,,,,,,False,<LOCAL_PATH_REDACTED>/PINN/paper/<LOCAL_PATH_REDACTED>/results/raw/runs/2d_shallowwater/pinn/seed_31415/model_adamw_final.pt,5b6f281b18e49520607c9b78c531b31e6dab963de994be6553110a3bfc560850,False,<LOCAL_PATH_REDACTED>/PINN/paper/<LOCAL_PATH_REDACTED>/results/raw/runs/2d_shallowwater/pinn/seed_31415/model_final.pt,False,5970822152842a17311b6d64e8ee2fa0680b68b26ae51a36950767b766868325,0.011261726078799265,0.002652755456428578,0.00026538614625038615,0.011594266869383857,0.0003808551637363561,0.24743104584824552,0.0003026022019650687,0.0005003830875416061,0.0821397449608503,0.0003299557421814342,0.008423441908473314,0.02615243825632312,0.13901114564895442,0.007511333678217018,0.02431659521578708,0.1735457986098732,220x220,90x90x41,a2feb677674ff3b98330ec01b0b2432a71b59a0573b4dd288911db8d9645e891,0.008560998967357715,0.026486458073188297,0.1407866006545945,0.0075195763306534925,0.02478296363589569,0.17687423662497934,True,fixed_saved_checkpoint_against_canonical_fv1024,0.35,1024.0,2.0,<LOCAL_PATH_REDACTED>/PINN/paper/<LOCAL_PATH_REDACTED>/results/processed/reference_cache/2d_shallowwater/fv_solver1024_eval1024_nt41_order2.npz,9df6008a0562c9de764fe48c4653a682a99912fe95983f1faff9d4bbf759572c
2d_shallowwater,pinn,PINN,42,True,False,<LOCAL_PATH_REDACTED>/PINN/paper/<LOCAL_PATH_REDACTED>/results/raw/runs/2d_shallowwater/pinn/seed_42,<LOCAL_PATH_REDACTED>/PINN/paper/<LOCAL_PATH_REDACTED>/results/raw/runs/2d_shallowwater/pinn/seed_42/metrics_final.json,PINN,,,,,,,,,,,,,,,,,,,,,,,,,,,,,,,,,,,,,1.0,0.0282842712474619,0.7,0.04634229838848114,0.9895992279052734,0.039192031675327886,0.06372185102697352,,,,,0.018420975655317307,,,,3000,7000,10000,2026-07-01 01:52:00,AdamW,False,634.9896903038025,83459,,,,,,,,finite_volume_1024x1024_order2,False,finite_volume_1024x1024_order2,bilinear_space_linear_time_from_canonical_fv1024,,41,,state_scaled_space_time_rel_l2,,,,,,,,,,,,,,,,,,,,,,,,,,189.9866807460785,445.003009557724,,,,,,,,,,,,,,,,,,,,,,,,,,,,,,,,,,,,,,,,,,,,,,,,,,,,,,,,,,,,,,,,,,,,0.0004363674812392028,0.0007762751023919104,,,,,,,,0.0002248677879961668,0.00014014600304826635,,0.00021487389555861707,,,,,,,,,0.0103995251609927,0.028949736161424856,0.025889577697034552,0.012428185539429279,0.03200063523039014,0.028896146645044574,,,,,,,0.9873433709144592,1.988810658454895,,,0.0,,,,,,,,,,,,,2026-07-20T09:43:41,,0.03412834696937288,,0.03709168212997091,,,,,,,,,,,,1024.0,,,,,,,,,,,,,,,,,,,,,,,,,,,0.00029637918791663526,0.0004636362187146954,0.002001429380289973,0.003806072963413699,,,,,,,,,,,,,,False,<LOCAL_PATH_REDACTED>/PINN/paper/<LOCAL_PATH_REDACTED>/results/raw/runs/2d_shallowwater/pinn/seed_42/model_adamw_final.pt,46429c92c7735b10aa5afafe865eceb1192ffba263593a769b86c78bf67694b2,False,<LOCAL_PATH_REDACTED>/PINN/paper/<LOCAL_PATH_REDACTED>/results/raw/runs/2d_shallowwater/pinn/seed_42/model_final.pt,False,b1ffdf81efcbf07db51bec6f86b0d40dfca38f89bc8d28c6bad6a768b201bd2f,0.011874609130706697,0.002271339546398702,0.00026538614625038615,0.012086000948753424,0.000227742441526814,0.048731848694134806,0.00013348094954500692,0.0004530977561546098,0.1593046827412282,0.00016064919367439785,0.008784879248319756,0.02685722214750762,0.14275736675416237,0.007913983770718575,0.025513654590598314,0.18208912563989166,220x220,90x90x41,15357a49d2f31d454ee5614d181240e31c1672ea08b18f73c5049a246990d471,0.009043003686373667,0.026506264267245082,0.14089187885847723,0.007836772349568774,0.025126477936505225,0.17932587358748014,True,fixed_saved_checkpoint_against_canonical_fv1024,0.35,1024.0,2.0,<LOCAL_PATH_REDACTED>/PINN/paper/<LOCAL_PATH_REDACTED>/results/processed/reference_cache/2d_shallowwater/fv_solver1024_eval1024_nt41_order2.npz,9df6008a0562c9de764fe48c4653a682a99912fe95983f1faff9d4bbf759572c
2d_shallowwater,pinn,PINN,7,True,False,<LOCAL_PATH_REDACTED>/PINN/paper/<LOCAL_PATH_REDACTED>/results/raw/runs/2d_shallowwater/pinn/seed_7,<LOCAL_PATH_REDACTED>/PINN/paper/<LOCAL_PATH_REDACTED>/results/raw/runs/2d_shallowwater/pinn/seed_7/metrics_final.json,PINN,,,,,,,,,,,,,,,,,,,,,,,,,,,,,,,,,,,,,1.0,0.0282842712474619,0.7,0.04601508378982544,0.9902500510215759,0.03826404355357585,0.0640621133382826,,,,,0.018490230664610863,,,,3000,7000,10000,2026-07-01 01:31:48,AdamW,False,632.3393213748932,83459,,,,,,,,finite_volume_1024x1024_order2,False,finite_volume_1024x1024_order2,bilinear_space_linear_time_from_canonical_fv1024,,41,,state_scaled_space_time_rel_l2,,,,,,,,,,,,,,,,,,,,,,,,,,188.30522799491882,444.03409337997437,,,,,,,,,,,,,,,,,,,,,,,,,,,,,,,,,,,,,,,,,,,,,,,,,,,,,,,,,,,,,,,,,,,,0.00017197809883478144,2.775902206559179e-05,,,,,,,,0.00024484410191086086,0.00013076326740149536,,0.00020498282452550935,,,,,,,,,0.01053718293658106,0.02960865236373147,0.026478842556663326,0.012349635689893477,0.03231463915618919,0.02917968800044843,,,,,,,0.9871582388877869,1.9952874183654785,,,0.0,,,,,,,,,,,,,2026-07-20T09:43:41,,0.03486791205498876,,0.0375776832928394,,,,,,,,,,,,1024.0,,,,,,,,,,,,,,,,,,,,,,,,,,,0.002246198056867682,0.0034085069809198618,0.0005069120194633248,0.0010353676458706622,,,,,,,,,,,,,,False,<LOCAL_PATH_REDACTED>/PINN/paper/<LOCAL_PATH_REDACTED>/results/raw/runs/2d_shallowwater/pinn/seed_7/model_adamw_final.pt,2b35b301f9b4bba78e24e76a15f042e4bb9381d03459a49a231c9964888f74d3,False,<LOCAL_PATH_REDACTED>/PINN/paper/<LOCAL_PATH_REDACTED>/results/raw/runs/2d_shallowwater/pinn/seed_7/model_final.pt,False,3b9178b4c5635212351cf3ebb6a04104a93801d893a1cc7cb7b26098ab6707cd,0.011721388367729839,0.0024789111778636855,0.00026538614625038615,0.011988484420999495,0.0004344539378651259,0.11093306424437609,0.0002551516971371695,0.0002588062063143373,0.09901374600697309,0.00019925375420023345,0.00915539497816396,0.02742347751756529,0.1457672508403071,0.00813630769921142,0.026089194073417307,0.1861967097112212,220x220,90x90x41,e2c23d1c084b2afedeec75cc05d6188726959520d5a0fec217a0902282570333,0.00890551484251624,0.026889316431482336,0.14292796129454063,0.007951475948506885,0.02557498592989925,0.18252684301620772,True,fixed_saved_checkpoint_against_canonical_fv1024,0.35,1024.0,2.0,<LOCAL_PATH_REDACTED>/PINN/paper/<LOCAL_PATH_REDACTED>/results/processed/reference_cache/2d_shallowwater/fv_solver1024_eval1024_nt41_order2.npz,9df6008a0562c9de764fe48c4653a682a99912fe95983f1faff9d4bbf759572c
2d_shallowwater,rad_pinn,RAD-PINN,100,True,False,<LOCAL_PATH_REDACTED>/PINN/paper/<LOCAL_PATH_REDACTED>/results/raw/runs/2d_shallowwater/rad_pinn/seed_100,<LOCAL_PATH_REDACTED>/PINN/paper/<LOCAL_PATH_REDACTED>/results/raw/runs/2d_shallowwater/rad_pinn/seed_100/metrics_final.json,RAD-PINN,,,,,,,,,,,,,,,,,,,,,,,,,,,,,,,,,,,,,1.0,0.0282842712474619,0.7,0.04760686308145523,0.985186755657196,0.04148106904231626,0.06468077208611729,,,,,0.01892818883061409,,,,3000,7000,10000,2026-07-01 06:42:07,AdamW,False,637.6523797512054,83459,,,,,,,,finite_volume_1024x1024_order2,False,finite_volume_1024x1024_order2,bilinear_space_linear_time_from_canonical_fv1024,,41,,state_scaled_space_time_rel_l2,,,,,,,,,,,,,,,,,,,,,,,,,,,,1.0,1.0,3.0,500.0,14.0,,,,,,,,,,,,,,,,,,,,,,,,,,,,,,,,,,,,,,,,,,,,,,,,,,,,,,,,,,,,,,,0.00019878735621572743,0.00018060512586560583,,,,,,,,0.0004523997119853384,0.0003666552295989488,,0.0003079346932186233,,,,,,,,,0.013347340915529533,0.03626638274161093,0.032432811426807734,0.015608911202783087,0.041024350960987076,0.03704444155098122,,,,,,,0.9863520860671997,2.009660482406616,,,0.0,,,,,,,,,,,,,2026-07-20T09:43:41,,0.04300841956575781,,0.047806762544996925,,,,,,,,,,,,1024.0,,,,,,,,,,,,,,,,,,,,,,,,,,,0.0011422553602019236,0.003000843805444744,0.0028046496881203352,0.006774813929866374,,,,,,,,,,,,,,True,<LOCAL_PATH_REDACTED>/PINN/paper/<LOCAL_PATH_REDACTED>/results/raw/runs/2d_shallowwater/rad_pinn/seed_100/model_adamw_final.pt,eafef3daf5c5bcc05badf3fb884b4862b7f43669d6324858c9101b987e61788a,True,<LOCAL_PATH_REDACTED>/PINN/paper/<LOCAL_PATH_REDACTED>/results/raw/runs/2d_shallowwater/rad_pinn/seed_100/model_final.pt,False,ef65c1d7b55933538f581c9ca72a98fdc5775609769ad0997156add33b4dc910,0.016011569731081948,0.005850044176547914,0.00026538614625038615,0.01705230761329737,0.0004658100771246526,0.09207385524969973,0.0003970101673002324,0.0010318861333287628,0.030582998225525154,0.0007404620987309651,0.010416656951606242,0.03061095224337358,0.16271001193274812,0.009738958758865612,0.02909135535730247,0.20762291979301903,220x220,90x90x41,1cb811a3b69982554a4e6ec142f8855c07b23cb68844e030dadbfa899f1a62ef,0.011757227951886232,0.03827096299134183,0.20342617228926543,0.010382735538864794,0.03495009012005223,0.24943629021852667,True,fixed_saved_checkpoint_against_canonical_fv1024,0.35,1024.0,2.0,<LOCAL_PATH_REDACTED>/PINN/paper/<LOCAL_PATH_REDACTED>/results/processed/reference_cache/2d_shallowwater/fv_solver1024_eval1024_nt41_order2.npz,9df6008a0562c9de764fe48c4653a682a99912fe95983f1faff9d4bbf759572c
2d_shallowwater,rad_pinn,RAD-PINN,2026,True,False,<LOCAL_PATH_REDACTED>/PINN/paper/<LOCAL_PATH_REDACTED>/results/raw/runs/2d_shallowwater/rad_pinn/seed_2026,<LOCAL_PATH_REDACTED>/PINN/paper/<LOCAL_PATH_REDACTED>/results/raw/runs/2d_shallowwater/rad_pinn/seed_2026/metrics_final.json,RAD-PINN,,,,,,,,,,,,,,,,,,,,,,,,,,,,,,,,,,,,,1.0,0.0282842712474619,0.7,0.04567241668701172,0.9881678223609924,0.03903736698836922,0.06217520415738679,,,,,0.019158348441123962,,,,3000,7000,10000,2026-07-01 06:10:16,AdamW,False,638.0883231163025,83459,,,,,,,,finite_volume_1024x1024_order2,False,finite_volume_1024x1024_order2,bilinear_space_linear_time_from_canonical_fv1024,,41,,state_scaled_space_time_rel_l2,,,,,,,,,,,,,,,,,,,,,,,,,,,,1.0,1.0,3.0,500.0,14.0,,,,,,,,,,,,,,,,,,,,,,,,,,,,,,,,,,,,,,,,,,,,,,,,,,,,,,,,,,,,,,,0.001541084452918318,0.002372857362811831,,,,,,,,0.000891544887595585,0.0005719127787480365,,0.0005129869398608012,,,,,,,,,0.014842901931673131,0.04009089782133906,0.0358530526254836,0.018467677231679386,0.04685850368801137,0.04231260362138852,,,,,,,0.9797938466072083,1.987892508506775,,,0.0,,,,,,,,,,,,,2026-07-20T09:43:41,,0.04832441384562082,,0.05545447370036809,,,,,,,,,,,,1024.0,,,,,,,,,,,,,,,,,,,,,,,,,,,0.005324135648624167,0.008693678509043736,0.0014165362827033596,0.0031649457549941546,,,,,,,,,,,,,,True,<LOCAL_PATH_REDACTED>/PINN/paper/<LOCAL_PATH_REDACTED>/results/raw/runs/2d_shallowwater/rad_pinn/seed_2026/model_adamw_final.pt,ce20152d08141d0b3f68ce0faeaec936784e75c0e06fbdd81dd2a8024ea6f418,True,<LOCAL_PATH_REDACTED>/PINN/paper/<LOCAL_PATH_REDACTED>/results/raw/runs/2d_shallowwater/rad_pinn/seed_2026/model_final.pt,False,22041e67cb5f48f35682186233cc1c6d051fa0b5d2f3a379f27720df261c8042,0.021872263914946864,0.0076286977646279125,0.00026538614625038615,0.02316472958292907,0.0015098455558040888,0.05956178890533173,0.0009008166957583318,0.0008676202481605875,0.11484647104410449,0.0004404021332375975,0.012912945555049276,0.03924649966182251,0.2086115576386907,0.010943187879159186,0.03535885793049151,0.25235363680751943,220x220,90x90x41,ab15bb5e7d2f4f9d0a64820bcf399beb2f80e9264e728362e28c7b8a9b7facff,0.013989923753585246,0.04276559190927982,0.22731700453311618,0.011722294741167911,0.03829811223028782,0.2733308842489904,True,fixed_saved_checkpoint_against_canonical_fv1024,0.35,1024.0,2.0,<LOCAL_PATH_REDACTED>/PINN/paper/<LOCAL_PATH_REDACTED>/results/processed/reference_cache/2d_shallowwater/fv_solver1024_eval1024_nt41_order2.npz,9df6008a0562c9de764fe48c4653a682a99912fe95983f1faff9d4bbf759572c
2d_shallowwater,rad_pinn,RAD-PINN,31415,True,False,<LOCAL_PATH_REDACTED>/PINN/paper/<LOCAL_PATH_REDACTED>/results/raw/runs/2d_shallowwater/rad_pinn/seed_31415,<LOCAL_PATH_REDACTED>/PINN/paper/<LOCAL_PATH_REDACTED>/results/raw/runs/2d_shallowwater/rad_pinn/seed_31415/metrics_final.json,RAD-PINN,,,,,,,,,,,,,,,,,,,,,,,,,,,,,,,,,,,,,1.0,0.0282842712474619,0.7,0.04643052816390991,0.9902878999710083,0.039748824548379115,0.060814154912150455,,,,,0.018919281661510468,,,,3000,7000,10000,2026-07-01 06:52:45,AdamW,False,634.8286578655243,83459,,,,,,,,finite_volume_1024x1024_order2,False,finite_volume_1024x1024_order2,bilinear_space_linear_time_from_canonical_fv1024,,41,,state_scaled_space_time_rel_l2,,,,,,,,,,,,,,,,,,,,,,,,,,,,1.0,1.0,3.0,500.0,14.0,,,,,,,,,,,,,,,,,,,,,,,,,,,,,,,,,,,,,,,,,,,,,,,,,,,,,,,,,,,,,,,0.0006945701507775843,0.00150870329242091,,,,,,,,0.0005666500481523081,0.0004714038152847375,,0.0003648699218781295,,,,,,,,,0.013795403130058243,0.037073658753614035,0.033154753586113334,0.016959617072528504,0.04279601086078523,0.038644226802153195,,,,,,,0.9846663475036621,1.9906136989593506,,,0.0,,,,,,,,,,,,,2026-07-20T09:43:41,,0.04432961394019456,,0.050163271751032704,,,,,,,,,,,,1024.0,,,,,,,,,,,,,,,,,,,,,,,,,,,0.003730984976423118,0.00670895205132153,0.0049761179959380225,0.00929318415112031,,,,,,,,,,,,,,True,<LOCAL_PATH_REDACTED>/PINN/paper/<LOCAL_PATH_REDACTED>/results/raw/runs/2d_shallowwater/rad_pinn/seed_31415/model_adamw_final.pt,a6d4d44f1351abd2620b521d28153bf4492f95eae5a033e14b71659c9f7ed325,True,<LOCAL_PATH_REDACTED>/PINN/paper/<LOCAL_PATH_REDACTED>/results/raw/runs/2d_shallowwater/rad_pinn/seed_31415/model_final.pt,False,512fb3214aff084b721d50593322823ac66b221573044c4d589babff5867640d,0.017160725453408396,0.007314586552241653,0.00026538614625038615,0.018652700735037584,0.0014420746107710186,0.15541178375403486,0.0010983472936002703,0.00144223532495971,0.08605366933181653,0.0005089206869398329,0.011588315758547725,0.03485715783253368,0.18528037029952196,0.010243645237034105,0.03218083329030058,0.22967230254631016,220x220,90x90x41,6be0f5d2f83b290c4d4cd54b1754ea5e99d21a4e0a9b805f3cbd51d050ccaef4,0.012438712242861511,0.0383704798236673,0.20395514586860555,0.010842596270565323,0.03474034279183876,0.24793933855822758,True,fixed_saved_checkpoint_against_canonical_fv1024,0.35,1024.0,2.0,<LOCAL_PATH_REDACTED>/PINN/paper/<LOCAL_PATH_REDACTED>/results/processed/reference_cache/2d_shallowwater/fv_solver1024_eval1024_nt41_order2.npz,9df6008a0562c9de764fe48c4653a682a99912fe95983f1faff9d4bbf759572c
2d_shallowwater,rad_pinn,RAD-PINN,42,True,False,<LOCAL_PATH_REDACTED>/PINN/paper/<LOCAL_PATH_REDACTED>/results/raw/runs/2d_shallowwater/rad_pinn/seed_42,<LOCAL_PATH_REDACTED>/PINN/paper/<LOCAL_PATH_REDACTED>/results/raw/runs/2d_shallowwater/rad_pinn/seed_42/metrics_final.json,RAD-PINN,,,,,,,,,,,,,,,,,,,,,,,,,,,,,,,,,,,,,1.0,0.0282842712474619,0.7,0.04728236049413681,0.9889543056488037,0.040429349170997275,0.06511383320960158,,,,,0.01914190500974655,,,,3000,7000,10000,2026-07-01 06:31:26,AdamW,False,636.5492894649506,83459,,,,,,,,finite_volume_1024x1024_order2,False,finite_volume_1024x1024_order2,bilinear_space_linear_time_from_canonical_fv1024,,41,,state_scaled_space_time_rel_l2,,,,,,,,,,,,,,,,,,,,,,,,,,,,1.0,1.0,3.0,500.0,14.0,,,,,,,,,,,,,,,,,,,,,,,,,,,,,,,,,,,,,,,,,,,,,,,,,,,,,,,,,,,,,,,0.00028116925817487173,0.00016198415831795705,,,,,,,,0.00041155016929374303,0.00032819377642548354,,0.0003795476705399569,,,,,,,,,0.014444373369867473,0.039093023790033495,0.03496065978565652,0.01764716501780606,0.04453550089438036,0.0402149630933698,,,,,,,0.9833794832229614,2.0021026134490967,,,0.0,,,,,,,,,,,,,2026-07-20T09:43:41,,0.04677391570346892,,0.052002241703549466,,,,,,,,,,,,1024.0,,,,,,,,,,,,,,,,,,,,,,,,,,,0.002050940752888322,0.0051716859425035904,0.004394642520130307,0.007886939020696801,,,,,,,,,,,,,,True,<LOCAL_PATH_REDACTED>/PINN/paper/<LOCAL_PATH_REDACTED>/results/raw/runs/2d_shallowwater/rad_pinn/seed_42/model_adamw_final.pt,ac7c74d915e56d0aeb9f2cfe147b6ae4b2ff741311ef141f796bac75b99e56cc,True,<LOCAL_PATH_REDACTED>/PINN/paper/<LOCAL_PATH_REDACTED>/results/raw/runs/2d_shallowwater/rad_pinn/seed_42/model_final.pt,False,73f18421cb1bd174e11fc724c2356f8097ba8ec963cbc6cc10026e9e3ec17c08,0.01919090056285179,0.0062199656871920195,0.00026538614625038615,0.020171093000955074,0.0006452970931306833,0.1401088709918115,0.000386257883357874,0.0006583113796596627,0.08829443145716238,0.0003937329520207729,0.011986234891513445,0.03820283701064142,0.2030640542132068,0.0108677993014503,0.035675397596115196,0.2546127577319283,220x220,90x90x41,50e6f7afa82feeba76e373d52d06141b7c122f892b1d11f3faa12da9ec236b1e,0.012262108731819765,0.03739210038161442,0.19875464999949582,0.010860562818129324,0.035039514255579496,0.2500745038696303,True,fixed_saved_checkpoint_against_canonical_fv1024,0.35,1024.0,2.0,<LOCAL_PATH_REDACTED>/PINN/paper/<LOCAL_PATH_REDACTED>/results/processed/reference_cache/2d_shallowwater/fv_solver1024_eval1024_nt41_order2.npz,9df6008a0562c9de764fe48c4653a682a99912fe95983f1faff9d4bbf759572c
2d_shallowwater,rad_pinn,RAD-PINN,7,True,False,<LOCAL_PATH_REDACTED>/PINN/paper/<LOCAL_PATH_REDACTED>/results/raw/runs/2d_shallowwater/rad_pinn/seed_7,<LOCAL_PATH_REDACTED>/PINN/paper/<LOCAL_PATH_REDACTED>/results/raw/runs/2d_shallowwater/rad_pinn/seed_7/metrics_final.json,RAD-PINN,,,,,,,,,,,,,,,,,,,,,,,,,,,,,,,,,,,,,1.0,0.0282842712474619,0.7,0.046927280724048615,0.989425539970398,0.03987255629794605,0.06381464983914872,,,,,0.018943896517157555,,,,3000,7000,10000,2026-07-01 06:20:46,AdamW,False,626.8566794395447,83459,,,,,,,,finite_volume_1024x1024_order2,False,finite_volume_1024x1024_order2,bilinear_space_linear_time_from_canonical_fv1024,,41,,state_scaled_space_time_rel_l2,,,,,,,,,,,,,,,,,,,,,,,,,,,,1.0,1.0,3.0,500.0,14.0,,,,,,,,,,,,,,,,,,,,,,,,,,,,,,,,,,,,,,,,,,,,,,,,,,,,,,,,,,,,,,,0.0015788457268723745,0.0022876803322496595,,,,,,,,0.0003564417331757674,0.00020501179513735326,,0.00023957693983165943,,,,,,,,,0.012952045288510518,0.03466662029283992,0.031002153337790564,0.015028874438954573,0.03823400390280444,0.03452479538760626,,,,,,,0.9842952489852905,2.000842571258545,,,0.0,,,,,,,,,,,,,2026-07-20T09:43:41,,0.04099156995387146,,0.04419633894177169,,,,,,,,,,,,1024.0,,,,,,,,,,,,,,,,,,,,,,,,,,,0.0023131522149752257,0.004279407591270725,0.0022933024676518973,0.003925967500403409,,,,,,,,,,,,,,True,<LOCAL_PATH_REDACTED>/PINN/paper/<LOCAL_PATH_REDACTED>/results/raw/runs/2d_shallowwater/rad_pinn/seed_7/model_adamw_final.pt,27f1864f1557966579f9d52d3fc63a45db302592e4d2649d84e212bdc80399ab,True,<LOCAL_PATH_REDACTED>/PINN/paper/<LOCAL_PATH_REDACTED>/results/raw/runs/2d_shallowwater/rad_pinn/seed_7/model_final.pt,False,4f4d9b70c367240e5050528cd6e31362a9a8ddaf4244776b7cd6f47dd978516b,0.014594277673545965,0.004895727072246239,0.00026538614625038615,0.015397733784249764,0.0005324172629542455,0.08782128224005925,0.00030539190883979196,0.0005388659675324412,0.0634682320502043,0.0003718180334930731,0.010717599372178943,0.03242064351947539,0.17232927783431304,0.00997923205199253,0.03132618874037709,0.22357276559930558,220x220,90x90x41,97592fd8e437e5d862d45b795ee15aa4f711a077fa760588e5575497137c3b25,0.010423376126095766,0.030897335906315684,0.16423226086000065,0.009578018711734656,0.02971735162066445,0.21209061029359613,True,fixed_saved_checkpoint_against_canonical_fv1024,0.35,1024.0,2.0,<LOCAL_PATH_REDACTED>/PINN/paper/<LOCAL_PATH_REDACTED>/results/processed/reference_cache/2d_shallowwater/fv_solver1024_eval1024_nt41_order2.npz,9df6008a0562c9de764fe48c4653a682a99912fe95983f1faff9d4bbf759572c
2d_shallowwater,rar_d_pinn,RAR-D-PINN,100,True,False,<LOCAL_PATH_REDACTED>/PINN/paper/<LOCAL_PATH_REDACTED>/results/raw/runs/2d_shallowwater/rar_d_pinn/seed_100,<LOCAL_PATH_REDACTED>/PINN/paper/<LOCAL_PATH_REDACTED>/results/raw/runs/2d_shallowwater/rar_d_pinn/seed_100/metrics_final.json,RAR-D-PINN,,,,,,,,,,,,,,,,,,,,,,,,,,,,,,,,,,,,,1.0,0.0282842712474619,0.7,0.047745682299137115,0.9861461520195007,0.041666666666666664,0.06474263796090077,,,,,0.019408440217375755,,,,3000,7000,10000,2026-07-01 08:12:18,AdamW,False,642.8855886459351,83459,,,,,,,,finite_volume_1024x1024_order2,False,finite_volume_1024x1024_order2,bilinear_space_linear_time_from_canonical_fv1024,,41,,state_scaled_space_time_rel_l2,,,,,,,,,,,,,,,,,,,,,,,,,,,,,,,,,2.0,0.0,0.5,10000.0,20000.0,500.0,3.0,14.0,,,,,,,,,,,,,,,,,,,,,,,,,,,,,,,,,,,,,,,,,,,,,,,,,,,,,,,0.001129883504223165,0.00172541051147402,,,,,,,,0.00039635123819994363,0.0004432466668386238,,0.0002633236587009511,,,,,,,,,0.01709750587336973,0.044325268041681395,0.03963982485049743,0.021731844396238573,0.052047780782722215,0.04699845160006026,,,,,,,0.9786232709884644,2.0115325450897217,,,0.0,,,,,,,,,,,,,2026-07-20T09:43:41,,0.053346580371549365,,0.060989688579556355,,,,,,,,,,,,1024.0,,,,,,,,,,,,,,,,,,,,,,,,,,,0.0008830216545862569,0.0009878846819838028,0.0015818719299872108,0.0034261760324809827,,,,,,,,,,,,,,True,<LOCAL_PATH_REDACTED>/PINN/paper/<LOCAL_PATH_REDACTED>/results/raw/runs/2d_shallowwater/rar_d_pinn/seed_100/model_adamw_final.pt,05bd85334a231001ebca6cbaca9f45622c27646937f019e5e4e0f6578a41e08b,True,<LOCAL_PATH_REDACTED>/PINN/paper/<LOCAL_PATH_REDACTED>/results/raw/runs/2d_shallowwater/rar_d_pinn/seed_100/model_final.pt,False,d591c915017a7bcdf13432b90eea4cdb578f66f1e05284175da5f14f3dd19fc6,0.024017354596622895,0.0019737397697667937,0.00026538614625038615,0.024099536551647628,0.0007328676823581404,0.08631411103165267,0.00039906175731506746,0.0007610049834915456,0.03989820263140572,0.00043905655974236797,0.014381944075880611,0.04456725846611409,0.23689361569603082,0.012632681604146715,0.040704590594425535,0.29050574799268264,220x220,90x90x41,a54bbfcdd333ad30c42bca0636bb11b5c6832e990b2e6116454a49a25bbf244b,0.014458532664822244,0.04453110588248467,0.2367014495959051,0.012737409737656559,0.040523854231783146,0.2892158455160294,True,fixed_saved_checkpoint_against_canonical_fv1024,0.35,1024.0,2.0,<LOCAL_PATH_REDACTED>/PINN/paper/<LOCAL_PATH_REDACTED>/results/processed/reference_cache/2d_shallowwater/fv_solver1024_eval1024_nt41_order2.npz,9df6008a0562c9de764fe48c4653a682a99912fe95983f1faff9d4bbf759572c
2d_shallowwater,rar_d_pinn,RAR-D-PINN,2026,True,False,<LOCAL_PATH_REDACTED>/PINN/paper/<LOCAL_PATH_REDACTED>/results/raw/runs/2d_shallowwater/rar_d_pinn/seed_2026,<LOCAL_PATH_REDACTED>/PINN/paper/<LOCAL_PATH_REDACTED>/results/raw/runs/2d_shallowwater/rar_d_pinn/seed_2026/metrics_final.json,RAR-D-PINN,,,,,,,,,,,,,,,,,,,,,,,,,,,,,,,,,,,,,1.0,0.0282842712474619,0.7,0.04552405700087547,0.9856681823730469,0.03971789161098738,0.058370452858203414,,,,,0.019333863630890846,,,,3000,7000,10000,2026-07-01 07:38:09,AdamW,False,634.5067050457001,83459,,,,,,,,finite_volume_1024x1024_order2,False,finite_volume_1024x1024_order2,bilinear_space_linear_time_from_canonical_fv1024,,41,,state_scaled_space_time_rel_l2,,,,,,,,,,,,,,,,,,,,,,,,,,,,,,,,,2.0,0.0,0.5,10000.0,20000.0,500.0,3.0,14.0,,,,,,,,,,,,,,,,,,,,,,,,,,,,,,,,,,,,,,,,,,,,,,,,,,,,,,,0.0001828925464801815,0.0006776229405934749,,,,,,,,0.00033784591979588163,0.0002823627780323048,,0.00020503993134300897,,,,,,,,,0.01728645715461919,0.04461405307463245,0.03989808359616052,0.021864338984477184,0.05214937323446024,0.04709018822848393,,,,,,,0.9833716154098511,2.001528263092041,,,0.0,,,,,,,,,,,,,2026-07-20T09:43:41,,0.05383012826393059,,0.061349487794616145,,,,,,,,,,,,1024.0,,,,,,,,,,,,,,,,,,,,,,,,,,,0.001442823064907506,0.0016978169588871986,0.00026287718546980885,0.0014929566764937474,,,,,,,,,,,,,,True,<LOCAL_PATH_REDACTED>/PINN/paper/<LOCAL_PATH_REDACTED>/results/raw/runs/2d_shallowwater/rar_d_pinn/seed_2026/model_adamw_final.pt,e572bdc6cb461a4d0107166b3b380c4c59ac9602ec82df41e72704c4ee00c996,True,<LOCAL_PATH_REDACTED>/PINN/paper/<LOCAL_PATH_REDACTED>/results/raw/runs/2d_shallowwater/rar_d_pinn/seed_2026/model_final.pt,False,1327e36070ec20e44370ca9effba92914b94e29efbc91254338edc15c496878b,0.02455362726704191,0.0014651422505414977,0.00026538614625038615,0.024604697541676015,0.0006183189921414288,0.06378231044911459,0.0004654571387751412,0.0005866505617545468,0.09728094750392385,0.0003487756678372078,0.015204981018787861,0.04563054768871262,0.24254544255595545,0.013105947297736351,0.04140195752165434,0.2954828058100313,220x220,90x90x41,3d85a63de80c18182ba0f1a055a2fc44dcc606d9184571ffc20b3d9a82776954,0.01457599398491899,0.04446375085703749,0.23634342946941223,0.012860051256467662,0.04080676232570869,0.29123494032177055,True,fixed_saved_checkpoint_against_canonical_fv1024,0.35,1024.0,2.0,<LOCAL_PATH_REDACTED>/PINN/paper/<LOCAL_PATH_REDACTED>/results/processed/reference_cache/2d_shallowwater/fv_solver1024_eval1024_nt41_order2.npz,9df6008a0562c9de764fe48c4653a682a99912fe95983f1faff9d4bbf759572c
2d_shallowwater,rar_d_pinn,RAR-D-PINN,31415,True,False,<LOCAL_PATH_REDACTED>/PINN/paper/<LOCAL_PATH_REDACTED>/results/raw/runs/2d_shallowwater/rar_d_pinn/seed_31415,<LOCAL_PATH_REDACTED>/PINN/paper/<LOCAL_PATH_REDACTED>/results/raw/runs/2d_shallowwater/rar_d_pinn/seed_31415/metrics_final.json,RAR-D-PINN,,,,,,,,,,,,,,,,,,,,,,,,,,,,,,,,,,,,,1.0,0.0282842712474619,0.7,0.04645631089806557,0.9905904531478882,0.0400890868596882,0.05945310566691413,,,,,0.01938379742205143,,,,3000,7000,10000,2026-07-01 08:22:52,AdamW,False,630.4343461990356,83459,,,,,,,,finite_volume_1024x1024_order2,False,finite_volume_1024x1024_order2,bilinear_space_linear_time_from_canonical_fv1024,,41,,state_scaled_space_time_rel_l2,,,,,,,,,,,,,,,,,,,,,,,,,,,,,,,,,2.0,0.0,0.5,10000.0,20000.0,500.0,3.0,14.0,,,,,,,,,,,,,,,,,,,,,,,,,,,,,,,,,,,,,,,,,,,,,,,,,,,,,,,0.0007234917299099265,0.0018060613387662538,,,,,,,,0.00038614008564328466,0.0002520520396047885,,0.00024446215095249197,,,,,,,,,0.01729849574604465,0.04479249491237114,0.04005766307546138,0.022045218075381928,0.052844666431876935,0.0477180287088121,,,,,,,0.9812789559364319,1.988322377204895,,,0.0,,,,,,,,,,,,,2026-07-20T09:43:41,,0.0540700990050097,,0.061962128358471015,,,,,,,,,,,,1024.0,,,,,,,,,,,,,,,,,,,,,,,,,,,0.0005062944840807579,0.0017725552921049948,0.0017576579872910847,0.004049962029680116,,,,,,,,,,,,,,True,<LOCAL_PATH_REDACTED>/PINN/paper/<LOCAL_PATH_REDACTED>/results/raw/runs/2d_shallowwater/rar_d_pinn/seed_31415/model_adamw_final.pt,5d3fc06144366725b92e3108bc79a41589a859399d137d2acce12caf08c309c0,True,<LOCAL_PATH_REDACTED>/PINN/paper/<LOCAL_PATH_REDACTED>/results/raw/runs/2d_shallowwater/rar_d_pinn/seed_31415/model_final.pt,False,b97d036ea23531b5b94c9e776873bbf00c740f6494296a8e18ce475153fc029a,0.02436210131332083,0.002858296270177297,0.00026538614625038615,0.024537337675594323,0.0004923646305649514,0.11277672851613395,0.0003742646025930762,0.0007157438718382133,0.021937235940852413,0.0004883536106368123,0.014765344381782565,0.04476679407758272,0.23795423091194903,0.012776001979793382,0.0408206629143158,0.2913341478271618,220x220,90x90x41,ada00ff010713d73c56f3ed6639bfc7b8ab9b8f28f5d36d0f66cdb2ee91f216f,0.015181364333895102,0.04582304293763026,0.243568635300806,0.01308069385766673,0.04179530935037938,0.2982901296415528,True,fixed_saved_checkpoint_against_canonical_fv1024,0.35,1024.0,2.0,<LOCAL_PATH_REDACTED>/PINN/paper/<LOCAL_PATH_REDACTED>/results/processed/reference_cache/2d_shallowwater/fv_solver1024_eval1024_nt41_order2.npz,9df6008a0562c9de764fe48c4653a682a99912fe95983f1faff9d4bbf759572c
2d_shallowwater,rar_d_pinn,RAR-D-PINN,42,True,False,<LOCAL_PATH_REDACTED>/PINN/paper/<LOCAL_PATH_REDACTED>/results/raw/runs/2d_shallowwater/rar_d_pinn/seed_42,<LOCAL_PATH_REDACTED>/PINN/paper/<LOCAL_PATH_REDACTED>/results/raw/runs/2d_shallowwater/rar_d_pinn/seed_42/metrics_final.json,RAR-D-PINN,,,,,,,,,,,,,,,,,,,,,,,,,,,,,,,,,,,,,1.0,0.0282842712474619,0.7,0.04597606882452965,0.9880657196044922,0.03959415986142044,0.06084508784954219,,,,,0.019307993352413177,,,,3000,7000,10000,2026-07-01 08:01:32,AdamW,False,645.1750774383545,83459,,,,,,,,finite_volume_1024x1024_order2,False,finite_volume_1024x1024_order2,bilinear_space_linear_time_from_canonical_fv1024,,41,,state_scaled_space_time_rel_l2,,,,,,,,,,,,,,,,,,,,,,,,,,,,,,,,,2.0,0.0,0.5,10000.0,20000.0,500.0,3.0,14.0,,,,,,,,,,,,,,,,,,,,,,,,,,,,,,,,,,,,,,,,,,,,,,,,,,,,,,,0.0005601557204792794,0.001310960834460817,,,,,,,,0.0004063036770619,0.0002679114510293443,,0.00037674940213993074,,,,,,,,,0.017470691904589764,0.04438782766945477,0.03969577155532766,0.022019307128667086,0.05195393561319737,0.04691371066410709,,,,,,,0.9842733144760132,2.012422561645508,,,0.0,,,,,,,,,,,,,2026-07-20T09:43:41,,0.05345576585036961,,0.06093826635593004,,,,,,,,,,,,1024.0,,,,,,,,,,,,,,,,,,,,,,,,,,,0.0011683792786313437,0.00209629023192189,0.0008518751290590362,0.00012611147795658377,,,,,,,,,,,,,,True,<LOCAL_PATH_REDACTED>/PINN/paper/<LOCAL_PATH_REDACTED>/results/raw/runs/2d_shallowwater/rar_d_pinn/seed_42/model_adamw_final.pt,34d6efc1a3868b5301576723b7ecaf7d72774affe94c62ef419ee1ed093b902b,True,<LOCAL_PATH_REDACTED>/PINN/paper/<LOCAL_PATH_REDACTED>/results/raw/runs/2d_shallowwater/rar_d_pinn/seed_42/model_final.pt,False,1b1b7ba69ef792cc9d25f330f065406992c7e88442700fb70927c4beb55209d0,0.02443871169480926,0.001530291171695538,0.00026538614625038615,0.024488493763010516,0.0005265513853739127,0.09389336662125299,0.00028778972431137075,0.0006277592125279006,0.11658497418779283,0.00029392809282725364,0.014286534520019139,0.04394433003341391,0.23358249058263825,0.012500828013822983,0.04009775198268144,0.28617478427971743,220x220,90x90x41,966ce469c1e4a66b55af2f417c91bdb350fb0ea1576c539c0ff46f212de744e8,0.015588715754266794,0.045186870944987266,0.24018711512818122,0.013261721624921043,0.041348963113253666,0.2951045885124969,True,fixed_saved_checkpoint_against_canonical_fv1024,0.35,1024.0,2.0,<LOCAL_PATH_REDACTED>/PINN/paper/<LOCAL_PATH_REDACTED>/results/processed/reference_cache/2d_shallowwater/fv_solver1024_eval1024_nt41_order2.npz,9df6008a0562c9de764fe48c4653a682a99912fe95983f1faff9d4bbf759572c
2d_shallowwater,rar_d_pinn,RAR-D-PINN,7,True,False,<LOCAL_PATH_REDACTED>/PINN/paper/<LOCAL_PATH_REDACTED>/results/raw/runs/2d_shallowwater/rar_d_pinn/seed_7,<LOCAL_PATH_REDACTED>/PINN/paper/<LOCAL_PATH_REDACTED>/results/raw/runs/2d_shallowwater/rar_d_pinn/seed_7/metrics_final.json,RAR-D-PINN,,,,,,,,,,,,,,,,,,,,,,,,,,,,,,,,,,,,,1.0,0.0282842712474619,0.7,0.04623052477836609,0.9894940257072449,0.039841623360554315,0.0602264291017075,,,,,0.019425734877586365,,,,3000,7000,10000,2026-07-01 07:50:43,AdamW,False,635.637199640274,83459,,,,,,,,finite_volume_1024x1024_order2,False,finite_volume_1024x1024_order2,bilinear_space_linear_time_from_canonical_fv1024,,41,,state_scaled_space_time_rel_l2,,,,,,,,,,,,,,,,,,,,,,,,,,,,,,,,,2.0,0.0,0.5,10000.0,20000.0,500.0,3.0,14.0,,,,,,,,,,,,,,,,,,,,,,,,,,,,,,,,,,,,,,,,,,,,,,,,,,,,,,,0.0008176642694246191,0.0018759215932937564,,,,,,,,0.0003093789594848946,0.0002542697662650554,,0.00027536352369397565,,,,,,,,,0.017977912783515678,0.04543873927903502,0.040635595587478854,0.022682311768922155,0.05338923063007881,0.04820976291394871,,,,,,,0.9844574332237244,2.002953052520752,,,0.0,,,,,,,,,,,,,2026-07-20T09:43:41,,0.05489213713642663,,0.06253046454782538,,,,,,,,,,,,1024.0,,,,,,,,,,,,,,,,,,,,,,,,,,,0.00014664830469709062,0.0005728692625872571,0.0012985108845341362,0.0021658859639569466,,,,,,,,,,,,,,True,<LOCAL_PATH_REDACTED>/PINN/paper/<LOCAL_PATH_REDACTED>/results/raw/runs/2d_shallowwater/rar_d_pinn/seed_7/model_adamw_final.pt,4d6bfbd3bcfb7fc058998c77b19cbf170ef256e8ff44b2ae9b61a6ed31a6c629,True,<LOCAL_PATH_REDACTED>/PINN/paper/<LOCAL_PATH_REDACTED>/results/raw/runs/2d_shallowwater/rar_d_pinn/seed_7/model_final.pt,False,61bd51e74193511b4f17976e7e13562d73140c2f7d9a880b43293889125be369,0.024323796122576617,0.0022671366513162218,0.00026538614625038615,0.024440993088712483,0.0006013859090040352,0.12963989956287486,0.0004002377258238467,0.000608525658728482,0.10482066097328953,0.00032803696743300553,0.015182307896616197,0.04568528401736282,0.24283638903213886,0.01351453130735003,0.042134163220836594,0.3007085054478155,220x220,90x90x41,4e38896a04f2f1d0d83d1df52b09b98b400abbfde4929361e78b49bda5c77da8,0.015255460485576038,0.04560180545171716,0.24239266554701683,0.013335394782272572,0.0418183609444453,0.2984546472175498,True,fixed_saved_checkpoint_against_canonical_fv1024,0.35,1024.0,2.0,<LOCAL_PATH_REDACTED>/PINN/paper/<LOCAL_PATH_REDACTED>/results/processed/reference_cache/2d_shallowwater/fv_solver1024_eval1024_nt41_order2.npz,9df6008a0562c9de764fe48c4653a682a99912fe95983f1faff9d4bbf759572c
2d_shallowwater,sa_pinn,SA-PINN,100,True,False,<LOCAL_PATH_REDACTED>/PINN/paper/<LOCAL_PATH_REDACTED>/results/raw/runs/2d_shallowwater/sa_pinn/seed_100,<LOCAL_PATH_REDACTED>/PINN/paper/<LOCAL_PATH_REDACTED>/results/raw/runs/2d_shallowwater/sa_pinn/seed_100/metrics_final.json,SA-PINN,,,,,,,,,,,,,,,,,,,,,,,,,,,,,,,,,,,,,1.0,0.0282842712474619,0.7,0.05577433854341507,0.9999916553497314,0.05001855976243504,0.07225934174709231,,,,,0.018208514899015427,,,,3000,7000,10000,2026-07-01 10:03:56,AdamW,False,698.3631851673126,83459,,,,,,,,finite_volume_1024x1024_order2,False,finite_volume_1024x1024_order2,bilinear_space_linear_time_from_canonical_fv1024,,41,,state_scaled_space_time_rel_l2,,,,,,,,,,,,,,,,,,,,,,,,,,,,,,,,,,,,,,,,,Adam,0.005,100.0,78.08792877197266,99.87655639648438,99.67428588867188,100.0,100.0,100.0,,,,,,,,,,,,,,,,,,,,,,,,,,,,,,,,,,,,,,,,,,,,,,0.007752941759973654,0.00919319389188561,,,,,,,,0.0006886504485689183,0.00025847739328259053,,0.0003593614461679922,,,,,,,,,0.009571055226528648,0.027401803190839166,0.02450527040358227,0.010102660537254697,0.025796730151694064,0.023294103134492896,,,,,,,0.9871580600738525,2.0043675899505615,,,0.0,,,,,,,,,,,,,2026-07-20T09:43:41,,0.033296709473684113,,0.03165515755495653,,,,,,,,,,,,1024.0,,,,,,,,,,,,,,,,,,,,,,,,,,,0.0024536490853651212,0.0026310607538871113,0.00407203443953443,0.0039050713007117944,,,,,,,,,,,,,,True,<LOCAL_PATH_REDACTED>/PINN/paper/<LOCAL_PATH_REDACTED>/results/raw/runs/2d_shallowwater/sa_pinn/seed_100/model_adamw_final.pt,433327967541e5280e5400253f47c6537b453021e1f30832ba518dc26fe4c0c7,True,<LOCAL_PATH_REDACTED>/PINN/paper/<LOCAL_PATH_REDACTED>/results/raw/runs/2d_shallowwater/sa_pinn/seed_100/model_final.pt,False,95a7ce50a8b45b397cec1ccb4c9559485a9fa617674d9f00349d69d23d54afea,0.00854205753595997,0.009257422377194797,0.00026538614625038615,0.010870038588197118,0.0005485615795407664,0.08498175095173631,0.00023925423989661857,0.0006194269261356097,0.039240450026964545,0.00033969513914155515,0.009001011573634192,0.022275998862790105,0.11840624923921048,0.008212097973016313,0.024078653067664192,0.1718476225390668,220x220,90x90x41,72821a02d68b2a440ee39bd2e70aa717164805ee6c9d4d56fe0d042680001249,0.009363257911462499,0.02648820069842557,0.1407958634364543,0.008480866441555143,0.027102311198707523,0.1934272540795249,True,fixed_saved_checkpoint_against_canonical_fv1024,0.35,1024.0,2.0,<LOCAL_PATH_REDACTED>/PINN/paper/<LOCAL_PATH_REDACTED>/results/processed/reference_cache/2d_shallowwater/fv_solver1024_eval1024_nt41_order2.npz,9df6008a0562c9de764fe48c4653a682a99912fe95983f1faff9d4bbf759572c
2d_shallowwater,sa_pinn,SA-PINN,2026,True,False,<LOCAL_PATH_REDACTED>/PINN/paper/<LOCAL_PATH_REDACTED>/results/raw/runs/2d_shallowwater/sa_pinn/seed_2026,<LOCAL_PATH_REDACTED>/PINN/paper/<LOCAL_PATH_REDACTED>/results/raw/runs/2d_shallowwater/sa_pinn/seed_2026/metrics_final.json,SA-PINN,,,,,,,,,,,,,,,,,,,,,,,,,,,,,,,,,,,,,1.0,0.0282842712474619,0.7,0.05059945583343506,0.9917633533477783,0.04373917347191289,0.0647735708982925,,,,,0.018121544271707535,,,,3000,7000,10000,2026-07-01 09:22:41,AdamW,False,844.6257653236389,83459,,,,,,,,finite_volume_1024x1024_order2,False,finite_volume_1024x1024_order2,bilinear_space_linear_time_from_canonical_fv1024,,41,,state_scaled_space_time_rel_l2,,,,,,,,,,,,,,,,,,,,,,,,,,,,,,,,,,,,,,,,,Adam,0.005,100.0,85.80440521240234,98.38215637207031,98.26261138916016,100.0,100.0,100.0,,,,,,,,,,,,,,,,,,,,,,,,,,,,,,,,,,,,,,,,,,,,,,0.002750950127998791,0.00298578927731111,,,,,,,,0.0004270468187457911,0.00012636510664453936,,0.00018309354766176476,,,,,,,,,0.009276082261724014,0.026713351430083628,0.023889592068852206,0.009853222760850048,0.025162887442340232,0.022721751624983272,,,,,,,0.9875816702842712,1.9928364753723145,,,0.0,,,,,,,,,,,,,2026-07-20T09:43:41,,0.03168106925750626,,0.029640375540328435,,,,,,,,,,,,1024.0,,,,,,,,,,,,,,,,,,,,,,,,,,,0.00354058209247792,0.0030491168509103393,0.0045393610610551674,0.0056269909482658705,,,,,,,,,,,,,,True,<LOCAL_PATH_REDACTED>/PINN/paper/<LOCAL_PATH_REDACTED>/results/raw/runs/2d_shallowwater/sa_pinn/seed_2026/model_adamw_final.pt,55dae3443122e2050d87c3f11ce8a8d3a3ba426d52aff7f2dc9af6f06034c00d,True,<LOCAL_PATH_REDACTED>/PINN/paper/<LOCAL_PATH_REDACTED>/results/raw/runs/2d_shallowwater/sa_pinn/seed_2026/model_final.pt,False,f92914ddce23073ef4e550666beb50c0d6a0310194465077bd9892d05bc6382d,0.007890869293308296,0.00909794648434881,0.00026538614625038615,0.0092568676157932,0.0007988996968672546,0.10860855647653006,0.00025899206524581915,0.000623358484366114,0.13240461284975868,0.00029188031499562323,0.007932454786794812,0.01894831577247489,0.1007182220576712,0.0074564803184661525,0.021580644997154754,0.15401951783594556,220x220,90x90x41,0359f9b72cafc1d11e66454a4d52abb48eee2d413daf16994ad3966038f8c2be,0.008621996487045532,0.02432586217131626,0.12930212992724083,0.00805200251754843,0.025621317585741373,0.18285750872588813,True,fixed_saved_checkpoint_against_canonical_fv1024,0.35,1024.0,2.0,<LOCAL_PATH_REDACTED>/PINN/paper/<LOCAL_PATH_REDACTED>/results/processed/reference_cache/2d_shallowwater/fv_solver1024_eval1024_nt41_order2.npz,9df6008a0562c9de764fe48c4653a682a99912fe95983f1faff9d4bbf759572c
2d_shallowwater,sa_pinn,SA-PINN,31415,True,False,<LOCAL_PATH_REDACTED>/PINN/paper/<LOCAL_PATH_REDACTED>/results/raw/runs/2d_shallowwater/sa_pinn/seed_31415,<LOCAL_PATH_REDACTED>/PINN/paper/<LOCAL_PATH_REDACTED>/results/raw/runs/2d_shallowwater/sa_pinn/seed_31415/metrics_final.json,SA-PINN,,,,,,,,,,,,,,,,,,,,,,,,,,,,,,,,,,,,,1.0,0.0282842712474619,0.7,0.05182164907455444,0.9996612071990967,0.045657015590200446,0.07321826280623608,,,,,0.01822669990360737,,,,3000,7000,10000,2026-07-01 10:15:31,AdamW,False,691.4494624137878,83459,,,,,,,,finite_volume_1024x1024_order2,False,finite_volume_1024x1024_order2,bilinear_space_linear_time_from_canonical_fv1024,,41,,state_scaled_space_time_rel_l2,,,,,,,,,,,,,,,,,,,,,,,,,,,,,,,,,,,,,,,,,Adam,0.005,100.0,81.79537200927734,94.9779052734375,99.95423126220703,100.0,100.0,100.0,,,,,,,,,,,,,,,,,,,,,,,,,,,,,,,,,,,,,,,,,,,,,,0.007164481009063921,0.008479133808418032,,,,,,,,0.0008680046341386071,0.0003092759786938894,,0.0005342607952689136,,,,,,,,,0.009937026321474854,0.028116970282106798,0.02514484010026251,0.010958286681245514,0.026496579844979332,0.02392605806979541,,,,,,,0.9815893173217773,1.9938621520996094,,,0.0,,,,,,,,,,,,,2026-07-20T09:43:41,,0.03386615636790899,,0.031900324014333806,,,,,,,,,,,,1024.0,,,,,,,,,,,,,,,,,,,,,,,,,,,0.002077729479559768,0.0019181575627887728,0.008016628261859064,0.00842927036986829,,,,,,,,,,,,,,True,<LOCAL_PATH_REDACTED>/PINN/paper/<LOCAL_PATH_REDACTED>/results/raw/runs/2d_shallowwater/sa_pinn/seed_31415/model_adamw_final.pt,d7bd4a27e56b41d1e3114d2856a1a9750bdfd297bc0098a6a9d5aad6ab29003b,True,<LOCAL_PATH_REDACTED>/PINN/paper/<LOCAL_PATH_REDACTED>/results/raw/runs/2d_shallowwater/sa_pinn/seed_31415/model_final.pt,False,bfe3273887d3d2f3ded10273d501155b56438399a1c3335b33ce3cfc4c97f156,0.00812070043777361,0.009086650095759286,0.00026538614625038615,0.009231471497663688,0.0008545610439921118,0.11471496814926956,0.00046682156379390633,0.0007490643949670662,0.07011391409615803,0.00023458770776352625,0.00918059548724905,0.02473024244675155,0.1314515801932216,0.008716288797166129,0.026827565397732848,0.1914664129740274,220x220,90x90x41,62f2bcec37a75cc51980bf552780f638da619f9e16f1e99ccfb35b6f7110d2d8,0.009351033882235191,0.023502920308697797,0.124927849793058,0.008392846903885011,0.0247453539607398,0.17660581906682757,True,fixed_saved_checkpoint_against_canonical_fv1024,0.35,1024.0,2.0,<LOCAL_PATH_REDACTED>/PINN/paper/<LOCAL_PATH_REDACTED>/results/processed/reference_cache/2d_shallowwater/fv_solver1024_eval1024_nt41_order2.npz,9df6008a0562c9de764fe48c4653a682a99912fe95983f1faff9d4bbf759572c
2d_shallowwater,sa_pinn,SA-PINN,42,True,False,<LOCAL_PATH_REDACTED>/PINN/paper/<LOCAL_PATH_REDACTED>/results/raw/runs/2d_shallowwater/sa_pinn/seed_42,<LOCAL_PATH_REDACTED>/PINN/paper/<LOCAL_PATH_REDACTED>/results/raw/runs/2d_shallowwater/sa_pinn/seed_42/metrics_final.json,SA-PINN,,,,,,,,,,,,,,,,,,,,,,,,,,,,,,,,,,,,,1.0,0.0282842712474619,0.7,0.04857455566525459,1.0,0.04287305122494432,0.06814526107399159,,,,,0.017951548099517822,,,,3000,7000,10000,2026-07-01 09:52:13,AdamW,False,888.9214015007019,83459,,,,,,,,finite_volume_1024x1024_order2,False,finite_volume_1024x1024_order2,bilinear_space_linear_time_from_canonical_fv1024,,41,,state_scaled_space_time_rel_l2,,,,,,,,,,,,,,,,,,,,,,,,,,,,,,,,,,,,,,,,,Adam,0.005,100.0,97.62508392333984,99.04734802246094,99.79318237304688,100.0,100.0,100.0,,,,,,,,,,,,,,,,,,,,,,,,,,,,,,,,,,,,,,,,,,,,,,0.012681049377834385,0.014072883715772467,,,,,,,,0.0007315957504467188,0.0001256732567791928,,0.000467636782648366,,,,,,,,,0.010708591465003756,0.031862868964282295,0.028494775119933816,0.011665666496439641,0.03016041870065083,0.02723445567175155,,,,,,,0.9848872423171997,2.0028939247131348,,,0.0,,,,,,,,,,,,,2026-07-20T09:43:41,,0.03895970291296999,,0.03668553920237513,,,,,,,,,,,,1024.0,,,,,,,,,,,,,,,,,,,,,,,,,,,0.0039834376146148445,0.005627409870489545,0.001809497302503728,0.0028705901267998073,,,,,,,,,,,,,,True,<LOCAL_PATH_REDACTED>/PINN/paper/<LOCAL_PATH_REDACTED>/results/raw/runs/2d_shallowwater/sa_pinn/seed_42/model_adamw_final.pt,f880cddb424ef07566ff3c042080c10b528bcd70074647cec45138769d8740e5,True,<LOCAL_PATH_REDACTED>/PINN/paper/<LOCAL_PATH_REDACTED>/results/raw/runs/2d_shallowwater/sa_pinn/seed_42/model_final.pt,False,572c32d83b3f81ac83b21d20c8d96822d1b4063537086c836310ad5d29664a7b,0.011146810506566587,0.011931006252441046,0.00026538614625038615,0.013703625106353513,0.0006216253337362451,0.05371104637591747,0.00019183272676072215,0.0007143815240792413,0.09952451073136297,0.00021339168834910382,0.010059809214069576,0.028341222082025455,0.15064544697897356,0.009531550791800873,0.03104703221958803,0.22158044550236872,220x220,90x90x41,e61af19c48520bb1ad52ab8b8982a3af510c1b43fcb82d3e5933d51c841121c5,0.010209000961769903,0.02781778683509151,0.14786316975357036,0.009194439628069519,0.02934231977916229,0.2094140348988892,True,fixed_saved_checkpoint_against_canonical_fv1024,0.35,1024.0,2.0,<LOCAL_PATH_REDACTED>/PINN/paper/<LOCAL_PATH_REDACTED>/results/processed/reference_cache/2d_shallowwater/fv_solver1024_eval1024_nt41_order2.npz,9df6008a0562c9de764fe48c4653a682a99912fe95983f1faff9d4bbf759572c
2d_shallowwater,sa_pinn,SA-PINN,7,True,False,<LOCAL_PATH_REDACTED>/PINN/paper/<LOCAL_PATH_REDACTED>/results/raw/runs/2d_shallowwater/sa_pinn/seed_7,<LOCAL_PATH_REDACTED>/PINN/paper/<LOCAL_PATH_REDACTED>/results/raw/runs/2d_shallowwater/sa_pinn/seed_7/metrics_final.json,SA-PINN,,,,,,,,,,,,,,,,,,,,,,,,,,,,,,,,,,,,,1.0,0.0282842712474619,0.7,0.05489208549261093,0.9999916553497314,0.04927616926503341,0.07312546399406088,,,,,0.01827782392501831,,,,3000,7000,10000,2026-07-01 09:37:20,AdamW,False,874.8421769142151,83459,,,,,,,,finite_volume_1024x1024_order2,False,finite_volume_1024x1024_order2,bilinear_space_linear_time_from_canonical_fv1024,,41,,state_scaled_space_time_rel_l2,,,,,,,,,,,,,,,,,,,,,,,,,,,,,,,,,,,,,,,,,Adam,0.005,100.0,80.64698791503906,99.1678695678711,99.0220947265625,100.0,100.0,100.0,,,,,,,,,,,,,,,,,,,,,,,,,,,,,,,,,,,,,,,,,,,,,,0.008921622513112347,0.010327154233913841,,,,,,,,0.0007133445191212228,0.0001267145056753783,,0.0004759145825898796,,,,,,,,,0.009888888425270336,0.028955873858182626,0.025895066602916288,0.010470816973074563,0.026753153153562102,0.024157740344120115,,,,,,,0.9879360198974609,1.9945858716964722,,,0.0,,,,,,,,,,,,,2026-07-20T09:43:41,,0.03434670771428954,,0.0318190396230065,,,,,,,,,,,,1024.0,,,,,,,,,,,,,,,,,,,,,,,,,,,0.005846436682339236,0.005573071337908773,0.0025402472387728594,0.003048615033531451,,,,,,,,,,,,,,True,<LOCAL_PATH_REDACTED>/PINN/paper/<LOCAL_PATH_REDACTED>/results/raw/runs/2d_shallowwater/sa_pinn/seed_7/model_adamw_final.pt,c4ee32253bc4a6c73d3736f669a293911a99bd33adfbe13f74e8ccb13b7e681f,True,<LOCAL_PATH_REDACTED>/PINN/paper/<LOCAL_PATH_REDACTED>/results/raw/runs/2d_shallowwater/sa_pinn/seed_7/model_final.pt,False,267ed2d2319c7801a010be0435e06cedcf42e765bae226bf735233995b361ac0,0.009614602876797981,0.011228518373596308,0.00026538614625038615,0.011593254402292918,0.000440182668009773,0.08827080534266757,0.00026892652793861866,0.00046346098148435767,0.05799148932230222,0.00019823740028359385,0.008549492336674888,0.02196496485300645,0.11675297341031678,0.008105893308790024,0.024374447686737487,0.17395868755191246,220x220,90x90x41,bb589e75efd7a4d24312039d0a778528435c0652e5ebcede632f41104f794c9d,0.008399971090377559,0.025320283557801616,0.134587895439362,0.008049898010149782,0.0269340090088252,0.19222609340338076,True,fixed_saved_checkpoint_against_canonical_fv1024,0.35,1024.0,2.0,<LOCAL_PATH_REDACTED>/PINN/paper/<LOCAL_PATH_REDACTED>/results/processed/reference_cache/2d_shallowwater/fv_solver1024_eval1024_nt41_order2.npz,9df6008a0562c9de764fe48c4653a682a99912fe95983f1faff9d4bbf759572c
2d_shallowwater,xpinn,XPINN,100,True,False,<LOCAL_PATH_REDACTED>/PINN/paper/<LOCAL_PATH_REDACTED>/results/raw/runs/2d_shallowwater/xpinn/seed_100,<LOCAL_PATH_REDACTED>/PINN/paper/<LOCAL_PATH_REDACTED>/results/raw/runs/2d_shallowwater/xpinn/seed_100/metrics_final.json,XPINN,,,,,,,,,,,,,,,,,,,,,,,,,,,,,,,,,,,,,1.0,0.0282842712474619,0.7,0.014589359983801842,0.9216545820236206,0.0012373174956693887,0.015775798069784706,,,,,0.016825567930936813,,,,3000,7000,10000,2026-07-05 09:10:11,AdamW,False,9561.055675506592,333840,,,,,,,,finite_volume_1024x1024_order2,False,finite_volume_1024x1024_order2,bilinear_space_linear_time_from_canonical_fv1024,,41,,state_scaled_space_time_rel_l2,,,,,,,,,,,,,,,,,,,,,,,,,,,,,,,,,,,,,,,,,,,,,,,,,,4.0,2.0,0.0,0.1,512.0,2048.0,1.0,20.0,True,0.0008135632961057127,0.00014681668835692108,,,,,,,,,,,,,,,,,,,,,,,,,,,,,,,,,,,0.003442730713196632,0.006943892581707543,,,,,,,,0.0021022407378244582,0.0005664128059653835,,0.0010468109236696553,,,,,,,,,0.01972007774346078,0.0465553280266236,0.041634154295411,0.03198230056179088,0.05993137628385616,0.05411723315082896,,,,,,,0.9738056659698486,1.6907421350479126,,,0.0,,,,,,,,,,,,,2026-07-20T09:43:41,,0.05273122980174464,,0.06625290386441007,,,,,,,,,,,,1024.0,,,,,,,,,,,,,,,,,,,,,,,,,,,0.0028984201062817578,0.0053599999197652135,0.0010761692492144586,0.0016425911484024185,,,,,,,,,,,,,,True,<LOCAL_PATH_REDACTED>/PINN/paper/<LOCAL_PATH_REDACTED>/results/raw/runs/2d_shallowwater/xpinn/seed_100/model_adamw_final.pt,c9a3467df54176b7c4118b6e96a544f4dcbc48f332856f572df9caef69fdc68b,True,<LOCAL_PATH_REDACTED>/PINN/paper/<LOCAL_PATH_REDACTED>/results/raw/runs/2d_shallowwater/xpinn/seed_100/model_final.pt,False,13f1d7c951b6b74c6434b1bdcf00eedd8280412d6258b441451198723ad06869,0.03654315196998125,0.08321534460363501,0.00026538614625038615,0.08395267481289764,0.0017573974435846707,0.21089043480958672,0.0016791118263482366,0.002655558653760014,0.17866464236332416,0.0019266536656806135,0.02323692757573569,0.04256274903071617,0.22623880980956887,0.014178986525899514,0.0355531153399641,0.2537400380270832,220x220,90x90x41,be08c54b24b08820bc7329f30ed7ff27b75d25151948d5fe3b03ed26cca81168,0.025289005319467938,0.045630632229321705,0.24254589192464557,0.015246525943649825,0.03826074837298434,0.2730642210752469,True,fixed_saved_checkpoint_against_canonical_fv1024,0.35,1024.0,2.0,<LOCAL_PATH_REDACTED>/PINN/paper/<LOCAL_PATH_REDACTED>/results/processed/reference_cache/2d_shallowwater/fv_solver1024_eval1024_nt41_order2.npz,9df6008a0562c9de764fe48c4653a682a99912fe95983f1faff9d4bbf759572c
2d_shallowwater,xpinn,XPINN,2026,True,False,<LOCAL_PATH_REDACTED>/PINN/paper/<LOCAL_PATH_REDACTED>/results/raw/runs/2d_shallowwater/xpinn/seed_2026,<LOCAL_PATH_REDACTED>/PINN/paper/<LOCAL_PATH_REDACTED>/results/raw/runs/2d_shallowwater/xpinn/seed_2026/metrics_final.json,XPINN,,,,,,,,,,,,,,,,,,,,,,,,,,,,,,,,,,,,,1.0,0.0282842712474619,0.7,0.014400577172636986,0.8156094551086426,0.0016085127443702053,0.01357955951497154,,,,,0.016603099182248116,,,,3000,7000,10000,2026-07-05 02:54:43,AdamW,False,7239.62464761734,333840,,,,,,,,finite_volume_1024x1024_order2,False,finite_volume_1024x1024_order2,bilinear_space_linear_time_from_canonical_fv1024,,41,,state_scaled_space_time_rel_l2,,,,,,,,,,,,,,,,,,,,,,,,,,,,,,,,,,,,,,,,,,,,,,,,,,4.0,2.0,0.0,0.1,512.0,2048.0,1.0,20.0,True,0.0008287826785817742,0.00012052161036990583,,,,,,,,,,,,,,,,,,,,,,,,,,,,,,,,,,,0.0017495100043790992,0.0033164282405470295,,,,,,,,0.0023265427487785388,0.0019985652194286913,,0.0018582513183367586,,,,,,,,,0.017812600732587565,0.0419970335974655,0.0375576985677454,0.028563080780647277,0.05343041782588517,0.048246954402222306,,,,,,,0.9822849035263062,1.7704519033432007,,,0.0,,,,,,,,,,,,,2026-07-20T09:43:41,,0.04837248332850464,,0.060036851978690194,,,,,,,,,,,,1024.0,,,,,,,,,,,,,,,,,,,,,,,,,,,0.0028554080029937388,0.005006748468917155,0.00433723646251707,0.009160256408564094,,,,,,,,,,,,,,True,<LOCAL_PATH_REDACTED>/PINN/paper/<LOCAL_PATH_REDACTED>/results/raw/runs/2d_shallowwater/xpinn/seed_2026/model_adamw_final.pt,118b239762b8b7ad11acdeb6bffcea2bc396fa61fe54a74e2fa0a5c682130536,True,<LOCAL_PATH_REDACTED>/PINN/paper/<LOCAL_PATH_REDACTED>/results/raw/runs/2d_shallowwater/xpinn/seed_2026/model_final.pt,False,f576b55c5f33d4e3859d677c88d45075f89ec57faa802672baf02cec4796fc90,0.012679018136335214,0.013821699720857195,0.00026538614625038615,0.017758412019363373,0.0020997660365971913,0.18726484955164904,0.0017348807690151123,0.0025211966663085954,0.2522134945851107,0.001816209591047757,0.021685240577922187,0.03994304021434627,0.21231396195175212,0.013338493937898401,0.0332911198072783,0.23759633790425266,220x220,90x90x41,fd062835cabe6adf40d1dc2ca75dc8f833f2a34a7f5284b20549d1ec4aaee89e,0.022165028296801188,0.042321597372031866,0.22495698789987578,0.014106861435145843,0.0361602058349651,0.25807279941281414,True,fixed_saved_checkpoint_against_canonical_fv1024,0.35,1024.0,2.0,<LOCAL_PATH_REDACTED>/PINN/paper/<LOCAL_PATH_REDACTED>/results/processed/reference_cache/2d_shallowwater/fv_solver1024_eval1024_nt41_order2.npz,9df6008a0562c9de764fe48c4653a682a99912fe95983f1faff9d4bbf759572c
2d_shallowwater,xpinn,XPINN,31415,True,False,<LOCAL_PATH_REDACTED>/PINN/paper/<LOCAL_PATH_REDACTED>/results/raw/runs/2d_shallowwater/xpinn/seed_31415,<LOCAL_PATH_REDACTED>/PINN/paper/<LOCAL_PATH_REDACTED>/results/raw/runs/2d_shallowwater/xpinn/seed_31415/metrics_final.json,XPINN,,,,,,,,,,,,,,,,,,,,,,,,,,,,,,,,,,,,,1.0,0.0282842712474619,0.7,0.014574532397091389,0.7419014573097229,0.0008970551843603069,0.015590200445434299,,,,,0.016380172222852707,,,,3000,7000,10000,2026-07-05 11:13:05,AdamW,False,7368.167083501816,333840,,,,,,,,finite_volume_1024x1024_order2,False,finite_volume_1024x1024_order2,bilinear_space_linear_time_from_canonical_fv1024,,41,,state_scaled_space_time_rel_l2,,,,,,,,,,,,,,,,,,,,,,,,,,,,,,,,,,,,,,,,,,,,,,,,,,4.0,2.0,0.0,0.1,512.0,2048.0,1.0,20.0,True,0.000871984870173037,0.0001248807820957154,,,,,,,,,,,,,,,,,,,,,,,,,,,,,,,,,,,0.0020393314391476238,0.0031757087574674973,,,,,,,,0.0014528404787541053,0.000593094048716314,,0.0008376743861366687,,,,,,,,,0.019133100940877095,0.04563117792641141,0.04080769233079225,0.03141872135320538,0.05913425122793851,0.05339743986096447,,,,,,,0.9818863868713379,1.6820673942565918,,,0.0,,,,,,,,,,,,,2026-07-20T09:43:41,,0.0518647692023521,,0.06541828383459243,,,,,,,,,,,,1024.0,,,,,,,,,,,,,,,,,,,,,,,,,,,0.002404922673538383,0.0049463591672589315,0.0023284744054566688,0.004924934257217568,,,,,,,,,,,,,,True,<LOCAL_PATH_REDACTED>/PINN/paper/<LOCAL_PATH_REDACTED>/results/raw/runs/2d_shallowwater/xpinn/seed_31415/model_adamw_final.pt,6f5144c3efdbe6c0b7ecb9ff00ee9651e07f5718cf2e3d8f769958d22dd1f4e7,True,<LOCAL_PATH_REDACTED>/PINN/paper/<LOCAL_PATH_REDACTED>/results/raw/runs/2d_shallowwater/xpinn/seed_31415/model_final.pt,False,3917c7d8c91fe0e8477ef2e14d8fc8a87e1b6d55ea3f3e259b302296f6b796dd,0.028843808630394,0.07807848612752837,0.00026538614625038615,0.08132126137949135,0.001729089102396862,0.22956560475243323,0.0007071681336789127,0.002275384141492651,0.09916761153731883,0.001677576597071788,0.022845951028312963,0.04194908386610031,0.22297692283971896,0.014189363668042947,0.03485238868427016,0.24873900206828753,220x220,90x90x41,15f7fb1e257756ca2085b13355203d7c06e1eeaee6e4f88a5d6c5361a89e28cc,0.024331753468516414,0.04523829212838821,0.24046044022105134,0.014951820708255396,0.03812363374489824,0.2720856437941295,True,fixed_saved_checkpoint_against_canonical_fv1024,0.35,1024.0,2.0,<LOCAL_PATH_REDACTED>/PINN/paper/<LOCAL_PATH_REDACTED>/results/processed/reference_cache/2d_shallowwater/fv_solver1024_eval1024_nt41_order2.npz,9df6008a0562c9de764fe48c4653a682a99912fe95983f1faff9d4bbf759572c
2d_shallowwater,xpinn,XPINN,42,True,False,<LOCAL_PATH_REDACTED>/PINN/paper/<LOCAL_PATH_REDACTED>/results/raw/runs/2d_shallowwater/xpinn/seed_42,<LOCAL_PATH_REDACTED>/PINN/paper/<LOCAL_PATH_REDACTED>/results/raw/runs/2d_shallowwater/xpinn/seed_42/metrics_final.json,XPINN,,,,,,,,,,,,,,,,,,,,,,,,,,,,,,,,,,,,,1.0,0.0282842712474619,0.7,0.017614835873246193,0.9967939257621765,0.006279386290522148,0.014631279386290523,,,,,0.01658683642745018,,,,3000,7000,10000,2026-07-05 06:30:01,AdamW,False,6334.313695669174,333840,,,,,,,,finite_volume_1024x1024_order2,False,finite_volume_1024x1024_order2,bilinear_space_linear_time_from_canonical_fv1024,,41,,state_scaled_space_time_rel_l2,,,,,,,,,,,,,,,,,,,,,,,,,,,,,,,,,,,,,,,,,,,,,,,,,,4.0,2.0,0.0,0.1,512.0,2048.0,1.0,20.0,True,0.0009561101323924959,0.00012955546844750643,,,,,,,,,,,,,,,,,,,,,,,,,,,,,,,,,,,0.0034266253152907605,0.006785646059130609,,,,,,,,0.0014969473628982115,0.0006466923301694255,,0.0014545574734548875,,,,,,,,,0.01797028582854157,0.043903128253797476,0.0392623077368184,0.028906955379220473,0.05674785504300735,0.0512425559464271,,,,,,,0.9817869663238525,1.6461076736450195,,,0.0,,,,,,,,,,,,,2026-07-20T09:43:41,,0.05057247106682576,,0.06321911733289175,,,,,,,,,,,,1024.0,,,,,,,,,,,,,,,,,,,,,,,,,,,0.0055012032153576125,0.010371961883879772,0.004489340190084902,0.00941409808607063,,,,,,,,,,,,,,True,<LOCAL_PATH_REDACTED>/PINN/paper/<LOCAL_PATH_REDACTED>/results/raw/runs/2d_shallowwater/xpinn/seed_42/model_adamw_final.pt,99a7e10726006ea95089f7a1933427d8042fd6127fa2bb6a754f474aa64de29b,True,<LOCAL_PATH_REDACTED>/PINN/paper/<LOCAL_PATH_REDACTED>/results/raw/runs/2d_shallowwater/xpinn/seed_42/model_final.pt,False,2ae46355a8467a7af35215dfaebd3b31b01b313d7c8ed2c399b8e6817ed088d0,0.01681597873671046,0.013596508257381647,0.00026538614625038615,0.019773790981020924,0.003801301121059747,0.19865749354410486,0.0006053288556140005,0.0027268705049089126,0.2312962498226779,0.00044406535241211034,0.02168579990143213,0.03998702271436081,0.2125477473317462,0.013693794379021407,0.03530452106135574,0.25196583846385967,220x220,90x90x41,8102b629bb30837701b0620965d26dace45326d7ec02c64fac9dbd7a801a906c,0.022895378445519973,0.04523747655375607,0.24045610510082796,0.014141963983418543,0.03734816774159487,0.26655119846394126,True,fixed_saved_checkpoint_against_canonical_fv1024,0.35,1024.0,2.0,<LOCAL_PATH_REDACTED>/PINN/paper/<LOCAL_PATH_REDACTED>/results/processed/reference_cache/2d_shallowwater/fv_solver1024_eval1024_nt41_order2.npz,9df6008a0562c9de764fe48c4653a682a99912fe95983f1faff9d4bbf759572c
2d_shallowwater,xpinn,XPINN,7,True,False,<LOCAL_PATH_REDACTED>/PINN/paper/<LOCAL_PATH_REDACTED>/results/raw/runs/2d_shallowwater/xpinn/seed_7,<LOCAL_PATH_REDACTED>/PINN/paper/<LOCAL_PATH_REDACTED>/results/raw/runs/2d_shallowwater/xpinn/seed_7/metrics_final.json,XPINN,,,,,,,,,,,,,,,,,,,,,,,,,,,,,,,,,,,,,1.0,0.0282842712474619,0.7,0.019268391653895378,0.9986989498138428,0.006650581539222965,0.019487750556792874,,,,,0.01659184880554676,,,,3000,7000,10000,2026-07-05 04:43:40,AdamW,False,6526.948387145996,333840,,,,,,,,finite_volume_1024x1024_order2,False,finite_volume_1024x1024_order2,bilinear_space_linear_time_from_canonical_fv1024,,41,,state_scaled_space_time_rel_l2,,,,,,,,,,,,,,,,,,,,,,,,,,,,,,,,,,,,,,,,,,,,,,,,,,4.0,2.0,0.0,0.1,512.0,2048.0,1.0,20.0,True,0.0008072856580838561,0.0001236232346855104,,,,,,,,,,,,,,,,,,,,,,,,,,,,,,,,,,,0.0028022938062748745,0.005710025975041221,,,,,,,,0.002194151810419901,0.0008309827822419459,,0.002460697703306586,,,,,,,,,0.0186890621165581,0.044183281921366495,0.03951284750350899,0.030697360385654206,0.05704402081598041,0.05150998968783437,,,,,,,0.9783967733383179,1.7495696544647217,,,0.0,,,,,,,,,,,,,2026-07-20T09:43:41,,0.05055551451920229,,0.06367586299548675,,,,,,,,,,,,1024.0,,,,,,,,,,,,,,,,,,,,,,,,,,,0.005155507977807663,0.010475251937884955,0.007909815943818958,0.016096558529721767,,,,,,,,,,,,,,True,<LOCAL_PATH_REDACTED>/PINN/paper/<LOCAL_PATH_REDACTED>/results/raw/runs/2d_shallowwater/xpinn/seed_7/model_adamw_final.pt,1e2c13038c41c2560936c8042253e0b09203ab58cf506b59b883a0e2d8bbd223,True,<LOCAL_PATH_REDACTED>/PINN/paper/<LOCAL_PATH_REDACTED>/results/raw/runs/2d_shallowwater/xpinn/seed_7/model_final.pt,False,ad0d51465b155c697e5b761a8f7776098d26ee3b9a151c2731b98a5394e3951f,0.05079268292682928,0.10848008377389438,0.00026538614625038615,0.11620782277814384,0.002944238341113466,0.2633392073760464,0.0021647666683978196,0.0033292214261645553,0.262211298475298,0.0021906022399512197,0.021614215704887304,0.040738064672307124,0.21653984940579693,0.01302517339475933,0.03340397019526732,0.238401743041493,220x220,90x90x41,fb9fd433e09cca60c4872ad3f74adaac539b462ec0d6da9375f0892e63dd4af3,0.023489050426156715,0.04543857894449411,0.24152504840375227,0.014871084089280917,0.038363506008775757,0.27379759496285044,True,fixed_saved_checkpoint_against_canonical_fv1024,0.35,1024.0,2.0,<LOCAL_PATH_REDACTED>/PINN/paper/<LOCAL_PATH_REDACTED>/results/processed/reference_cache/2d_shallowwater/fv_solver1024_eval1024_nt41_order2.npz,9df6008a0562c9de764fe48c4653a682a99912fe95983f1faff9d4bbf759572c
