equation,method_folder,method,seed,model,space_time_l1,space_time_l2,space_time_rel_l2,final_l1,final_l2,final_rel_l2,shock_pos_mae,shock_pos_maxe,shock_pos_final_error,shock_pos_final_pred,shock_pos_final_exact,shock_speed_pred,shock_speed_exact,shock_speed_error,width_95_05_mean,width_95_05_final,width_90_10_mean,width_90_10_final,overshoot,undershoot,min_pred,max_pred,tv_mean,tv_excess_mean,dx_eval,global_cons_mean_abs,global_cons_max_abs,global_cons_final_abs,global_cons_mean_rel,mass_error_mean_abs,mass_error_final_abs,local_cons_cv_mean_abs,local_cons_cv_median_abs,local_cons_cv_max_abs,local_cons_cv_mean_rel,local_cons_cv_max_rel,gate_progress,gate_h,gate_cmin,gate_mean,gate_max,gate_active_frac_gt_0p5,gate_active_frac_gt_0p1,gate_C_mean,gate_C_max,gate_Jhat_mean,gate_Jhat_max,gate_Jbar,gate_precision_band_2h,gate_recall_band_2h,xshock_tmax_exact,warmup_iters,continuation_iters,adam_total_iters,timestamp,optimizer_main,lbfgs_used,wall_clock_sec_total,num_parameters,aaf_n,aaf_a,aaf_na,aaf_init_na,aaf_na_min,aaf_na_max,num_adaptive_activations,reference_type,reference_is_exact,reference_name,reference_evaluation_mode,reference_eval_nx,reference_eval_nt,reference_t_final,primary_metric,reference_metadata_updated_at,cpinn_num_subdomains,cpinn_spatial_dim,cpinn_x_split,cpinn_y_split,cpinn_n_interface_per_piece,cpinn_total_interface_points,cpinn_w_flux,cpinn_w_avg,cpinn_local_adaptive_activation,cpinn_interface_flux_loss_final_logged,cpinn_interface_avg_loss_final_logged,gpinn_weight,gpinn_n_g,gpinn_grad_batch_size,T_g_equals_T_f,gpinn_grad_loss_final_logged,gpinn_weighted_grad_loss_final_logged,lra_alpha,lra_update_period,lra_lambda_ic,lra_lambda_bc,lra_effective_w_ic,lra_effective_w_bc,lra_effective_w_pde,wall_clock_sec_warmup,wall_clock_sec_continuation,rad_k,rad_c,rad_candidate_factor,rad_resample_period,rad_num_resamples,rard_k,rard_c,rard_initial_fraction,rard_initial_active_n_f,rard_final_active_n_f,rard_add_period,rard_candidate_factor,rard_num_additions,optimizer_sa_weights,sa_weight_lr,sa_weight_max,sa_w_ic_mean,sa_w_bc_mean,sa_w_f_mean,sa_w_ic_max,sa_w_bc_max,sa_w_f_max,xpinn_num_subdomains,xpinn_spatial_dim,xpinn_x_split,xpinn_t_split,xpinn_n_interface_per_piece,xpinn_total_interface_points,xpinn_w_residual,xpinn_w_avg,xpinn_local_adaptive_activation,xpinn_interface_residual_loss_final_logged,xpinn_interface_avg_loss_final_logged,rho_space_time_l1,rho_space_time_l2,rho_space_time_rel_l2,rho_final_l1,rho_final_l2,rho_final_rel_l2,rho_min,rho_max,u_space_time_l1,u_space_time_l2,u_space_time_rel_l2,u_final_l1,u_final_l2,u_final_rel_l2,u_min,u_max,p_space_time_l1,p_space_time_l2,p_space_time_rel_l2,p_final_l1,p_final_l2,p_final_rel_l2,p_min,p_max,primitive_scaled_space_time_rel_l2,primitive_scaled_final_rel_l2,rho_positivity_violation,p_positivity_violation,rho_tv_final,rho_tv_excess_final,u_tv_final,u_tv_excess_final,p_tv_final,p_tv_excess_final,global_mass_cons_mean_abs,global_mass_cons_final_abs,global_mass_cons_mean_rel,global_mom_cons_mean_abs,global_mom_cons_final_abs,global_mom_cons_mean_rel,global_energy_cons_mean_abs,global_energy_cons_final_abs,global_energy_cons_mean_rel,local_mass_cons_cv_mean_abs,local_mass_cons_cv_median_abs,local_mass_cons_cv_max_abs,local_mass_cons_cv_mean_rel,local_mom_cons_cv_mean_abs,local_mom_cons_cv_median_abs,local_mom_cons_cv_max_abs,local_mom_cons_cv_mean_rel,local_energy_cons_cv_mean_abs,local_energy_cons_cv_median_abs,local_energy_cons_cv_max_abs,local_energy_cons_cv_mean_rel,h_space_time_l1,h_space_time_l2,h_space_time_rel_l2,h_final_l1,h_final_l2,h_final_rel_l2,q_space_time_l1,q_space_time_l2,q_space_time_rel_l2,q_final_l1,q_final_l2,q_final_rel_l2,h_min,h_max,q_min,q_max,h_positivity_violation,h_slice_l1_t,h_slice_l2_t,h_slice_rel_l2_t,h_tv_t,h_tv_ref_t,h_tv_excess_t,q_slice_l1_t,q_slice_l2_t,q_slice_rel_l2_t,q_tv_t,q_tv_ref_t,q_tv_excess_t,reference_updated_at,state_scaled_space_time_l2,state_scaled_space_time_rel_l2,state_scaled_final_l2,state_scaled_final_rel_l2,state_scale_h,state_scale_q,state_reference_norm_space_time,state_reference_norm_final,state_scaled_reference_type,state_scaled_metric_formula,state_scaled_metric_updated_at,shock_pos_final_pred_eta,shock_pos_final_exact_eta,tv_line_mean,tv_line_excess_mean,reference_eval_nxy,implementation_revision,valid_mask_definition,warmup_checkpoint_sha256,warmup_bitwise_verified,v_space_time_l1,v_space_time_l2,v_space_time_rel_l2,un_space_time_l1,un_space_time_l2,un_space_time_rel_l2,v_final_l1,v_final_l2,v_final_rel_l2,un_final_l1,un_final_l2,un_final_rel_l2,rho_normal_line_final_l1,rho_normal_line_final_rel_l2,un_normal_line_final_l1,un_normal_line_final_rel_l2,p_normal_line_final_l1,p_normal_line_final_rel_l2,rho_normal_line_tv_excess,un_normal_line_tv_excess,p_normal_line_tv_excess,global_momx_cons_mean_abs,global_momx_cons_final_abs,global_momy_cons_mean_abs,global_momy_cons_final_abs,local_mass_cv_mean_abs,local_mass_cv_median_abs,local_mass_cv_max_abs,local_momx_cv_mean_abs,local_momx_cv_median_abs,local_momx_cv_max_abs,local_momy_cv_mean_abs,local_momy_cv_median_abs,local_momy_cv_max_abs,local_energy_cv_mean_abs,local_energy_cv_median_abs,local_energy_cv_max_abs,gate_valid_frac,adamw_checkpoint_metadata_rewritten,adamw_checkpoint_sha256,checkpoint_metadata_rewritten,checkpoint_retrained,checkpoint_sha256,front_radius_mae,front_radius_pred_angular_std,front_radius_ref_angular_std,front_radius_rmse,local_momx_cons_cv_mean_abs,local_momx_cons_cv_mean_rel,local_momx_cons_cv_median_abs,local_momy_cons_cv_mean_abs,local_momy_cons_cv_mean_rel,local_momy_cons_cv_median_abs,m_final_l1,m_final_l2,m_final_rel_l2,m_space_time_l1,m_space_time_l2,m_space_time_rel_l2,metric_final_grid,metric_space_time_grid,model_state_sha256,n_final_l1,n_final_l2,n_final_rel_l2,n_space_time_l1,n_space_time_l2,n_space_time_rel_l2,reevaluation_only,reevaluation_protocol,reference_fv_cfl,reference_fv_nxy,reference_fv_order,reference_sha256,public_method,reported_primary_metric,reported_primary_value,reported_success,status_name
1d_burgers,aaf_pinn,AAF-PINN,7,AAF-PINN,0.0431389287739174,0.0889860357724176,0.1125706507485805,0.0269104467332363,0.060595612762251,0.0699697866799111,0.0017303718892648,0.002625758408205,0.0012055426532545,0.4987944573467454,0.5,0.4985204805990048,0.5,0.0014795194009952,0.3782509582090093,0.2404030470539512,0.2725009541247727,0.1397276131984161,0.012934923171997,0.0116727650165557,-0.0116727650165557,1.012934923171997,1.0168049335479736,0.0168049037456512,0.0020020020020019,0.0012618064969855,0.00329701141224,0.00329701141224,0.0030182391944869,0.0031134416730422,0.007673855628576,0.0091510966569424,0.0038946702585642,0.0518152177402997,0.0346493033221383,0.3726548490963827,1.0,0.04,0.65,0.0343510806560516,0.9983125925064088,0.0362924211211102,0.0431611189417759,0.4900273382663727,2.0,1.0000001192092896,21.40951919555664,0.0437882244586944,1.0,0.4177795806290564,0.5,1000,9000,10000,2026-07-03 00:39:07,AdamW,False,346.51069927215576,83074,5.0,0.2430614084005355,1.215307042002678,1.0,1e-06,20.0,6.0,analytical_burgers_entropy_solution,True,Analytical entropy solution of the inviscid Burgers Riemann problem,pointwise_analytic,1000.0,401,1.0,space_time_rel_l2,2026-07-21 00:37:38,,,,,,,,,,,,,,,,,,,,,,,,,,,,,,,,,,,,,,,,,,,,,,,,,,,,,,,,,,,,,,,,,,,,,,,,,,,,,,,,,,,,,,,,,,,,,,,,,,,,,,,,,,,,,,,,,,,,,,,,,,,,,,,,,,,,,,,,,,,,,,,,,,,,,,,,,,,,,,,,,,,,,,,,,,,,,,,,,,,,,,,,,,,,,,,,,,,,,,,,,,,,,,,,,,,,,,,,,,,,,,,,,,,,,,,,,,,,,,,AAF-PINN,space_time_rel_l2,0.1125706507485805,True,success
1d_burgers,aaf_pinn,AAF-PINN,42,AAF-PINN,0.0428583811163307,0.0892494169798358,0.1129038377891836,0.0261095258593559,0.064686511062897,0.0746935491501164,0.0045736351984734,0.0063243371883589,0.0057943745189669,0.4942056254810331,0.5,0.4942239696211648,0.5,0.0057760303788351,0.369709210387439,0.2479011977724683,0.268264732347951,0.1364907259866908,0.0110194683074951,0.0125704407691955,-0.0125704407691955,1.0110194683074951,1.0168180465698242,0.0168193783611059,0.0020020020020019,0.0042219605549081,0.0051661662911776,0.0031304807382986,0.0138859311540574,0.0040175929780169,0.0013727611965599,0.0083836624483569,0.0025787970648231,0.0603438076714578,0.0501997511883485,0.91991066881365,1.0,0.04,0.65,0.0356793254613876,0.9986018538475036,0.0375609888322671,0.0431719614008457,0.4911516606807709,2.0,1.0000001192092896,21.84258460998535,0.0437654517590999,1.0,0.432382675986021,0.5,1000,9000,10000,2026-07-03 00:45:09,AdamW,False,360.5652644634247,83074,5.0,0.245588943362236,1.22794471681118,1.0,1e-06,20.0,6.0,analytical_burgers_entropy_solution,True,Analytical entropy solution of the inviscid Burgers Riemann problem,pointwise_analytic,1000.0,401,1.0,space_time_rel_l2,2026-07-21 00:37:38,,,,,,,,,,,,,,,,,,,,,,,,,,,,,,,,,,,,,,,,,,,,,,,,,,,,,,,,,,,,,,,,,,,,,,,,,,,,,,,,,,,,,,,,,,,,,,,,,,,,,,,,,,,,,,,,,,,,,,,,,,,,,,,,,,,,,,,,,,,,,,,,,,,,,,,,,,,,,,,,,,,,,,,,,,,,,,,,,,,,,,,,,,,,,,,,,,,,,,,,,,,,,,,,,,,,,,,,,,,,,,,,,,,,,,,,,,,,,,,AAF-PINN,space_time_rel_l2,0.1129038377891836,True,success
1d_burgers,aaf_pinn,AAF-PINN,100,AAF-PINN,0.0433416579571968,0.0903608184627697,0.1143098020743753,0.0270526821613311,0.0752671404444566,0.0869110075933805,0.0053410844451868,0.0120078400603224,0.0120078400603224,0.5120078400603224,0.5,0.5146144126111853,0.5,0.0146144126111853,0.3946844435242375,0.2603356304202603,0.2801769539619992,0.1465499600839804,0.006882905960083,0.0118155181407928,-0.0118155181407928,1.006882905960083,1.0087778568267822,0.010111597366631,0.0020020020020019,0.008684572445939,0.0166891769377943,0.0166891769377943,0.0162609133704347,0.0095696566878733,0.0188863102320555,0.0140580984200522,0.0092949271785335,0.0692604837553917,0.0660729844502766,0.6963577832680204,1.0,0.04,0.65,0.0355772376060485,0.998448610305786,0.0374606960858722,0.0430310094329393,0.484309047460556,2.0,1.0,21.72223472595215,0.0434844084084034,1.0,0.431228157763355,0.5,1000,9000,10000,2026-07-03 00:50:57,AdamW,False,346.53245520591736,83074,5.0,0.248032197356224,1.2401609867811203,1.0,1e-06,20.0,6.0,analytical_burgers_entropy_solution,True,Analytical entropy solution of the inviscid Burgers Riemann problem,pointwise_analytic,1000.0,401,1.0,space_time_rel_l2,2026-07-21 00:37:38,,,,,,,,,,,,,,,,,,,,,,,,,,,,,,,,,,,,,,,,,,,,,,,,,,,,,,,,,,,,,,,,,,,,,,,,,,,,,,,,,,,,,,,,,,,,,,,,,,,,,,,,,,,,,,,,,,,,,,,,,,,,,,,,,,,,,,,,,,,,,,,,,,,,,,,,,,,,,,,,,,,,,,,,,,,,,,,,,,,,,,,,,,,,,,,,,,,,,,,,,,,,,,,,,,,,,,,,,,,,,,,,,,,,,,,,,,,,,,,AAF-PINN,space_time_rel_l2,0.1143098020743753,True,success
1d_burgers,aaf_pinn,AAF-PINN,2026,AAF-PINN,0.0435775648559864,0.0894884280344295,0.1132061956784656,0.0257266632616519,0.063216989504466,0.0729966918154381,0.0004414576319299,0.000891160104034,0.0002398674928345,0.4997601325071654,0.5,0.5006039134679429,0.5,0.0006039134679428,0.3947756211566182,0.2781084523948226,0.2795414543584884,0.1567162722345262,0.006601333618164,0.0128805041313171,-0.0128805041313171,1.006601333618164,1.016196846961975,0.0164664685726165,0.0020020020020019,0.0018829812246934,0.0031657545190226,0.0031657545190226,0.0043833634896334,0.0017977319869733,0.002358772703358,0.0095612537040108,0.0031310484835372,0.0570318393828556,0.0492740282742439,0.7956984511768884,1.0,0.04,0.65,0.03512879088521,0.998396933078766,0.0368941775994795,0.0431204597202645,0.4936171472072601,2.0,1.0000001192092896,21.63309669494629,0.0435612797737121,1.0,0.4247066899650524,0.5,1000,9000,10000,2026-07-03 00:30:17,AdamW,False,345.980122089386,83074,5.0,0.2404301315546035,1.202150657773018,1.0,1e-06,20.0,6.0,analytical_burgers_entropy_solution,True,Analytical entropy solution of the inviscid Burgers Riemann problem,pointwise_analytic,1000.0,401,1.0,space_time_rel_l2,2026-07-21 00:37:38,,,,,,,,,,,,,,,,,,,,,,,,,,,,,,,,,,,,,,,,,,,,,,,,,,,,,,,,,,,,,,,,,,,,,,,,,,,,,,,,,,,,,,,,,,,,,,,,,,,,,,,,,,,,,,,,,,,,,,,,,,,,,,,,,,,,,,,,,,,,,,,,,,,,,,,,,,,,,,,,,,,,,,,,,,,,,,,,,,,,,,,,,,,,,,,,,,,,,,,,,,,,,,,,,,,,,,,,,,,,,,,,,,,,,,,,,,,,,,,AAF-PINN,space_time_rel_l2,0.1132061956784656,True,success
1d_burgers,aaf_pinn,AAF-PINN,31415,AAF-PINN,0.0425686264929182,0.088537265234412,0.1120029392974346,0.0251624582111835,0.0603813292289109,0.0697223533685978,0.0014306046967372,0.0022507006387281,0.0022320644900772,0.4977679355099227,0.5,0.4994024706951728,0.5,0.0005975293048271,0.3746872101631864,0.2514737418542502,0.2692022938698702,0.1375795145613515,0.0071663856506347,0.010451316833496,-0.010451316833496,1.0071663856506348,1.010740041732788,0.0107665760442614,0.0020020020020019,0.0035105921142844,0.0047592281058684,0.0015920706621338,0.012850041955199,0.0019338711200468,0.0024891214685758,0.0101520122757031,0.0034608992281367,0.0686211411735381,0.0422518317619609,0.3988973629519977,1.0,0.04,0.65,0.0348364077508449,0.9984112977981568,0.0367261194838989,0.0431231703350319,0.4864712357521057,2.0,1.0,21.75798988342285,0.0436150878667831,1.0,0.4227720918622067,0.5,1000,9000,10000,2026-07-03 00:56:40,AdamW,False,341.8404908180237,83074,5.0,0.2418724447488784,1.2093622237443924,1.0,1e-06,20.0,6.0,analytical_burgers_entropy_solution,True,Analytical entropy solution of the inviscid Burgers Riemann problem,pointwise_analytic,1000.0,401,1.0,space_time_rel_l2,2026-07-21 00:37:38,,,,,,,,,,,,,,,,,,,,,,,,,,,,,,,,,,,,,,,,,,,,,,,,,,,,,,,,,,,,,,,,,,,,,,,,,,,,,,,,,,,,,,,,,,,,,,,,,,,,,,,,,,,,,,,,,,,,,,,,,,,,,,,,,,,,,,,,,,,,,,,,,,,,,,,,,,,,,,,,,,,,,,,,,,,,,,,,,,,,,,,,,,,,,,,,,,,,,,,,,,,,,,,,,,,,,,,,,,,,,,,,,,,,,,,,,,,,,,,AAF-PINN,space_time_rel_l2,0.1120029392974346,True,success
1d_burgers,lra_pinn,LRA-PINN,7,LRA-PINN,0.1102962729732443,0.3088346406474201,0.390687327170048,0.2206737312078475,0.4368779496191335,0.5044632036306546,0.2044464762504265,0.3499249249249249,0.3488488488488488,0.1511511511511512,0.5,0.110949373606329,0.5,0.3890506263936709,0.0536213047297517,0.1422638422293689,0.0591764476831025,0.1694665552236427,0.0004916191101074,0.0494239926338195,-0.0494239926338195,1.0004916191101074,1.266720414161682,0.2667203843593597,0.0020020020020019,0.2205509721189658,0.4402696988990418,0.4402696988990418,0.7909739829352423,0.2207753710176588,0.4417381444134869,0.0992237277844153,0.0826919280798324,0.4053495597953299,0.2554994495968838,0.9998680931107388,1.0,0.04,0.65,0.0325185842812061,1.0,0.0316816654017131,0.0460126856771115,0.4787563979625702,2.0,0.9999997615814208,23.94631576538086,0.0435770824551582,0.2702772073921971,0.0985708936595107,0.5,1000,9000,10000,2026-07-01 21:43:57,AdamW,False,307.62066435813904,83073,,,,,,,,analytical_burgers_entropy_solution,True,Analytical entropy solution of the inviscid Burgers Riemann problem,pointwise_analytic,1000.0,401,1.0,space_time_rel_l2,2026-07-21 00:37:38,,,,,,,,,,,,,,,,,,0.9,500.0,9999.97448353794,10000.0,999997.448353794,10000.0,1.0,,,,,,,,,,,,,,,,,,,,,,,,,,,,,,,,,,,,,,,,,,,,,,,,,,,,,,,,,,,,,,,,,,,,,,,,,,,,,,,,,,,,,,,,,,,,,,,,,,,,,,,,,,,,,,,,,,,,,,,,,,,,,,,,,,,,,,,,,,,,,,,,,,,,,,,,,,,,,,,,,,,,,,,,,,,,,,,,,,,,,,,,,,,,,,,,,,,,,,,,,,,,,,,,,,,,,,,LRA-PINN,space_time_rel_l2,0.390687327170048,True,success
1d_burgers,lra_pinn,LRA-PINN,42,LRA-PINN,0.1276324159551291,0.3242675689005399,0.4102105564197809,0.2590091911554336,0.4598517068694116,0.5309910134961142,0.2172255969895163,0.349964964964965,0.3488488488488488,0.1511511511511512,0.5,0.1084037249975785,0.5,0.3915962750024214,0.0676891361138862,0.1759136571963853,0.0703307130707625,0.1960484783893611,0.0057909488677978,0.1409094929695129,-0.1409094929695129,1.005790948867798,1.423459529876709,0.4234594106674194,0.0020020020020019,0.2546795584759189,0.5150192698326198,0.5150192698326198,0.9930024495824216,0.2549020106557946,0.5165959025348149,0.0955870055701558,0.0516930757086884,0.4106147676674671,0.2065573959643068,0.9997227971755202,1.0,0.04,0.65,0.0325133316218853,1.0,0.0292854819473056,0.0468611080993169,0.4833449721336365,2.0,0.9999999403953552,25.883676528930664,0.0436702370643615,0.2668456127360237,0.0899588117823265,0.5,1000,9000,10000,2026-07-01 21:49:03,AdamW,False,304.9376108646393,83073,,,,,,,,analytical_burgers_entropy_solution,True,Analytical entropy solution of the inviscid Burgers Riemann problem,pointwise_analytic,1000.0,401,1.0,space_time_rel_l2,2026-07-21 00:37:38,,,,,,,,,,,,,,,,,,0.9,500.0,9999.999999999993,10000.0,999999.9999999992,10000.0,1.0,,,,,,,,,,,,,,,,,,,,,,,,,,,,,,,,,,,,,,,,,,,,,,,,,,,,,,,,,,,,,,,,,,,,,,,,,,,,,,,,,,,,,,,,,,,,,,,,,,,,,,,,,,,,,,,,,,,,,,,,,,,,,,,,,,,,,,,,,,,,,,,,,,,,,,,,,,,,,,,,,,,,,,,,,,,,,,,,,,,,,,,,,,,,,,,,,,,,,,,,,,,,,,,,,,,,,,,LRA-PINN,space_time_rel_l2,0.4102105564197809,True,success
1d_burgers,lra_pinn,LRA-PINN,100,LRA-PINN,0.1215695813497403,0.3158843746593188,0.3996055033584272,0.2462500546872615,0.4490086160748869,0.518470490717996,0.2109550016175324,0.349944944944945,0.3488488488488488,0.1511511511511512,0.5,0.1048826169869615,0.5,0.3951173830130384,0.0644332125594063,0.1696654463582902,0.069197937912799,0.1969480970654385,0.0008372068405151,0.0813035368919372,-0.0813035368919372,1.0008372068405151,1.3334389925003052,0.3334391415119171,0.0020020020020019,0.2417020952857314,0.4890705002287219,0.4890705002287219,0.9189784165334748,0.2419327759538063,0.4903976903842375,0.1036149030827077,0.0714807312198339,0.412943496429959,0.3000774093869695,0.9999611673043308,1.0,0.04,0.65,0.0334457419812679,0.9997822642326356,0.0340182153312371,0.0456223571506017,0.4965296983718872,2.0,1.0,24.70656394958496,0.0434690527617931,0.2404780876494024,0.094171243135297,0.5,1000,9000,10000,2026-07-01 21:54:09,AdamW,False,305.2819788455963,83073,,,,,,,,analytical_burgers_entropy_solution,True,Analytical entropy solution of the inviscid Burgers Riemann problem,pointwise_analytic,1000.0,401,1.0,space_time_rel_l2,2026-07-21 00:37:38,,,,,,,,,,,,,,,,,,0.9,500.0,9999.999999999993,10000.0,999999.9999999992,10000.0,1.0,,,,,,,,,,,,,,,,,,,,,,,,,,,,,,,,,,,,,,,,,,,,,,,,,,,,,,,,,,,,,,,,,,,,,,,,,,,,,,,,,,,,,,,,,,,,,,,,,,,,,,,,,,,,,,,,,,,,,,,,,,,,,,,,,,,,,,,,,,,,,,,,,,,,,,,,,,,,,,,,,,,,,,,,,,,,,,,,,,,,,,,,,,,,,,,,,,,,,,,,,,,,,,,,,,,,,,,LRA-PINN,space_time_rel_l2,0.3996055033584272,True,success
1d_burgers,lra_pinn,LRA-PINN,2026,LRA-PINN,0.1102213587828556,0.3183449681705281,0.4027182458284139,0.2205061733722687,0.4507638504420085,0.5204972607866907,0.2033469721954697,0.3499249249249249,0.3488488488488488,0.1511511511511512,0.5,0.1143122634945771,0.5,0.3856877365054229,0.2549008949666707,0.4964964964964964,0.2520532282753933,0.4964964964964964,0.007448673248291,0.150942862033844,-0.150942862033844,1.007448673248291,1.3264826536178589,0.3264825940132141,0.0020020020020019,0.2206433200742186,0.4403250630537013,0.4403250630537013,0.7942605813436151,0.2206547330670454,0.4414511923496429,0.0929124705813756,0.0577577990994544,0.3894718683610846,0.1983967487867008,0.9999999986257444,1.0,0.04,0.65,0.0373621806502342,0.9999369382858276,0.0380082402688929,0.0432234630814268,0.482708990573883,2.0,0.9999999403953552,25.59521484375,0.0445325002074241,0.2270004278990158,0.0993197703444832,0.5,1000,9000,10000,2026-07-01 21:37:43,AdamW,False,303.62744665145874,83073,,,,,,,,analytical_burgers_entropy_solution,True,Analytical entropy solution of the inviscid Burgers Riemann problem,pointwise_analytic,1000.0,401,1.0,space_time_rel_l2,2026-07-21 00:37:38,,,,,,,,,,,,,,,,,,0.9,500.0,9999.999999932028,10000.0,999999.9999932027,10000.0,1.0,,,,,,,,,,,,,,,,,,,,,,,,,,,,,,,,,,,,,,,,,,,,,,,,,,,,,,,,,,,,,,,,,,,,,,,,,,,,,,,,,,,,,,,,,,,,,,,,,,,,,,,,,,,,,,,,,,,,,,,,,,,,,,,,,,,,,,,,,,,,,,,,,,,,,,,,,,,,,,,,,,,,,,,,,,,,,,,,,,,,,,,,,,,,,,,,,,,,,,,,,,,,,,,,,,,,,,,LRA-PINN,space_time_rel_l2,0.4027182458284139,True,success
1d_burgers,lra_pinn,LRA-PINN,31415,LRA-PINN,0.1406258876485717,0.3398896086844609,0.4299730188020111,0.2797080311775207,0.4831423005053559,0.5578846745066804,0.2245819126981635,0.349994994994995,0.3168168168168168,0.1831831831831831,0.5,0.139686364551717,0.5,0.3603136354482829,0.0876480887468669,0.1681681681681681,0.0879134823602983,0.1681681681681681,0.0007485151290893,0.070221334695816,-0.070221334695816,1.0007485151290894,1.1776297092437744,0.177629604935646,0.0020020020020019,0.2801967344904285,0.5563398830174984,0.5563398830174984,0.999999999988375,0.2804246360262468,0.55789465267021,0.1128327180311799,0.0736583535579941,0.453974387690681,0.2664717884000271,0.9973424460146714,1.0,0.04,0.65,0.0389164164662361,0.9998236298561096,0.0361541797679713,0.0474384690447793,0.4952061176300049,2.0,1.0,23.894174575805664,0.0438079759478569,0.1984555405608037,0.0825948577134298,0.5,1000,9000,10000,2026-07-01 21:59:15,AdamW,False,304.21454644203186,83073,,,,,,,,analytical_burgers_entropy_solution,True,Analytical entropy solution of the inviscid Burgers Riemann problem,pointwise_analytic,1000.0,401,1.0,space_time_rel_l2,2026-07-21 00:37:38,,,,,,,,,,,,,,,,,,0.9,500.0,9999.92071996635,10000.0,999992.0719966352,10000.0,1.0,,,,,,,,,,,,,,,,,,,,,,,,,,,,,,,,,,,,,,,,,,,,,,,,,,,,,,,,,,,,,,,,,,,,,,,,,,,,,,,,,,,,,,,,,,,,,,,,,,,,,,,,,,,,,,,,,,,,,,,,,,,,,,,,,,,,,,,,,,,,,,,,,,,,,,,,,,,,,,,,,,,,,,,,,,,,,,,,,,,,,,,,,,,,,,,,,,,,,,,,,,,,,,,,,,,,,,,LRA-PINN,space_time_rel_l2,0.4299730188020111,True,success
1d_burgers,rad_pinn,RAD-PINN,7,RAD-PINN,0.0602859193124527,0.0965154876805253,0.1220956879492888,0.0652851258665323,0.1076790245730733,0.1243370276465369,0.0077975677252807,0.0145701594503544,0.0145701594503544,0.5145701594503544,0.5,0.5132534427221166,0.5,0.0132534427221165,0.4715677142300639,0.4984984984984986,0.3565057069890963,0.4358081561592118,0.0,0.0,0.000639408826828,0.9999333620071412,0.9682630896568298,0.0001415567239746,0.0020020020020019,0.0147711667028619,0.0259569487784867,0.0259569487784867,0.0394085461485981,0.0083920093850162,0.0138079423207542,0.0148338804673998,0.011615169217838,0.0728900911955083,0.0403934246423175,0.3657957612652908,1.0,0.04,0.65,0.0380071811378002,0.994574248790741,0.0379242112111026,0.0426108641439878,0.4901652932167053,2.0,1.0000001192092896,19.930965423583984,0.041612409055233,1.0,0.4365639041437843,0.5,1000,9000,10000,2026-07-01 06:08:28,AdamW,False,290.5236847400665,83073,,,,,,,,analytical_burgers_entropy_solution,True,Analytical entropy solution of the inviscid Burgers Riemann problem,pointwise_analytic,1000.0,401,1.0,space_time_rel_l2,2026-07-21 00:37:38,,,,,,,,,,,,,,,,,,,,,,,,,,,1.0,1.0,3.0,500.0,18.0,,,,,,,,,,,,,,,,,,,,,,,,,,,,,,,,,,,,,,,,,,,,,,,,,,,,,,,,,,,,,,,,,,,,,,,,,,,,,,,,,,,,,,,,,,,,,,,,,,,,,,,,,,,,,,,,,,,,,,,,,,,,,,,,,,,,,,,,,,,,,,,,,,,,,,,,,,,,,,,,,,,,,,,,,,,,,,,,,,,,,,,,,,,,,,,,,,,,,,,,,,,,,,,,RAD-PINN,space_time_rel_l2,0.1220956879492888,True,success
1d_burgers,rad_pinn,RAD-PINN,42,RAD-PINN,0.0576906333450144,0.1112309997275808,0.1407113589684159,0.0568092696368694,0.1183769709082052,0.1366899520392517,0.0193303305335012,0.0279288905723127,0.0279288905723127,0.4720711094276872,0.5,0.4814129139790387,0.5,0.0185870860209612,0.4450009328152072,0.4224272229508646,0.3190281776411446,0.3092225476943034,0.0947639942169189,0.0004017651081085,-0.0004017651081085,1.094763994216919,1.0178041458129885,0.018783675506711,0.0020020020020019,0.0174183902809443,0.0262890250307393,0.0262890250307393,0.0631639144365909,0.0211116728043911,0.0301842721136242,0.0127705782641863,0.0079964660302405,0.0771915393359842,0.056956255757687,0.838207453565584,1.0,0.04,0.65,0.0380582734942436,0.9999592304229736,0.039252412447143,0.0449148866963027,0.4882919788360595,2.0,1.0000001192092896,24.18075561523437,0.0430995151400566,0.9784545266210896,0.442118072890664,0.5,1000,9000,10000,2026-07-01 06:13:25,AdamW,False,295.82489037513733,83073,,,,,,,,analytical_burgers_entropy_solution,True,Analytical entropy solution of the inviscid Burgers Riemann problem,pointwise_analytic,1000.0,401,1.0,space_time_rel_l2,2026-07-21 00:37:38,,,,,,,,,,,,,,,,,,,,,,,,,,,1.0,1.0,3.0,500.0,18.0,,,,,,,,,,,,,,,,,,,,,,,,,,,,,,,,,,,,,,,,,,,,,,,,,,,,,,,,,,,,,,,,,,,,,,,,,,,,,,,,,,,,,,,,,,,,,,,,,,,,,,,,,,,,,,,,,,,,,,,,,,,,,,,,,,,,,,,,,,,,,,,,,,,,,,,,,,,,,,,,,,,,,,,,,,,,,,,,,,,,,,,,,,,,,,,,,,,,,,,,,,,,,,,,RAD-PINN,space_time_rel_l2,0.1407113589684159,True,success
1d_burgers,rad_pinn,RAD-PINN,100,RAD-PINN,0.0623770079445883,0.1002908540623181,0.1268716670871801,0.0539357901513576,0.0983230747982168,0.1135337074044733,0.0057886683172881,0.0106563587278186,0.0106563587278186,0.4893436412721814,0.5,0.489958156863938,0.5,0.0100418431360619,0.4704450926728815,0.4984984984984986,0.3422958836883834,0.3225606274562888,0.0,0.0,0.0014570355415344,0.9987778067588806,0.9797853231430054,0.0065012979321181,0.0020020020020019,0.0089784267118115,0.0301141630917844,0.0301141630917844,0.0137795774853112,0.0074720886266869,0.0073294191508441,0.018932358526987,0.01327629676161,0.0813793215978439,0.0842272332326195,0.863077358841655,1.0,0.04,0.65,0.0399437360465526,0.999154806137085,0.0408787813076005,0.0445625067765369,0.4923107624053955,2.0,0.9999999403953552,22.16009330749512,0.0417176261544227,0.9950931635833168,0.4682663504742885,0.5,1000,9000,10000,2026-07-01 06:18:29,AdamW,False,302.22155594825745,83073,,,,,,,,analytical_burgers_entropy_solution,True,Analytical entropy solution of the inviscid Burgers Riemann problem,pointwise_analytic,1000.0,401,1.0,space_time_rel_l2,2026-07-21 00:37:38,,,,,,,,,,,,,,,,,,,,,,,,,,,1.0,1.0,3.0,500.0,18.0,,,,,,,,,,,,,,,,,,,,,,,,,,,,,,,,,,,,,,,,,,,,,,,,,,,,,,,,,,,,,,,,,,,,,,,,,,,,,,,,,,,,,,,,,,,,,,,,,,,,,,,,,,,,,,,,,,,,,,,,,,,,,,,,,,,,,,,,,,,,,,,,,,,,,,,,,,,,,,,,,,,,,,,,,,,,,,,,,,,,,,,,,,,,,,,,,,,,,,,,,,,,,,,,RAD-PINN,space_time_rel_l2,0.1268716670871801,True,success
1d_burgers,rad_pinn,RAD-PINN,2026,RAD-PINN,0.0554786375367507,0.1014769811237531,0.1283721620133473,0.0415850530862808,0.0987996874361582,0.1140840522741019,0.0096699930463476,0.0186943550862184,0.0186588390374188,0.4813411609625811,0.5,0.4824813208827961,0.5,0.0175186791172038,0.4251486020392705,0.3302090564215276,0.2997009698087005,0.2443249960103892,0.0019274950027465,0.0079080164432525,-0.0079080164432525,1.0019274950027466,0.9965434670448304,0.0037438801955431,0.0020020020020019,0.0153983496806354,0.0231232727325713,0.0213631107950501,0.0347355121187187,0.0189990051542905,0.0270993241796022,0.0133781569096684,0.0083322851424604,0.0753261895994655,0.0501643535425558,0.7584109892980688,1.0,0.04,0.65,0.0345567874610424,0.990620255470276,0.0368074379269218,0.0431855144746828,0.4903525114059448,2.0,1.0,18.51409339904785,0.0428936667740345,1.0,0.4237081877184224,0.5,1000,9000,10000,2026-07-01 06:03:37,AdamW,False,261.88189721107483,83073,,,,,,,,analytical_burgers_entropy_solution,True,Analytical entropy solution of the inviscid Burgers Riemann problem,pointwise_analytic,1000.0,401,1.0,space_time_rel_l2,2026-07-21 00:37:38,,,,,,,,,,,,,,,,,,,,,,,,,,,1.0,1.0,3.0,500.0,18.0,,,,,,,,,,,,,,,,,,,,,,,,,,,,,,,,,,,,,,,,,,,,,,,,,,,,,,,,,,,,,,,,,,,,,,,,,,,,,,,,,,,,,,,,,,,,,,,,,,,,,,,,,,,,,,,,,,,,,,,,,,,,,,,,,,,,,,,,,,,,,,,,,,,,,,,,,,,,,,,,,,,,,,,,,,,,,,,,,,,,,,,,,,,,,,,,,,,,,,,,,,,,,,,,RAD-PINN,space_time_rel_l2,0.1283721620133473,True,success
1d_burgers,rad_pinn,RAD-PINN,31415,RAD-PINN,0.071174761140733,0.1115084903715178,0.1410623949719134,0.0795347869694232,0.1219941126400394,0.1408666675443899,0.0113372206383009,0.0126452576484415,0.0125765347236984,0.4874234652763016,0.5,0.4960966378386146,0.5,0.0039033621613854,0.469805628261387,0.4984984984984986,0.352246568283666,0.3982830003148025,0.0,0.0,0.0021876096725463,0.9995852708816528,0.9717821478843688,0.0049221077933907,0.0020020020020019,0.0159070334004607,0.0245736294976613,0.0245736294976613,0.0475465208797636,0.0176361072498325,0.0299620634025041,0.018635221101216,0.0103626841225006,0.0999635965626439,0.0524194341562256,0.5223885313660062,1.0,0.04,0.65,0.040713082998991,0.9978256821632384,0.0407296974953919,0.0434430228775886,0.4884236454963684,0.956444501876831,1.000000238418579,21.14422035217285,0.0416875295341014,1.0,0.4688592111832251,0.5,1000,9000,10000,2026-07-01 06:23:00,AdamW,False,270.6429071426392,83073,,,,,,,,analytical_burgers_entropy_solution,True,Analytical entropy solution of the inviscid Burgers Riemann problem,pointwise_analytic,1000.0,401,1.0,space_time_rel_l2,2026-07-21 00:37:38,,,,,,,,,,,,,,,,,,,,,,,,,,,1.0,1.0,3.0,500.0,18.0,,,,,,,,,,,,,,,,,,,,,,,,,,,,,,,,,,,,,,,,,,,,,,,,,,,,,,,,,,,,,,,,,,,,,,,,,,,,,,,,,,,,,,,,,,,,,,,,,,,,,,,,,,,,,,,,,,,,,,,,,,,,,,,,,,,,,,,,,,,,,,,,,,,,,,,,,,,,,,,,,,,,,,,,,,,,,,,,,,,,,,,,,,,,,,,,,,,,,,,,,,,,,,,,RAD-PINN,space_time_rel_l2,0.1410623949719134,True,success
1d_burgers,rar_d_pinn,RAR-D-PINN,7,RAR-D-PINN,0.0548791892467219,0.1021260897040343,0.1291933085522899,0.0379598706662654,0.0866778100047941,0.1000869138779547,0.0026246172168829,0.00706523262444,0.00706523262444,0.50706523262444,0.5,0.5066071282078263,0.5,0.0066071282078262,0.4568308081646988,0.3541257353724126,0.3436622447645682,0.2525404776325564,0.0070025920867919,0.0134357810020446,-0.0134357810020446,1.007002592086792,1.01256000995636,0.013113067485392,0.0020020020020019,0.0064657862551392,0.011283554011607,0.011283554011607,0.0114506784534049,0.0056495535085454,0.0091903923569738,0.0121203162906298,0.0073352827786771,0.0643491638734152,0.0363508701934011,0.3559281387297382,1.0,0.04,0.65,0.0358816608786582,0.9587207436561584,0.0380787162528461,0.0431014854168925,0.4927517771720886,2.0,0.9999998211860656,14.720292091369627,0.0433558002114295,1.0,0.4383424862705941,0.5,1000,9000,10000,2026-07-01 07:44:10,AdamW,False,281.9396541118622,83073,,,,,,,,analytical_burgers_entropy_solution,True,Analytical entropy solution of the inviscid Burgers Riemann problem,pointwise_analytic,1000.0,401,1.0,space_time_rel_l2,2026-07-21 00:37:38,,,,,,,,,,,,,,,,,,,,,,,,,,,,,,,,2.0,0.0,0.5,5000.0,10000.0,500.0,3.0,18.0,,,,,,,,,,,,,,,,,,,,,,,,,,,,,,,,,,,,,,,,,,,,,,,,,,,,,,,,,,,,,,,,,,,,,,,,,,,,,,,,,,,,,,,,,,,,,,,,,,,,,,,,,,,,,,,,,,,,,,,,,,,,,,,,,,,,,,,,,,,,,,,,,,,,,,,,,,,,,,,,,,,,,,,,,,,,,,,,,,,,,,,,,,,,,,,,,,,,,,,,RAR-D-PINN,space_time_rel_l2,0.1291933085522899,True,success
1d_burgers,rar_d_pinn,RAR-D-PINN,42,RAR-D-PINN,0.0528057030899789,0.0992834709758208,0.1255972899490622,0.0358407422304153,0.0822420236322397,0.0949649089654367,0.0026787076286868,0.0041322583216786,0.0030324590732058,0.4969675409267941,0.5,0.4962392633063781,0.5,0.0037607366936218,0.4300373385553516,0.3095961905285871,0.3202098446595024,0.2419450121117372,0.0011550188064575,0.0171021223068237,-0.0171021223068237,1.0011550188064575,1.0080828666687012,0.0089665930718183,0.0020020020020019,0.0049973395252654,0.0133923380030646,0.0133923380030646,0.0098433613311929,0.007279096476607,0.0162304386839613,0.0103122241431913,0.0050728916496963,0.0664310306980042,0.049143681584052,0.8107716094333925,1.0,0.04,0.65,0.0367128327488899,0.9674980044364928,0.0383714626477285,0.0430418518920091,0.4856517314910888,2.0,1.0000001192092896,15.02818202972412,0.043359775096178,1.0,0.4417124313529705,0.5,1000,9000,10000,2026-07-01 07:49:09,AdamW,False,297.9804675579071,83073,,,,,,,,analytical_burgers_entropy_solution,True,Analytical entropy solution of the inviscid Burgers Riemann problem,pointwise_analytic,1000.0,401,1.0,space_time_rel_l2,2026-07-21 00:37:38,,,,,,,,,,,,,,,,,,,,,,,,,,,,,,,,2.0,0.0,0.5,5000.0,10000.0,500.0,3.0,18.0,,,,,,,,,,,,,,,,,,,,,,,,,,,,,,,,,,,,,,,,,,,,,,,,,,,,,,,,,,,,,,,,,,,,,,,,,,,,,,,,,,,,,,,,,,,,,,,,,,,,,,,,,,,,,,,,,,,,,,,,,,,,,,,,,,,,,,,,,,,,,,,,,,,,,,,,,,,,,,,,,,,,,,,,,,,,,,,,,,,,,,,,,,,,,,,,,,,,,,,,RAR-D-PINN,space_time_rel_l2,0.1255972899490622,True,success
1d_burgers,rar_d_pinn,RAR-D-PINN,100,RAR-D-PINN,0.0524965492957399,0.1027480833983695,0.1299801537502477,0.0371323161125183,0.0919103372857149,0.106128915946311,0.0086248483033765,0.0155418527848334,0.0154945444374453,0.5154945444374454,0.5,0.5151865451719835,0.5,0.0151865451719834,0.4463062049527073,0.3388041673839946,0.3294586818694449,0.229698068059594,0.0097959041595458,0.0104790329933166,-0.0104790329933166,1.009795904159546,1.012531280517578,0.0129042547196149,0.0020020020020019,0.0091834964262776,0.0186787149735965,0.0186787149735965,0.0200737780387099,0.0119170904070421,0.021259114190981,0.0165249729738603,0.011641312018723,0.0774149550064413,0.0835382743361014,0.9910935965577709,1.0,0.04,0.65,0.0356714539229869,0.965061604976654,0.037869998915754,0.0430526943510788,0.495665431022644,2.0,1.0,14.790186882019045,0.043419811874628,1.0,0.4359398402396405,0.5,1000,9000,10000,2026-07-01 07:54:02,AdamW,False,292.03656339645386,83073,,,,,,,,analytical_burgers_entropy_solution,True,Analytical entropy solution of the inviscid Burgers Riemann problem,pointwise_analytic,1000.0,401,1.0,space_time_rel_l2,2026-07-21 00:37:38,,,,,,,,,,,,,,,,,,,,,,,,,,,,,,,,2.0,0.0,0.5,5000.0,10000.0,500.0,3.0,18.0,,,,,,,,,,,,,,,,,,,,,,,,,,,,,,,,,,,,,,,,,,,,,,,,,,,,,,,,,,,,,,,,,,,,,,,,,,,,,,,,,,,,,,,,,,,,,,,,,,,,,,,,,,,,,,,,,,,,,,,,,,,,,,,,,,,,,,,,,,,,,,,,,,,,,,,,,,,,,,,,,,,,,,,,,,,,,,,,,,,,,,,,,,,,,,,,,,,,,,,,RAR-D-PINN,space_time_rel_l2,0.1299801537502477,True,success
1d_burgers,rar_d_pinn,RAR-D-PINN,2026,RAR-D-PINN,0.0561301339561133,0.1016490822046599,0.1285898762929424,0.0409216006994247,0.0894694898855619,0.1033104681392561,0.0025944218593987,0.0042196011869434,0.004204997131787,0.4957950028682129,0.5,0.497174155864567,0.5,0.0028258441354329,0.4449173274716551,0.3453205835899754,0.3322181264208264,0.2772248065024043,0.0048402547836303,0.0095778405666351,-0.0095778405666351,1.0048402547836304,1.0041722059249878,0.0067156697623431,0.0020020020020019,0.0036991746387792,0.005400019781114,0.0037660137411799,0.0095295037997501,0.005903944173047,0.0062000264336274,0.0122045356663559,0.0063949376414956,0.0681227052426836,0.0507957279580299,0.7346767911002878,1.0,0.04,0.65,0.0378423407673835,0.9725965261459352,0.0392198850699338,0.0430391412772416,0.4915221631526947,2.0,0.9999998211860656,15.054040908813477,0.043146725744009,1.0,0.4514790314528207,0.5,1000,9000,10000,2026-07-01 07:31:05,AdamW,False,279.8974723815918,83073,,,,,,,,analytical_burgers_entropy_solution,True,Analytical entropy solution of the inviscid Burgers Riemann problem,pointwise_analytic,1000.0,401,1.0,space_time_rel_l2,2026-07-21 00:37:38,,,,,,,,,,,,,,,,,,,,,,,,,,,,,,,,2.0,0.0,0.5,5000.0,10000.0,500.0,3.0,18.0,,,,,,,,,,,,,,,,,,,,,,,,,,,,,,,,,,,,,,,,,,,,,,,,,,,,,,,,,,,,,,,,,,,,,,,,,,,,,,,,,,,,,,,,,,,,,,,,,,,,,,,,,,,,,,,,,,,,,,,,,,,,,,,,,,,,,,,,,,,,,,,,,,,,,,,,,,,,,,,,,,,,,,,,,,,,,,,,,,,,,,,,,,,,,,,,,,,,,,,,RAR-D-PINN,space_time_rel_l2,0.1285898762929424,True,success
1d_burgers,rar_d_pinn,RAR-D-PINN,31415,RAR-D-PINN,0.0547987603235274,0.1046058038563389,0.1323302393456708,0.0440235700607299,0.1019835144506237,0.1177604190418074,0.0093907819305283,0.0188852940829216,0.0188852940829216,0.4811147059170784,0.5,0.4809223743214261,0.5,0.0190776256785739,0.4213157141864372,0.316323015961126,0.3054073238772486,0.2535573583718017,0.0086163282394409,0.0116247534751892,-0.0116247534751892,1.008616328239441,1.0132277011871338,0.0134316962212324,0.0020020020020019,0.0125354768311228,0.0187190364457079,0.0187190364457079,0.0302407220605788,0.0163278035298155,0.0210760832429528,0.0136434813505165,0.0067226352100704,0.083475606292002,0.0443110784238521,0.4393973318775702,1.0,0.04,0.65,0.0371764563024044,0.964463233947754,0.0385097040008673,0.0430011926704976,0.4882646799087524,2.0,0.9999999403953552,14.883951187133787,0.0434421822428703,1.0,0.4433037943085371,0.5,1000,9000,10000,2026-07-01 07:58:45,AdamW,False,282.2112503051758,83073,,,,,,,,analytical_burgers_entropy_solution,True,Analytical entropy solution of the inviscid Burgers Riemann problem,pointwise_analytic,1000.0,401,1.0,space_time_rel_l2,2026-07-21 00:37:38,,,,,,,,,,,,,,,,,,,,,,,,,,,,,,,,2.0,0.0,0.5,5000.0,10000.0,500.0,3.0,18.0,,,,,,,,,,,,,,,,,,,,,,,,,,,,,,,,,,,,,,,,,,,,,,,,,,,,,,,,,,,,,,,,,,,,,,,,,,,,,,,,,,,,,,,,,,,,,,,,,,,,,,,,,,,,,,,,,,,,,,,,,,,,,,,,,,,,,,,,,,,,,,,,,,,,,,,,,,,,,,,,,,,,,,,,,,,,,,,,,,,,,,,,,,,,,,,,,,,,,,,,RAR-D-PINN,space_time_rel_l2,0.1323302393456708,True,success
1d_burgers,sa_pinn,SA-PINN,7,SA-PINN,0.0631414005552741,0.1713353205997369,0.2167455642754615,0.0751399777829647,0.230409649265683,0.2660541460545515,0.0695069531769738,0.125686608252627,0.1254021134874643,0.3745978865125356,0.5,0.3817692676562375,0.5,0.1182307323437624,0.1990676576079731,0.1138625566716352,0.1388033252466863,0.0663618780242213,0.0685492753982544,0.0995518565177917,-0.0995518565177917,1.0685492753982544,1.0965423583984375,0.0965422987937927,0.0020020020020019,0.095839150161267,0.1287596525163863,0.1287038470176726,0.3739789065065866,0.097898955983669,0.1275121880186212,0.0265940683851103,0.0159870998676779,0.09481738915723,0.0518759623950119,0.5470800075936734,1.0,0.04,0.65,0.0425587259232997,0.9999746084213256,0.04204976688713,0.0475387617911742,0.4960630536079407,2.0,1.0000001192092896,23.964744567871094,0.0444420799612998,0.6076838780377748,0.2941525212181727,0.5,1000,9000,10000,2026-07-01 09:11:57,AdamW,False,253.89712691307068,83073,,,,,,,,analytical_burgers_entropy_solution,True,Analytical entropy solution of the inviscid Burgers Riemann problem,pointwise_analytic,1000.0,401,1.0,space_time_rel_l2,2026-07-21 00:37:38,,,,,,,,,,,,,,,,,,,,,,,,,,,,,,,,,,,,,,,,Adam,0.005,100.0,100.00000762939452,100.00000762939452,100.0,100.0,100.0,100.0,,,,,,,,,,,,,,,,,,,,,,,,,,,,,,,,,,,,,,,,,,,,,,,,,,,,,,,,,,,,,,,,,,,,,,,,,,,,,,,,,,,,,,,,,,,,,,,,,,,,,,,,,,,,,,,,,,,,,,,,,,,,,,,,,,,,,,,,,,,,,,,,,,,,,,,,,,,,,,,,,,,,,,,,,,,,,,,,,,,,,,,,,,,,,,,SA-PINN,space_time_rel_l2,0.2167455642754615,True,success
1d_burgers,sa_pinn,SA-PINN,42,SA-PINN,0.0288697135646518,0.0952323399966727,0.1204724583209093,0.0229258435368537,0.1227759433004933,0.1417694478289363,0.0174819958726985,0.030900517091606,0.030900517091606,0.469099482908394,0.5,0.4657733553713828,0.5,0.0342266446286171,0.141078395177935,0.0445350707718645,0.0941134129994495,0.0053110059352181,0.0210969448089599,0.080606460571289,-0.080606460571289,1.02109694480896,1.2052441835403442,0.2052442282438278,0.0020020020020019,0.030993250400396,0.0397541876677218,0.03710331107239,0.0796400485629323,0.0318326555365567,0.0374582850181304,0.0092911801499951,0.0057959792129316,0.0430817995503512,0.0691765438767243,0.999999999368108,1.0,0.04,0.65,0.0524182394146919,1.0,0.051490838122086,0.0610945462430879,0.5351215600967407,2.0,1.0000001192092896,23.17278289794922,0.046636264771223,0.8216466624552538,0.4870194707938093,0.5,1000,9000,10000,2026-07-01 09:16:21,AdamW,False,261.76181411743164,83073,,,,,,,,analytical_burgers_entropy_solution,True,Analytical entropy solution of the inviscid Burgers Riemann problem,pointwise_analytic,1000.0,401,1.0,space_time_rel_l2,2026-07-21 00:37:38,,,,,,,,,,,,,,,,,,,,,,,,,,,,,,,,,,,,,,,,Adam,0.005,100.0,100.00000762939452,100.00000762939452,93.8150634765625,100.0,100.0,100.0,,,,,,,,,,,,,,,,,,,,,,,,,,,,,,,,,,,,,,,,,,,,,,,,,,,,,,,,,,,,,,,,,,,,,,,,,,,,,,,,,,,,,,,,,,,,,,,,,,,,,,,,,,,,,,,,,,,,,,,,,,,,,,,,,,,,,,,,,,,,,,,,,,,,,,,,,,,,,,,,,,,,,,,,,,,,,,,,,,,,,,,,,,,,,,,SA-PINN,space_time_rel_l2,0.1204724583209093,True,success
1d_burgers,sa_pinn,SA-PINN,100,SA-PINN,0.0316665679664534,0.0839831902174077,0.1062418647223952,0.0258478769063949,0.0974399781974166,0.1125139952840896,0.0151259390284139,0.0398264915408073,0.0330987915456768,0.5330987915456769,0.5,0.5487859326709839,0.5,0.0487859326709838,0.2461725481037131,0.1447538919032945,0.1368258581821679,0.0902542219483575,0.0196671485900878,0.0708203315734863,-0.0708203315734863,1.019667148590088,1.187155842781067,0.1871558576822281,0.0020020020020019,0.0120834278539011,0.0272205676840201,0.0272205676840201,0.033975916337837,0.0174899322759211,0.0190486609040796,0.0151063983262133,0.0108534637276509,0.0603884204064617,0.0920561161711095,0.999999999263458,1.0,0.04,0.65,0.0410953909158706,1.0,0.0396183454407459,0.0514447576710397,0.5179356932640076,2.0,1.0000001192092896,24.075803756713867,0.044345311820507,0.8996989600437876,0.4103220169745382,0.5,1000,9000,10000,2026-07-01 09:20:44,AdamW,False,262.1402566432953,83073,,,,,,,,analytical_burgers_entropy_solution,True,Analytical entropy solution of the inviscid Burgers Riemann problem,pointwise_analytic,1000.0,401,1.0,space_time_rel_l2,2026-07-21 00:37:38,,,,,,,,,,,,,,,,,,,,,,,,,,,,,,,,,,,,,,,,Adam,0.005,100.0,100.00000762939452,100.00000762939452,92.17193603515624,100.0,100.0,100.0,,,,,,,,,,,,,,,,,,,,,,,,,,,,,,,,,,,,,,,,,,,,,,,,,,,,,,,,,,,,,,,,,,,,,,,,,,,,,,,,,,,,,,,,,,,,,,,,,,,,,,,,,,,,,,,,,,,,,,,,,,,,,,,,,,,,,,,,,,,,,,,,,,,,,,,,,,,,,,,,,,,,,,,,,,,,,,,,,,,,,,,,,,,,,,,SA-PINN,space_time_rel_l2,0.1062418647223952,True,success
1d_burgers,sa_pinn,SA-PINN,2026,SA-PINN,0.037955193816575,0.0864349939613979,0.1093434878093552,0.0186359829604625,0.0641531463343195,0.0740776726108762,0.0074436383129048,0.0112773826974059,0.011202484804855,0.4887975151951449,0.5,0.4894995046156914,0.5,0.0105004953843085,0.3255740597394049,0.1646402644094796,0.2257586202014908,0.078283821149781,0.0072200298309326,0.0450451076030731,-0.0450451076030731,1.0072200298309326,1.0782277584075928,0.0782278627157211,0.0020020020020019,0.0034866064713662,0.0140684291482478,0.0029390032215785,0.0214376063203832,0.0043250476013224,0.0014707490846559,0.0104407363227587,0.0051468109333209,0.0630934233147928,0.0486876780131467,0.7705656242163063,1.0,0.04,0.65,0.0393724665045738,0.9999998807907104,0.0399924102786512,0.0493358993819798,0.5119853019714355,2.0,1.0000001192092896,23.50857353210449,0.0438843481242656,0.9334417785007456,0.4297304043934098,0.5,1000,9000,10000,2026-07-01 09:06:44,AdamW,False,212.40704369544983,83073,,,,,,,,analytical_burgers_entropy_solution,True,Analytical entropy solution of the inviscid Burgers Riemann problem,pointwise_analytic,1000.0,401,1.0,space_time_rel_l2,2026-07-21 00:37:38,,,,,,,,,,,,,,,,,,,,,,,,,,,,,,,,,,,,,,,,Adam,0.005,100.0,93.47257995605467,95.5674819946289,88.95555877685547,100.0,100.0,100.0,,,,,,,,,,,,,,,,,,,,,,,,,,,,,,,,,,,,,,,,,,,,,,,,,,,,,,,,,,,,,,,,,,,,,,,,,,,,,,,,,,,,,,,,,,,,,,,,,,,,,,,,,,,,,,,,,,,,,,,,,,,,,,,,,,,,,,,,,,,,,,,,,,,,,,,,,,,,,,,,,,,,,,,,,,,,,,,,,,,,,,,,,,,,,,,SA-PINN,space_time_rel_l2,0.1093434878093552,True,success
1d_burgers,sa_pinn,SA-PINN,31415,SA-PINN,0.0368766004539413,0.0990171328538512,0.1252603623013811,0.0283075183480978,0.1229419536386788,0.1419611400558155,0.0216118250507279,0.0358693201611098,0.0358693201611098,0.5358693201611099,0.5,0.5335750586132759,0.5,0.0335750586132759,0.3007933471473482,0.1266903090725009,0.1903405900836081,0.0540733605453763,0.0285818576812744,0.1562885046005249,-0.1562885046005249,1.0285818576812744,1.1552884578704834,0.155288428068161,0.0020020020020019,0.0267388100623257,0.0466382069535202,0.0466382069535202,0.0468153095754932,0.0277200868485311,0.0484792392055792,0.0124606605063257,0.006315947053013,0.0716358406463342,0.0274185699557355,0.3378944129552335,1.0,0.04,0.65,0.0414934530854225,0.9999910593032836,0.039328309660631,0.0540306841591673,0.534530758857727,2.0,1.0000001192092896,25.264549255371094,0.0451062694191932,0.9228754566131366,0.4178107838242636,0.5,1000,9000,10000,2026-07-01 09:25:14,AdamW,False,268.7220530509949,83073,,,,,,,,analytical_burgers_entropy_solution,True,Analytical entropy solution of the inviscid Burgers Riemann problem,pointwise_analytic,1000.0,401,1.0,space_time_rel_l2,2026-07-21 00:37:38,,,,,,,,,,,,,,,,,,,,,,,,,,,,,,,,,,,,,,,,Adam,0.005,100.0,99.26522064208984,98.966064453125,94.9543228149414,100.0,100.0,100.0,,,,,,,,,,,,,,,,,,,,,,,,,,,,,,,,,,,,,,,,,,,,,,,,,,,,,,,,,,,,,,,,,,,,,,,,,,,,,,,,,,,,,,,,,,,,,,,,,,,,,,,,,,,,,,,,,,,,,,,,,,,,,,,,,,,,,,,,,,,,,,,,,,,,,,,,,,,,,,,,,,,,,,,,,,,,,,,,,,,,,,,,,,,,,,,SA-PINN,space_time_rel_l2,0.1252603623013811,True,success
1d_burgers,xpinn,XPINN,7,XPINN,0.0498911119969631,0.141648959018469,0.1791912108024324,0.0424361188113689,0.1750165855944093,0.2020917456109294,0.0556546206517696,0.0738422600552578,0.0737941320425658,0.4262058679574341,0.5,0.4330813959620605,0.5,0.0669186040379394,0.256388844581472,0.1215659887970121,0.1821447414301682,0.0692052250869216,0.0096920728683471,0.0116059780120849,-0.0116059780120849,1.0096920728683472,1.028826355934143,0.0288263298571109,0.0020020020020019,0.0656483077121102,0.0803334962892848,0.0775495633619416,0.2191749363691255,0.0648340901803171,0.0768102105255716,0.0198998842456757,0.0079894365503787,0.0740180052194635,0.0582217346111147,0.9951146548990248,1.0,0.04,0.65,0.0309701953083276,0.9988390803337096,0.0255610972568578,0.0541092919874227,0.4952025115489959,2.0,1.0,21.989931106567383,0.0440449528396129,0.856627783669141,0.2520594108836745,0.5,1000,9000,10000,2026-07-05 01:58:54,AdamW,False,2463.431601047516,332296,,,,,,,,analytical_burgers_entropy_solution,True,Analytical entropy solution of the inviscid Burgers Riemann problem,pointwise_analytic,1000.0,401,1.0,space_time_rel_l2,2026-07-21 00:37:38,,,,,,,,,,,,,,,,,,,,,,,,,,,,,,,,,,,,,,,,,,,,,,,,,4.0,1.0,0.0,0.5,512.0,2048.0,1.0,20.0,True,0.0006932736141607,0.002122685778886,,,,,,,,,,,,,,,,,,,,,,,,,,,,,,,,,,,,,,,,,,,,,,,,,,,,,,,,,,,,,,,,,,,,,,,,,,,,,,,,,,,,,,,,,,,,,,,,,,,,,,,,,,,,,,,,,,,,,,,,,,,,,,,,,,,,,,,,,,,,,,,,,,,,,,,,,,,,,,,,,,,,,,,,,,,,,,,,,,,,XPINN,space_time_rel_l2,0.1791912108024324,True,success
1d_burgers,xpinn,XPINN,42,XPINN,0.0415543337586589,0.1192761077769597,0.1508887204004659,0.0283651502132415,0.1404185409312521,0.1621413648115586,0.0372293583485714,0.0500001710305694,0.0489683685815237,0.4510316314184762,0.5,0.4603595900032795,0.5,0.0396404099967205,0.2698156505985944,0.1047840392806832,0.1971390018124006,0.0611916522979162,0.004791259765625,0.004267543554306,-0.004267543554306,1.004791259765625,1.0211809873580933,0.0211810152977705,0.0020020020020019,0.043054305020772,0.0527517081756852,0.0527517081756852,0.1470995104633074,0.0429055941857641,0.0529440268202943,0.0135701855841598,0.0084169239568264,0.0901910990122009,0.0646410493813241,0.9999999977204166,1.0,0.04,0.65,0.0309485364705324,0.9987687468528748,0.0240323105280277,0.0541147132169576,0.4960710108280182,2.0,1.0,22.05052375793457,0.0437677688896656,0.9959395443266412,0.2755242136794807,0.5,1000,9000,10000,2026-07-05 02:40:53,AdamW,False,2514.2774839401245,332296,,,,,,,,analytical_burgers_entropy_solution,True,Analytical entropy solution of the inviscid Burgers Riemann problem,pointwise_analytic,1000.0,401,1.0,space_time_rel_l2,2026-07-21 00:37:38,,,,,,,,,,,,,,,,,,,,,,,,,,,,,,,,,,,,,,,,,,,,,,,,,4.0,1.0,0.0,0.5,512.0,2048.0,1.0,20.0,True,0.0002151083463104,0.0019350443035364,,,,,,,,,,,,,,,,,,,,,,,,,,,,,,,,,,,,,,,,,,,,,,,,,,,,,,,,,,,,,,,,,,,,,,,,,,,,,,,,,,,,,,,,,,,,,,,,,,,,,,,,,,,,,,,,,,,,,,,,,,,,,,,,,,,,,,,,,,,,,,,,,,,,,,,,,,,,,,,,,,,,,,,,,,,,,,,,,,,,XPINN,space_time_rel_l2,0.1508887204004659,True,success
1d_burgers,xpinn,XPINN,100,XPINN,0.0471004555999786,0.13728571410234,0.1736715434150656,0.0387403690516948,0.1697942852131442,0.1960615525491114,0.0522983107349964,0.0711435833258048,0.0711435833258048,0.4288564166741951,0.5,0.4339430180261865,0.5,0.0660569819738134,0.25638094120456,0.0992567645731696,0.1799844849881707,0.0571882961071196,0.0105780363082885,0.0046121180057525,-0.0046121180057525,1.0105780363082886,1.026594161987305,0.0265941470861434,0.0020020020020019,0.0564859707797307,0.0715608712459527,0.0661123474259991,0.1954992898082611,0.0580699138197502,0.0685870862818573,0.0191318498507352,0.0129964471662032,0.1009983919186309,0.0978731996535742,0.9999999992247888,1.0,0.04,0.65,0.0325396098196506,0.9988081455230712,0.026742925295457,0.0614062669413423,0.4935391247272491,2.0,1.0000001192092896,21.967220306396484,0.0441557168960571,0.8252584634096899,0.2540564153769346,0.5,1000,9000,10000,2026-07-05 03:23:49,AdamW,False,2574.146052598953,332296,,,,,,,,analytical_burgers_entropy_solution,True,Analytical entropy solution of the inviscid Burgers Riemann problem,pointwise_analytic,1000.0,401,1.0,space_time_rel_l2,2026-07-21 00:37:38,,,,,,,,,,,,,,,,,,,,,,,,,,,,,,,,,,,,,,,,,,,,,,,,,4.0,1.0,0.0,0.5,512.0,2048.0,1.0,20.0,True,0.0019188337028026,0.0018445347668603,,,,,,,,,,,,,,,,,,,,,,,,,,,,,,,,,,,,,,,,,,,,,,,,,,,,,,,,,,,,,,,,,,,,,,,,,,,,,,,,,,,,,,,,,,,,,,,,,,,,,,,,,,,,,,,,,,,,,,,,,,,,,,,,,,,,,,,,,,,,,,,,,,,,,,,,,,,,,,,,,,,,,,,,,,,,,,,,,,,,XPINN,space_time_rel_l2,0.1736715434150656,True,success
1d_burgers,xpinn,XPINN,2026,XPINN,0.0412846714070164,0.1162010167746329,0.14699861570889,0.0255097604990005,0.1259735889257538,0.1454617709539665,0.0350144139551181,0.0436660771020017,0.0418533516286591,0.4581466483713408,0.5,0.4679609401248534,0.5,0.0320390598751465,0.2802153571862498,0.1036962752829384,0.2033299231115963,0.0619683041096644,0.0100792646408081,0.0056878626346588,-0.0056878626346588,1.010079264640808,1.0254018306732178,0.0254017785191535,0.0020020020020019,0.0391208366213935,0.0488703402076605,0.0424210586033395,0.1399704650765164,0.0382692401780389,0.0416737157959596,0.0140717194597023,0.0048716011174874,0.0749766865308637,0.0616436137609175,0.7208217627331013,1.0,0.04,0.65,0.0317101888358593,0.998814344406128,0.0251789005746503,0.0563374173262495,0.5024147033691406,2.0,0.9999999403953552,21.945213317871094,0.0439828857779502,0.998923457853375,0.2895344483275087,0.5,1000,9000,10000,2026-07-05 01:16:19,AdamW,False,2415.0106930732727,332296,,,,,,,,analytical_burgers_entropy_solution,True,Analytical entropy solution of the inviscid Burgers Riemann problem,pointwise_analytic,1000.0,401,1.0,space_time_rel_l2,2026-07-21 00:37:38,,,,,,,,,,,,,,,,,,,,,,,,,,,,,,,,,,,,,,,,,,,,,,,,,4.0,1.0,0.0,0.5,512.0,2048.0,1.0,20.0,True,0.000473432970466,0.0017244078917428,,,,,,,,,,,,,,,,,,,,,,,,,,,,,,,,,,,,,,,,,,,,,,,,,,,,,,,,,,,,,,,,,,,,,,,,,,,,,,,,,,,,,,,,,,,,,,,,,,,,,,,,,,,,,,,,,,,,,,,,,,,,,,,,,,,,,,,,,,,,,,,,,,,,,,,,,,,,,,,,,,,,,,,,,,,,,,,,,,,,XPINN,space_time_rel_l2,0.14699861570889,True,success
1d_burgers,xpinn,XPINN,31415,XPINN,0.0419925409701845,0.1156366835563432,0.1462847131614792,0.0289796553403139,0.1343696216074878,0.1551566744118033,0.0334187153011673,0.0457815177327041,0.0454542124303654,0.4545457875696345,0.5,0.4641280853868419,0.5,0.035871914613158,0.2702992226852322,0.1059125245757901,0.1987579505758951,0.058270751013412,0.0114370584487915,0.0086610019207,-0.0086610019207,1.0114370584487915,1.0340709686279297,0.0340709537267684,0.0020020020020019,0.0386925488633398,0.0472088374837383,0.0438578983016679,0.1275352978135045,0.0403169543581774,0.0461050831042491,0.0123737094933917,0.0032151572036119,0.0848111328664197,0.0488407047649301,0.5546866707736124,1.0,0.04,0.65,0.0312617197632789,0.9986812472343444,0.0244660088908164,0.0547354439986989,0.5013629794120789,2.0,1.0000001192092896,21.785987854003903,0.044303722679615,0.9992244626634168,0.2814216175736395,0.5,1000,9000,10000,2026-07-05 04:02:42,AdamW,False,2330.529753446579,332296,,,,,,,,analytical_burgers_entropy_solution,True,Analytical entropy solution of the inviscid Burgers Riemann problem,pointwise_analytic,1000.0,401,1.0,space_time_rel_l2,2026-07-21 00:37:38,,,,,,,,,,,,,,,,,,,,,,,,,,,,,,,,,,,,,,,,,,,,,,,,,4.0,1.0,0.0,0.5,512.0,2048.0,1.0,20.0,True,0.0014764800434932,0.0017917829100042,,,,,,,,,,,,,,,,,,,,,,,,,,,,,,,,,,,,,,,,,,,,,,,,,,,,,,,,,,,,,,,,,,,,,,,,,,,,,,,,,,,,,,,,,,,,,,,,,,,,,,,,,,,,,,,,,,,,,,,,,,,,,,,,,,,,,,,,,,,,,,,,,,,,,,,,,,,,,,,,,,,,,,,,,,,,,,,,,,,,XPINN,space_time_rel_l2,0.1462847131614792,True,success
1d_burgers,cpinn,cPINN,7,cPINN,0.0434429384074603,0.0936653550812145,0.1184901640191665,0.0269204017817974,0.0816408343928166,0.0942707154270078,0.0104730022235226,0.0168811196471084,0.0168811196471084,0.4831188803528916,0.5,0.4849024840521792,0.5,0.0150975159478208,0.3616623056307514,0.2500204130412463,0.2626139973983442,0.1405789056044967,0.0040590763092041,0.0092867910861969,-0.0092867910861969,1.004059076309204,1.0148189067840576,0.0148188536986708,0.0020020020020019,0.0141047817801653,0.0191343099214472,0.0190393216712578,0.0410091632839221,0.014752434931303,0.0191679338256158,0.0113276976979559,0.0069332561606606,0.050194002394877,0.0361501936993492,0.3837776940127598,1.0,0.04,0.65,0.0352606177330017,0.998633086681366,0.0371272904694784,0.0431746720156131,0.4882938265800476,2.0,1.0,21.829730987548828,0.0435787849128246,1.0,0.4273901647528706,0.5,1000,9000,10000,2026-07-04 01:33:21,AdamW,False,741.222642660141,166148,,,,,,,,analytical_burgers_entropy_solution,True,Analytical entropy solution of the inviscid Burgers Riemann problem,pointwise_analytic,1000.0,401,1.0,space_time_rel_l2,2026-07-21 00:37:38,2.0,1.0,0.0,,1000.0,1000.0,20.0,20.0,True,0.0001868208491941,0.0002843907277565,,,,,,,,,,,,,,,,,,,,,,,,,,,,,,,,,,,,,,,,,,,,,,,,,,,,,,,,,,,,,,,,,,,,,,,,,,,,,,,,,,,,,,,,,,,,,,,,,,,,,,,,,,,,,,,,,,,,,,,,,,,,,,,,,,,,,,,,,,,,,,,,,,,,,,,,,,,,,,,,,,,,,,,,,,,,,,,,,,,,,,,,,,,,,,,,,,,,,,,,,,,,,,,,,,,,,,,,,,,,,,,,,,,,cPINN,space_time_rel_l2,0.1184901640191665,True,success
1d_burgers,cpinn,cPINN,42,cPINN,0.04549762308003,0.098050837726696,0.1240379629627113,0.0289736968427896,0.0916325591911411,0.1058081654309571,0.0131956866487857,0.0216383505383815,0.0216383505383815,0.4783616494616184,0.5,0.4795193534638413,0.5,0.0204806465361587,0.3632155956358623,0.2506475913132332,0.2625457078005956,0.1458844884758565,0.0035905838012695,0.0115518569946289,-0.0115518569946289,1.0035905838012695,1.0128412246704102,0.0128411781042814,0.0020020020020019,0.0180543049623962,0.0247854742365286,0.0247854742365286,0.0537304068844635,0.0192623367713508,0.0254101744285213,0.0104967059133366,0.0054752677791645,0.0714416772804545,0.0534173320645031,0.8893539548244623,1.0,0.04,0.65,0.0345587246119976,0.9986051917076112,0.0362897105063428,0.0431692507860782,0.484390377998352,2.0,1.0000001192092896,21.82218360900879,0.0435520224273204,1.0,0.4177483774338492,0.5,1000,9000,10000,2026-07-04 01:45:58,AdamW,False,755.2185115814209,166148,,,,,,,,analytical_burgers_entropy_solution,True,Analytical entropy solution of the inviscid Burgers Riemann problem,pointwise_analytic,1000.0,401,1.0,space_time_rel_l2,2026-07-21 00:37:38,2.0,1.0,0.0,,1000.0,1000.0,20.0,20.0,True,0.0003134532598778,0.0005742894718423,,,,,,,,,,,,,,,,,,,,,,,,,,,,,,,,,,,,,,,,,,,,,,,,,,,,,,,,,,,,,,,,,,,,,,,,,,,,,,,,,,,,,,,,,,,,,,,,,,,,,,,,,,,,,,,,,,,,,,,,,,,,,,,,,,,,,,,,,,,,,,,,,,,,,,,,,,,,,,,,,,,,,,,,,,,,,,,,,,,,,,,,,,,,,,,,,,,,,,,,,,,,,,,,,,,,,,,,,,,,,,,,,,,,cPINN,space_time_rel_l2,0.1240379629627113,True,success
1d_burgers,cpinn,cPINN,100,cPINN,0.0453074564559204,0.0980379225026061,0.1240216247230343,0.0283231608122587,0.0897342494583698,0.1036161861605181,0.0139962360206682,0.0215726435451816,0.0215726435451816,0.4784273564548183,0.5,0.4788720661875502,0.5,0.0211279338124498,0.3530070065842545,0.231018942832095,0.2571564571780899,0.1278790077463057,0.0059843063354492,0.0119707584381103,-0.0119707584381103,1.0059843063354492,1.0106338262557983,0.0108609413728117,0.0020020020020019,0.0203615642339062,0.0264225435788718,0.0256919425752041,0.059851592027388,0.0211782380742686,0.0252641657212593,0.0154894834795155,0.0092694267170387,0.0651594158447531,0.0755562582657583,0.990180621505341,1.0,0.04,0.65,0.034211803227663,0.9985609650611876,0.035899381979833,0.0431502764827062,0.4842895865440368,2.0,1.0,21.69232749938965,0.0436291545629501,1.0,0.413255117324014,0.5,1000,9000,10000,2026-07-04 01:58:33,AdamW,False,753.9667236804962,166148,,,,,,,,analytical_burgers_entropy_solution,True,Analytical entropy solution of the inviscid Burgers Riemann problem,pointwise_analytic,1000.0,401,1.0,space_time_rel_l2,2026-07-21 00:37:38,2.0,1.0,0.0,,1000.0,1000.0,20.0,20.0,True,0.0002988386841025,0.0004826691292691,,,,,,,,,,,,,,,,,,,,,,,,,,,,,,,,,,,,,,,,,,,,,,,,,,,,,,,,,,,,,,,,,,,,,,,,,,,,,,,,,,,,,,,,,,,,,,,,,,,,,,,,,,,,,,,,,,,,,,,,,,,,,,,,,,,,,,,,,,,,,,,,,,,,,,,,,,,,,,,,,,,,,,,,,,,,,,,,,,,,,,,,,,,,,,,,,,,,,,,,,,,,,,,,,,,,,,,,,,,,,,,,,,,,cPINN,space_time_rel_l2,0.1240216247230343,True,success
1d_burgers,cpinn,cPINN,2026,cPINN,0.0430164984494373,0.0918031506278486,0.1161344060024994,0.0247001387625932,0.0707469396261522,0.081691529274908,0.0078965357813792,0.0102572347022406,0.0101812545711661,0.4898187454288338,0.5,0.492416873495399,0.5,0.007583126504601,0.3663483373567983,0.235852634039167,0.2623916589030124,0.1308722014188977,0.0052087306976318,0.0128381550312042,-0.0128381550312042,1.0052087306976318,1.0139720439910889,0.0139719760045409,0.0020020020020019,0.0093599556735983,0.0127820707826285,0.0127395597843077,0.0309255875517314,0.0100714065599732,0.0119249516122927,0.0100958761440919,0.0045518528029933,0.0611071692770351,0.0524591917862983,0.90671205638058,1.0,0.04,0.65,0.0340951271355152,0.998671531677246,0.0363818714084354,0.0431556977122411,0.4844972789287567,2.0,0.9999999403953552,21.86481666564941,0.0436752028763294,1.0,0.4188092860708937,0.5,1000,9000,10000,2026-07-04 01:09:34,AdamW,False,756.4448363780975,166148,,,,,,,,analytical_burgers_entropy_solution,True,Analytical entropy solution of the inviscid Burgers Riemann problem,pointwise_analytic,1000.0,401,1.0,space_time_rel_l2,2026-07-21 00:37:38,2.0,1.0,0.0,,1000.0,1000.0,20.0,20.0,True,0.0002052188647212,0.0003273717302363,,,,,,,,,,,,,,,,,,,,,,,,,,,,,,,,,,,,,,,,,,,,,,,,,,,,,,,,,,,,,,,,,,,,,,,,,,,,,,,,,,,,,,,,,,,,,,,,,,,,,,,,,,,,,,,,,,,,,,,,,,,,,,,,,,,,,,,,,,,,,,,,,,,,,,,,,,,,,,,,,,,,,,,,,,,,,,,,,,,,,,,,,,,,,,,,,,,,,,,,,,,,,,,,,,,,,,,,,,,,,,,,,,,,cPINN,space_time_rel_l2,0.1161344060024994,True,success
1d_burgers,cpinn,cPINN,31415,cPINN,0.0439934265837259,0.0943562090755681,0.119364120062287,0.0280566314458847,0.0795791889661033,0.0918901323428376,0.0096148332951161,0.0152644349592409,0.0152644349592409,0.4847355650407591,0.5,0.4851954681220323,0.5,0.0148045318779676,0.3634854127361434,0.2523092516221733,0.2637296701620618,0.1413829142020764,0.0072938203811645,0.0116721391677856,-0.0116721391677856,1.0072938203811646,1.0207207202911377,0.0207207482308149,0.0020020020020019,0.0126067524883056,0.0161112462239225,0.015373745980832,0.0380407660156325,0.0124527557968042,0.0138809564593316,0.0106615719025142,0.0041556889074297,0.0732435754669417,0.0363732403884544,0.3949054639163449,1.0,0.04,0.65,0.0341699980199337,0.998586654663086,0.0358370378401821,0.0431665401713108,0.4960780739784241,2.0,1.0,21.682804107666016,0.0437376387417316,1.0,0.4125374438342486,0.5,1000,9000,10000,2026-07-04 02:09:32,AdamW,False,656.4036464691162,166148,,,,,,,,analytical_burgers_entropy_solution,True,Analytical entropy solution of the inviscid Burgers Riemann problem,pointwise_analytic,1000.0,401,1.0,space_time_rel_l2,2026-07-21 00:37:38,2.0,1.0,0.0,,1000.0,1000.0,20.0,20.0,True,0.0002107783657265,0.0003146846720483,,,,,,,,,,,,,,,,,,,,,,,,,,,,,,,,,,,,,,,,,,,,,,,,,,,,,,,,,,,,,,,,,,,,,,,,,,,,,,,,,,,,,,,,,,,,,,,,,,,,,,,,,,,,,,,,,,,,,,,,,,,,,,,,,,,,,,,,,,,,,,,,,,,,,,,,,,,,,,,,,,,,,,,,,,,,,,,,,,,,,,,,,,,,,,,,,,,,,,,,,,,,,,,,,,,,,,,,,,,,,,,,,,,,cPINN,space_time_rel_l2,0.119364120062287,True,success
1d_burgers,gpinn_subsampled,gPINN-subsampled,7,gPINN-subsampled,0.0496902537370411,0.1007088053583172,0.1274003910489055,0.0329838608205318,0.085041828204661,0.0981978448125645,0.0100890997078594,0.0132492621083,0.0131206466940629,0.486879353305937,0.5,0.487880700730684,0.5,0.0121192992693159,0.3889337986149516,0.2867713113547768,0.2839400133043736,0.1968920297704377,0.0022805929183959,0.0121020078659057,-0.0121020078659057,1.002280592918396,1.0103368759155271,0.011249185539782,0.0020020020020019,0.0141695381267169,0.019468293033682,0.0193475196314406,0.038695271812032,0.0153202451854903,0.0204699626257705,0.0124194206036871,0.0079432601340926,0.0546244069232671,0.0378673948073696,0.3674939237702926,1.0,0.04,0.65,0.0280722305178642,0.9983912110328674,0.0282310528027756,0.0425729155372438,0.4870007038116455,2.0,1.0000001192092896,21.649169921875,0.0434281527996063,1.0,0.3249812780828757,0.5,1000,9000,10000,2026-07-02 08:24:11,AdamW,False,986.8285248279572,83073,,,,,,,,analytical_burgers_entropy_solution,True,Analytical entropy solution of the inviscid Burgers Riemann problem,pointwise_analytic,1000.0,401,1.0,space_time_rel_l2,2026-07-21 00:37:38,,,,,,,,,,,,0.0001,1024.0,512.0,False,727.2983016967773,0.0727298301696777,,,,,,,,,,,,,,,,,,,,,,,,,,,,,,,,,,,,,,,,,,,,,,,,,,,,,,,,,,,,,,,,,,,,,,,,,,,,,,,,,,,,,,,,,,,,,,,,,,,,,,,,,,,,,,,,,,,,,,,,,,,,,,,,,,,,,,,,,,,,,,,,,,,,,,,,,,,,,,,,,,,,,,,,,,,,,,,,,,,,,,,,,,,,,,,,,,,,,,,,,,,,,,,,,,,,,,,,,,,,,,gPINN-sub.,space_time_rel_l2,0.1274003910489055,True,success
1d_burgers,gpinn_subsampled,gPINN-subsampled,42,gPINN-subsampled,0.0480913594347283,0.0991373313513288,0.1254124178791198,0.0330879760682582,0.0817048713793188,0.094344658969798,0.0063846659650098,0.0109203917517606,0.0109203917517606,0.4890796082482394,0.5,0.4893489267514159,0.5,0.010651073248584,0.3837468596253995,0.2845508361197592,0.2828247828768073,0.1893031882139823,0.006029725074768,0.0139267742633819,-0.0139267742633819,1.006029725074768,1.0124746561050415,0.0126933334395289,0.0020020020020019,0.0113541757654584,0.0172126789258288,0.0172069351831536,0.0273156057006798,0.0098699473046562,0.0139087224090181,0.0104627950113403,0.0051861885730375,0.0722430189698352,0.05151317773383,0.91454762982748,1.0,0.04,0.65,0.0266087315976619,0.9982091188430786,0.0232435216307058,0.042852108858289,0.4834235310554504,2.0,1.0,21.502649307250977,0.0436239503324031,1.0,0.2675673989016475,0.5,1000,9000,10000,2026-07-02 08:37:39,AdamW,False,807.0096807479858,83073,,,,,,,,analytical_burgers_entropy_solution,True,Analytical entropy solution of the inviscid Burgers Riemann problem,pointwise_analytic,1000.0,401,1.0,space_time_rel_l2,2026-07-21 00:37:38,,,,,,,,,,,,0.0001,1024.0,512.0,False,119.50838470458984,0.0119508384704589,,,,,,,,,,,,,,,,,,,,,,,,,,,,,,,,,,,,,,,,,,,,,,,,,,,,,,,,,,,,,,,,,,,,,,,,,,,,,,,,,,,,,,,,,,,,,,,,,,,,,,,,,,,,,,,,,,,,,,,,,,,,,,,,,,,,,,,,,,,,,,,,,,,,,,,,,,,,,,,,,,,,,,,,,,,,,,,,,,,,,,,,,,,,,,,,,,,,,,,,,,,,,,,,,,,,,,,,,,,,,,gPINN-sub.,space_time_rel_l2,0.1254124178791198,True,success
1d_burgers,gpinn_subsampled,gPINN-subsampled,100,gPINN-subsampled,0.0490086858258803,0.0989815861033265,0.1252153943375446,0.0321556138396263,0.0819573649175419,0.0946362133943211,0.0078490296089036,0.0131172637141245,0.0131172637141245,0.4868827362858754,0.5,0.4884352206049754,0.5,0.0115647793950245,0.3836959038967402,0.2773566375397697,0.2801050322145521,0.1738124633423506,0.0057365894317626,0.0156797468662261,-0.0156797468662261,1.0057365894317627,1.0108195543289185,0.0120545560494065,0.0020020020020019,0.0127705387516178,0.0182175763181082,0.0181863591895327,0.0346236802281921,0.0130769162459173,0.0172998465455924,0.0156437069981391,0.0089377298522525,0.0637081155616984,0.0704805445329213,0.9999999956245254,1.0,0.04,0.65,0.0273599848151206,0.9984752535820008,0.0250542122953485,0.0429334273013119,0.4837850928306579,2.0,1.0,21.659242630004883,0.0435426756739616,1.0,0.2884111333000499,0.5,1000,9000,10000,2026-07-02 08:50:40,AdamW,False,779.7229766845703,83073,,,,,,,,analytical_burgers_entropy_solution,True,Analytical entropy solution of the inviscid Burgers Riemann problem,pointwise_analytic,1000.0,401,1.0,space_time_rel_l2,2026-07-21 00:37:38,,,,,,,,,,,,0.0001,1024.0,512.0,False,1511.072235107422,0.1511072235107421,,,,,,,,,,,,,,,,,,,,,,,,,,,,,,,,,,,,,,,,,,,,,,,,,,,,,,,,,,,,,,,,,,,,,,,,,,,,,,,,,,,,,,,,,,,,,,,,,,,,,,,,,,,,,,,,,,,,,,,,,,,,,,,,,,,,,,,,,,,,,,,,,,,,,,,,,,,,,,,,,,,,,,,,,,,,,,,,,,,,,,,,,,,,,,,,,,,,,,,,,,,,,,,,,,,,,,,,,,,,,,gPINN-sub.,space_time_rel_l2,0.1252153943375446,True,success
1d_burgers,gpinn_subsampled,gPINN-subsampled,2026,gPINN-subsampled,0.0506240217164716,0.099976127840822,0.1264735266907244,0.0340150806903839,0.0816185974592759,0.0942450384278765,0.001370521298465,0.0055350395273248,0.0055350395273248,0.4944649604726751,0.5,0.4966746034861479,0.5,0.003325396513852,0.4036252185836006,0.3126602750060857,0.2931079904467787,0.2077273441380596,0.0034186840057373,0.0072321891784667,-0.0072321891784667,1.0034186840057373,1.0060008764266968,0.0081425411626696,0.0020020020020019,0.0054593140671381,0.0072082022257574,0.0066418085908807,0.0144730544834879,0.0059094662859287,0.0070935369015217,0.0110265219098896,0.005123086341003,0.0697539860172633,0.04997068151821,0.7485952841407395,1.0,0.04,0.65,0.0264899935573339,0.9984917640686036,0.0229046947847771,0.0428846362354982,0.4884363114833832,2.0,1.0,21.798677444458008,0.0432634577155113,1.0,0.2636669995007489,0.5,1000,9000,10000,2026-07-02 07:59:15,AdamW,False,1012.6698727607728,83073,,,,,,,,analytical_burgers_entropy_solution,True,Analytical entropy solution of the inviscid Burgers Riemann problem,pointwise_analytic,1000.0,401,1.0,space_time_rel_l2,2026-07-21 00:37:38,,,,,,,,,,,,0.0001,1024.0,512.0,False,88.28238677978516,0.0088282386779785,,,,,,,,,,,,,,,,,,,,,,,,,,,,,,,,,,,,,,,,,,,,,,,,,,,,,,,,,,,,,,,,,,,,,,,,,,,,,,,,,,,,,,,,,,,,,,,,,,,,,,,,,,,,,,,,,,,,,,,,,,,,,,,,,,,,,,,,,,,,,,,,,,,,,,,,,,,,,,,,,,,,,,,,,,,,,,,,,,,,,,,,,,,,,,,,,,,,,,,,,,,,,,,,,,,,,,,,,,,,,,gPINN-sub.,space_time_rel_l2,0.1264735266907244,True,success
1d_burgers,gpinn_subsampled,gPINN-subsampled,31415,gPINN-subsampled,0.0493089815692562,0.1002195205449058,0.1267814275298656,0.0337669692039489,0.0810543047985811,0.0935934493887695,0.0044354711730083,0.0073833340777755,0.0040346741869254,0.4959653258130745,0.5,0.4975764435619967,0.5,0.0024235564380032,0.4048915047736897,0.3112074371529238,0.2958768561761057,0.2029409341510185,0.0047576427459716,0.0099020302295684,-0.0099020302295684,1.0047576427459717,1.0109798908233645,0.0112696476280689,0.0020020020020019,0.0047005133775326,0.006758572022627,0.0066283992170033,0.0121643164186153,0.0039350703266438,0.0048702162307301,0.011873577775253,0.0042382721098002,0.0781197850272207,0.0404751781760803,0.3984442686194234,1.0,0.04,0.65,0.0263687651604414,0.9981117248535156,0.0228586143337308,0.0427030250460804,0.4840154647827148,2.0,1.0000001192092896,21.46174049377441,0.0434786230325698,1.0,0.2631365451822267,0.5,1000,9000,10000,2026-07-02 09:04:21,AdamW,False,820.0530667304993,83073,,,,,,,,analytical_burgers_entropy_solution,True,Analytical entropy solution of the inviscid Burgers Riemann problem,pointwise_analytic,1000.0,401,1.0,space_time_rel_l2,2026-07-21 00:37:38,,,,,,,,,,,,0.0001,1024.0,512.0,False,1204.8069705963137,0.1204806970596313,,,,,,,,,,,,,,,,,,,,,,,,,,,,,,,,,,,,,,,,,,,,,,,,,,,,,,,,,,,,,,,,,,,,,,,,,,,,,,,,,,,,,,,,,,,,,,,,,,,,,,,,,,,,,,,,,,,,,,,,,,,,,,,,,,,,,,,,,,,,,,,,,,,,,,,,,,,,,,,,,,,,,,,,,,,,,,,,,,,,,,,,,,,,,,,,,,,,,,,,,,,,,,,,,,,,,,,,,,,,,,gPINN-sub.,space_time_rel_l2,0.1267814275298656,True,success
1d_euler,aaf_pinn,AAF-PINN,7,AAF-PINN,,,,,,,,,,,,,,,,,,,,,,,,,,,,,,,,,,,,,1.0,0.0182574185835055,0.7,0.0667114034295082,0.999992847442627,0.0640662811205446,0.0942588491038103,0.5030142664909363,2.0,1.0,15.29198932647705,0.0902021527290344,,,,4000,6000,10000,2026-07-03 00:46:48,AdamW,False,607.1077389717102,83332,5.0,0.2709110677242279,1.3545553386211395,1.0,1e-06,20.0,6.0,analytical_sod_riemann_solution,True,Analytical Sod Riemann solution,pointwise_analytic,700.0,301,0.2,primitive_scaled_space_time_rel_l2,2026-07-21 00:37:38,,,,,,,,,,,,,,,,,,,,,,,,,,,,,,,,,,,,,,,,,,,,,,,,,,,,,,,,,,,,0.0091964229688703,0.0207987963827928,0.0304873354607834,0.0139969966829463,0.0262528857656409,0.0403618245474919,0.0891598239541053,1.0520999431610107,0.0405667347904038,0.123949823215639,0.2855633106983858,0.0442990200756049,0.1419822027572253,0.2312829117470826,-0.066662311553955,0.9736871123313904,0.0091859253000713,0.0225557474401698,0.0337965637422504,0.0116320674129638,0.0285141627994434,0.0459044222551785,0.0991733148694038,1.0066289901733398,0.1067605105505,0.1214477891594568,0.0,0.0,1.1446305513381958,0.2696305513381958,1.999856948852539,0.1449517087546392,0.9461701512336732,0.046170151233673,0.0005222408849224,0.0004581572903417,0.9078760651783924,0.0034947060226084,0.0048658006328061,0.0255927202070389,0.0024583034211291,0.0037454819313646,0.9997459966860512,0.0002285369051475,0.0001892397166996,0.0008036198480628,0.0011186745528064,0.0006526592098376,0.0003028710510352,0.0030007282942005,0.0272386220220652,0.0008848709776607,0.0006417376292064,0.0056449548523875,0.0016767684133398,,,,,,,,,,,,,,,,,,,,,,,,,,,,,,,,,,,,,,,,,,,,,,,,,,,,,,,,,,,,,,,,,,,,,,,,,,,,,,,,,,,,,,,,,,,,,,,,,,,,,,,,,,,,,,,,,,,,,,,,,,,,,AAF-PINN,primitive_scaled_space_time_rel_l2,0.1067605105505,True,success
1d_euler,aaf_pinn,AAF-PINN,42,AAF-PINN,,,,,,,,,,,,,,,,,,,,,,,,,,,,,,,,,,,,,1.0,0.0182574185835055,0.7,0.0658976510167121,0.999988317489624,0.0635535868094007,0.0925054345596981,0.5108680725097656,2.0,0.9999999403953552,15.264988899230955,0.0904744267463684,,,,4000,6000,10000,2026-07-03 00:57:05,AdamW,False,616.0041608810425,83332,5.0,0.2826616168022156,1.413308084011078,1.0,1e-06,20.0,6.0,analytical_sod_riemann_solution,True,Analytical Sod Riemann solution,pointwise_analytic,700.0,301,0.2,primitive_scaled_space_time_rel_l2,2026-07-21 00:37:38,,,,,,,,,,,,,,,,,,,,,,,,,,,,,,,,,,,,,,,,,,,,,,,,,,,,,,,,,,,,0.0087890145072143,0.0200142659902702,0.0293373534706812,0.0126448219726477,0.0239054989398023,0.0367528949975987,0.0913254767656326,1.0496500730514526,0.0377569049184073,0.1161819334504944,0.2676671632015419,0.0392175585910995,0.1318985655411909,0.2148570997013754,-0.0675187110900878,0.9785041809082032,0.0084510531302995,0.0212998310075005,0.0319147524706782,0.0097211797076211,0.0258623343227747,0.0416352927353146,0.0992515608668327,1.0096479654312134,0.100199753974309,0.1125915385417693,0.0,0.0,1.132563591003418,0.2575635910034179,1.9983339309692385,0.1434286908713384,0.9569273591041564,0.0569273591041564,0.0008761603357081,0.0008714707127254,0.8177035196059443,0.002566241956074,0.0030097405202238,0.0204206638485405,0.0022407718653117,0.00390999775612,0.9943281302535764,0.0002522391908619,0.0001740407754396,0.0018401346710344,0.0012707363722579,0.0004441805372939,0.0001671549042685,0.0030298169351744,0.0208718217319868,0.0009250904894284,0.0006529090901799,0.0070281293593733,0.0016998060513082,,,,,,,,,,,,,,,,,,,,,,,,,,,,,,,,,,,,,,,,,,,,,,,,,,,,,,,,,,,,,,,,,,,,,,,,,,,,,,,,,,,,,,,,,,,,,,,,,,,,,,,,,,,,,,,,,,,,,,,,,,,,,AAF-PINN,primitive_scaled_space_time_rel_l2,0.100199753974309,True,success
1d_euler,aaf_pinn,AAF-PINN,100,AAF-PINN,,,,,,,,,,,,,,,,,,,,,,,,,,,,,,,,,,,,,1.0,0.0182574185835055,0.7,0.0661924183368682,0.9999942779541016,0.0639842500307616,0.0929412247241704,0.5063663721084595,2.0,0.9999999403953552,15.283220291137695,0.0905926823616027,,,,4000,6000,10000,2026-07-03 01:07:34,AdamW,False,627.7164170742035,83332,5.0,0.2801121175289154,1.400560587644577,1.0,1e-06,20.0,6.0,analytical_sod_riemann_solution,True,Analytical Sod Riemann solution,pointwise_analytic,700.0,301,0.2,primitive_scaled_space_time_rel_l2,2026-07-21 00:37:38,,,,,,,,,,,,,,,,,,,,,,,,,,,,,,,,,,,,,,,,,,,,,,,,,,,,,,,,,,,,0.0087006805483048,0.0202067461102937,0.0296194950850652,0.0128545642364086,0.0245565639996209,0.0377538582420962,0.0864574462175369,1.0504560470581057,0.0384354561160494,0.1191689098857951,0.2745487452620391,0.041383279025317,0.1353293927066454,0.2204457698383227,-0.0638619065284729,0.9781686067581176,0.0091397940623398,0.021750453918065,0.0325899464965472,0.0110504879144136,0.0269560291636048,0.0433960117907853,0.099134974181652,1.0098835229873655,0.1026950722950858,0.1156163010229786,0.0,0.0,1.1432439088821411,0.2682439088821411,2.001572608947754,0.1466673688498541,0.957375168800354,0.0573751688003539,0.0003743039895307,0.0002433956055288,0.9438509424203058,0.0029841516400701,0.0036494174997851,0.0231445913652081,0.0031889100267775,0.0049382037283717,0.9995646533577568,0.0002888193370283,0.0001847894820629,0.0014256846351408,0.0011864495122234,0.0006856428924142,0.0003561218561561,0.0027964346949669,0.0240970967463608,0.001335396494672,0.0009321888819897,0.0063198384675632,0.0024184622688269,,,,,,,,,,,,,,,,,,,,,,,,,,,,,,,,,,,,,,,,,,,,,,,,,,,,,,,,,,,,,,,,,,,,,,,,,,,,,,,,,,,,,,,,,,,,,,,,,,,,,,,,,,,,,,,,,,,,,,,,,,,,,AAF-PINN,primitive_scaled_space_time_rel_l2,0.1026950722950858,True,success
1d_euler,aaf_pinn,AAF-PINN,2026,AAF-PINN,,,,,,,,,,,,,,,,,,,,,,,,,,,,,,,,,,,,,1.0,0.0182574185835055,0.7,0.0663511380553245,0.999974489212036,0.0641585660965505,0.0930796521881793,0.4988975524902344,2.0,0.9999999403953552,15.265686988830566,0.090090624988079,,,,4000,6000,10000,2026-07-03 00:36:40,AdamW,False,614.8786566257477,83332,5.0,0.2780197560787201,1.3900987803936005,1.0,1e-06,20.0,6.0,analytical_sod_riemann_solution,True,Analytical Sod Riemann solution,pointwise_analytic,700.0,301,0.2,primitive_scaled_space_time_rel_l2,2026-07-21 00:37:38,,,,,,,,,,,,,,,,,,,,,,,,,,,,,,,,,,,,,,,,,,,,,,,,,,,,,,,,,,,,0.0087761629564558,0.0201650959082957,0.0295584432983681,0.0132040580596465,0.0247986784270328,0.0381260908464222,0.0920752212405204,1.0474547147750854,0.0392158130568329,0.1204429582856096,0.2774839771938189,0.0423373934607294,0.1366853821632948,0.2226546184386538,-0.0662334114313125,0.9776014685630798,0.0089851586847232,0.0219425295492918,0.0328777443773892,0.0111695869055608,0.0269360719666763,0.0433638830693048,0.0994148999452591,1.0074657201766968,0.1037365972547176,0.1167115803749014,0.0,0.0,1.116180181503296,0.2411801815032959,2.0073459148406982,0.1524406747427984,0.9529610872268676,0.0529610872268676,0.0006316946329945,0.0006087828219262,0.9999999981718042,0.0031532835331941,0.0039702872158825,0.0239288052141106,0.0022903118368117,0.0034346270982075,0.8445060651208423,0.0002548863902635,0.0001537243016792,0.0009943454556271,0.0014009150758285,0.0007201673406184,0.0003195111454302,0.0036661879162667,0.0239498039257377,0.0009498152696252,0.0005096600497746,0.0044187570366671,0.0024238710518262,,,,,,,,,,,,,,,,,,,,,,,,,,,,,,,,,,,,,,,,,,,,,,,,,,,,,,,,,,,,,,,,,,,,,,,,,,,,,,,,,,,,,,,,,,,,,,,,,,,,,,,,,,,,,,,,,,,,,,,,,,,,,AAF-PINN,primitive_scaled_space_time_rel_l2,0.1037365972547176,True,success
1d_euler,aaf_pinn,AAF-PINN,31415,AAF-PINN,,,,,,,,,,,,,,,,,,,,,,,,,,,,,,,,,,,,,1.0,0.0182574185835055,0.7,0.0651422217488288,0.9999914169311525,0.0618565686395143,0.092551577047701,0.5052087903022766,2.0,1.0000001192092896,15.251858711242676,0.0903646573424339,,,,4000,6000,10000,2026-07-03 01:18:43,AdamW,False,667.7795209884644,83332,5.0,0.2813847661018371,1.4069238305091858,1.0,1e-06,20.0,6.0,analytical_sod_riemann_solution,True,Analytical Sod Riemann solution,pointwise_analytic,700.0,301,0.2,primitive_scaled_space_time_rel_l2,2026-07-21 00:37:38,,,,,,,,,,,,,,,,,,,,,,,,,,,,,,,,,,,,,,,,,,,,,,,,,,,,,,,,,,,,0.0089977980760799,0.0200661161137701,0.0294133565277683,0.0133300408812333,0.0251886299729715,0.0387256118293612,0.0929301530122757,1.0465682744979858,0.0381781009215835,0.118131496860589,0.2721586886217478,0.0398671210617469,0.1324753883463728,0.2157967192829416,-0.0726323127746582,0.976651966571808,0.0085119847932495,0.0212650337299042,0.0318626137236268,0.0102867012189055,0.0264226193880034,0.0425372852784038,0.0985704660415649,1.0087810754776,0.1017481306499404,0.1134173399072582,0.0,0.0,1.1429461240768433,0.2679461240768432,2.011669397354126,0.1567641572562261,0.9544047117233276,0.0544047117233276,0.0003561991519666,0.000394509636538,0.9811418595154175,0.0032231266881624,0.0042587840902514,0.0241426412485477,0.0021519636283674,0.0036399081031114,0.9927141791816764,0.0003119575814686,0.0002639559938973,0.0012117303189535,0.0017060742623119,0.0007980542597364,0.0004701412130221,0.0031966924767923,0.0514904113227576,0.0012413745909975,0.0007760487119345,0.0045491610818273,0.002636840348974,,,,,,,,,,,,,,,,,,,,,,,,,,,,,,,,,,,,,,,,,,,,,,,,,,,,,,,,,,,,,,,,,,,,,,,,,,,,,,,,,,,,,,,,,,,,,,,,,,,,,,,,,,,,,,,,,,,,,,,,,,,,,AAF-PINN,primitive_scaled_space_time_rel_l2,0.1017481306499404,True,success
1d_euler,lra_pinn,LRA-PINN,7,LRA-PINN,,,,,,,,,,,,,,,,,,,,,,,,,,,,,,,,,,,,,1.0,0.0182574185835055,0.7,0.0551829375326633,1.0,0.0524229933144661,0.0669219884336163,0.5141900181770325,2.0,1.0,17.003583908081055,0.090039424598217,,,,4000,6000,10000,2026-07-01 21:56:31,AdamW,False,540.0487473011017,83331,,,,,,,,analytical_sod_riemann_solution,True,Analytical Sod Riemann solution,pointwise_analytic,700.0,301,0.2,primitive_scaled_space_time_rel_l2,2026-07-21 00:37:38,,,,,,,,,,,,,,,,,,0.9,500.0,9999.962915844664,9999.99999996516,999996.2915844664,299999.9999989548,1.0,,,,,,,,,,,,,,,,,,,,,,,,,,,,,,,,,,,,0.0596188825740956,0.1440302974943444,0.2111227936179686,0.1120957771267741,0.2084994829150396,0.3205521717796633,0.1128361821174621,1.6554046869277954,0.1627195435231688,0.3553426842285861,0.8186605733533882,0.309717811933706,0.4957222222766229,0.8075102143746489,-0.006909504532814,0.7398678064346313,0.0530507532778187,0.0965274609944252,0.1446326040415676,0.115396209695903,0.1427296239781512,0.2297777765210691,0.0402673669159412,1.011483907699585,0.3391622658166903,0.4712025629673411,0.0,0.0,3.1118483543396,2.2368483543396,1.5492222309112549,0.0,0.9754196405410768,0.0754196405410766,0.0025545208593679,0.0109172101035317,0.9501175965610272,0.0472347044391905,0.0814907572391793,0.4276457387235655,0.1522149008431723,0.3385176207219852,0.9999999999703147,0.0032262310490474,0.0026422770867256,0.0088444381748063,0.0081843137930989,0.019904843858859,0.0175193807768488,0.0688939521713704,0.3079828256647242,0.0937883738243542,0.0836924025114736,0.2651585595397567,0.106173137322882,,,,,,,,,,,,,,,,,,,,,,,,,,,,,,,,,,,,,,,,,,,,,,,,,,,,,,,,,,,,,,,,,,,,,,,,,,,,,,,,,,,,,,,,,,,,,,,,,,,,,,,,,,,,,,,,,,,,,,,,,,,,,LRA-PINN,primitive_scaled_space_time_rel_l2,0.3391622658166903,True,success
1d_euler,lra_pinn,LRA-PINN,42,LRA-PINN,,,,,,,,,,,,,,,,,,,,,,,,,,,,,,,,,,,,,1.0,0.0182574185835055,0.7,0.0462466329336166,0.9999938011169434,0.0475472704154874,0.0544942783314876,0.4943426251411438,2.0,1.0,19.466243743896484,0.0739111304283142,,,,4000,6000,10000,2026-07-01 22:05:10,AdamW,False,518.7976360321045,83331,,,,,,,,analytical_sod_riemann_solution,True,Analytical Sod Riemann solution,pointwise_analytic,700.0,301,0.2,primitive_scaled_space_time_rel_l2,2026-07-21 00:37:38,,,,,,,,,,,,,,,,,,0.9,500.0,9999.99995271638,9999.999999999987,999999.995271638,299999.99999999965,1.0,,,,,,,,,,,,,,,,,,,,,,,,,,,,,,,,,,,,0.0606344996981709,0.1186727277482665,0.1739531073971603,0.113119192194917,0.159568595768596,0.2453246368111978,0.0626660957932472,1.015395164489746,0.1724798227501186,0.35675664890976,0.821918153115032,0.3367742692459329,0.4993466124484418,0.8134141903376019,-0.0029937028884887,0.9183930158615112,0.0529669050759548,0.1005546649655807,0.1506667936012453,0.1000194737011334,0.1403822754753548,0.2259988236684001,0.0078590800985693,1.0096575021743774,0.3318223068662443,0.4550820733700723,0.0,0.0,0.9508044123649596,0.0758044123649597,1.8437511920928955,0.0,1.0819509029388428,0.1819509029388427,0.0136201050973861,0.0271750266764512,0.9823413743972184,0.0640643888680426,0.1252401887893367,0.5953986131135138,0.1580050248294797,0.3044460240358389,0.9950641881116784,0.0083929385093224,0.0076518867830863,0.0281518993018282,0.03325762421504,0.0315487360575022,0.0295925673979472,0.1031221019874762,0.4635868858015776,0.0757947981847662,0.0683846458741108,0.2431885453906535,0.12052661011905,,,,,,,,,,,,,,,,,,,,,,,,,,,,,,,,,,,,,,,,,,,,,,,,,,,,,,,,,,,,,,,,,,,,,,,,,,,,,,,,,,,,,,,,,,,,,,,,,,,,,,,,,,,,,,,,,,,,,,,,,,,,,LRA-PINN,primitive_scaled_space_time_rel_l2,0.3318223068662443,True,success
1d_euler,lra_pinn,LRA-PINN,100,LRA-PINN,,,,,,,,,,,,,,,,,,,,,,,,,,,,,,,,,,,,,1.0,0.0182574185835055,0.7,0.0428161099553108,1.0,0.0399235060087773,0.0516385710184159,0.4946519136428833,2.0,1.0000001192092896,18.10630989074707,0.0707890167832374,,,,4000,6000,10000,2026-07-01 22:13:17,AdamW,False,485.5055866241455,83331,,,,,,,,analytical_sod_riemann_solution,True,Analytical Sod Riemann solution,pointwise_analytic,700.0,301,0.2,primitive_scaled_space_time_rel_l2,2026-07-21 00:37:38,,,,,,,,,,,,,,,,,,0.9,500.0,9999.996669911376,10000.0,999999.6669911378,300000.0,1.0,,,,,,,,,,,,,,,,,,,,,,,,,,,,,,,,,,,,0.0575501586174411,0.1173935150323758,0.172078009123333,0.1100839365205186,0.1633621480650871,0.2511569362989403,0.1138846799731254,1.1628435850143433,0.1776911761995095,0.368704604526655,0.8494445962637417,0.3475417398236922,0.5174970273270263,0.8429804368179057,-0.0011702179908752,0.5036839842796326,0.0441742733704382,0.086215191884235,0.1291811426686183,0.0868629119996191,0.1206691932776341,0.1942630979688583,0.0648209601640701,1.0011245012283323,0.3364189147919936,0.4644250359602709,0.0,0.0,2.023174285888672,1.148174285888672,1.0981472730636597,0.0,0.9527510404586792,0.0527510404586791,0.0059808758821961,0.0126321949386441,0.9985893933223694,0.0588944199198305,0.1141394994212746,0.5191933457253731,0.1377027090847992,0.2788564546751817,0.9999999999720436,0.0038276486497015,0.0030716317181745,0.015664118288936,0.0116165002405989,0.0275941298379655,0.0229929614202353,0.1062127229226156,0.449534593673766,0.068382748881034,0.0590116024134885,0.2634337086252271,0.0722981982821174,,,,,,,,,,,,,,,,,,,,,,,,,,,,,,,,,,,,,,,,,,,,,,,,,,,,,,,,,,,,,,,,,,,,,,,,,,,,,,,,,,,,,,,,,,,,,,,,,,,,,,,,,,,,,,,,,,,,,,,,,,,,,LRA-PINN,primitive_scaled_space_time_rel_l2,0.3364189147919936,True,success
1d_euler,lra_pinn,LRA-PINN,2026,LRA-PINN,,,,,,,,,,,,,,,,,,,,,,,,,,,,,,,,,,,,,1.0,0.0182574185835055,0.7,0.0441847369074821,1.0,0.0388058324104835,0.0574217628481194,0.4916377663612366,2.0,0.9999998211860656,17.630361557006836,0.0735860913991928,,,,4000,6000,10000,2026-07-01 21:47:30,AdamW,False,507.5711190700531,83331,,,,,,,,analytical_sod_riemann_solution,True,Analytical Sod Riemann solution,pointwise_analytic,700.0,301,0.2,primitive_scaled_space_time_rel_l2,2026-07-21 00:37:38,,,,,,,,,,,,,,,,,,0.9,500.0,9999.58746318644,9999.99999999991,999958.746318644,299999.9999999973,1.0,,,,,,,,,,,,,,,,,,,,,,,,,,,,,,,,,,,,0.0652395405089304,0.130863674938841,0.1918228672497654,0.1271237499181096,0.1838969700204062,0.2827276705897706,0.0916990488767623,1.0679587125778198,0.181294625741816,0.3698950906489097,0.8521873122240547,0.3572862930047397,0.5204692346089101,0.8478220348571007,-0.0002221800386905,0.5478286743164062,0.0485908859430156,0.0935733693651877,0.1402063199508807,0.0917402318093879,0.130163946302019,0.2095485249023296,0.0335339158773422,1.006862759590149,0.3438644413856442,0.4759810657362449,0.0,0.0,1.6789567470550537,0.8039567470550537,1.36224365234375,0.0,1.0033574104309082,0.1033574104309081,0.005128524491971,0.0069442287328962,0.9987690669567344,0.062031342019032,0.1222325132979649,0.5559442900738392,0.1493235751050939,0.2821898879814133,0.9999999999794488,0.0028425600455762,0.0013341382305577,0.0149792372627239,0.0132766736372316,0.028425415198792,0.0272805004113565,0.112468942511491,0.4790178001418818,0.0650928006912404,0.0608771996841756,0.2590853895778881,0.0973698781810233,,,,,,,,,,,,,,,,,,,,,,,,,,,,,,,,,,,,,,,,,,,,,,,,,,,,,,,,,,,,,,,,,,,,,,,,,,,,,,,,,,,,,,,,,,,,,,,,,,,,,,,,,,,,,,,,,,,,,,,,,,,,,LRA-PINN,primitive_scaled_space_time_rel_l2,0.3438644413856442,True,success
1d_euler,lra_pinn,LRA-PINN,31415,LRA-PINN,,,,,,,,,,,,,,,,,,,,,,,,,,,,,,,,,,,,,1.0,0.0182574185835055,0.7,0.0485660061240196,1.0,0.0469576719576719,0.0563861203396087,0.4945626258850097,2.0,1.0,17.86627769470215,0.0756948068737983,,,,4000,6000,10000,2026-07-01 22:21:40,AdamW,False,502.9360344409943,83331,,,,,,,,analytical_sod_riemann_solution,True,Analytical Sod Riemann solution,pointwise_analytic,700.0,301,0.2,primitive_scaled_space_time_rel_l2,2026-07-21 00:37:38,,,,,,,,,,,,,,,,,,0.9,500.0,9546.36002539074,10000.0,954636.002539074,300000.0,1.0,,,,,,,,,,,,,,,,,,,,,,,,,,,,,,,,,,,,0.0581554804429931,0.1154719299562005,0.1692613072452254,0.1118467306676562,0.1590606954165894,0.244543778467536,0.0491912700235843,1.013339877128601,0.1739358829272889,0.3639104829573319,0.8383996008639119,0.3413241156775722,0.5100124252651524,0.830788341438893,-0.0038093328475952,1.1949875354766846,0.0545211131489783,0.0992865246859591,0.1487666666421173,0.1034989702678894,0.1388082144745935,0.2234647720343901,0.0127013595774769,1.005149483680725,0.3356624883151077,0.4622495319701977,0.0,0.0,1.0112740993499756,0.1362740993499755,2.4446821212768555,0.5897768811789557,1.0724903345108032,0.1724903345108032,0.0151650851463791,0.030433815610553,0.99701065405131,0.0631401119011026,0.1251887420010495,0.5780725890103144,0.1660783868967775,0.3221042479371458,0.9996890599633438,0.0086466784803912,0.0072986608603046,0.0266263092945748,0.0336997752385966,0.0312640882888828,0.0269830401139029,0.1023515581819764,0.5511727789990077,0.0815963500260843,0.0640947628044475,0.26443658472757,0.1056167109905233,,,,,,,,,,,,,,,,,,,,,,,,,,,,,,,,,,,,,,,,,,,,,,,,,,,,,,,,,,,,,,,,,,,,,,,,,,,,,,,,,,,,,,,,,,,,,,,,,,,,,,,,,,,,,,,,,,,,,,,,,,,,,LRA-PINN,primitive_scaled_space_time_rel_l2,0.3356624883151077,True,success
1d_euler,rad_pinn,RAD-PINN,7,RAD-PINN,,,,,,,,,,,,,,,,,,,,,,,,,,,,,,,,,,,,,1.0,0.0182574185835055,0.7,0.0673903226852417,0.9999775886535645,0.0626922603666789,0.092807924203273,0.5138454437255859,2.0,1.0,14.849120140075684,0.0948847532272338,,,,4000,6000,10000,2026-07-01 06:15:59,AdamW,False,495.1029579639435,83331,,,,,,,,analytical_sod_riemann_solution,True,Analytical Sod Riemann solution,pointwise_analytic,700.0,301,0.2,primitive_scaled_space_time_rel_l2,2026-07-21 00:37:38,,,,,,,,,,,,,,,,,,,,,,,,,,,1.0,1.0,3.0,500.0,12.0,,,,,,,,,,,,,,,,,,,,,,,,,,,,,0.0159668513935238,0.034555506729954,0.0506522255569102,0.0250696108807984,0.0426911537776913,0.0656344172555806,0.0764369592070579,1.0981309413909912,0.0640042836056941,0.1812619350551789,0.4176025179794028,0.083383739506082,0.2187170486657834,0.3562806808304468,-0.1598550528287887,1.013822317123413,0.0147304271482214,0.0335792049693211,0.0503136393138834,0.0217948588606812,0.0446429364607111,0.0718698360676956,0.0994951948523521,1.0175693035125732,0.1570668676528352,0.1877050279732773,0.0,0.0,1.2131608724594116,0.3381608724594116,2.061461925506592,0.206556685408692,0.9750759601593018,0.0750759601593017,0.0024139791737881,0.003175642464221,0.8818086494202885,0.0040941507292568,0.0066666275467825,0.0265032105587159,0.0061446351589044,0.0119937995704463,0.9833085871529288,0.000411664970611,0.0002704011795062,0.0022741963908325,0.0023120271422465,0.0010102796234869,0.0003302552552566,0.0043254267302714,0.0306344793810524,0.002192180515376,0.00046802670859,0.0120330781654109,0.003587347099101,,,,,,,,,,,,,,,,,,,,,,,,,,,,,,,,,,,,,,,,,,,,,,,,,,,,,,,,,,,,,,,,,,,,,,,,,,,,,,,,,,,,,,,,,,,,,,,,,,,,,,,,,,,,,,,,,,,,,,,,,,,,,RAD-PINN,primitive_scaled_space_time_rel_l2,0.1570668676528352,True,success
1d_euler,rad_pinn,RAD-PINN,42,RAD-PINN,,,,,,,,,,,,,,,,,,,,,,,,,,,,,,,,,,,,,1.0,0.0182574185835055,0.7,0.0653829351067543,0.9999758005142212,0.0623436282351011,0.0922849760059062,0.5130825042724609,2.0,0.9999999403953552,14.778203964233398,0.093942642211914,,,,4000,6000,10000,2026-07-01 06:24:39,AdamW,False,519.1634933948517,83331,,,,,,,,analytical_sod_riemann_solution,True,Analytical Sod Riemann solution,pointwise_analytic,700.0,301,0.2,primitive_scaled_space_time_rel_l2,2026-07-21 00:37:38,,,,,,,,,,,,,,,,,,,,,,,,,,,1.0,1.0,3.0,500.0,12.0,,,,,,,,,,,,,,,,,,,,,,,,,,,,,0.0150886900356966,0.0325066060227785,0.0476489016127816,0.0234266758896878,0.0398069637835711,0.0612001934699172,0.0770625993609428,1.0705106258392334,0.0597123528841387,0.1678022428738545,0.3865932421243387,0.0777293895477767,0.2011669806799559,0.327692373660273,-0.0972223281860351,1.0105035305023191,0.0141533151712872,0.0307944101286806,0.0461410222640408,0.020389565375645,0.0404000619870309,0.0650393110831313,0.0991484075784683,1.0128211975097656,0.1454541683456307,0.1726138137532328,0.0,0.0,1.1991825103759766,0.3241825103759765,2.040103912353516,0.1851986722556158,0.9547652006149292,0.0547652006149291,0.0022373533284757,0.0031225632195722,0.9841145720706032,0.0034706397470198,0.0051593702096458,0.0225467529500334,0.0046337020603098,0.0097330351925502,0.9773929367362004,0.0004132924644067,0.0002007112903651,0.0026258062777645,0.0024571693013039,0.0008364014915663,0.0003355649867679,0.0046693648717326,0.0506424380979133,0.0017038801909412,0.000558740911248,0.0083522343512535,0.0029716544767839,,,,,,,,,,,,,,,,,,,,,,,,,,,,,,,,,,,,,,,,,,,,,,,,,,,,,,,,,,,,,,,,,,,,,,,,,,,,,,,,,,,,,,,,,,,,,,,,,,,,,,,,,,,,,,,,,,,,,,,,,,,,,RAD-PINN,primitive_scaled_space_time_rel_l2,0.1454541683456307,True,success
1d_euler,rad_pinn,RAD-PINN,100,RAD-PINN,,,,,,,,,,,,,,,,,,,,,,,,,,,,,,,,,,,,,1.0,0.0182574185835055,0.7,0.0663469061255455,0.9999840259552002,0.0623487551782125,0.093146302448628,0.5028729438781738,2.0,0.9999999403953552,14.97503662109375,0.0947846993803978,,,,4000,6000,10000,2026-07-01 06:33:32,AdamW,False,532.6141667366028,83331,,,,,,,,analytical_sod_riemann_solution,True,Analytical Sod Riemann solution,pointwise_analytic,700.0,301,0.2,primitive_scaled_space_time_rel_l2,2026-07-21 00:37:38,,,,,,,,,,,,,,,,,,,,,,,,,,,1.0,1.0,3.0,500.0,12.0,,,,,,,,,,,,,,,,,,,,,,,,,,,,,0.0152630673565002,0.0337303691862422,0.049442720707041,0.0233096333916404,0.0402345448151098,0.0618575669384518,0.0661091655492782,1.062585473060608,0.0598384575821257,0.1694420939803615,0.3903712330796939,0.0753242525916539,0.2001225389448193,0.3259910229208032,-0.095583289861679,1.0053893327713013,0.0142612710959078,0.031467867547841,0.0471501019522541,0.0203801338708284,0.0407643956420766,0.0656258450824152,0.0992367714643478,1.0154986381530762,0.1471476386966733,0.171979696335736,0.0,0.0,1.2228327989578247,0.3478327989578247,2.037073135375977,0.1821678952780767,0.965748965740204,0.0657489657402038,0.001863456005321,0.0025867430268497,0.9728385329725406,0.0029884330442539,0.0044223281773735,0.0195367066881338,0.0038410150674523,0.0086270243383904,0.9697905023076888,0.0005192720043677,0.000293577201214,0.0027656649189514,0.0028573255417564,0.0008990926416785,0.0006398723040051,0.0032345115600601,0.0335870096823005,0.00228476267051,0.0018072764993104,0.0091594165765261,0.004055500152771,,,,,,,,,,,,,,,,,,,,,,,,,,,,,,,,,,,,,,,,,,,,,,,,,,,,,,,,,,,,,,,,,,,,,,,,,,,,,,,,,,,,,,,,,,,,,,,,,,,,,,,,,,,,,,,,,,,,,,,,,,,,,RAD-PINN,primitive_scaled_space_time_rel_l2,0.1471476386966733,True,success
1d_euler,rad_pinn,RAD-PINN,2026,RAD-PINN,,,,,,,,,,,,,,,,,,,,,,,,,,,,,,,,,,,,,1.0,0.0182574185835055,0.7,0.0652997121214866,0.999988317489624,0.0618104261515114,0.0933052376850826,0.5111020803451538,2.0,1.0,15.055453300476074,0.0935767665505409,,,,4000,6000,10000,2026-07-01 06:07:43,AdamW,False,503.01036953926086,83331,,,,,,,,analytical_sod_riemann_solution,True,Analytical Sod Riemann solution,pointwise_analytic,700.0,301,0.2,primitive_scaled_space_time_rel_l2,2026-07-21 00:37:38,,,,,,,,,,,,,,,,,,,,,,,,,,,1.0,1.0,3.0,500.0,12.0,,,,,,,,,,,,,,,,,,,,,,,,,,,,,0.0151578866047226,0.033766850900283,0.0494961964098498,0.0223033724303331,0.0384883309779582,0.0591728953504712,0.0658584982156753,1.0573092699050903,0.0581120602687471,0.1635699941754274,0.3768427243852437,0.0678190926315733,0.1842204769864384,0.30008724680595,-0.1164782270789146,0.9930302500724792,0.0139699188420151,0.0300486022359438,0.045023535731918,0.0191564769677661,0.0376418002385578,0.0605988366114527,0.0991623848676681,1.0110305547714231,0.1422503461171584,0.158660220737786,0.0,0.0,1.2154316902160645,0.3404316902160644,2.010455846786499,0.1555506066885992,0.9502338171005248,0.0502338171005248,0.0011680024626176,0.0009834226273159,0.9363700344369248,0.002309299104268,0.0031516845159488,0.0159579069073578,0.0017454315412253,0.0030253667295163,0.942514696682604,0.0004481583435536,0.0003035658746632,0.001751336525169,0.0025696811171396,0.0005603720186373,0.0003180938039777,0.0031780051035382,0.0306849639928085,0.0014355080987026,0.0012665319486066,0.0060878721344186,0.0037023651231547,,,,,,,,,,,,,,,,,,,,,,,,,,,,,,,,,,,,,,,,,,,,,,,,,,,,,,,,,,,,,,,,,,,,,,,,,,,,,,,,,,,,,,,,,,,,,,,,,,,,,,,,,,,,,,,,,,,,,,,,,,,,,RAD-PINN,primitive_scaled_space_time_rel_l2,0.1422503461171584,True,success
1d_euler,rad_pinn,RAD-PINN,31415,RAD-PINN,,,,,,,,,,,,,,,,,,,,,,,,,,,,,,,,,,,,,1.0,0.0182574185835055,0.7,0.0687566325068473,0.9999850988388062,0.0638612033960871,0.0927361469997128,0.4980296194553375,2.0,0.9999999403953552,14.834755897521973,0.0935296416282653,,,,4000,6000,10000,2026-07-01 06:41:54,AdamW,False,500.7263216972351,83331,,,,,,,,analytical_sod_riemann_solution,True,Analytical Sod Riemann solution,pointwise_analytic,700.0,301,0.2,primitive_scaled_space_time_rel_l2,2026-07-21 00:37:38,,,,,,,,,,,,,,,,,,,,,,,,,,,1.0,1.0,3.0,500.0,12.0,,,,,,,,,,,,,,,,,,,,,,,,,,,,,0.0145003675241831,0.0307940413266741,0.0451385864278306,0.0229051424978795,0.0390454177691857,0.0600293741210709,0.0862841010093689,1.0760875940322876,0.0580600173619286,0.1717964800771945,0.3957954141800107,0.0806124189788695,0.2140244556154489,0.3486366482457342,-0.1269029527902603,1.0054168701171875,0.0137616582727523,0.0318612716503059,0.0477395617722262,0.0207876966458038,0.042496385909739,0.0684141441164021,0.0993762910366058,1.020476460456848,0.1484720901476596,0.1828602421847188,0.0,0.0,1.1676795482635498,0.2926795482635498,2.052366256713867,0.1974610166159673,0.9647197127342224,0.0647197127342223,0.0024501298037362,0.0036188389170958,0.930986496819239,0.0041502205670167,0.0063236145492033,0.0276657023221049,0.0064039361353441,0.0115134266093021,0.9999999994360452,0.0007110969378235,0.0004318786997069,0.0034684362073933,0.0049257168113031,0.0014009784857539,0.0012510982723329,0.0055747764415839,0.0385015911753374,0.002871008978512,0.0028916828499435,0.010484778776533,0.0057582161682796,,,,,,,,,,,,,,,,,,,,,,,,,,,,,,,,,,,,,,,,,,,,,,,,,,,,,,,,,,,,,,,,,,,,,,,,,,,,,,,,,,,,,,,,,,,,,,,,,,,,,,,,,,,,,,,,,,,,,,,,,,,,,RAD-PINN,primitive_scaled_space_time_rel_l2,0.1484720901476596,True,success
1d_euler,rar_d_pinn,RAR-D-PINN,7,RAR-D-PINN,,,,,,,,,,,,,,,,,,,,,,,,,,,,,,,,,,,,,1.0,0.0182574185835055,0.7,0.0669985637068748,0.9999990463256836,0.0637894261925269,0.0948023050736229,0.5115715265274048,2.0,1.0000001192092896,14.656414031982422,0.096685916185379,,,,4000,6000,10000,2026-07-01 07:48:22,AdamW,False,530.1957697868347,83331,,,,,,,,analytical_sod_riemann_solution,True,Analytical Sod Riemann solution,pointwise_analytic,700.0,301,0.2,primitive_scaled_space_time_rel_l2,2026-07-21 00:37:38,,,,,,,,,,,,,,,,,,,,,,,,,,,,,,,,2.0,0.0,0.5,6000.0,12000.0,500.0,3.0,12.0,,,,,,,,,,,,,,,,,,,,,0.0170914960055677,0.0368639119714732,0.0540359369833969,0.0245886534716016,0.0415980908352986,0.0639539157254229,0.0612202435731887,1.103540062904358,0.0604896022016572,0.1621833146154111,0.3736480057824818,0.0684404423762969,0.1739352969648839,0.2833331301840553,-0.1573425829410553,1.011849284172058,0.0145420218207835,0.0297340615274636,0.0445522414362232,0.0193052176600242,0.0355782137570057,0.0572767069779958,0.0990494713187217,1.024037480354309,0.1418371616443076,0.1510739031308289,0.0,0.0,1.3781471252441406,0.5031471252441406,2.067415237426758,0.212509997328858,0.9893028140068054,0.0893028140068054,0.0016694494625864,0.0015026661670322,0.9633181600675575,0.0025500457559011,0.0030304154738794,0.0197677855700481,0.0002302600909457,1.1869232381694444e-05,0.6359174091143337,0.0004135785216747,0.0003528399785266,0.0013265186395928,0.0025120763411728,0.0004858562837308,0.0002913921195595,0.0023588911733688,0.0162472358422173,0.0013316016808731,0.000939880086903,0.0039506423380423,0.0024028136328098,,,,,,,,,,,,,,,,,,,,,,,,,,,,,,,,,,,,,,,,,,,,,,,,,,,,,,,,,,,,,,,,,,,,,,,,,,,,,,,,,,,,,,,,,,,,,,,,,,,,,,,,,,,,,,,,,,,,,,,,,,,,,RAR-D-PINN,primitive_scaled_space_time_rel_l2,0.1418371616443076,True,success
1d_euler,rar_d_pinn,RAR-D-PINN,42,RAR-D-PINN,,,,,,,,,,,,,,,,,,,,,,,,,,,,,,,,,,,,,1.0,0.0182574185835055,0.7,0.0665749162435531,0.9999902248382568,0.0635125712645092,0.0935923464993232,0.5090735554695129,2.0,1.0,14.362584114074709,0.0964914038777351,,,,4000,6000,10000,2026-07-01 07:57:00,AdamW,False,517.1260960102081,83331,,,,,,,,analytical_sod_riemann_solution,True,Analytical Sod Riemann solution,pointwise_analytic,700.0,301,0.2,primitive_scaled_space_time_rel_l2,2026-07-21 00:37:38,,,,,,,,,,,,,,,,,,,,,,,,,,,,,,,,2.0,0.0,0.5,6000.0,12000.0,500.0,3.0,12.0,,,,,,,,,,,,,,,,,,,,,0.0187498736053234,0.0383594019181202,0.0562280592025161,0.0288859730162174,0.0479033251435038,0.0736477361743608,0.0717227011919021,1.0815705060958862,0.0740891082610948,0.1914348136824583,0.4410394283740616,0.0962113962693708,0.2282153718965998,0.3717530415269099,-0.1362953186035156,1.0387600660324097,0.0166708589458543,0.0341293634376889,0.0511379731469275,0.0261166246568036,0.0460558478018303,0.0741444558511364,0.0985708460211753,1.0255836248397827,0.1660164674198811,0.1964754121322006,0.0,0.0,1.2492218017578125,0.3742218017578125,2.1036953926086426,0.2487901525107427,0.9747881293296814,0.0747881293296813,0.0033154096739895,0.0046814410664545,0.9976008630430128,0.0039344395686214,0.0056611349562423,0.0270050453759459,0.0023451718925812,0.0048032005058417,0.988296114770687,0.0006352677161025,0.0002926234216469,0.0040176755810031,0.0039895911998866,0.0008473481198502,0.0002153682152963,0.0049802702438252,0.0398667348323645,0.0011436046940138,0.0005966918503005,0.0050077068964162,0.0022817955528982,,,,,,,,,,,,,,,,,,,,,,,,,,,,,,,,,,,,,,,,,,,,,,,,,,,,,,,,,,,,,,,,,,,,,,,,,,,,,,,,,,,,,,,,,,,,,,,,,,,,,,,,,,,,,,,,,,,,,,,,,,,,,RAR-D-PINN,primitive_scaled_space_time_rel_l2,0.1660164674198811,True,success
1d_euler,rar_d_pinn,RAR-D-PINN,100,RAR-D-PINN,,,,,,,,,,,,,,,,,,,,,,,,,,,,,,,,,,,,,1.0,0.0182574185835055,0.7,0.0655994489789009,0.999996781349182,0.063066527213814,0.0943767687953734,0.5104588270187378,2.0,0.9999999403953552,14.717686653137209,0.0963579937815666,,,,4000,6000,10000,2026-07-01 08:05:30,AdamW,False,508.7959816455841,83331,,,,,,,,analytical_sod_riemann_solution,True,Analytical Sod Riemann solution,pointwise_analytic,700.0,301,0.2,primitive_scaled_space_time_rel_l2,2026-07-21 00:37:38,,,,,,,,,,,,,,,,,,,,,,,,,,,,,,,,2.0,0.0,0.5,6000.0,12000.0,500.0,3.0,12.0,,,,,,,,,,,,,,,,,,,,,0.0176714859089026,0.037909047760326,0.0555679201236899,0.0263328366543164,0.0447409560212608,0.0687858330370902,0.0645946413278579,1.088929533958435,0.0654192459486048,0.1750688689181922,0.4033345470894786,0.0802054230685135,0.2021888335554976,0.3293569281174012,-0.1638722419738769,1.0125716924667358,0.0152724928360243,0.0315637753703145,0.0472938061165343,0.0220233350719571,0.040137236741807,0.0646161935916258,0.0987108871340751,1.0261930227279663,0.1525419960245179,0.1744589151046547,0.0,0.0,1.298252820968628,0.4232528209686279,2.054827213287353,0.1999219731894537,0.9749237895011902,0.0749237895011901,0.0025037255653736,0.003401403552654,0.9978046211083345,0.0028450489857284,0.0036858056721678,0.0210920781116669,0.0026649199091301,0.0045991123296471,0.9800356009888238,0.0005880966196304,0.000308006700986,0.0030628590748132,0.0033737055234882,0.0006671512904604,0.0004100696996493,0.0026771739832987,0.0393884004092955,0.0014042923265563,0.0008810595367878,0.0061620856470771,0.0025531818493519,,,,,,,,,,,,,,,,,,,,,,,,,,,,,,,,,,,,,,,,,,,,,,,,,,,,,,,,,,,,,,,,,,,,,,,,,,,,,,,,,,,,,,,,,,,,,,,,,,,,,,,,,,,,,,,,,,,,,,,,,,,,,RAR-D-PINN,primitive_scaled_space_time_rel_l2,0.1525419960245179,True,success
1d_euler,rar_d_pinn,RAR-D-PINN,2026,RAR-D-PINN,,,,,,,,,,,,,,,,,,,,,,,,,,,,,,,,,,,,,1.0,0.0182574185835055,0.7,0.0657897517085075,0.9999982118606568,0.0621129157950863,0.0935769656699889,0.5151893496513367,2.0,1.0,14.6867036819458,0.0972193554043769,,,,4000,6000,10000,2026-07-01 07:34:59,AdamW,False,505.6328263282776,83331,,,,,,,,analytical_sod_riemann_solution,True,Analytical Sod Riemann solution,pointwise_analytic,700.0,301,0.2,primitive_scaled_space_time_rel_l2,2026-07-21 00:37:38,,,,,,,,,,,,,,,,,,,,,,,,,,,,,,,,2.0,0.0,0.5,6000.0,12000.0,500.0,3.0,12.0,,,,,,,,,,,,,,,,,,,,,0.0188376011686275,0.0407040514779492,0.0596648983519019,0.0287152885786195,0.0491786768706002,0.0756084929119221,0.0545419715344905,1.096717357635498,0.0697992138616408,0.1872344930253021,0.4313624684419316,0.0880997126105891,0.2204553940762008,0.3591123708615626,-0.1453848928213119,1.018381953239441,0.0161245998383574,0.0337183173380875,0.0505220793157419,0.0229772190196223,0.0439759898728685,0.0707961311160434,0.0991008132696151,1.0214848518371582,0.1631728040902723,0.1903601637242595,0.0,0.0,1.334010362625122,0.459010362625122,2.060532808303833,0.2056275682059332,0.9676238298416138,0.0676238298416137,0.0027832811193871,0.0040518730579709,0.9999999993264111,0.0029003084149319,0.004167943393269,0.0214879211948597,0.0038003090280682,0.007860250567682,0.9395819742510814,0.0005258451492182,0.0004089810375504,0.0031368021737795,0.0039016513819413,0.0006783958299269,0.0003650716870023,0.0035347677836329,0.0257904328949593,0.0015860323889175,0.0010980721289684,0.0075659961469425,0.0038301996513373,,,,,,,,,,,,,,,,,,,,,,,,,,,,,,,,,,,,,,,,,,,,,,,,,,,,,,,,,,,,,,,,,,,,,,,,,,,,,,,,,,,,,,,,,,,,,,,,,,,,,,,,,,,,,,,,,,,,,,,,,,,,,RAR-D-PINN,primitive_scaled_space_time_rel_l2,0.1631728040902723,True,success
1d_euler,rar_d_pinn,RAR-D-PINN,31415,RAR-D-PINN,,,,,,,,,,,,,,,,,,,,,,,,,,,,,,,,,,,,,1.0,0.0182574185835055,0.7,0.0646855682134628,0.9999953508377076,0.0609593535950125,0.0929617324966162,0.5134685039520264,2.0,1.0000001192092896,14.446476936340332,0.0968635082244873,,,,4000,6000,10000,2026-07-01 08:14:00,AdamW,False,509.90518450737,83331,,,,,,,,analytical_sod_riemann_solution,True,Analytical Sod Riemann solution,pointwise_analytic,700.0,301,0.2,primitive_scaled_space_time_rel_l2,2026-07-21 00:37:38,,,,,,,,,,,,,,,,,,,,,,,,,,,,,,,,2.0,0.0,0.5,6000.0,12000.0,500.0,3.0,12.0,,,,,,,,,,,,,,,,,,,,,0.0186721106184913,0.0388099995293555,0.0568885551407774,0.0285639938197321,0.0472817049761917,0.0726920422231431,0.0663734003901481,1.0861797332763672,0.0711666758661151,0.1865055225544396,0.4296830209392216,0.0898306475216511,0.218943042024383,0.3566488143077235,-0.1488496661186218,1.0272085666656494,0.0163777496327875,0.033417858982014,0.050071885412398,0.024020959118441,0.0439785365469224,0.070800230959407,0.0992465391755104,1.026937484741211,0.1620982855551712,0.1887516831642356,0.0,0.0,1.30839741230011,0.4333974123001098,2.098243236541748,0.2433379964438482,0.9764214158058168,0.0764214158058166,0.0027088506728976,0.003879778066359,0.992643193053002,0.003361084074935,0.0048940397655803,0.0234664847465444,0.0029303610375355,0.0064965665388922,0.9337673612113596,0.000613924259379,0.0002902473870052,0.0033907718107296,0.0053621960370071,0.0009853125111794,0.0007139848271409,0.0043690896419751,0.0271197651040753,0.001614089597125,0.0010634479659821,0.0069132812859047,0.003871767573183,,,,,,,,,,,,,,,,,,,,,,,,,,,,,,,,,,,,,,,,,,,,,,,,,,,,,,,,,,,,,,,,,,,,,,,,,,,,,,,,,,,,,,,,,,,,,,,,,,,,,,,,,,,,,,,,,,,,,,,,,,,,,RAR-D-PINN,primitive_scaled_space_time_rel_l2,0.1620982855551712,True,success
1d_euler,sa_pinn,SA-PINN,7,SA-PINN,,,,,,,,,,,,,,,,,,,,,,,,,,,,,,,,,,,,,1.0,0.0182574185835055,0.7,0.0691983625292778,0.9999998807907104,0.063825314794307,0.1121159919609532,0.5574327111244202,2.0,1.0000001192092896,14.542603492736816,0.0929956808686256,,,,4000,6000,10000,2026-07-01 09:28:07,AdamW,False,616.778463602066,83331,,,,,,,,analytical_sod_riemann_solution,True,Analytical Sod Riemann solution,pointwise_analytic,700.0,301,0.2,primitive_scaled_space_time_rel_l2,2026-07-21 00:37:38,,,,,,,,,,,,,,,,,,,,,,,,,,,,,,,,,,,,,,,,Adam,0.005,100.0,73.70441436767578,44.60733413696289,99.99117279052734,100.0,100.0,100.0,,,,,,,,,,,,0.0102961818144055,0.0231168575105076,0.0338852006986831,0.0139068826880691,0.0250257345279409,0.0384751724136487,0.0964913740754127,1.1144843101501465,0.0349311492359243,0.0890432048075044,0.2051432724981665,0.0376585485749643,0.0977208470174387,0.1591830637761696,-0.1465741246938705,1.0233861207962036,0.009835574165458,0.0198549882626124,0.0297498621226787,0.0111686106170309,0.0199708832159206,0.0321507547810721,0.0639067366719245,1.0637508630752563,0.0794081489893024,0.0853094558690769,0.0,0.0,1.3086681365966797,0.4336681365966797,2.072629451751709,0.2177242116538091,0.982804834842682,0.0828048348426818,0.0002097238803065,0.0002305185377564,0.9999999890068356,0.0016541893168914,0.0022724309046182,0.0264344960006635,0.0020396482630021,0.0013621974100984,0.9449755317643862,0.00035391493717,0.0002904445137549,0.0014491715360646,0.0016539624233096,0.0005248267676353,0.0002749519832203,0.0033349616591437,0.0195526472855099,0.0007060861839993,0.0004201582100027,0.003736668308823,0.0014954826414867,,,,,,,,,,,,,,,,,,,,,,,,,,,,,,,,,,,,,,,,,,,,,,,,,,,,,,,,,,,,,,,,,,,,,,,,,,,,,,,,,,,,,,,,,,,,,,,,,,,,,,,,,,,,,,,,,,,,,,,,,,,,,SA-PINN,primitive_scaled_space_time_rel_l2,0.0794081489893024,True,success
1d_euler,sa_pinn,SA-PINN,42,SA-PINN,,,,,,,,,,,,,,,,,,,,,,,,,,,,,,,,,,,,,1.0,0.0182574185835055,0.7,0.0662116408348083,0.9999830722808838,0.0622000738279808,0.0976016160124687,0.5287455916404724,2.0,1.0000001192092896,14.472670555114746,0.0901149809360504,,,,4000,6000,10000,2026-07-01 09:38:12,AdamW,False,603.618097782135,83331,,,,,,,,analytical_sod_riemann_solution,True,Analytical Sod Riemann solution,pointwise_analytic,700.0,301,0.2,primitive_scaled_space_time_rel_l2,2026-07-21 00:37:38,,,,,,,,,,,,,,,,,,,,,,,,,,,,,,,,,,,,,,,,Adam,0.005,100.0,100.0,100.0,100.0,100.0,100.0,100.0,,,,,,,,,,,,0.0092995169034762,0.0204637115149886,0.0299961606550611,0.0131889467965695,0.0229728081649972,0.0353189535350941,0.1116725131869316,1.0203179121017456,0.0337770403801228,0.0947069651515071,0.2181917957866738,0.0337094557763598,0.0998204747140728,0.1626032671385072,-0.0389273762702941,0.9807792901992798,0.0089362452141263,0.019511813863392,0.0292356643339012,0.009739936262446,0.0204064227487672,0.0328519218034125,0.0752582848072052,1.0156761407852173,0.0830253586640402,0.0864720394660734,0.0,0.0,1.179855465888977,0.304855465888977,2.002936363220215,0.148031123122315,0.9535897374153136,0.0535897374153137,0.0008038159461896,0.0006560975893599,0.9980941429499256,0.0015038678041264,0.0017044282584053,0.012749390971319,0.0015232025365696,0.0011782454881879,0.9992305289211972,0.0002999844074071,0.0001714019499911,0.0015012242705252,0.0013653302000357,0.0006728402121299,0.0002178142978367,0.0036675946023376,0.030707159907174,0.0009945836318691,0.0003448443604713,0.0066319123345925,0.0015981748712673,,,,,,,,,,,,,,,,,,,,,,,,,,,,,,,,,,,,,,,,,,,,,,,,,,,,,,,,,,,,,,,,,,,,,,,,,,,,,,,,,,,,,,,,,,,,,,,,,,,,,,,,,,,,,,,,,,,,,,,,,,,,,SA-PINN,primitive_scaled_space_time_rel_l2,0.0830253586640402,True,success
1d_euler,sa_pinn,SA-PINN,100,SA-PINN,,,,,,,,,,,,,,,,,,,,,,,,,,,,,,,,,,,,,1.0,0.0182574185835055,0.7,0.0681155025959014,0.9999943971633912,0.0650814158566096,0.0923259915507977,0.5097904801368713,2.0,1.0,14.859932899475098,0.089337483048439,,,,4000,6000,10000,2026-07-01 09:48:07,AdamW,False,594.1924638748169,83331,,,,,,,,analytical_sod_riemann_solution,True,Analytical Sod Riemann solution,pointwise_analytic,700.0,301,0.2,primitive_scaled_space_time_rel_l2,2026-07-21 00:37:38,,,,,,,,,,,,,,,,,,,,,,,,,,,,,,,,,,,,,,,,Adam,0.005,100.0,100.0,100.0,96.90656280517578,100.0,100.0,100.0,,,,,,,,,,,,0.009865476259598,0.0223107985019853,0.0327036615873941,0.014657969188904,0.0256244206024501,0.03939560693327,0.1004677265882492,1.017948031425476,0.0403293976891914,0.1157381846417462,0.2666448271008753,0.048960567966974,0.1452523983107955,0.236609919885598,-0.019881784915924,0.9671006798744202,0.0095075118364776,0.0215282293719249,0.0322569747757635,0.0125635911884299,0.028251970134634,0.0454823231431591,0.0992464274168014,1.0133010149002075,0.1003594013489602,0.1238057033026068,0.0,0.0,1.133710503578186,0.258710503578186,1.981533885002136,0.1266286449042364,0.9375448226928712,0.037544822692871,0.000823359165438,0.0012096575430042,0.998828374461768,0.001396216763928,0.002569983467646,0.0143266763285396,0.0030671246431243,0.0056665624617285,0.9787570143999976,0.0003896319264593,0.0001840182870166,0.0032144378619796,0.0018381355761295,0.0008922352820853,0.0005948186692724,0.0030314136729863,0.0297798080953427,0.0016572416706005,0.0012088058967614,0.0058400690076336,0.0031804511847847,,,,,,,,,,,,,,,,,,,,,,,,,,,,,,,,,,,,,,,,,,,,,,,,,,,,,,,,,,,,,,,,,,,,,,,,,,,,,,,,,,,,,,,,,,,,,,,,,,,,,,,,,,,,,,,,,,,,,,,,,,,,,SA-PINN,primitive_scaled_space_time_rel_l2,0.1003594013489602,True,success
1d_euler,sa_pinn,SA-PINN,2026,SA-PINN,,,,,,,,,,,,,,,,,,,,,,,,,,,,,,,,,,,,,1.0,0.0182574185835055,0.7,0.0593955740332603,0.9999719858169556,0.0555350477831097,0.0898599319141954,0.5487611293792725,2.0,1.0,15.546272277832031,0.0874451994895935,,,,4000,6000,10000,2026-07-01 09:17:49,AdamW,False,597.0210962295532,83331,,,,,,,,analytical_sod_riemann_solution,True,Analytical Sod Riemann solution,pointwise_analytic,700.0,301,0.2,primitive_scaled_space_time_rel_l2,2026-07-21 00:37:38,,,,,,,,,,,,,,,,,,,,,,,,,,,,,,,,,,,,,,,,Adam,0.005,100.0,100.0,100.0,98.7066879272461,100.0,100.0,100.0,,,,,,,,,,,,0.0091208858369602,0.0214593005476631,0.031455517064999,0.0120365636170397,0.0204914442715688,0.0315040443857115,0.1061802133917808,1.054450511932373,0.0312229618440624,0.0805576942207715,0.1855938255264025,0.0320629586386173,0.0885513361280858,0.1442463242651452,-0.0420726537704467,0.966827392578125,0.0082363111455938,0.0179016308328871,0.0268230351992871,0.008989945737126,0.0174404303697209,0.0280770256393196,0.0826086327433586,1.030429720878601,0.0719799259524743,0.0765951756385877,0.0,0.0,1.0802737474441528,0.2052737474441528,1.9771045446395876,0.1221993045416875,0.9350187182426452,0.0350187182426452,0.0023854679691573,0.0026518080766024,0.9777125929951564,0.0011436264547224,0.0003033688168633,0.0282775388046418,0.0049903115473505,0.0031074985475352,0.9560621691985208,0.0003644027478405,0.0002267132586312,0.0024575474359049,0.0021591305370037,0.0007231128210709,0.0005888752686109,0.0033700292674029,0.0350600011959409,0.0015880414972097,0.0011919342833291,0.0064440092847325,0.0039323670126539,,,,,,,,,,,,,,,,,,,,,,,,,,,,,,,,,,,,,,,,,,,,,,,,,,,,,,,,,,,,,,,,,,,,,,,,,,,,,,,,,,,,,,,,,,,,,,,,,,,,,,,,,,,,,,,,,,,,,,,,,,,,,SA-PINN,primitive_scaled_space_time_rel_l2,0.0719799259524743,True,success
1d_euler,sa_pinn,SA-PINN,31415,SA-PINN,,,,,,,,,,,,,,,,,,,,,,,,,,,,,,,,,,,,,1.0,0.0182574185835055,0.7,0.0612504631280899,0.9999611377716064,0.0595494442393667,0.0824156105163857,0.5062606930732727,2.0,1.0,14.920830726623535,0.0880730301141738,,,,4000,6000,10000,2026-07-01 09:57:27,AdamW,False,559.5011262893677,83331,,,,,,,,analytical_sod_riemann_solution,True,Analytical Sod Riemann solution,pointwise_analytic,700.0,301,0.2,primitive_scaled_space_time_rel_l2,2026-07-21 00:37:38,,,,,,,,,,,,,,,,,,,,,,,,,,,,,,,,,,,,,,,,Adam,0.005,100.0,100.0,100.0,100.0,100.0,100.0,100.0,,,,,,,,,,,,0.010018509778974,0.0226812080021901,0.0332466160200817,0.0138932899176319,0.0235232245950414,0.0361651771303142,0.0975846573710441,1.031168818473816,0.0342894997105543,0.0934564337509097,0.2153107437801242,0.039079239049168,0.1157649415750926,0.1885761190189438,-0.0467761009931564,0.9738161563873292,0.0091857170972979,0.0196545868716663,0.0294495892808626,0.0110525149350441,0.022974135240202,0.0369856345575187,0.0904372781515121,1.0202540159225464,0.0826395972342912,0.0994076717646301,0.0,0.0,1.0956604480743408,0.2206604480743408,1.9918098449707031,0.1369046048728033,0.929602861404419,0.0296028614044189,0.0015639993479904,0.0021108670134016,0.9639652218796204,0.0007955688257499,0.0012592145962358,0.0157300879040901,0.0028544031432372,0.0006942421203461,0.9242411875673964,0.0005269926717884,0.0002410911108043,0.002510284607818,0.0031896067173613,0.0010086313682302,0.0006624359954019,0.003754784139718,0.0276629675476824,0.0020360507092418,0.0015415036405422,0.0073260062140639,0.0044497097216678,,,,,,,,,,,,,,,,,,,,,,,,,,,,,,,,,,,,,,,,,,,,,,,,,,,,,,,,,,,,,,,,,,,,,,,,,,,,,,,,,,,,,,,,,,,,,,,,,,,,,,,,,,,,,,,,,,,,,,,,,,,,,SA-PINN,primitive_scaled_space_time_rel_l2,0.0826395972342912,True,success
1d_euler,xpinn,XPINN,7,XPINN,,,,,,,,,,,,,,,,,,,,,,,,,,,,,,,,,,,,,1.0,0.0182574185835055,0.7,0.0357304140925407,0.9997075200080872,0.0287929125138427,0.0547506254870596,0.5126166343688965,2.0,1.0000001192092896,15.456932067871094,0.0840926393866539,,,,4000,6000,10000,2026-07-05 03:57:12,AdamW,False,5877.663053274155,333328,,,,,,,,analytical_sod_riemann_solution,True,Analytical Sod Riemann solution,pointwise_analytic,700.0,301,0.2,primitive_scaled_space_time_rel_l2,2026-07-21 00:37:38,,,,,,,,,,,,,,,,,,,,,,,,,,,,,,,,,,,,,,,,,,,,,,,,,4.0,1.0,0.0,0.1,512.0,2048.0,1.0,20.0,True,0.0017079464159905,0.0015948009677231,0.0113697176617799,0.026236872272094,0.0384585872989662,0.0144677175406225,0.027355805812031,0.0420574806288728,0.1075182110071182,1.0282604694366455,0.0292077789649928,0.0833668172081352,0.1920656577535041,0.0267241461067801,0.0836050613110056,0.1361890549751929,-0.0355709791183471,0.9631729125976562,0.009533737365346,0.0240799133250411,0.0360803084781965,0.0104867495546066,0.0237865192736945,0.0382934765576189,0.0990141928195953,1.0200672149658203,0.0772128516861186,0.0764850963521525,0.0,0.0,0.9356642365455629,0.0606642365455627,1.9298973083496092,0.0749920682517095,0.9525796175003052,0.0525796175003051,0.003699547088718,0.0051352722589828,0.9937435120574684,0.0053954809709241,0.0053468793777671,0.0609233584611893,0.0142362262567021,0.0159727695139645,0.9942303594399278,0.0010139022304486,0.0007802762400573,0.0031347950130866,0.0053622334226881,0.0007603737155183,0.0003578798825052,0.005120029718217,0.0512909980785975,0.0026184361413364,0.0011443038010606,0.0157012336032798,0.0034614625068786,,,,,,,,,,,,,,,,,,,,,,,,,,,,,,,,,,,,,,,,,,,,,,,,,,,,,,,,,,,,,,,,,,,,,,,,,,,,,,,,,,,,,,,,,,,,,,,,,,,,,,,,,,,,,,,,,,,,,,,,,,,,,XPINN,primitive_scaled_space_time_rel_l2,0.0772128516861186,True,success
1d_euler,xpinn,XPINN,42,XPINN,,,,,,,,,,,,,,,,,,,,,,,,,,,,,,,,,,,,,1.0,0.0182574185835055,0.7,0.0352048501372337,0.9983536005020142,0.0285263114720479,0.0558221565973503,0.5116146206855774,2.0,1.0000001192092896,15.211969375610352,0.0841023921966552,,,,4000,6000,10000,2026-07-05 05:26:42,AdamW,False,5369.197674751282,333328,,,,,,,,analytical_sod_riemann_solution,True,Analytical Sod Riemann solution,pointwise_analytic,700.0,301,0.2,primitive_scaled_space_time_rel_l2,2026-07-21 00:37:38,,,,,,,,,,,,,,,,,,,,,,,,,,,,,,,,,,,,,,,,,,,,,,,,,4.0,1.0,0.0,0.1,512.0,2048.0,1.0,20.0,True,0.001815011491999,0.0014767635148018,0.0120484675133723,0.0267985863050723,0.0392819601442625,0.0164634195988777,0.0292189021034812,0.0449218501424526,0.1031858846545219,1.023145318031311,0.0297144680123757,0.0824390784284608,0.1899282754602983,0.0269709922990848,0.0726494835877849,0.1183428892833523,-0.0407513380050659,0.9582313895225524,0.0098860284243352,0.0239162640057747,0.0358351033629755,0.0116078086787225,0.022115733845685,0.035603710060717,0.0986591950058937,1.0143518447875977,0.0766661947128186,0.0688652679929384,0.0,0.0,0.9249069690704346,0.0499069690704345,1.9576377868652344,0.1027325467673345,0.951297640800476,0.051297640800476,0.0051403898068903,0.0075638637944085,0.999999999682084,0.0064390868585335,0.0074798948181009,0.0653537201260485,0.0141266613442756,0.0152626400632235,0.999999999902456,0.0015174921182919,0.0005772137807841,0.0068260868211389,0.0082227573652482,0.0014120364973861,0.000773485007085,0.0074204273431526,0.0664510613553047,0.0041516439676714,0.0020596447250586,0.0176385641234539,0.0064027003338149,,,,,,,,,,,,,,,,,,,,,,,,,,,,,,,,,,,,,,,,,,,,,,,,,,,,,,,,,,,,,,,,,,,,,,,,,,,,,,,,,,,,,,,,,,,,,,,,,,,,,,,,,,,,,,,,,,,,,,,,,,,,,XPINN,primitive_scaled_space_time_rel_l2,0.0766661947128186,True,success
1d_euler,xpinn,XPINN,100,XPINN,,,,,,,,,,,,,,,,,,,,,,,,,,,,,,,,,,,,,1.0,0.0182574185835055,0.7,0.0358606129884719,0.9986287355422974,0.0296337311841187,0.0552479389688692,0.4975500106811523,2.0,1.0,15.067184448242188,0.0841775462031364,,,,4000,6000,10000,2026-07-05 06:51:48,AdamW,False,5104.4592118263245,333328,,,,,,,,analytical_sod_riemann_solution,True,Analytical Sod Riemann solution,pointwise_analytic,700.0,301,0.2,primitive_scaled_space_time_rel_l2,2026-07-21 00:37:38,,,,,,,,,,,,,,,,,,,,,,,,,,,,,,,,,,,,,,,,,,,,,,,,,4.0,1.0,0.0,0.1,512.0,2048.0,1.0,20.0,True,0.0015001422725617,0.0012941407039761,0.0115723811225463,0.0257303471978508,0.0377161116492441,0.0151289590734572,0.0270194615197768,0.0415403767404583,0.1051691621541976,1.0175154209136963,0.0272898083290478,0.0783838275424326,0.1805855362882372,0.0230060416906217,0.0686470967738415,0.1118231730210981,-0.0362199544906616,0.952360987663269,0.0094681785455528,0.0227267431974736,0.0340527764448754,0.0104043509233808,0.020656738076007,0.0332548998097941,0.0988431274890899,1.0135364532470703,0.0729749816274569,0.0647697955039355,0.0,0.0,0.9342396855354308,0.0592396855354309,1.9293241500854488,0.0744189099875494,0.9517321586608888,0.0517321586608886,0.004057614865056,0.0057198845404958,0.9972308142657504,0.0050216455399156,0.0050756958305947,0.059065892930683,0.0126426805769453,0.013736943583804,0.997020026047741,0.001270957556086,0.0006989214881279,0.0065046746096282,0.0070232295559826,0.0007984245496942,0.0004023221921577,0.0050786022115055,0.0478084255284556,0.003331842305286,0.001542921308511,0.0178325306674949,0.0048153594267058,,,,,,,,,,,,,,,,,,,,,,,,,,,,,,,,,,,,,,,,,,,,,,,,,,,,,,,,,,,,,,,,,,,,,,,,,,,,,,,,,,,,,,,,,,,,,,,,,,,,,,,,,,,,,,,,,,,,,,,,,,,,,XPINN,primitive_scaled_space_time_rel_l2,0.0729749816274569,True,success
1d_euler,xpinn,XPINN,2026,XPINN,,,,,,,,,,,,,,,,,,,,,,,,,,,,,,,,,,,,,1.0,0.0182574185835055,0.7,0.0358230136334896,0.9982635378837584,0.0282443296009187,0.0655018251917476,0.5125732421875,2.0,0.9999998211860656,15.204659461975098,0.0838819667696952,,,,4000,6000,10000,2026-07-05 02:19:10,AdamW,False,6069.897332429886,333328,,,,,,,,analytical_sod_riemann_solution,True,Analytical Sod Riemann solution,pointwise_analytic,700.0,301,0.2,primitive_scaled_space_time_rel_l2,2026-07-21 00:37:38,,,,,,,,,,,,,,,,,,,,,,,,,,,,,,,,,,,,,,,,,,,,,,,,,4.0,1.0,0.0,0.1,512.0,2048.0,1.0,20.0,True,0.0022380773443728,0.0015497795538976,0.010653413540153,0.0248819621015499,0.0364725300229413,0.0134119960155742,0.0256664132491674,0.0394601674487965,0.1082254126667976,1.0204473733901978,0.0278177946845022,0.0819752045853281,0.1888595740539162,0.0245853242302807,0.0798470760340616,0.1300674583224036,-0.0358777046203613,0.9532756209373474,0.0094556117489674,0.0235439728317585,0.0352772782487029,0.0099301826316323,0.0225656288315785,0.0363279876608767,0.0985367372632026,1.0134366750717163,0.075590627882717,0.0728520851422926,0.0,0.0,0.9285576343536376,0.0535576343536376,1.928150177001953,0.0732449369040533,0.9406520128250122,0.0406520128250121,0.0043148564763481,0.0060715653503354,0.9999999996455088,0.005553414786196,0.0058440404623736,0.0613068012999363,0.0143641159522269,0.0161127272742344,0.9999999999016956,0.0011903677763985,0.0005964894141829,0.0043814846105811,0.0088048122524938,0.0008757590561942,0.0002760898715027,0.0052735187299107,0.0510572017426665,0.0031295364136184,0.0010560996051735,0.0183431723361914,0.0061681703763904,,,,,,,,,,,,,,,,,,,,,,,,,,,,,,,,,,,,,,,,,,,,,,,,,,,,,,,,,,,,,,,,,,,,,,,,,,,,,,,,,,,,,,,,,,,,,,,,,,,,,,,,,,,,,,,,,,,,,,,,,,,,,XPINN,primitive_scaled_space_time_rel_l2,0.075590627882717,True,success
1d_euler,xpinn,XPINN,31415,XPINN,,,,,,,,,,,,,,,,,,,,,,,,,,,,,,,,,,,,,1.0,0.0182574185835055,0.7,0.0349437110126018,0.9982806444168092,0.0285263114720479,0.0551043845617489,0.5088030695915222,2.0,1.0,15.294212341308594,0.0835984796285629,,,,4000,6000,10000,2026-07-05 08:14:49,AdamW,False,4979.747127771378,333328,,,,,,,,analytical_sod_riemann_solution,True,Analytical Sod Riemann solution,pointwise_analytic,700.0,301,0.2,primitive_scaled_space_time_rel_l2,2026-07-21 00:37:38,,,,,,,,,,,,,,,,,,,,,,,,,,,,,,,,,,,,,,,,,,,,,,,,,4.0,1.0,0.0,0.1,512.0,2048.0,1.0,20.0,True,0.0010578267974779,0.0013569741277024,0.0115398498187442,0.0255844548749566,0.037502259457638,0.0157232622023183,0.028162750952584,0.0432980976975335,0.1053605675697326,1.0247604846954346,0.0290563751021783,0.080931992440219,0.1864561570405667,0.0249609776648609,0.0730859836372673,0.1190539291211737,-0.0332222208380699,0.9517448544502258,0.0094975739912828,0.0232126993829342,0.0347809123331417,0.0110309862627147,0.0220013922861992,0.0354196337031234,0.0987045019865036,1.017676830291748,0.0749461193352922,0.0687290282275271,0.0,0.0,0.9237672090530396,0.0487672090530395,1.9288148880004885,0.0739096479025884,0.942728877067566,0.0427288770675658,0.004568073701944,0.0067506730429338,0.9999999996320234,0.0056336639712299,0.0060617396090351,0.0607715254525665,0.0142596467838037,0.016773824787621,0.9999999998956096,0.0011922576102873,0.0005666539729561,0.004126610057362,0.0081930773237971,0.0008693333572811,0.0004548925499895,0.0056077908598536,0.0448417316988463,0.0031191765979907,0.0020265995428783,0.0144296987367929,0.0053948029676463,,,,,,,,,,,,,,,,,,,,,,,,,,,,,,,,,,,,,,,,,,,,,,,,,,,,,,,,,,,,,,,,,,,,,,,,,,,,,,,,,,,,,,,,,,,,,,,,,,,,,,,,,,,,,,,,,,,,,,,,,,,,,XPINN,primitive_scaled_space_time_rel_l2,0.0749461193352922,True,success
1d_euler,cpinn,cPINN,7,cPINN,,,,,,,,,,,,,,,,,,,,,,,,,,,,,,,,,,,,,1.0,0.0182574185835055,0.7,0.06555637717247,0.9999934434890748,0.0631844469053771,0.0941921988433616,0.5200314521789551,2.0,1.0,15.117233276367188,0.0900766551494598,,,,4000,6000,10000,2026-07-04 01:43:48,AdamW,False,1411.1196739673617,166664,,,,,,,,analytical_sod_riemann_solution,True,Analytical Sod Riemann solution,pointwise_analytic,700.0,301,0.2,primitive_scaled_space_time_rel_l2,2026-07-21 00:37:38,2.0,1.0,0.0,,1000.0,1000.0,20.0,20.0,True,0.0001276108960155,0.0001338767033303,,,,,,,,,,,,,,,,,,,,,,,,,,,,,,,,,,,,,,,,,,,,,,,,,0.0086361243445288,0.0194679963211605,0.0285366193153155,0.0129297442745912,0.023301270150132,0.0358239389729952,0.0948490053415298,1.044838547706604,0.0359555782361207,0.109860072036854,0.2531024657439683,0.0373115881770918,0.1251187440363308,0.2038130615873116,-0.0716364979743957,0.9669899940490724,0.0081143047799577,0.0201566016673455,0.0302017867013528,0.0096030977388735,0.0247057696436788,0.0397733606923482,0.0994598940014839,1.0100600719451904,0.0948558783402781,0.1069656517937031,0.0,0.0,1.1364396810531616,0.2614396810531616,1.9597084522247317,0.1048032121268316,0.9367583990097046,0.0367583990097045,0.0002395905036937,0.0002138494709273,0.7842569241631558,0.0024862924978093,0.0031248066791292,0.0185734818037298,0.0007153292340418,0.0008547051884409,0.4246988326621181,0.0002645988027876,0.0001742373131202,0.0010046372710209,0.0012269076820906,0.0005246677918885,0.0002500749406765,0.0026141930015929,0.0166457813416163,0.0008601427760603,0.0006410713921118,0.0046292564907808,0.0014823517068415,,,,,,,,,,,,,,,,,,,,,,,,,,,,,,,,,,,,,,,,,,,,,,,,,,,,,,,,,,,,,,,,,,,,,,,,,,,,,,,,,,,,,,,,,,,,,,,,,,,,,,,,,,,,,,,,,,,,,,,,,,,,,cPINN,primitive_scaled_space_time_rel_l2,0.0948558783402781,True,success
1d_euler,cpinn,cPINN,42,cPINN,,,,,,,,,,,,,,,,,,,,,,,,,,,,,,,,,,,,,1.0,0.0182574185835055,0.7,0.0663382709026336,0.9999932050704956,0.0625076904146671,0.0967351626266354,0.5108633041381836,2.0,0.9999999403953552,15.229619979858398,0.0895977690815925,,,,4000,6000,10000,2026-07-04 02:07:00,AdamW,False,1390.444856882095,166664,,,,,,,,analytical_sod_riemann_solution,True,Analytical Sod Riemann solution,pointwise_analytic,700.0,301,0.2,primitive_scaled_space_time_rel_l2,2026-07-21 00:37:38,2.0,1.0,0.0,,1000.0,1000.0,20.0,20.0,True,0.0001046577090164,0.0002200982416979,,,,,,,,,,,,,,,,,,,,,,,,,,,,,,,,,,,,,,,,,,,,,,,,,0.0082300442452601,0.0193095988273699,0.0283044367678034,0.0120447836943682,0.0231177734790164,0.0355418267316695,0.0953848212957382,1.0451074838638306,0.035119369396879,0.1094286892147458,0.252108619172317,0.0364283076843073,0.1240910926785953,0.2021390616516696,-0.0893111228942871,0.9638083577156068,0.008075850214239,0.0201250765943797,0.0301545508852579,0.0094616028402315,0.0247675405984057,0.0398728046075995,0.099576324224472,1.010041117668152,0.0944770479487012,0.1061456893550832,0.0,0.0,1.1312012672424316,0.2562012672424316,1.9510037899017332,0.0960985498038335,0.9314062595367432,0.0314062595367431,0.0001697504327263,4.978044415004934e-05,0.6099033834160899,0.00256096753481,0.0035555708056314,0.0182955828144579,0.0007702287305117,0.0013812397945474,0.9329653806190784,0.000338792082327,0.0002416727419365,0.0024709169694024,0.0014532440291418,0.0005886415766724,0.0002569665740809,0.0032013661206014,0.0187221996252451,0.0008110227396891,0.0005569165802393,0.005737725602117,0.0014781573155608,,,,,,,,,,,,,,,,,,,,,,,,,,,,,,,,,,,,,,,,,,,,,,,,,,,,,,,,,,,,,,,,,,,,,,,,,,,,,,,,,,,,,,,,,,,,,,,,,,,,,,,,,,,,,,,,,,,,,,,,,,,,,cPINN,primitive_scaled_space_time_rel_l2,0.0944770479487012,True,success
1d_euler,cpinn,cPINN,100,cPINN,,,,,,,,,,,,,,,,,,,,,,,,,,,,,,,,,,,,,1.0,0.0182574185835055,0.7,0.0659557059407234,0.9999905824661256,0.0626614987080103,0.0948894631065173,0.5020109415054321,2.0,1.0,15.172896385192873,0.0897546559572219,,,,4000,6000,10000,2026-07-04 02:28:33,AdamW,False,1292.5291645526886,166664,,,,,,,,analytical_sod_riemann_solution,True,Analytical Sod Riemann solution,pointwise_analytic,700.0,301,0.2,primitive_scaled_space_time_rel_l2,2026-07-21 00:37:38,2.0,1.0,0.0,,1000.0,1000.0,20.0,20.0,True,0.0001785946951713,0.0003762917767744,,,,,,,,,,,,,,,,,,,,,,,,,,,,,,,,,,,,,,,,,,,,,,,,,0.00846345346234,0.0194786843581124,0.0285522860761209,0.012665149157292,0.0235835993815775,0.0362579987943025,0.0951365083456039,1.0530011653900146,0.0354533394637305,0.1097438716045939,0.2528347559620588,0.0366052187966142,0.1251410794117555,0.2038494449548244,-0.0905104875564575,0.9672071933746338,0.0080961203109438,0.020044520383014,0.0300338489160824,0.0096958861635078,0.0249401051204342,0.0401506130335798,0.0990634486079216,1.00692880153656,0.0947432858207516,0.1070907235951135,0.0,0.0,1.114580154418945,0.2395801544189453,1.9536463022232056,0.0987410621253057,0.9261568784713744,0.0261568784713744,0.0002444597166636,0.0001848456973193,0.7037604533157179,0.0026907190965942,0.0038723930333355,0.0183212128970496,0.0007108303079191,0.0012288810633691,0.9256914603317848,0.0003386126074571,0.0002420674113815,0.0014802303999636,0.0012841919246847,0.0007724640533582,0.0004551974072316,0.0027389763250813,0.022716446021111,0.0011145661680309,0.0007498752927317,0.0054913888078987,0.0021931536666119,,,,,,,,,,,,,,,,,,,,,,,,,,,,,,,,,,,,,,,,,,,,,,,,,,,,,,,,,,,,,,,,,,,,,,,,,,,,,,,,,,,,,,,,,,,,,,,,,,,,,,,,,,,,,,,,,,,,,,,,,,,,,cPINN,primitive_scaled_space_time_rel_l2,0.0947432858207516,True,success
1d_euler,cpinn,cPINN,2026,cPINN,,,,,,,,,,,,,,,,,,,,,,,,,,,,,,,,,,,,,1.0,0.0182574185835055,0.7,0.0663064569234848,0.9999884366989136,0.0634920634920634,0.0927771625446044,0.5113782286643982,2.0,1.0000001192092896,15.222039222717283,0.0902901664376258,,,,4000,6000,10000,2026-07-04 01:20:15,AdamW,False,1342.4052987098694,166664,,,,,,,,analytical_sod_riemann_solution,True,Analytical Sod Riemann solution,pointwise_analytic,700.0,301,0.2,primitive_scaled_space_time_rel_l2,2026-07-21 00:37:38,2.0,1.0,0.0,,1000.0,1000.0,20.0,20.0,True,0.0001562582037877,0.0001890942221507,,,,,,,,,,,,,,,,,,,,,,,,,,,,,,,,,,,,,,,,,,,,,,,,,0.0087151459167355,0.0201419773623012,0.0295245556226522,0.0127369877615982,0.0237856109994769,0.0365685763647455,0.0923731625080108,1.047528862953186,0.0366782174107215,0.1121600795521421,0.258401366086522,0.0382102085731751,0.1269434484807033,0.2067854267765876,-0.0877803713083267,0.97067391872406,0.0084042552403274,0.0205557709659222,0.0307998848437036,0.0098424651875421,0.0252491703451212,0.0406481714110855,0.0994157791137695,1.012121558189392,0.096889763991884,0.1085942539754572,0.0,0.0,1.141516923904419,0.2665169239044189,1.9674681425094604,0.1125629024115606,0.9418647289276124,0.0418647289276122,0.0003753156337272,0.0003882478406676,0.7008105637568728,0.0025090282995827,0.0034636290660534,0.0174092789218824,0.0012429209364063,0.0024432906140012,0.9166119339006356,0.000322520774491,0.0002005014367469,0.0010868063181581,0.001547184700271,0.0007445000495444,0.0003735284282348,0.0039184746478002,0.0248467411404589,0.0010967648822445,0.0007697697876085,0.0049428599478041,0.0028629730580502,,,,,,,,,,,,,,,,,,,,,,,,,,,,,,,,,,,,,,,,,,,,,,,,,,,,,,,,,,,,,,,,,,,,,,,,,,,,,,,,,,,,,,,,,,,,,,,,,,,,,,,,,,,,,,,,,,,,,,,,,,,,,cPINN,primitive_scaled_space_time_rel_l2,0.096889763991884,True,success
1d_euler,cpinn,cPINN,31415,cPINN,,,,,,,,,,,,,,,,,,,,,,,,,,,,,,,,,,,,,1.0,0.0182574185835055,0.7,0.0664403066039085,0.9999890327453612,0.063358762971166,0.0943357532504819,0.5202298164367676,2.0,0.9999999403953552,15.137151718139648,0.0902321189641952,,,,4000,6000,10000,2026-07-04 02:49:09,AdamW,False,1234.3049187660215,166664,,,,,,,,analytical_sod_riemann_solution,True,Analytical Sod Riemann solution,pointwise_analytic,700.0,301,0.2,primitive_scaled_space_time_rel_l2,2026-07-21 00:37:38,2.0,1.0,0.0,,1000.0,1000.0,20.0,20.0,True,0.0001197510719066,0.0001321954478044,,,,,,,,,,,,,,,,,,,,,,,,,,,,,,,,,,,,,,,,,,,,,,,,,0.0086098531398911,0.0199612385731962,0.0292596247106511,0.0125045381452194,0.0239383933286317,0.0368034676303516,0.09193966537714,1.0364320278167725,0.0353472116520205,0.1112040485438272,0.2561988023975868,0.0362136055088313,0.1275252485457644,0.2077331541007795,-0.0719498842954635,0.9678453207015992,0.0081406246684241,0.0204723987117445,0.0306749634368592,0.0094635116151802,0.0255643817876832,0.041155624470844,0.0995161160826683,1.011832356452942,0.0960807734211913,0.1091440376681,0.0,0.0,1.1333225965499878,0.2583225965499878,1.9700927734375,0.1151875333396001,0.9472818970680236,0.0472818970680236,0.0002741712683381,0.000171834015876,0.7991844811685185,0.0022252840619,0.0031514636629734,0.015368019183417,0.0012442931390077,0.0023498420699367,0.9804218125765156,0.000337049986323,0.0002731619717809,0.0011795794392871,0.0018866094844303,0.0007854363204939,0.0005090638468946,0.003182888315842,0.0285325518722698,0.0012796293525796,0.0008944595439261,0.0049450188597454,0.002831517403306,,,,,,,,,,,,,,,,,,,,,,,,,,,,,,,,,,,,,,,,,,,,,,,,,,,,,,,,,,,,,,,,,,,,,,,,,,,,,,,,,,,,,,,,,,,,,,,,,,,,,,,,,,,,,,,,,,,,,,,,,,,,,cPINN,primitive_scaled_space_time_rel_l2,0.0960807734211913,True,success
1d_euler,gpinn_subsampled,gPINN-subsampled,7,gPINN-subsampled,,,,,,,,,,,,,,,,,,,,,,,,,,,,,,,,,,,,,1.0,0.0182574185835055,0.7,0.0468952357769012,0.9999868869781494,0.0336737623559329,0.0831128747795414,0.5055111646652222,2.0,0.9999999403953552,14.75417709350586,0.0949064567685127,,,,4000,6000,10000,2026-07-02 09:22:35,AdamW,False,2703.781430006027,83331,,,,,,,,analytical_sod_riemann_solution,True,Analytical Sod Riemann solution,pointwise_analytic,700.0,301,0.2,primitive_scaled_space_time_rel_l2,2026-07-21 00:37:38,,,,,,,,,,,,0.0001,1024.0,512.0,False,218.3689117431641,0.0218368911743164,,,,,,,,,,,,,,,,,,,,,,,,,,,,,,,,,,,,,,,,,,,0.0146946379948743,0.0308116500498619,0.0451643976834909,0.0212321063953111,0.0345602365257125,0.0531337474829627,0.064212791621685,1.0844000577926636,0.0636000835649509,0.1539253770478573,0.3546228556842145,0.0659809569521452,0.1528744628731395,0.2490259357754027,-0.1209744811058044,1.0201210975646973,0.0151031323993517,0.028877852343005,0.0432693343476414,0.0186945825103236,0.0315452005158111,0.0507840337023793,0.0989017859101295,1.012118220329285,0.1337698901466049,0.1323437595082783,0.0,0.0,1.2614816427230835,0.3864816427230835,2.0716495513916016,0.2167443112937017,0.9803628921508788,0.0803628921508788,0.0006848799415156,0.0018081089220307,0.7110775451789224,0.0049108804163164,0.0060060808431758,0.0381651929979758,0.0008969536149242,0.0022991768820195,0.54274864887771,0.0009920164549434,0.0007448020820467,0.0026742929278712,0.0033041354642275,0.0007727531868404,0.0004027628279085,0.0051931738085716,0.0121536584240764,0.0008190787473103,0.0006600561754531,0.0028103007804326,0.001719233916521,,,,,,,,,,,,,,,,,,,,,,,,,,,,,,,,,,,,,,,,,,,,,,,,,,,,,,,,,,,,,,,,,,,,,,,,,,,,,,,,,,,,,,,,,,,,,,,,,,,,,,,,,,,,,,,,,,,,,,,,,,,,,gPINN-sub.,primitive_scaled_space_time_rel_l2,0.1337698901466049,True,success
1d_euler,gpinn_subsampled,gPINN-subsampled,42,gPINN-subsampled,,,,,,,,,,,,,,,,,,,,,,,,,,,,,,,,,,,,,1.0,0.0182574185835055,0.7,0.0466646216809749,0.9999910593032836,0.0340992986341823,0.0805442762807103,0.5183938145637512,2.0,0.9999999403953552,14.744680404663086,0.0951752215623855,,,,4000,6000,10000,2026-07-02 10:10:17,AdamW,False,2861.901737689972,83331,,,,,,,,analytical_sod_riemann_solution,True,Analytical Sod Riemann solution,pointwise_analytic,700.0,301,0.2,primitive_scaled_space_time_rel_l2,2026-07-21 00:37:38,,,,,,,,,,,,0.0001,1024.0,512.0,False,463.82716369628906,0.0463827163696289,,,,,,,,,,,,,,,,,,,,,,,,,,,,,,,,,,,,,,,,,,,0.0144257956122025,0.0304500704246042,0.0446343862766704,0.0208728855407693,0.0340618308621486,0.0523674865040431,0.0640467852354049,1.0785808563232422,0.0605120891758118,0.1509813106895963,0.3478401325276181,0.0634767499660519,0.1505726571123962,0.2452763930279132,-0.1016386747360229,1.0226012468338013,0.0147333405291659,0.028401099307339,0.0425549880639753,0.0182450444280172,0.0309884661429502,0.0498877573531303,0.0984115973114967,1.0155550241470337,0.1312773085234014,0.130338348650648,0.0,0.0,1.2736738920211792,0.3986738920211792,2.094895362854004,0.2399901227561041,0.9872309565544128,0.0872309565544128,0.0003978273389022,0.000196034649866,0.6164683360695875,0.0040584938544574,0.0047788968949591,0.0321566024239666,0.0002346654563159,0.000147247552408,0.3350572979100156,0.0006190120346217,0.0005619729620791,0.0019761894659891,0.0027084600787151,0.0007611268869427,0.000423835684434,0.0047291788715731,0.0184329546338407,0.0009792582461962,0.0006076572155869,0.0033013895956495,0.0018361952915576,,,,,,,,,,,,,,,,,,,,,,,,,,,,,,,,,,,,,,,,,,,,,,,,,,,,,,,,,,,,,,,,,,,,,,,,,,,,,,,,,,,,,,,,,,,,,,,,,,,,,,,,,,,,,,,,,,,,,,,,,,,,,gPINN-sub.,primitive_scaled_space_time_rel_l2,0.1312773085234014,True,success
1d_euler,gpinn_subsampled,gPINN-subsampled,100,gPINN-subsampled,,,,,,,,,,,,,,,,,,,,,,,,,,,,,,,,,,,,,1.0,0.0182574185835055,0.7,0.0469590947031974,0.9999874830245972,0.0339096017390591,0.0833230794471104,0.5187540650367737,2.0,1.0,14.77361297607422,0.0953665822744369,,,,4000,6000,10000,2026-07-02 10:57:26,AdamW,False,2827.732610464096,83331,,,,,,,,analytical_sod_riemann_solution,True,Analytical Sod Riemann solution,pointwise_analytic,700.0,301,0.2,primitive_scaled_space_time_rel_l2,2026-07-21 00:37:38,,,,,,,,,,,,0.0001,1024.0,512.0,False,348.2079315185547,0.0348207931518554,,,,,,,,,,,,,,,,,,,,,,,,,,,,,,,,,,,,,,,,,,,0.0147242577003144,0.0311377222485301,0.0456423615195836,0.0215096133722237,0.0348791396232971,0.0536240368548536,0.0599913075566291,1.083276391029358,0.0601291750818682,0.1511827970569263,0.3483043293503537,0.0637596125739019,0.1506845614113574,0.2454586803258855,-0.1148801445960998,1.0207189321517944,0.0146152608730095,0.0283589356175213,0.0424918118010599,0.0179947251146848,0.0307191097851904,0.0494541255445904,0.0988320559263229,1.0117058753967283,0.1315809725716281,0.1305651854132456,0.0,0.0,1.2811636924743652,0.4061636924743652,2.0678491592407227,0.2129439191428228,0.9773654341697692,0.0773654341697692,0.0004058827738101,0.0004736999556734,0.6454131022822277,0.0042252120646627,0.004924817204696,0.0344242640647708,0.0008146198940112,0.0010051687855541,0.5972385338021918,0.0006079701407053,0.0004923532292101,0.0017888019510017,0.0024587200369626,0.0008411552316668,0.0003605396713321,0.0044083692485066,0.0161789199734473,0.0014441246924016,0.0010428663521619,0.0046647434054473,0.002354081677409,,,,,,,,,,,,,,,,,,,,,,,,,,,,,,,,,,,,,,,,,,,,,,,,,,,,,,,,,,,,,,,,,,,,,,,,,,,,,,,,,,,,,,,,,,,,,,,,,,,,,,,,,,,,,,,,,,,,,,,,,,,,,gPINN-sub.,primitive_scaled_space_time_rel_l2,0.1315809725716281,True,success
1d_euler,gpinn_subsampled,gPINN-subsampled,2026,gPINN-subsampled,,,,,,,,,,,,,,,,,,,,,,,,,,,,,,,,,,,,,1.0,0.0182574185835055,0.7,0.0470260009169578,0.9999969005584716,0.0337968089906074,0.0816875845945613,0.5185196995735168,2.0,1.0000001192092896,14.815009117126465,0.095882348716259,,,,4000,6000,10000,2026-07-02 08:37:30,AdamW,False,3258.4955503940582,83331,,,,,,,,analytical_sod_riemann_solution,True,Analytical Sod Riemann solution,pointwise_analytic,700.0,301,0.2,primitive_scaled_space_time_rel_l2,2026-07-21 00:37:38,,,,,,,,,,,,0.0001,1024.0,512.0,False,1686.91259765625,0.168691259765625,,,,,,,,,,,,,,,,,,,,,,,,,,,,,,,,,,,,,,,,,,,0.0146972244150034,0.0314031074582143,0.0460313690258385,0.0205116115473633,0.034457869268597,0.0529763655742465,0.0573348030447959,1.079867959022522,0.0590943934874089,0.1483788111279369,0.3418443321977893,0.0611809222425865,0.1477548230106487,0.2406862622705623,-0.1073558181524276,1.0154361724853516,0.0144513237391114,0.027917089447913,0.0418297684670917,0.0174309652383888,0.0300564392110095,0.0483873044680875,0.0988876968622207,1.0158534049987793,0.1293511733233147,0.1280762484153629,0.0,0.0,1.3197636604309082,0.4447636604309082,2.06892728805542,0.2140220479575201,0.9842138290405272,0.0842138290405273,0.0004163188532969,0.0006718924783971,0.7385696844432935,0.004158067173546,0.0051319779197137,0.0336538158403885,0.001377279714536,0.0020528890096531,0.999999998287405,0.0006860651006393,0.0004574192284951,0.0021235028025529,0.0032658805672559,0.0007590363734686,0.0003162675979506,0.0047536947863726,0.0159000721203538,0.0007761235751447,0.0005134790338054,0.0031701956157171,0.0019762795313856,,,,,,,,,,,,,,,,,,,,,,,,,,,,,,,,,,,,,,,,,,,,,,,,,,,,,,,,,,,,,,,,,,,,,,,,,,,,,,,,,,,,,,,,,,,,,,,,,,,,,,,,,,,,,,,,,,,,,,,,,,,,,gPINN-sub.,primitive_scaled_space_time_rel_l2,0.1293511733233147,True,success
1d_euler,gpinn_subsampled,gPINN-subsampled,31415,gPINN-subsampled,,,,,,,,,,,,,,,,,,,,,,,,,,,,,,,,,,,,,1.0,0.0182574185835055,0.7,0.0466895997524261,0.9999942779541016,0.0339659981132849,0.0802315327509125,0.5109232664108276,2.0,1.0,14.751293182373049,0.0954528078436851,,,,4000,6000,10000,2026-07-02 11:44:36,AdamW,False,2829.5903606414795,83331,,,,,,,,analytical_sod_riemann_solution,True,Analytical Sod Riemann solution,pointwise_analytic,700.0,301,0.2,primitive_scaled_space_time_rel_l2,2026-07-21 00:37:38,,,,,,,,,,,,0.0001,1024.0,512.0,False,655.3500289916992,0.0655350028991699,,,,,,,,,,,,,,,,,,,,,,,,,,,,,,,,,,,,,,,,,,,0.0148924736638333,0.0312609413205759,0.0458229787589415,0.0211272672413828,0.0349928290345382,0.0537988257184621,0.059168878942728,1.0757452249526978,0.0609066358952551,0.1536136396114939,0.3539046555925396,0.0636490373701306,0.1529190035471928,0.2490984906209128,-0.113646849989891,1.017508864402771,0.0149261501064299,0.0286959018713489,0.0429967075712701,0.0185568184002436,0.0315439834934026,0.0507820744405582,0.0987411588430404,1.0147000551223757,0.1335871812036569,0.1324829494398401,0.0,0.0,1.276646614074707,0.401646614074707,2.079235792160034,0.2243305520621343,0.978312611579895,0.078312611579895,0.0004699499062362,0.0010502074304275,0.7570641189871905,0.0044540523373135,0.0055741566627984,0.0344682081692012,0.000332588061177,0.0009908436644929,0.4472713015803458,0.0007399663910004,0.0006150497749298,0.002145618423165,0.0033055297472609,0.001101801300306,0.0006478804413932,0.0052202969449469,0.0244224370754349,0.0009988607262106,0.000742864135926,0.0033873292922817,0.0025209188699003,,,,,,,,,,,,,,,,,,,,,,,,,,,,,,,,,,,,,,,,,,,,,,,,,,,,,,,,,,,,,,,,,,,,,,,,,,,,,,,,,,,,,,,,,,,,,,,,,,,,,,,,,,,,,,,,,,,,,,,,,,,,,gPINN-sub.,primitive_scaled_space_time_rel_l2,0.1335871812036569,True,success
1d_shallowwater,aaf_pinn,AAF-PINN,7,AAF-PINN,,,,,,,,,,,,,,,,,,,,,,,,,,,,,,,,,,,,,1.0,0.0182574185835055,0.8,0.0092462506145238,0.9908608198165894,0.0067628205128205,0.0188862179487179,0.5605859160423279,2.0,1.0,35.869972229003906,0.0129542835056781,,,,3000,7000,10000,2026-07-03 00:41:28,AdamW,False,443.95144748687744,83203,5.0,0.2662499547004699,1.33124977350235,1.0,1e-06,20.0,6.0,exact_stoker_entropy_solution,True,Stoker wet-bed dam-break entropy solution,pointwise_analytic,500.0,260,0.25,state_scaled_space_time_rel_l2,,,,,,,,,,,,,,,,,,,,,,,,,,,,,,,,,,,,,,,,,,,,,,,,,,,,,,,,,,,,,,,,,,,,,,,,,,,,,,,,,,,,,,,,,,,,,,,0.0009361775072214,0.0014861964657887,0.9974241408304272,0.0033277530850088,0.0057133661159909,0.0100813114811577,,,,0.0004649430447672,0.0001842750081425,,0.0001865037207143,0.0013204856043971,0.0008170013539928,,0.0273740642330145,,,,,0.0051081112087246,0.0209955183316772,0.0133855514475804,0.0042854847637984,0.0225537960682805,0.0144986440787771,0.0065979086817629,0.0263324383562733,0.1129219371856539,0.0055997140912977,0.0280908991650815,0.0852686686486481,0.99732768535614,2.005833864212036,-0.1489599645137787,0.6358904242515564,0.0,0.0040933774660126,0.0204921181534669,0.0131716398677048,1.0960222482681274,1.0,0.0960222482681274,0.0053664766709508,0.0254208561195241,0.0770264820603086,1.321441650390625,1.2122725243735315,0.1091691260170932,2026-07-13 06:53:30,0.0140313082507411,0.0177930837945574,0.0150268345389254,0.0191068656897336,2.0,2.8284271247461903,0.788582148700677,0.786462561830874,exact_stoker_entropy_solution,sqrt(mean((dh/h_scale)^2+(dq/q_scale)^2))/sqrt(mean((h_ref/h_scale)^2+(q_ref/q_scale)^2)),2026-07-20 06:45:46,,,,,,,,,,,,,,,,,,,,,,,,,,,,,,,,,,,,,,,,,,,,,,,,,,,,,,,,,,,,,,,,,,,,,,,,,,,,,,,,,,,,AAF-PINN,state_scaled_space_time_rel_l2,0.0177930837945574,True,success
1d_shallowwater,aaf_pinn,AAF-PINN,42,AAF-PINN,,,,,,,,,,,,,,,,,,,,,,,,,,,,,,,,,,,,,1.0,0.0182574185835055,0.8,0.0088963657617568,0.991542100906372,0.006738782051282,0.0185096153846153,0.5740496516227722,2.0,0.9999999403953552,35.960575103759766,0.0129034398123621,,,,3000,7000,10000,2026-07-03 00:48:57,AdamW,False,448.390584230423,83203,5.0,0.2617639601230621,1.308819800615311,1.0,1e-06,20.0,6.0,exact_stoker_entropy_solution,True,Stoker wet-bed dam-break entropy solution,pointwise_analytic,500.0,260,0.25,state_scaled_space_time_rel_l2,,,,,,,,,,,,,,,,,,,,,,,,,,,,,,,,,,,,,,,,,,,,,,,,,,,,,,,,,,,,,,,,,,,,,,,,,,,,,,,,,,,,,,,,,,,,,,,0.0001289021788388,0.0004843519835914,0.3317152044859258,0.0001029742027994,0.0001300886267504,0.0009585723537005,,,,0.0005606784186956,0.000364632104556,,0.000278465191925,0.0008877268840088,0.000580692836795,,0.023284091976858,,,,,0.0051380153877413,0.0204411399226924,0.0130321112229732,0.0037772010137508,0.0198850927364697,0.0127830756821032,0.0060961911820949,0.025482110255784,0.1092754576970662,0.0039350443917077,0.0239755877994955,0.0727768249680314,0.9981157779693604,2.0069260597229004,-0.1376579105854034,0.6311522722244263,0.0,0.0036074761727722,0.0177905785830098,0.0114351816819806,1.1063623428344729,1.0,0.1063623428344726,0.0037447889056515,0.0213677544593405,0.06474537866832,1.3158278465270996,1.2122725243735315,0.1035553221535678,2026-07-13 06:53:30,0.013624510751611,0.0172772244135153,0.0130655206392977,0.0166130230139178,2.0,2.8284271247461903,0.788582148700677,0.786462561830874,exact_stoker_entropy_solution,sqrt(mean((dh/h_scale)^2+(dq/q_scale)^2))/sqrt(mean((h_ref/h_scale)^2+(q_ref/q_scale)^2)),2026-07-20 06:45:46,,,,,,,,,,,,,,,,,,,,,,,,,,,,,,,,,,,,,,,,,,,,,,,,,,,,,,,,,,,,,,,,,,,,,,,,,,,,,,,,,,,,AAF-PINN,state_scaled_space_time_rel_l2,0.0172772244135153,True,success
1d_shallowwater,aaf_pinn,AAF-PINN,100,AAF-PINN,,,,,,,,,,,,,,,,,,,,,,,,,,,,,,,,,,,,,1.0,0.0182574185835055,0.8,0.009096123278141,0.9879778623580932,0.0067227564102564,0.0189743589743589,0.594182550907135,2.0,1.0000001192092896,36.0604248046875,0.0129110133275389,,,,3000,7000,10000,2026-07-03 00:56:25,AdamW,False,446.80444264411926,83203,5.0,0.2538285851478576,1.2691429257392883,1.0,1e-06,20.0,6.0,exact_stoker_entropy_solution,True,Stoker wet-bed dam-break entropy solution,pointwise_analytic,500.0,260,0.25,state_scaled_space_time_rel_l2,,,,,,,,,,,,,,,,,,,,,,,,,,,,,,,,,,,,,,,,,,,,,,,,,,,,,,,,,,,,,,,,,,,,,,,,,,,,,,,,,,,,,,,,,,,,,,,0.0004370525587741,0.0005736599625386,0.4067907793540861,0.0018146950054766,0.0024615776380237,0.0064651183367147,,,,0.0005065048173621,0.0002695188779597,,0.0002371485147632,0.0010467745181322,0.000557208877281,,0.017787630301763,,,,,0.0055795872034612,0.0204923799103172,0.0130647789323238,0.0047436893800331,0.0204156906683613,0.0131241690634631,0.0069860034911857,0.0258005338788219,0.1106409602712153,0.0053560667932194,0.0249154865581207,0.0756298456328919,0.9973106384277344,2.007002830505371,-0.1329076439142227,0.6305954456329346,0.0,0.0045897210827119,0.0185893606926023,0.0119486117823501,1.0951261520385742,1.0,0.0951261520385742,0.0051850484560029,0.0226911189556975,0.0687552401442127,1.3077280521392822,1.2122725243735315,0.0954555277657505,2026-07-13 06:53:30,0.0137183399925509,0.0173962091522574,0.0134832410855121,0.0171441613878048,2.0,2.8284271247461903,0.788582148700677,0.786462561830874,exact_stoker_entropy_solution,sqrt(mean((dh/h_scale)^2+(dq/q_scale)^2))/sqrt(mean((h_ref/h_scale)^2+(q_ref/q_scale)^2)),2026-07-20 06:45:46,,,,,,,,,,,,,,,,,,,,,,,,,,,,,,,,,,,,,,,,,,,,,,,,,,,,,,,,,,,,,,,,,,,,,,,,,,,,,,,,,,,,AAF-PINN,state_scaled_space_time_rel_l2,0.0173962091522574,True,success
1d_shallowwater,aaf_pinn,AAF-PINN,2026,AAF-PINN,,,,,,,,,,,,,,,,,,,,,,,,,,,,,,,,,,,,,1.0,0.0182574185835055,0.8,0.0091004623100161,0.9933904409408568,0.0065224358974358,0.0189743589743589,0.5944820642471313,2.0,0.9999999403953552,35.90956497192383,0.0129473730921745,,,,3000,7000,10000,2026-07-03 00:34:03,AdamW,False,449.4559783935547,83203,5.0,0.259778082370758,1.2988904118537905,1.0,1e-06,20.0,6.0,exact_stoker_entropy_solution,True,Stoker wet-bed dam-break entropy solution,pointwise_analytic,500.0,260,0.25,state_scaled_space_time_rel_l2,,,,,,,,,,,,,,,,,,,,,,,,,,,,,,,,,,,,,,,,,,,,,,,,,,,,,,,,,,,,,,,,,,,,,,,,,,,,,,,,,,,,,,,,,,,,,,,0.0009870300175521,0.0015266508742795,0.939920198585978,0.0010228385011412,0.0011786597837645,0.0037653031711318,,,,0.0005565724916256,0.0002637947370185,,0.0002469891939755,0.0008161597547847,0.0002941628214779,,0.125418536916217,,,,,0.0050851752832161,0.0204892130796748,0.0130627599407552,0.0038122412928209,0.0198593243004645,0.0127665105158236,0.0057566799168993,0.0257546513192356,0.110444201146921,0.0040116724115029,0.0240028796772211,0.0728596682428197,0.9974729418754578,2.008413553237915,-0.1408571898937225,0.6360235214233398,0.0,0.0036468050526525,0.0179183087489043,0.0115172823088072,1.1100674867630005,1.0,0.1100674867630004,0.0038346642796898,0.0216389169753486,0.0655670148310251,1.3105812072753906,1.2122725243735315,0.0983086829018589,2026-07-13 06:53:30,0.0137063752038241,0.017381036619191,0.0130619856651907,0.0166085282365711,2.0,2.8284271247461903,0.788582148700677,0.786462561830874,exact_stoker_entropy_solution,sqrt(mean((dh/h_scale)^2+(dq/q_scale)^2))/sqrt(mean((h_ref/h_scale)^2+(q_ref/q_scale)^2)),2026-07-20 06:45:46,,,,,,,,,,,,,,,,,,,,,,,,,,,,,,,,,,,,,,,,,,,,,,,,,,,,,,,,,,,,,,,,,,,,,,,,,,,,,,,,,,,,AAF-PINN,state_scaled_space_time_rel_l2,0.017381036619191,True,success
1d_shallowwater,aaf_pinn,AAF-PINN,31415,AAF-PINN,,,,,,,,,,,,,,,,,,,,,,,,,,,,,,,,,,,,,1.0,0.0182574185835055,0.8,0.0089928731322288,0.9893475770950316,0.0067948717948717,0.0191826923076923,0.5853450298309326,2.0,1.0,35.92191696166992,0.0129486126825213,,,,3000,7000,10000,2026-07-03 01:03:54,AdamW,False,448.7523097991944,83203,5.0,0.2591862380504608,1.295931190252304,1.0,1e-06,20.0,6.0,exact_stoker_entropy_solution,True,Stoker wet-bed dam-break entropy solution,pointwise_analytic,500.0,260,0.25,state_scaled_space_time_rel_l2,,,,,,,,,,,,,,,,,,,,,,,,,,,,,,,,,,,,,,,,,,,,,,,,,,,,,,,,,,,,,,,,,,,,,,,,,,,,,,,,,,,,,,,,,,,,,,,0.0018129716818883,0.0031243365220306,0.8504017400456142,0.0014538566488571,0.0018076772443672,0.004908540287511,,,,0.0007225206413092,0.0004692950725047,,0.000321130474857,0.0007317746132626,0.0004290829740177,,0.0744937901611636,,,,,0.0048072106525045,0.0197886079526445,0.0126160938559197,0.0039137842951947,0.0190632743530944,0.0122547720563241,0.0059162139372335,0.0250326287999451,0.1073479371220389,0.0041588907413974,0.0233057735674373,0.0707436338097892,0.996929168701172,2.0069167613983154,-0.1662417650222778,0.632610023021698,0.0,0.0037550991114306,0.0169697511366305,0.0109075815853841,1.102903127670288,1.0,0.102903127670288,0.0039838580103298,0.0207911159859929,0.0629981348770899,1.3108195066452026,1.2122725243735315,0.0985469822716709,2026-07-13 06:53:30,0.0132750259606279,0.0168340432033415,0.0125994838173006,0.0160204495786209,2.0,2.8284271247461903,0.788582148700677,0.786462561830874,exact_stoker_entropy_solution,sqrt(mean((dh/h_scale)^2+(dq/q_scale)^2))/sqrt(mean((h_ref/h_scale)^2+(q_ref/q_scale)^2)),2026-07-20 06:45:46,,,,,,,,,,,,,,,,,,,,,,,,,,,,,,,,,,,,,,,,,,,,,,,,,,,,,,,,,,,,,,,,,,,,,,,,,,,,,,,,,,,,AAF-PINN,state_scaled_space_time_rel_l2,0.0168340432033415,True,success
1d_shallowwater,lra_pinn,LRA-PINN,7,LRA-PINN,,,,,,,,,,,,,,,,,,,,,,,,,,,,,,,,,,,,,1.0,0.0182574185835055,0.8,0.0051999101415276,1.0,0.0043189102564102,0.0068669871794871,0.5984700918197632,2.0,1.0000001192092896,37.603816986083984,0.0133052235469222,,,,3000,7000,10000,2026-07-01 21:50:51,AdamW,False,356.2944118976593,83202,,,,,,,,exact_stoker_entropy_solution,True,Stoker wet-bed dam-break entropy solution,pointwise_analytic,500.0,260,0.25,state_scaled_space_time_rel_l2,,,,,,,,,,,,,,,,,,,0.9,500.0,9998.801408746896,9999.984728474912,999880.1408746896,299999.54185424733,1.0,,,,,,,,,,,,,,,,,,,,,,,,,,,,,,,,,,,,,,,,,,,,,,,,,,,,,,,,,,,,,,,,,,,,,,0.0120620828156427,0.0153972337693183,0.9924878758431988,0.012623459348072,0.0200628913105282,0.0506641427737264,,,,0.0033279466295814,0.0023306737263332,,0.0015433094774231,0.0056935114349073,0.0041159245714961,,0.0793799509800461,,,,,0.0168886203978638,0.0395533577072274,0.0252169770781911,0.0283122422102967,0.049079170801135,0.0315504062807383,0.018992287769258,0.048455946965579,0.2077946343398517,0.0320582943043894,0.0604258794572838,0.183420055832568,0.9996489882469176,2.000734329223633,-0.0023768693208694,0.6776561737060547,0.0,0.028372233167688,0.0492056359512786,0.0316277171231312,1.1799356937408447,1.0,0.1799356937408447,0.0321319246314438,0.0606192580560601,0.1836794233526285,1.4184587001800537,1.2122725243735315,0.206186175806522,2026-07-13 06:53:30,0.026165136652048,0.0331799758530248,0.0325361662639441,0.0413702671213732,2.0,2.8284271247461903,0.788582148700677,0.786462561830874,exact_stoker_entropy_solution,sqrt(mean((dh/h_scale)^2+(dq/q_scale)^2))/sqrt(mean((h_ref/h_scale)^2+(q_ref/q_scale)^2)),2026-07-20 06:45:46,,,,,,,,,,,,,,,,,,,,,,,,,,,,,,,,,,,,,,,,,,,,,,,,,,,,,,,,,,,,,,,,,,,,,,,,,,,,,,,,,,,,LRA-PINN,state_scaled_space_time_rel_l2,0.0331799758530248,True,success
1d_shallowwater,lra_pinn,LRA-PINN,42,LRA-PINN,,,,,,,,,,,,,,,,,,,,,,,,,,,,,,,,,,,,,1.0,0.0182574185835055,0.8,0.020072728395462,1.0,0.0193669871794871,0.0237660256410256,0.5525630712509155,2.0,1.0,29.312854766845703,0.0199114251881837,,,,3000,7000,10000,2026-07-01 21:57:37,AdamW,False,405.5088243484497,83202,,,,,,,,exact_stoker_entropy_solution,True,Stoker wet-bed dam-break entropy solution,pointwise_analytic,500.0,260,0.25,state_scaled_space_time_rel_l2,,,,,,,,,,,,,,,,,,,0.9,500.0,9999.92442284261,10000.0,999992.4422842612,300000.0,1.0,,,,,,,,,,,,,,,,,,,,,,,,,,,,,,,,,,,,,,,,,,,,,,,,,,,,,,,,,,,,,,,,,,,,,,0.0810374154696084,0.1636248473708541,0.9989875744817656,0.0321396346798779,0.0508826743790067,0.0760216772600563,,,,0.04174656611935,0.0340823721273377,,0.0207401624178715,0.0145777684555247,0.0086829759191505,,0.1281363672354087,,,,,0.0492807338023186,0.1259006957004998,0.0802671414423987,0.0925915348512134,0.1768981669080502,0.1137184867870215,0.0333132537526473,0.0683043895358831,0.29291111899016,0.0558258029924027,0.0892076549957066,0.2707858488277679,0.712816596031189,2.0055062770843506,-0.0025950223207473,0.8029336929321289,0.0,0.0929162759213276,0.1773447920020655,0.1139912289774218,2.4201104640960693,1.0,1.4201104640960691,0.055988587385897,0.0895692221420351,0.271399281363322,1.601471185684204,1.2122725243735315,0.3891986613106724,2026-07-13 06:53:30,0.0674235307455873,0.0854996918920794,0.0939041590004736,0.1194006727818633,2.0,2.8284271247461903,0.788582148700677,0.786462561830874,exact_stoker_entropy_solution,sqrt(mean((dh/h_scale)^2+(dq/q_scale)^2))/sqrt(mean((h_ref/h_scale)^2+(q_ref/q_scale)^2)),2026-07-20 06:45:46,,,,,,,,,,,,,,,,,,,,,,,,,,,,,,,,,,,,,,,,,,,,,,,,,,,,,,,,,,,,,,,,,,,,,,,,,,,,,,,,,,,,LRA-PINN,state_scaled_space_time_rel_l2,0.0854996918920794,True,success
1d_shallowwater,lra_pinn,LRA-PINN,100,LRA-PINN,,,,,,,,,,,,,,,,,,,,,,,,,,,,,,,,,,,,,1.0,0.0182574185835055,0.8,0.0186659768223762,1.0,0.0178044871794871,0.0239182692307692,0.5990269780158997,2.0,0.9999999403953552,31.38683319091797,0.0159344114363193,,,,3000,7000,10000,2026-07-01 22:03:58,AdamW,False,380.4008643627167,83202,,,,,,,,exact_stoker_entropy_solution,True,Stoker wet-bed dam-break entropy solution,pointwise_analytic,500.0,260,0.25,state_scaled_space_time_rel_l2,,,,,,,,,,,,,,,,,,,0.9,500.0,9999.999852186837,10000.0,999999.9852186836,300000.0,1.0,,,,,,,,,,,,,,,,,,,,,,,,,,,,,,,,,,,,,,,,,,,,,,,,,,,,,,,,,,,,,,,,,,,,,,0.0313366834835324,0.0473022958963074,0.9974324731585852,0.0198380692738821,0.0401332182491273,0.0545724839896178,,,,0.0115997044270678,0.0076416782062528,,0.0042227218902372,0.0126417213420575,0.0123048766122876,,0.1463587917008264,,,,,0.0244894956518428,0.0593142743495213,0.0378154165255131,0.0441469662562728,0.0763059831414729,0.0490530856668215,0.0225669159355229,0.0549064767014699,0.2354565737240911,0.0428979781884026,0.0748777803516937,0.2272881549441961,0.999414086341858,2.0004727840423584,-0.0017779842019081,0.7725786566734314,0.0,0.0442457432531466,0.0764772021379155,0.0491569566945849,1.4784704446792605,1.0,0.4784704446792602,0.0429491339749611,0.0749022434353064,0.226957592738796,1.5137237310409546,1.2122725243735315,0.3014512066674228,2026-07-13 06:53:30,0.0354455347452074,0.044948436638548,0.0464379803027247,0.0590466508597163,2.0,2.8284271247461903,0.788582148700677,0.786462561830874,exact_stoker_entropy_solution,sqrt(mean((dh/h_scale)^2+(dq/q_scale)^2))/sqrt(mean((h_ref/h_scale)^2+(q_ref/q_scale)^2)),2026-07-20 06:45:46,,,,,,,,,,,,,,,,,,,,,,,,,,,,,,,,,,,,,,,,,,,,,,,,,,,,,,,,,,,,,,,,,,,,,,,,,,,,,,,,,,,,LRA-PINN,state_scaled_space_time_rel_l2,0.044948436638548,True,success
1d_shallowwater,lra_pinn,LRA-PINN,2026,LRA-PINN,,,,,,,,,,,,,,,,,,,,,,,,,,,,,,,,,,,,,1.0,0.0182574185835055,0.8,0.0122539894655346,1.0,0.0106490384615384,0.0184294871794871,0.6329935789108276,2.0,1.0,37.51024627685547,0.0133424159139394,,,,3000,7000,10000,2026-07-01 21:44:54,AdamW,False,340.17877316474915,83202,,,,,,,,exact_stoker_entropy_solution,True,Stoker wet-bed dam-break entropy solution,pointwise_analytic,500.0,260,0.25,state_scaled_space_time_rel_l2,,,,,,,,,,,,,,,,,,,0.9,500.0,7553.425187256925,9999.537989347307,755342.5187256925,299986.13968041923,1.0,,,,,,,,,,,,,,,,,,,,,,,,,,,,,,,,,,,,,,,,,,,,,,,,,,,,,,,,,,,,,,,,,,,,,,0.0096746050100524,0.0137034541245451,0.9959222373657516,0.0013881557259419,0.0017041533597623,0.0331422611031645,,,,0.0032695428035881,0.001520098009567,,0.0014500114432101,0.002202251709766,0.0013573974070858,,0.1169313798215919,,,,,0.0110307840144525,0.0323421729788956,0.0206195347738752,0.0193155036475887,0.0407660724862084,0.0262063545168974,0.0121547221537363,0.0403018660645087,0.1728273214438908,0.0217480564359306,0.0511058558785544,0.1551295408988159,0.9986884593963624,2.000653028488159,-0.0013089179992675,0.6748586893081665,0.0,0.0193951372917019,0.0410912602503186,0.026412071103336,1.2163245677947998,1.0,0.2163245677947998,0.0218383406683503,0.0515145907072291,0.1560918199724579,1.378347635269165,1.2122725243735315,0.1660751108956333,2026-07-13 06:53:30,0.0215530528994015,0.027331398428035,0.0272386532270346,0.0346343927212362,2.0,2.8284271247461903,0.788582148700677,0.786462561830874,exact_stoker_entropy_solution,sqrt(mean((dh/h_scale)^2+(dq/q_scale)^2))/sqrt(mean((h_ref/h_scale)^2+(q_ref/q_scale)^2)),2026-07-20 06:45:46,,,,,,,,,,,,,,,,,,,,,,,,,,,,,,,,,,,,,,,,,,,,,,,,,,,,,,,,,,,,,,,,,,,,,,,,,,,,,,,,,,,,LRA-PINN,state_scaled_space_time_rel_l2,0.027331398428035,True,success
1d_shallowwater,lra_pinn,LRA-PINN,31415,LRA-PINN,,,,,,,,,,,,,,,,,,,,,,,,,,,,,,,,,,,,,1.0,0.0182574185835055,0.8,0.003470973810181,0.9824385046958924,0.0019871794871794,0.0068189102564102,0.6040839552879333,2.0,0.9999999403953552,40.49465560913086,0.0123515296727418,,,,3000,7000,10000,2026-07-01 22:10:46,AdamW,False,407.78660011291504,83202,,,,,,,,exact_stoker_entropy_solution,True,Stoker wet-bed dam-break entropy solution,pointwise_analytic,500.0,260,0.25,state_scaled_space_time_rel_l2,,,,,,,,,,,,,,,,,,,0.9,500.0,9905.295973744524,10000.0,990529.5973744524,300000.0,1.0,,,,,,,,,,,,,,,,,,,,,,,,,,,,,,,,,,,,,,,,,,,,,,,,,,,,,,,,,,,,,,,,,,,,,,0.016379381547055,0.0228997725970074,0.9999999997785816,0.0152991416928194,0.0197818933717895,0.0803958344558203,,,,0.0035183907460871,0.0024691516497374,,0.001521970405794,0.0040474688890245,0.0021269339359853,,0.1411574634221483,,,,,0.01487306630774,0.0468592840854089,0.0298748212839155,0.0251117837158639,0.0578313946476332,0.0371767486518405,0.0201418886818182,0.0627875591251918,0.2692531816327723,0.0344949514139572,0.0766197245565644,0.2325757487067405,0.9984837770462036,2.0000295639038086,-0.0019870996475219,0.6209560036659241,0.0,0.0252724327111511,0.0583764249802913,0.0375223898694142,1.0819603204727173,1.0,0.0819603204727172,0.0347035211423451,0.0773134025786257,0.2342635271111163,1.3121533393859863,1.2122725243735315,0.0998808150124546,2026-07-13 06:53:30,0.0322758861049808,0.0409290093088208,0.0396224724823306,0.0503806212848069,2.0,2.8284271247461903,0.788582148700677,0.786462561830874,exact_stoker_entropy_solution,sqrt(mean((dh/h_scale)^2+(dq/q_scale)^2))/sqrt(mean((h_ref/h_scale)^2+(q_ref/q_scale)^2)),2026-07-20 06:45:46,,,,,,,,,,,,,,,,,,,,,,,,,,,,,,,,,,,,,,,,,,,,,,,,,,,,,,,,,,,,,,,,,,,,,,,,,,,,,,,,,,,,LRA-PINN,state_scaled_space_time_rel_l2,0.0409290093088208,True,success
1d_shallowwater,rad_pinn,RAD-PINN,7,RAD-PINN,,,,,,,,,,,,,,,,,,,,,,,,,,,,,,,,,,,,,1.0,0.0182574185835055,0.8,0.0109614627435803,0.9999966621398926,0.0087900641025641,0.0206650641025641,0.5488787889480591,2.0,1.0,31.81867027282715,0.0135936811566352,,,,3000,7000,10000,2026-07-01 06:12:40,AdamW,False,396.43686866760254,83202,,,,,,,,exact_stoker_entropy_solution,True,Stoker wet-bed dam-break entropy solution,pointwise_analytic,500.0,260,0.25,state_scaled_space_time_rel_l2,,,,,,,,,,,,,,,,,,,,,,,,,,,,1.0,1.0,3.0,500.0,14.0,,,,,,,,,,,,,,,,,,,,,,,,,,,,,,,,,,,,,,,,,,,,,,,,,,,,,,,,,,,,,,,0.0002897827525824,0.0003673153927949,0.4392296880610223,0.0094168695884427,0.0163544666092111,0.0294376022663956,,,,0.0005147643171337,0.0003665602459865,,0.000290421226374,0.0035801306784771,0.0026933735426812,,0.0816978724427866,,,,,0.0101141144865954,0.0345516472200266,0.022028170210236,0.0116435704904257,0.0436286669101232,0.0280465652543086,0.0132000597574724,0.0454029379280766,0.1947023528695352,0.0155128148056395,0.057820015267669,0.1755100715767475,0.994309425354004,2.011598587036133,-0.161429226398468,0.664118230342865,0.0,0.0114177379425935,0.0423938865590236,0.0272493551991999,1.157898187637329,1.0,0.1578981876373291,0.0151968426779635,0.0560727669782564,0.1699033250263084,1.3915579319000244,1.2122725243735315,0.1792854075264927,2026-07-13 06:53:30,0.0235824601763024,0.0299048871637896,0.0298958093180767,0.0380130101151181,2.0,2.8284271247461903,0.788582148700677,0.786462561830874,exact_stoker_entropy_solution,sqrt(mean((dh/h_scale)^2+(dq/q_scale)^2))/sqrt(mean((h_ref/h_scale)^2+(q_ref/q_scale)^2)),2026-07-20 06:45:46,,,,,,,,,,,,,,,,,,,,,,,,,,,,,,,,,,,,,,,,,,,,,,,,,,,,,,,,,,,,,,,,,,,,,,,,,,,,,,,,,,,,RAD-PINN,state_scaled_space_time_rel_l2,0.0299048871637896,True,success
1d_shallowwater,rad_pinn,RAD-PINN,42,RAD-PINN,,,,,,,,,,,,,,,,,,,,,,,,,,,,,,,,,,,,,1.0,0.0182574185835055,0.8,0.0128490142524242,0.9999996423721312,0.0095913461538461,0.0246875,0.5948667526245117,2.0,1.0000001192092896,32.01266098022461,0.0135480323806405,,,,3000,7000,10000,2026-07-01 06:19:30,AdamW,False,409.8909149169922,83202,,,,,,,,exact_stoker_entropy_solution,True,Stoker wet-bed dam-break entropy solution,pointwise_analytic,500.0,260,0.25,state_scaled_space_time_rel_l2,,,,,,,,,,,,,,,,,,,,,,,,,,,,1.0,1.0,3.0,500.0,14.0,,,,,,,,,,,,,,,,,,,,,,,,,,,,,,,,,,,,,,,,,,,,,,,,,,,,,,,,,,,,,,,0.0002005074132145,0.0003097949141415,0.8364309809931444,0.0018435080026308,0.0040138997378157,0.0048248927907837,,,,0.0003302132863198,0.0001392553637617,,0.0001505004468204,0.0009385885395485,0.0007723726957396,,0.0763011285398957,,,,,0.0075381661329645,0.0252975734804746,0.0161282977620486,0.0060662053487036,0.0238636482625863,0.0153406788610174,0.0093170477324291,0.0316523483497015,0.1357354166661106,0.0079256504078505,0.0290701445685906,0.0882411242951134,0.9966556429862976,2.021135091781616,-0.2125181853771209,0.6590681076049805,0.0,0.0058969052853182,0.0221413319569674,0.0142316986728451,1.1737172603607178,1.0,0.1737172603607177,0.0077196714643329,0.0267995507200176,0.0812039965551879,1.397275447845459,1.2122725243735315,0.1850029234719272,2026-07-13 06:53:30,0.0168886263652897,0.0214164451897563,0.0157480979884859,0.0200239639529751,2.0,2.8284271247461903,0.788582148700677,0.786462561830874,exact_stoker_entropy_solution,sqrt(mean((dh/h_scale)^2+(dq/q_scale)^2))/sqrt(mean((h_ref/h_scale)^2+(q_ref/q_scale)^2)),2026-07-20 06:45:46,,,,,,,,,,,,,,,,,,,,,,,,,,,,,,,,,,,,,,,,,,,,,,,,,,,,,,,,,,,,,,,,,,,,,,,,,,,,,,,,,,,,RAD-PINN,state_scaled_space_time_rel_l2,0.0214164451897563,True,success
1d_shallowwater,rad_pinn,RAD-PINN,100,RAD-PINN,,,,,,,,,,,,,,,,,,,,,,,,,,,,,,,,,,,,,1.0,0.0182574185835055,0.8,0.0140972947701811,0.9999995231628418,0.0112660256410256,0.0247355769230769,0.558978796005249,2.0,1.0000001192092896,33.28346633911133,0.013356483541429,,,,3000,7000,10000,2026-07-01 06:25:34,AdamW,False,362.9350669384002,83202,,,,,,,,exact_stoker_entropy_solution,True,Stoker wet-bed dam-break entropy solution,pointwise_analytic,500.0,260,0.25,state_scaled_space_time_rel_l2,,,,,,,,,,,,,,,,,,,,,,,,,,,,1.0,1.0,3.0,500.0,14.0,,,,,,,,,,,,,,,,,,,,,,,,,,,,,,,,,,,,,,,,,,,,,,,,,,,,,,,,,,,,,,,0.0026772707451868,0.0051132827906731,0.986672375218504,0.0034699175021152,0.0081384083096806,0.0080475160256418,,,,0.0014577271666157,0.0010470099674578,,0.0006185309939424,0.0020953353853549,0.001361856337893,,0.0858090438753534,,,,,0.0060905936284331,0.0211606266894348,0.0134908151701652,0.0051589439429938,0.0151407293134179,0.0097331750603653,0.0071365404483426,0.0274807773285189,0.1178463828270833,0.0059210468489077,0.0207330952562155,0.0629343838042989,0.991977334022522,2.016430377960205,-0.221720814704895,0.6497858166694641,0.0,0.0052948282336703,0.0169585443329962,0.010900378231371,1.157344102859497,1.0,0.157344102859497,0.0061300973876629,0.0235038030770721,0.0712177142088717,1.3587279319763184,1.2122725243735315,0.1464554076027866,2026-07-13 06:53:30,0.0143646152330948,0.0182157499465905,0.010537697846231,0.013398855022019,2.0,2.8284271247461903,0.788582148700677,0.786462561830874,exact_stoker_entropy_solution,sqrt(mean((dh/h_scale)^2+(dq/q_scale)^2))/sqrt(mean((h_ref/h_scale)^2+(q_ref/q_scale)^2)),2026-07-20 06:45:46,,,,,,,,,,,,,,,,,,,,,,,,,,,,,,,,,,,,,,,,,,,,,,,,,,,,,,,,,,,,,,,,,,,,,,,,,,,,,,,,,,,,RAD-PINN,state_scaled_space_time_rel_l2,0.0182157499465905,True,success
1d_shallowwater,rad_pinn,RAD-PINN,2026,RAD-PINN,,,,,,,,,,,,,,,,,,,,,,,,,,,,,,,,,,,,,1.0,0.0182574185835055,0.8,0.0151920262724161,0.9999988079071044,0.013301282051282,0.0243028846153846,0.5605478882789612,2.0,1.0,33.35521697998047,0.0134046263992786,,,,3000,7000,10000,2026-07-01 06:06:03,AdamW,False,396.6509864330292,83202,,,,,,,,exact_stoker_entropy_solution,True,Stoker wet-bed dam-break entropy solution,pointwise_analytic,500.0,260,0.25,state_scaled_space_time_rel_l2,,,,,,,,,,,,,,,,,,,,,,,,,,,,1.0,1.0,3.0,500.0,14.0,,,,,,,,,,,,,,,,,,,,,,,,,,,,,,,,,,,,,,,,,,,,,,,,,,,,,,,,,,,,,,,0.0024764593649276,0.0045637576660987,0.8476703449178509,0.0024870258940166,0.0058903662510232,0.0061366274400491,,,,0.0010703359680621,0.0007029456994139,,0.0006235561118777,0.0013747872417851,0.0005533639071718,,0.0543544352405398,,,,,0.0065198471006406,0.0224033303918716,0.014283092554333,0.0051834520324847,0.0161542295991007,0.0103847008554628,0.0075031927155948,0.0293696361502407,0.1259464149750074,0.0051771616825963,0.0217214538369285,0.0659345020927739,0.990126371383667,2.0089619159698486,-0.2319571375846862,0.6488564014434814,0.0,0.0053555030094464,0.0183321809050693,0.0117833053207502,1.1607270240783691,1.0,0.1607270240783691,0.0054260956157044,0.0249317452642779,0.075544451386755,1.3564679622650146,1.2122725243735315,0.1441954378914829,2026-07-13 06:53:30,0.0152741364440524,0.0193691126145828,0.0111452895020202,0.0141714177418184,2.0,2.8284271247461903,0.788582148700677,0.786462561830874,exact_stoker_entropy_solution,sqrt(mean((dh/h_scale)^2+(dq/q_scale)^2))/sqrt(mean((h_ref/h_scale)^2+(q_ref/q_scale)^2)),2026-07-20 06:45:46,,,,,,,,,,,,,,,,,,,,,,,,,,,,,,,,,,,,,,,,,,,,,,,,,,,,,,,,,,,,,,,,,,,,,,,,,,,,,,,,,,,,RAD-PINN,state_scaled_space_time_rel_l2,0.0193691126145828,True,success
1d_shallowwater,rad_pinn,RAD-PINN,31415,RAD-PINN,,,,,,,,,,,,,,,,,,,,,,,,,,,,,,,,,,,,,1.0,0.0182574185835055,0.8,0.0154703594744205,0.9999998807907104,0.0128285256410256,0.0253205128205128,0.5393831133842468,2.0,1.0,32.95987701416016,0.0132508613169193,,,,3000,7000,10000,2026-07-01 06:32:17,AdamW,False,402.1214122772217,83202,,,,,,,,exact_stoker_entropy_solution,True,Stoker wet-bed dam-break entropy solution,pointwise_analytic,500.0,260,0.25,state_scaled_space_time_rel_l2,,,,,,,,,,,,,,,,,,,,,,,,,,,,1.0,1.0,3.0,500.0,14.0,,,,,,,,,,,,,,,,,,,,,,,,,,,,,,,,,,,,,,,,,,,,,,,,,,,,,,,,,,,,,,,0.0029581809981348,0.0052972529275313,0.9999999987433108,0.005257734174414,0.0103364142059746,0.0134388352019913,,,,0.0012681441500608,0.0009766922408128,,0.00057977877203,0.0024383253047745,0.0022521398546207,,0.052310527637096,,,,,0.005670910757759,0.0211368415913392,0.0134756511409084,0.0047863220944839,0.0182232772898543,0.0117147823175561,0.0072107185320794,0.0284757338757487,0.1221130754595174,0.0067883388592138,0.0263220810895264,0.0798995004530024,0.9940469264984132,2.0131595134735107,-0.2369565367698669,0.6465039849281311,0.0,0.0049688859319372,0.0203334201871367,0.0130696341870532,1.1465712785720823,1.0,0.1465712785720825,0.0070632702473022,0.0292420157871896,0.0886047894629831,1.357431173324585,1.2122725243735315,0.1451586489510532,2026-07-13 06:53:30,0.0145962305265657,0.0185094609998425,0.0130241488361497,0.0165604180901035,2.0,2.8284271247461903,0.788582148700677,0.786462561830874,exact_stoker_entropy_solution,sqrt(mean((dh/h_scale)^2+(dq/q_scale)^2))/sqrt(mean((h_ref/h_scale)^2+(q_ref/q_scale)^2)),2026-07-20 06:45:46,,,,,,,,,,,,,,,,,,,,,,,,,,,,,,,,,,,,,,,,,,,,,,,,,,,,,,,,,,,,,,,,,,,,,,,,,,,,,,,,,,,,RAD-PINN,state_scaled_space_time_rel_l2,0.0185094609998425,True,success
1d_shallowwater,rar_d_pinn,RAR-D-PINN,7,RAR-D-PINN,,,,,,,,,,,,,,,,,,,,,,,,,,,,,,,,,,,,,1.0,0.0182574185835055,0.8,0.0117557225748896,1.0,0.0098717948717948,0.0168990384615384,0.5523928999900818,2.0,0.9999998807907104,31.25358009338379,0.0137715367600321,,,,3000,7000,10000,2026-07-01 07:46:01,AdamW,False,386.5920190811157,83202,,,,,,,,exact_stoker_entropy_solution,True,Stoker wet-bed dam-break entropy solution,pointwise_analytic,500.0,260,0.25,state_scaled_space_time_rel_l2,,,,,,,,,,,,,,,,,,,,,,,,,,,,,,,,,2.0,0.0,0.5,6000.0,12000.0,500.0,3.0,14.0,,,,,,,,,,,,,,,,,,,,,,,,,,,,,,,,,,,,,,,,,,,,,,,,,,,,,,,0.0015009769475788,0.0027778179910078,0.9999999984446812,0.005319686706931,0.0077992909497417,0.016259242127016,,,,0.0005385284362022,0.0003734235843877,,0.0002633784407391,0.0018748836862818,0.0012660790097345,,0.1377663418854876,,,,,0.0094102734770315,0.0312799392921939,0.0199423148339775,0.0088495786967266,0.0330553233397639,0.0212495212141319,0.0120189123758697,0.039706421857333,0.1702738657991637,0.0108467164493466,0.0421099451440472,0.1278228560146589,0.9919129610061646,2.0158586502075195,-0.2122375816106796,0.6730818748474121,0.0,0.0086494703122469,0.031594869866631,0.0203081128282415,1.1928330659866333,1.0,0.1928330659866333,0.0105790975482452,0.0400685964891454,0.1214098775486354,1.4109735488891602,1.2122725243735315,0.1987010245156284,2026-07-13 06:53:30,0.0210162709018487,0.0266507058731294,0.0222445394485572,0.0282842954364464,2.0,2.8284271247461903,0.788582148700677,0.786462561830874,exact_stoker_entropy_solution,sqrt(mean((dh/h_scale)^2+(dq/q_scale)^2))/sqrt(mean((h_ref/h_scale)^2+(q_ref/q_scale)^2)),2026-07-20 06:45:46,,,,,,,,,,,,,,,,,,,,,,,,,,,,,,,,,,,,,,,,,,,,,,,,,,,,,,,,,,,,,,,,,,,,,,,,,,,,,,,,,,,,RAR-D-PINN,state_scaled_space_time_rel_l2,0.0266507058731294,True,success
1d_shallowwater,rar_d_pinn,RAR-D-PINN,42,RAR-D-PINN,,,,,,,,,,,,,,,,,,,,,,,,,,,,,,,,,,,,,1.0,0.0182574185835055,0.8,0.0108865248039364,1.0,0.0087259615384615,0.0154807692307692,0.5628319978713989,2.0,0.9999999403953552,30.88667678833008,0.0138351777568459,,,,3000,7000,10000,2026-07-01 07:52:21,AdamW,False,379.4516048431397,83202,,,,,,,,exact_stoker_entropy_solution,True,Stoker wet-bed dam-break entropy solution,pointwise_analytic,500.0,260,0.25,state_scaled_space_time_rel_l2,,,,,,,,,,,,,,,,,,,,,,,,,,,,,,,,,2.0,0.0,0.5,6000.0,12000.0,500.0,3.0,14.0,,,,,,,,,,,,,,,,,,,,,,,,,,,,,,,,,,,,,,,,,,,,,,,,,,,,,,,0.0005559989287267,0.0006420573005795,0.890692689862818,0.002560853321193,0.00356465592377,0.007567170440198,,,,0.0004164185492308,0.0002277793717423,,0.0002197582184772,0.0011004292849958,0.000769118269623,,0.0713331787671455,,,,,0.0087166960526696,0.0286435835883461,0.0182615239932611,0.0072484042075335,0.0253346659969191,0.0162863184553053,0.0104345505839574,0.0355786079168568,0.1525724763496191,0.008533912955997,0.0304868531734263,0.0925414799329845,0.9884427785873412,2.022037506103516,-0.2612083852291107,0.6671035289764404,0.0,0.0070930709321849,0.0238320736567354,0.0153184502039398,1.210424780845642,1.0,0.2104247808456421,0.0083537260114333,0.0285423359962481,0.0864847242452139,1.4320787191390991,1.2122725243735315,0.2198061947655674,2026-07-13 06:53:30,0.0190615683472877,0.024171950098884,0.0166325690242403,0.0211485833292545,2.0,2.8284271247461903,0.788582148700677,0.786462561830874,exact_stoker_entropy_solution,sqrt(mean((dh/h_scale)^2+(dq/q_scale)^2))/sqrt(mean((h_ref/h_scale)^2+(q_ref/q_scale)^2)),2026-07-20 06:45:46,,,,,,,,,,,,,,,,,,,,,,,,,,,,,,,,,,,,,,,,,,,,,,,,,,,,,,,,,,,,,,,,,,,,,,,,,,,,,,,,,,,,RAR-D-PINN,state_scaled_space_time_rel_l2,0.024171950098884,True,success
1d_shallowwater,rar_d_pinn,RAR-D-PINN,100,RAR-D-PINN,,,,,,,,,,,,,,,,,,,,,,,,,,,,,,,,,,,,,1.0,0.0182574185835055,0.8,0.0100414883345365,0.9999998807907104,0.0078125,0.0146875,0.5529603362083435,2.0,1.0000001192092896,30.60221672058105,0.0136669315397739,,,,3000,7000,10000,2026-07-01 07:58:58,AdamW,False,395.63197565078735,83202,,,,,,,,exact_stoker_entropy_solution,True,Stoker wet-bed dam-break entropy solution,pointwise_analytic,500.0,260,0.25,state_scaled_space_time_rel_l2,,,,,,,,,,,,,,,,,,,,,,,,,,,,,,,,,2.0,0.0,0.5,6000.0,12000.0,500.0,3.0,14.0,,,,,,,,,,,,,,,,,,,,,,,,,,,,,,,,,,,,,,,,,,,,,,,,,,,,,,,0.000607853644734,0.00160826431472,0.9993810454039967,0.0017779616773033,0.0020823624762617,0.0055550120999006,,,,0.0004239430104977,0.0002289851032453,,0.0002228393681799,0.0010012544685581,0.0007905008949139,,0.0504010172708527,,,,,0.0088113123691203,0.0287933474154072,0.0183570049135435,0.0073298336033463,0.024670187838142,0.0158591605483585,0.0106485062912954,0.035793102642707,0.1534922984956507,0.0082271543179672,0.0297180895277684,0.0902079322531646,0.9883579015731812,2.01465916633606,-0.2701785564422607,0.6637083888053894,0.0,0.0071890963047591,0.0232917611090746,0.0149711555884934,1.1948816776275637,1.0,0.1948816776275634,0.0080716455404473,0.0280416440186549,0.0849676021841594,1.4018186330795288,1.2122725243735315,0.189546108705997,2026-07-13 06:53:30,0.0191678764719779,0.0243067592939251,0.016203399261879,0.0206028869627781,2.0,2.8284271247461903,0.788582148700677,0.786462561830874,exact_stoker_entropy_solution,sqrt(mean((dh/h_scale)^2+(dq/q_scale)^2))/sqrt(mean((h_ref/h_scale)^2+(q_ref/q_scale)^2)),2026-07-20 06:45:46,,,,,,,,,,,,,,,,,,,,,,,,,,,,,,,,,,,,,,,,,,,,,,,,,,,,,,,,,,,,,,,,,,,,,,,,,,,,,,,,,,,,RAR-D-PINN,state_scaled_space_time_rel_l2,0.0243067592939251,True,success
1d_shallowwater,rar_d_pinn,RAR-D-PINN,2026,RAR-D-PINN,,,,,,,,,,,,,,,,,,,,,,,,,,,,,,,,,,,,,1.0,0.0182574185835055,0.8,0.0118125556036829,1.0,0.0095112179487179,0.017275641025641,0.5396058559417725,2.0,1.0,31.39695930480957,0.013772839680314,,,,3000,7000,10000,2026-07-01 07:33:14,AdamW,False,379.6858439445496,83202,,,,,,,,exact_stoker_entropy_solution,True,Stoker wet-bed dam-break entropy solution,pointwise_analytic,500.0,260,0.25,state_scaled_space_time_rel_l2,,,,,,,,,,,,,,,,,,,,,,,,,,,,,,,,,2.0,0.0,0.5,6000.0,12000.0,500.0,3.0,14.0,,,,,,,,,,,,,,,,,,,,,,,,,,,,,,,,,,,,,,,,,,,,,,,,,,,,,,,0.0008081108218302,0.0012893305181282,0.8528829350732877,0.0036574365158565,0.0047229336267736,0.0107347502486899,,,,0.0005404419396541,0.0003140085135093,,0.0003899712252754,0.0012909555756684,0.0006954194519377,,0.0708147117567212,,,,,0.0090194413203885,0.0290813085170864,0.0185405925764216,0.0070268098697726,0.0260813158228766,0.0167663001863303,0.0108901077273201,0.0361075428092674,0.1548407187314289,0.008824707047468,0.0322746644131586,0.0979683010294253,0.9924484491348268,2.010186195373535,-0.247939258813858,0.6745442748069763,0.0,0.0068684419178788,0.0246089396034908,0.0158177933367245,1.1960774660110474,1.0,0.1960774660110473,0.0086327813962639,0.0303103632782684,0.0918419364917394,1.4056869745254517,1.2122725243735315,0.1934144501519199,2026-07-13 06:53:30,0.0193494174907637,0.0245369712243939,0.0173281708248709,0.0220330523865105,2.0,2.8284271247461903,0.788582148700677,0.786462561830874,exact_stoker_entropy_solution,sqrt(mean((dh/h_scale)^2+(dq/q_scale)^2))/sqrt(mean((h_ref/h_scale)^2+(q_ref/q_scale)^2)),2026-07-20 06:45:46,,,,,,,,,,,,,,,,,,,,,,,,,,,,,,,,,,,,,,,,,,,,,,,,,,,,,,,,,,,,,,,,,,,,,,,,,,,,,,,,,,,,RAR-D-PINN,state_scaled_space_time_rel_l2,0.0245369712243939,True,success
1d_shallowwater,rar_d_pinn,RAR-D-PINN,31415,RAR-D-PINN,,,,,,,,,,,,,,,,,,,,,,,,,,,,,,,,,,,,,1.0,0.0182574185835055,0.8,0.0114335427060723,1.0,0.0092147435897435,0.0147195512820512,0.5658530592918396,2.0,1.0000001192092896,31.050443649291992,0.0137748215347528,,,,3000,7000,10000,2026-07-01 08:05:39,AdamW,False,400.45326805114746,83202,,,,,,,,exact_stoker_entropy_solution,True,Stoker wet-bed dam-break entropy solution,pointwise_analytic,500.0,260,0.25,state_scaled_space_time_rel_l2,,,,,,,,,,,,,,,,,,,,,,,,,,,,,,,,,2.0,0.0,0.5,6000.0,12000.0,500.0,3.0,14.0,,,,,,,,,,,,,,,,,,,,,,,,,,,,,,,,,,,,,,,,,,,,,,,,,,,,,,,0.0008430339139486,0.0012382004482404,0.6635015238479125,0.0027449850078937,0.005143135466913,0.0089314221318628,,,,0.0005462729278336,0.0003089949887693,,0.0003528306425849,0.0010128968969477,0.0005262212288696,,0.0641046007258025,,,,,0.0089672332289649,0.0296230103272741,0.0188859509207581,0.0074518043712786,0.0271790432363074,0.0174719711525244,0.0108711208842323,0.0366223292667686,0.1570482880887168,0.0088843211449736,0.0332215800832753,0.1008426212154363,0.9864181280136108,2.0093886852264404,-0.2458918392658233,0.6723926663398743,0.0,0.0072957369858653,0.0257808638045269,0.0165710665421927,1.20018208026886,1.0,0.2001820802688598,0.0086923211754924,0.0313470601105974,0.0949831804208154,1.4060115814208984,1.2122725243735315,0.1937390570473667,2026-07-13 06:53:30,0.0196730795842415,0.0249474067053525,0.0179620230128443,0.0228390058021404,2.0,2.8284271247461903,0.788582148700677,0.786462561830874,exact_stoker_entropy_solution,sqrt(mean((dh/h_scale)^2+(dq/q_scale)^2))/sqrt(mean((h_ref/h_scale)^2+(q_ref/q_scale)^2)),2026-07-20 06:45:46,,,,,,,,,,,,,,,,,,,,,,,,,,,,,,,,,,,,,,,,,,,,,,,,,,,,,,,,,,,,,,,,,,,,,,,,,,,,,,,,,,,,RAR-D-PINN,state_scaled_space_time_rel_l2,0.0249474067053525,True,success
1d_shallowwater,sa_pinn,SA-PINN,7,SA-PINN,,,,,,,,,,,,,,,,,,,,,,,,,,,,,,,,,,,,,1.0,0.0182574185835055,0.8,0.0093589760363101,0.9998718500137328,0.0079326923076923,0.0167948717948717,0.6156737208366394,2.0,1.0,40.65937805175781,0.012652464210987,,,,3000,7000,10000,2026-07-01 09:21:48,AdamW,False,413.979082107544,83202,,,,,,,,exact_stoker_entropy_solution,True,Stoker wet-bed dam-break entropy solution,pointwise_analytic,500.0,260,0.25,state_scaled_space_time_rel_l2,,,,,,,,,,,,,,,,,,,,,,,,,,,,,,,,,,,,,,,,,Adam,0.005,100.0,100.0,100.0,86.31778717041016,100.0,100.0,100.0,,,,,,,,,,,,,,,,,,,,,,,,,,,,,,,,,,,,,,,,,,,,,,0.0064573836555363,0.0067278963567308,0.9998795535174088,0.0088421740714137,0.0076625812925403,0.0448833958802463,,,,0.0009855404021999,0.0001686442831943,,0.0003671675178338,0.0014360585321913,0.0007196279984833,,0.0514849398563892,,,,,0.0064331537369971,0.026871849457917,0.0171319668192184,0.0043586402052549,0.0223709024905173,0.0143810714590614,0.0086337465098792,0.0373483019852519,0.1601614918340711,0.0055707475961453,0.0305505770328932,0.0927349108597044,0.9301171898841858,2.0977373123168945,-0.0228028036653995,0.6214082837104797,0.0,0.0046525755097004,0.0251341157600743,0.0161553587923703,1.1059001684188845,1.0,0.1059001684188842,0.0059617753273209,0.0341515285266015,0.1034808618174748,1.3362469673156738,1.2122725243735315,0.1239744429421421,2026-07-13 06:53:30,0.0188384190146077,0.0238889747195309,0.0155493260043772,0.0197712221267835,2.0,2.8284271247461903,0.788582148700677,0.786462561830874,exact_stoker_entropy_solution,sqrt(mean((dh/h_scale)^2+(dq/q_scale)^2))/sqrt(mean((h_ref/h_scale)^2+(q_ref/q_scale)^2)),2026-07-20 06:45:46,,,,,,,,,,,,,,,,,,,,,,,,,,,,,,,,,,,,,,,,,,,,,,,,,,,,,,,,,,,,,,,,,,,,,,,,,,,,,,,,,,,,SA-PINN,state_scaled_space_time_rel_l2,0.0238889747195309,True,success
1d_shallowwater,sa_pinn,SA-PINN,42,SA-PINN,,,,,,,,,,,,,,,,,,,,,,,,,,,,,,,,,,,,,1.0,0.0182574185835055,0.8,0.0085466187447309,0.997204065322876,0.0077884615384615,0.0116746794871794,0.6486428380012512,2.0,1.0000001192092896,40.330223083496094,0.0126917595043778,,,,3000,7000,10000,2026-07-01 09:28:51,AdamW,False,422.0771322250366,83202,,,,,,,,exact_stoker_entropy_solution,True,Stoker wet-bed dam-break entropy solution,pointwise_analytic,500.0,260,0.25,state_scaled_space_time_rel_l2,,,,,,,,,,,,,,,,,,,,,,,,,,,,,,,,,,,,,,,,,Adam,0.005,100.0,100.0,93.96985626220705,84.55677795410156,100.0,100.0,100.0,,,,,,,,,,,,,,,,,,,,,,,,,,,,,,,,,,,,,,,,,,,,,,0.004731714667437,0.0046878297131837,0.9463950462226364,0.015665129834957,0.0157343366058509,0.0839581295933597,,,,0.0010831293515062,0.0003488533816594,,0.0005238218363519,0.0021715858794463,0.0008379649165156,,0.0238848216177148,,,,,0.0076425170036191,0.035449913221166,0.0226008536554322,0.0064311451137446,0.0370575446912306,0.0238223379020068,0.0106811473836007,0.0493743572623097,0.2117330721113528,0.0083268093928575,0.050448680481806,0.1531347143601538,0.9806028604507446,2.015916109085083,-0.0241647064685821,0.627326488494873,0.0,0.0067285088780814,0.0388145207783611,0.0249486600409643,1.1166751384735107,1.0,0.1166751384735107,0.0087206460519155,0.0527476349068189,0.1598280063728179,1.3470505475997925,1.2122725243735315,0.1347780232262607,2026-07-13 06:53:30,0.0248777507269111,0.0315474434310615,0.0257186522767049,0.0327016866725347,2.0,2.8284271247461903,0.788582148700677,0.786462561830874,exact_stoker_entropy_solution,sqrt(mean((dh/h_scale)^2+(dq/q_scale)^2))/sqrt(mean((h_ref/h_scale)^2+(q_ref/q_scale)^2)),2026-07-20 06:45:46,,,,,,,,,,,,,,,,,,,,,,,,,,,,,,,,,,,,,,,,,,,,,,,,,,,,,,,,,,,,,,,,,,,,,,,,,,,,,,,,,,,,SA-PINN,state_scaled_space_time_rel_l2,0.0315474434310615,True,success
1d_shallowwater,sa_pinn,SA-PINN,100,SA-PINN,,,,,,,,,,,,,,,,,,,,,,,,,,,,,,,,,,,,,1.0,0.0182574185835055,0.8,0.0074853543192148,0.9994497895240784,0.0058092948717948,0.0149358974358974,0.6008617877960205,2.0,0.9999999403953552,39.6561279296875,0.0127457333728671,,,,3000,7000,10000,2026-07-01 09:35:45,AdamW,False,413.2980914115906,83202,,,,,,,,exact_stoker_entropy_solution,True,Stoker wet-bed dam-break entropy solution,pointwise_analytic,500.0,260,0.25,state_scaled_space_time_rel_l2,,,,,,,,,,,,,,,,,,,,,,,,,,,,,,,,,,,,,,,,,Adam,0.005,100.0,100.0,100.0,91.4554443359375,100.0,100.0,100.0,,,,,,,,,,,,,,,,,,,,,,,,,,,,,,,,,,,,,,,,,,,,,,0.0043872403312817,0.0043827430706247,0.9885051485983504,0.0066803374693866,0.0064293673279252,0.0391462916688688,,,,0.0007840940459154,0.0003408157636616,,0.0003062545224892,0.0015063974726091,0.0009686609312043,,0.062913398772685,,,,,0.0057960434594683,0.025342821107865,0.0161571450824503,0.0044640997217648,0.0221580544737684,0.0142442427128772,0.0076007801915778,0.0353482330058403,0.1515845548788089,0.0053802845017592,0.0315934161355481,0.0959004023370533,0.9880610704421996,2.014273166656494,-0.0380600690841674,0.6224313974380493,0.0,0.0046737337163474,0.0241447217935072,0.0155194098427642,1.1125705242156982,1.0,0.1125705242156982,0.0056826489386146,0.0342746350356472,0.1038538807774158,1.327101707458496,1.2122725243735315,0.1148291830849643,2026-07-13 06:53:30,0.0177975234936131,0.0225690164593694,0.0157325407167711,0.0200041826277477,2.0,2.8284271247461903,0.788582148700677,0.786462561830874,exact_stoker_entropy_solution,sqrt(mean((dh/h_scale)^2+(dq/q_scale)^2))/sqrt(mean((h_ref/h_scale)^2+(q_ref/q_scale)^2)),2026-07-20 06:45:46,,,,,,,,,,,,,,,,,,,,,,,,,,,,,,,,,,,,,,,,,,,,,,,,,,,,,,,,,,,,,,,,,,,,,,,,,,,,,,,,,,,,SA-PINN,state_scaled_space_time_rel_l2,0.0225690164593694,True,success
1d_shallowwater,sa_pinn,SA-PINN,2026,SA-PINN,,,,,,,,,,,,,,,,,,,,,,,,,,,,,,,,,,,,,1.0,0.0182574185835055,0.8,0.0062410254031419,0.9814568758010864,0.003701923076923,0.0158573717948717,0.6545941233634949,2.0,0.9999999403953552,39.788307189941406,0.0124169401824474,,,,3000,7000,10000,2026-07-01 09:14:53,AdamW,False,409.8252599239349,83202,,,,,,,,exact_stoker_entropy_solution,True,Stoker wet-bed dam-break entropy solution,pointwise_analytic,500.0,260,0.25,state_scaled_space_time_rel_l2,,,,,,,,,,,,,,,,,,,,,,,,,,,,,,,,,,,,,,,,,Adam,0.005,100.0,100.0,100.0,92.7163314819336,100.0,100.0,100.0,,,,,,,,,,,,,,,,,,,,,,,,,,,,,,,,,,,,,,,,,,,,,,0.0073480204220389,0.0076245055401753,0.9998593845162078,0.0141110345051869,0.0137041933777076,0.0772521808958592,,,,0.0012175951507708,0.0002173080007274,,0.000565204875599,0.0024943208358296,0.0008681667885902,,0.1304315535750425,,,,,0.00742431908428,0.034040756317755,0.0217024551529354,0.0065008961573238,0.0348989584901521,0.0224346968615341,0.0097070663098546,0.0468630143235418,0.200963628516866,0.0082594260310906,0.0483667860459029,0.1468152168683415,0.9954431056976318,2.0383095741271973,-0.008770078420639,0.6145235300064087,0.0,0.0067583205718833,0.036490302011479,0.0234547308950427,1.0769680738449097,1.0,0.0769680738449096,0.0086067883068849,0.0504590755586039,0.1528935555915224,1.291035532951355,1.2122725243735315,0.0787630085778232,2026-07-13 06:53:30,0.0237531268806289,0.0301213093901961,0.0244315896939926,0.0310651655650145,2.0,2.8284271247461903,0.788582148700677,0.786462561830874,exact_stoker_entropy_solution,sqrt(mean((dh/h_scale)^2+(dq/q_scale)^2))/sqrt(mean((h_ref/h_scale)^2+(q_ref/q_scale)^2)),2026-07-20 06:45:46,,,,,,,,,,,,,,,,,,,,,,,,,,,,,,,,,,,,,,,,,,,,,,,,,,,,,,,,,,,,,,,,,,,,,,,,,,,,,,,,,,,,SA-PINN,state_scaled_space_time_rel_l2,0.0301213093901961,True,success
1d_shallowwater,sa_pinn,SA-PINN,31415,SA-PINN,,,,,,,,,,,,,,,,,,,,,,,,,,,,,,,,,,,,,1.0,0.0182574185835055,0.8,0.0095911296084523,1.0,0.0089823717948717,0.0166025641025641,0.6379045844078064,2.0,1.0000001192092896,40.30723571777344,0.0125560313463211,,,,3000,7000,10000,2026-07-01 09:42:31,AdamW,False,404.7547254562378,83202,,,,,,,,exact_stoker_entropy_solution,True,Stoker wet-bed dam-break entropy solution,pointwise_analytic,500.0,260,0.25,state_scaled_space_time_rel_l2,,,,,,,,,,,,,,,,,,,,,,,,,,,,,,,,,,,,,,,,,Adam,0.005,100.0,100.0,100.0,99.23480987548828,100.0,100.0,100.0,,,,,,,,,,,,,,,,,,,,,,,,,,,,,,,,,,,,,,,,,,,,,,0.0029276073095062,0.0034689303273691,0.9713716789241154,0.0061699278116033,0.0078062117939127,0.0297458293696824,,,,0.0006710787585399,0.0002241900562203,,0.0003256859946029,0.0010194354063973,0.0004938726270079,,0.0979067636507209,,,,,0.0047121866123683,0.0217862923712616,0.0138897041159286,0.0035834534888933,0.0218523464473955,0.0140477191718739,0.006341693498505,0.0301646899306712,0.1293558604596332,0.0043324723217942,0.030307372356033,0.0919966739352424,0.9553014039993286,2.047661542892456,-0.0183181166648864,0.616199254989624,0.0,0.0037898876449331,0.0240102291747815,0.0154329625401744,1.085597276687622,1.0,0.085597276687622,0.0046199499820347,0.0331440950973539,0.100428287482447,1.2972941398620603,1.2122725243735315,0.0850216154885288,2026-07-13 06:53:30,0.0152446449170918,0.0193317144474937,0.0153035408878192,0.0194587023343785,2.0,2.8284271247461903,0.788582148700677,0.786462561830874,exact_stoker_entropy_solution,sqrt(mean((dh/h_scale)^2+(dq/q_scale)^2))/sqrt(mean((h_ref/h_scale)^2+(q_ref/q_scale)^2)),2026-07-20 06:45:46,,,,,,,,,,,,,,,,,,,,,,,,,,,,,,,,,,,,,,,,,,,,,,,,,,,,,,,,,,,,,,,,,,,,,,,,,,,,,,,,,,,,SA-PINN,state_scaled_space_time_rel_l2,0.0193317144474937,True,success
1d_shallowwater,xpinn,XPINN,7,XPINN,,,,,,,,,,,,,,,,,,,,,,,,,,,,,,,,,,,,,1.0,0.0182574185835055,0.8,0.0058075045235455,0.9862863421440125,0.0037580128205128,0.012764423076923,0.603129506111145,2.0,1.0,37.6394157409668,0.0127763645723462,,,,3000,7000,10000,2026-07-05 02:48:55,AdamW,False,3897.408346891403,332812,,,,,,,,exact_stoker_entropy_solution,True,Stoker wet-bed dam-break entropy solution,pointwise_analytic,500.0,260,0.25,state_scaled_space_time_rel_l2,,,,,,,,,,,,,,,,,,,,,,,,,,,,,,,,,,,,,,,,,,,,,,,,,,4.0,1.0,0.0,0.125,512.0,2048.0,1.0,20.0,True,0.0002334199816687,0.0002881893597077,,,,,,,,,,,,,,,,,,,,,,,,,,,,,,,,,,,0.0065425358650232,0.0068118094628248,0.989460711014758,0.0099479233265901,0.0105045030032634,0.0518695165128472,,,,0.0009426105660534,0.0003892437498106,,0.0004165454626343,0.0010370877351414,0.0003845694551104,,0.0788964467530998,,,,,0.0064410732011255,0.0300458739220499,0.0191555447604416,0.0060695948026573,0.0299570450119962,0.0192578017450325,0.0087292735521917,0.0426184581136458,0.1827616107914295,0.0079873245920317,0.0426876507157992,0.129576455452139,0.993136465549469,2.003270149230957,-0.0646829307079315,0.629589319229126,0.0,0.0062832110195769,0.0315064788578175,0.0202512980799117,1.0708229541778564,1.0,0.0708229541778564,0.0082953578357423,0.0447773870134107,0.1356777514210855,1.2888401746749878,1.2122725243735315,0.076567650301456,2026-07-13 06:53:30,0.0212774588810084,0.0269819180107483,0.0212634798872844,0.0270368621714889,2.0,2.8284271247461903,0.788582148700677,0.786462561830874,exact_stoker_entropy_solution,sqrt(mean((dh/h_scale)^2+(dq/q_scale)^2))/sqrt(mean((h_ref/h_scale)^2+(q_ref/q_scale)^2)),2026-07-20 06:45:46,,,,,,,,,,,,,,,,,,,,,,,,,,,,,,,,,,,,,,,,,,,,,,,,,,,,,,,,,,,,,,,,,,,,,,,,,,,,,,,,,,,,XPINN,state_scaled_space_time_rel_l2,0.0269819180107483,True,success
1d_shallowwater,xpinn,XPINN,42,XPINN,,,,,,,,,,,,,,,,,,,,,,,,,,,,,,,,,,,,,1.0,0.0182574185835055,0.8,0.0053818644955754,0.9777640104293824,0.0038862179487179,0.0114903846153846,0.5989782810211182,2.0,1.000000238418579,37.03636932373047,0.0130441058427095,,,,3000,7000,10000,2026-07-05 03:50:27,AdamW,False,3690.665709495544,332812,,,,,,,,exact_stoker_entropy_solution,True,Stoker wet-bed dam-break entropy solution,pointwise_analytic,500.0,260,0.25,state_scaled_space_time_rel_l2,,,,,,,,,,,,,,,,,,,,,,,,,,,,,,,,,,,,,,,,,,,,,,,,,,4.0,1.0,0.0,0.125,512.0,2048.0,1.0,20.0,True,0.0002124534657923,0.0002481819828972,,,,,,,,,,,,,,,,,,,,,,,,,,,,,,,,,,,0.0061186358741555,0.0060257231723371,0.9992638510117564,0.009813329580455,0.0105574439513187,0.0504132899467712,,,,0.001252089716448,0.0004031920705498,,0.000800428808226,0.0014416876411506,0.0004417347268814,,0.1032133898182487,,,,,0.0061948158284471,0.0297279229757463,0.0189528372739047,0.0059853998814033,0.0302627221765639,0.0194543054466116,0.0083725691375891,0.0425056376196088,0.1822778003456013,0.0080944379330733,0.0434160809100415,0.1317875727432412,0.9928932189941406,2.0068507194519043,-0.0615704655647277,0.6249801516532898,0.0,0.0062193181387148,0.0319453976386363,0.0205334202143256,1.1301254034042358,1.0,0.1301254034042358,0.008429457636693,0.0456613836304526,0.1383563059608616,1.3700505495071411,1.2122725243735315,0.1577780251336094,2026-07-13 06:53:30,0.0211371356809328,0.0268039743427277,0.02155406222925,0.0274063423680907,2.0,2.8284271247461903,0.788582148700677,0.786462561830874,exact_stoker_entropy_solution,sqrt(mean((dh/h_scale)^2+(dq/q_scale)^2))/sqrt(mean((h_ref/h_scale)^2+(q_ref/q_scale)^2)),2026-07-20 06:45:46,,,,,,,,,,,,,,,,,,,,,,,,,,,,,,,,,,,,,,,,,,,,,,,,,,,,,,,,,,,,,,,,,,,,,,,,,,,,,,,,,,,,XPINN,state_scaled_space_time_rel_l2,0.0268039743427277,True,success
1d_shallowwater,xpinn,XPINN,100,XPINN,,,,,,,,,,,,,,,,,,,,,,,,,,,,,,,,,,,,,1.0,0.0182574185835055,0.8,0.0055826711468398,0.9712523221969604,0.0038862179487179,0.0114823717948717,0.6080524325370789,2.0,1.0,36.64940643310547,0.0131559008732438,,,,3000,7000,10000,2026-07-05 04:49:41,AdamW,False,3553.4339208602905,332812,,,,,,,,exact_stoker_entropy_solution,True,Stoker wet-bed dam-break entropy solution,pointwise_analytic,500.0,260,0.25,state_scaled_space_time_rel_l2,,,,,,,,,,,,,,,,,,,,,,,,,,,,,,,,,,,,,,,,,,,,,,,,,,4.0,1.0,0.0,0.125,512.0,2048.0,1.0,20.0,True,0.0002620255982037,0.0002728423860389,,,,,,,,,,,,,,,,,,,,,,,,,,,,,,,,,,,0.0044342490645945,0.0034039325924991,0.998005803810974,0.0090009820349497,0.0076995681467144,0.0557945682660895,,,,0.0014703971363937,0.000463204871181,,0.0006515693184419,0.0019226415133246,0.0008928535754841,,0.1470230426052839,,,,,0.0062842505985229,0.0293741031512838,0.0187272618254352,0.0054301322496275,0.0261019270791826,0.0167795500742113,0.0082545136473108,0.0416855608852254,0.1787610484126985,0.0069416442378575,0.0372131295149126,0.1129587910781675,0.9859881401062012,2.0083322525024414,-0.041575938463211,0.6338529586791992,0.0,0.0056314599523376,0.0277613582632163,0.017844061338264,1.148042917251587,1.0,0.1480429172515869,0.0072359190863332,0.0394876794751535,0.1196496695624689,1.3778386116027832,1.2122725243735315,0.1655660872292514,2026-07-13 06:53:30,0.0208067352622905,0.0263849940003673,0.0185318583889595,0.0235635607953086,2.0,2.8284271247461903,0.788582148700677,0.786462561830874,exact_stoker_entropy_solution,sqrt(mean((dh/h_scale)^2+(dq/q_scale)^2))/sqrt(mean((h_ref/h_scale)^2+(q_ref/q_scale)^2)),2026-07-20 06:45:46,,,,,,,,,,,,,,,,,,,,,,,,,,,,,,,,,,,,,,,,,,,,,,,,,,,,,,,,,,,,,,,,,,,,,,,,,,,,,,,,,,,,XPINN,state_scaled_space_time_rel_l2,0.0263849940003673,True,success
1d_shallowwater,xpinn,XPINN,2026,XPINN,,,,,,,,,,,,,,,,,,,,,,,,,,,,,,,,,,,,,1.0,0.0182574185835055,0.8,0.0072679901495575,0.9914329051971436,0.0055448717948717,0.0144230769230769,0.6092443466186523,2.0,1.0000001192092896,37.07952880859375,0.0129473796114325,,,,3000,7000,10000,2026-07-05 01:43:55,AdamW,False,3798.4247546195984,332812,,,,,,,,exact_stoker_entropy_solution,True,Stoker wet-bed dam-break entropy solution,pointwise_analytic,500.0,260,0.25,state_scaled_space_time_rel_l2,,,,,,,,,,,,,,,,,,,,,,,,,,,,,,,,,,,,,,,,,,,,,,,,,,4.0,1.0,0.0,0.125,512.0,2048.0,1.0,20.0,True,0.0001955289626494,0.000258294516243,,,,,,,,,,,,,,,,,,,,,,,,,,,,,,,,,,,0.0058278797255941,0.0057449589252901,0.9999999997336428,0.0083749534206901,0.0075148309561647,0.0484861083527048,,,,0.0012345128522018,0.0005926087277176,,0.0006395019285135,0.0015844860138216,0.0005733739968516,,0.1420046849603531,,,,,0.0059211351908881,0.027808014390595,0.0177288124732204,0.0049353364495701,0.0257343188701897,0.0165432341757041,0.0079756764358328,0.0394160789966749,0.1690287825360819,0.0067051190080273,0.0367732615135724,0.111623591423824,0.9930591583251952,2.005476713180542,-0.052185446023941,0.6323612928390503,0.0,0.0051596774547321,0.0275999753025311,0.017740329834131,1.1073646545410156,1.0,0.1073646545410156,0.0070275593781443,0.0392781460888264,0.1190147727853078,1.3265811204910278,1.2122725243735315,0.1143085961174961,2026-07-13 06:53:30,0.019685650269191,0.0249633475746331,0.0182920170353449,0.0232585985946211,2.0,2.8284271247461903,0.788582148700677,0.786462561830874,exact_stoker_entropy_solution,sqrt(mean((dh/h_scale)^2+(dq/q_scale)^2))/sqrt(mean((h_ref/h_scale)^2+(q_ref/q_scale)^2)),2026-07-20 06:45:46,,,,,,,,,,,,,,,,,,,,,,,,,,,,,,,,,,,,,,,,,,,,,,,,,,,,,,,,,,,,,,,,,,,,,,,,,,,,,,,,,,,,XPINN,state_scaled_space_time_rel_l2,0.0249633475746331,True,success
1d_shallowwater,xpinn,XPINN,31415,XPINN,,,,,,,,,,,,,,,,,,,,,,,,,,,,,,,,,,,,,1.0,0.0182574185835055,0.8,0.0056672669015824,0.9880889058113098,0.0036538461538461,0.0119551282051282,0.5988581776618958,2.0,1.0000001192092896,37.19765472412109,0.013008739799261,,,,3000,7000,10000,2026-07-05 05:47:07,AdamW,False,3444.9803948402405,332812,,,,,,,,exact_stoker_entropy_solution,True,Stoker wet-bed dam-break entropy solution,pointwise_analytic,500.0,260,0.25,state_scaled_space_time_rel_l2,,,,,,,,,,,,,,,,,,,,,,,,,,,,,,,,,,,,,,,,,,,,,,,,,,4.0,1.0,0.0,0.125,512.0,2048.0,1.0,20.0,True,0.0001918137422762,0.0002520916168577,,,,,,,,,,,,,,,,,,,,,,,,,,,,,,,,,,,0.0064254671007296,0.0064466018836467,0.999999999780918,0.0096474284250136,0.0092968272601158,0.0533312915809867,,,,0.0008837565624257,0.0004370411785883,,0.0004970646205072,0.0011378113251386,0.0005482193355186,,0.13086087880759,,,,,0.0066084882153026,0.030079813296352,0.0191771825801726,0.0064743142877748,0.0308407629686306,0.0198258973365895,0.0088018020320675,0.0429666750219802,0.184254876523904,0.0082206711288499,0.0435246098815625,0.1321170075846472,0.9952908754348756,2.010674476623535,-0.0584749430418014,0.6241253614425659,0.0,0.0067161497383636,0.0325314933531407,0.0209101426996071,1.100432276725769,1.0,0.100432276725769,0.0085598422876177,0.0457820202472254,0.1387218410220719,1.3332571983337402,1.2122725243735315,0.1209846739602085,2026-07-13 06:53:30,0.0213767557709631,0.0271078362681147,0.0217850206171486,0.0277000097327019,2.0,2.8284271247461903,0.788582148700677,0.786462561830874,exact_stoker_entropy_solution,sqrt(mean((dh/h_scale)^2+(dq/q_scale)^2))/sqrt(mean((h_ref/h_scale)^2+(q_ref/q_scale)^2)),2026-07-20 06:45:46,,,,,,,,,,,,,,,,,,,,,,,,,,,,,,,,,,,,,,,,,,,,,,,,,,,,,,,,,,,,,,,,,,,,,,,,,,,,,,,,,,,,XPINN,state_scaled_space_time_rel_l2,0.0271078362681147,True,success
1d_shallowwater,cpinn,cPINN,7,cPINN,,,,,,,,,,,,,,,,,,,,,,,,,,,,,,,,,,,,,1.0,0.0182574185835055,0.8,0.0090261679142713,0.9891633987426758,0.0065224358974358,0.019326923076923,0.5849851965904236,2.0,0.9999998211860656,35.89940643310547,0.012959998100996,,,,3000,7000,10000,2026-07-04 01:31:55,AdamW,False,1022.9670236110688,166406,,,,,,,,exact_stoker_entropy_solution,True,Stoker wet-bed dam-break entropy solution,pointwise_analytic,500.0,260,0.25,state_scaled_space_time_rel_l2,,2.0,1.0,0.0,,1000.0,1000.0,20.0,20.0,True,3.526824002619833e-05,2.426630089757964e-05,,,,,,,,,,,,,,,,,,,,,,,,,,,,,,,,,,,,,,,,,,,,,,,,,,,,,,,,,,,,,,,,,,,,,,,,,,,,,,,,,,,0.0003887566158785,0.0008352324974759,0.7632969802235864,0.0017136067751033,0.0031094157353612,0.0047742724122721,,,,0.0006210765552556,0.0004096947189296,,0.0002355701403597,0.0010622925141264,0.0007509062358487,,0.0269342717327526,,,,,0.0050891598337028,0.019618703404738,0.0125077723545758,0.0038386419871993,0.0173606253715851,0.011160228969242,0.0066977677100332,0.0249663807263789,0.1070638441451297,0.004725140032177,0.0213462539110953,0.0647955994907299,0.9953960180282592,2.007016181945801,-0.152353823184967,0.6330628395080566,0.0,0.0037030745471032,0.0153946507431257,0.0098951603713665,1.108607053756714,1.0,0.1086070537567138,0.0045694915397096,0.018986853650592,0.0575311285828721,1.327246904373169,1.2122725243735315,0.1149743799996372,2026-07-13 06:53:30,0.0131961510162086,0.0167340219886219,0.0115024192163105,0.0146255140098703,2.0,2.8284271247461903,0.788582148700677,0.786462561830874,exact_stoker_entropy_solution,sqrt(mean((dh/h_scale)^2+(dq/q_scale)^2))/sqrt(mean((h_ref/h_scale)^2+(q_ref/q_scale)^2)),2026-07-20 06:45:46,,,,,,,,,,,,,,,,,,,,,,,,,,,,,,,,,,,,,,,,,,,,,,,,,,,,,,,,,,,,,,,,,,,,,,,,,,,,,,,,,,,,cPINN,state_scaled_space_time_rel_l2,0.0167340219886219,True,success
1d_shallowwater,cpinn,cPINN,42,cPINN,,,,,,,,,,,,,,,,,,,,,,,,,,,,,,,,,,,,,1.0,0.0182574185835055,0.8,0.0089020133018493,0.9869790077209472,0.0064583333333333,0.0187339743589743,0.5484843254089355,2.0,1.0000001192092896,35.95015335083008,0.0129405120387673,,,,3000,7000,10000,2026-07-04 01:49:14,AdamW,False,1037.5237538814545,166406,,,,,,,,exact_stoker_entropy_solution,True,Stoker wet-bed dam-break entropy solution,pointwise_analytic,500.0,260,0.25,state_scaled_space_time_rel_l2,,2.0,1.0,0.0,,1000.0,1000.0,20.0,20.0,True,4.073116724612191e-05,3.163867586408742e-05,,,,,,,,,,,,,,,,,,,,,,,,,,,,,,,,,,,,,,,,,,,,,,,,,,,,,,,,,,,,,,,,,,,,,,,,,,,,,,,,,,,0.0006190329931932,0.0010980973570672,0.6342822055459265,0.0019496118349331,0.003053076331154,0.0060762153748637,,,,0.0006421503253769,0.0003186251252657,,0.0003154425610579,0.0009895476147621,0.0004861380577655,,0.1331123797455906,,,,,0.0050649439890259,0.0202268949538733,0.0128955207846135,0.0039236735397429,0.0194882202299819,0.012527947312635,0.0062124642514336,0.0256287073095241,0.1099041128588127,0.0043460543932473,0.0238039268481249,0.0722557558240246,0.9950274229049684,2.005744218826294,-0.1486000418663025,0.6291964650154114,0.0,0.0037574714501441,0.0174382924382657,0.011208744073423,1.103684425354004,1.0,0.1036844253540039,0.0041594164358203,0.0212509450965287,0.0643914403805301,1.3139119148254397,1.2122725243735315,0.1016393904519077,2026-07-13 06:53:30,0.0135788677607307,0.0172193445959778,0.0128754047939056,0.016371287609566,2.0,2.8284271247461903,0.788582148700677,0.786462561830874,exact_stoker_entropy_solution,sqrt(mean((dh/h_scale)^2+(dq/q_scale)^2))/sqrt(mean((h_ref/h_scale)^2+(q_ref/q_scale)^2)),2026-07-20 06:45:46,,,,,,,,,,,,,,,,,,,,,,,,,,,,,,,,,,,,,,,,,,,,,,,,,,,,,,,,,,,,,,,,,,,,,,,,,,,,,,,,,,,,cPINN,state_scaled_space_time_rel_l2,0.0172193445959778,True,success
1d_shallowwater,cpinn,cPINN,100,cPINN,,,,,,,,,,,,,,,,,,,,,,,,,,,,,,,,,,,,,1.0,0.0182574185835055,0.8,0.0091946087777614,0.986715853214264,0.0067948717948717,0.0187099358974358,0.614510178565979,2.0,1.0,36.267208099365234,0.012854023836553,,,,3000,7000,10000,2026-07-04 02:06:22,AdamW,False,1026.770925283432,166406,,,,,,,,exact_stoker_entropy_solution,True,Stoker wet-bed dam-break entropy solution,pointwise_analytic,500.0,260,0.25,state_scaled_space_time_rel_l2,,2.0,1.0,0.0,,1000.0,1000.0,20.0,20.0,True,6.092537296353839e-05,3.743023262359202e-05,,,,,,,,,,,,,,,,,,,,,,,,,,,,,,,,,,,,,,,,,,,,,,,,,,,,,,,,,,,,,,,,,,,,,,,,,,,,,,,,,,,0.0014571051443721,0.0019072296146896,0.9999695896453376,0.0003486002717068,0.0003571457132826,0.0028203076090629,,,,0.0006113743452053,0.0004570317448979,,0.0002993303559833,0.0009473985756881,0.0005294030068257,,0.0464134569531377,,,,,0.0050708733019866,0.0194856609103043,0.0124229520074035,0.0040065368180683,0.0168462757150902,0.0108295807458128,0.0062909055661595,0.0248692871450459,0.1066474757426265,0.0042393032309166,0.0205269199641984,0.0623085479221783,0.9982205629348756,2.001361846923828,-0.1508845090866089,0.6285724639892578,0.0,0.0038986737290842,0.0152444268871028,0.0097986015619622,1.102328538894653,1.0,0.1023285388946533,0.0041332166352976,0.0187419046781067,0.0567889207852226,1.313913345336914,1.2122725243735315,0.1016408209633823,2026-07-13 06:53:30,0.0131237542519541,0.0166422157457674,0.0111183882271346,0.0141372123311719,2.0,2.8284271247461903,0.788582148700677,0.786462561830874,exact_stoker_entropy_solution,sqrt(mean((dh/h_scale)^2+(dq/q_scale)^2))/sqrt(mean((h_ref/h_scale)^2+(q_ref/q_scale)^2)),2026-07-20 06:45:46,,,,,,,,,,,,,,,,,,,,,,,,,,,,,,,,,,,,,,,,,,,,,,,,,,,,,,,,,,,,,,,,,,,,,,,,,,,,,,,,,,,,cPINN,state_scaled_space_time_rel_l2,0.0166422157457674,True,success
1d_shallowwater,cpinn,cPINN,2026,cPINN,,,,,,,,,,,,,,,,,,,,,,,,,,,,,,,,,,,,,1.0,0.0182574185835055,0.8,0.0089865094050765,0.98659747838974,0.0061858974358974,0.0199919871794871,0.6263926029205322,2.0,1.000000238418579,36.12925720214844,0.0129717662930488,,,,3000,7000,10000,2026-07-04 01:14:51,AdamW,False,1025.810518026352,166406,,,,,,,,exact_stoker_entropy_solution,True,Stoker wet-bed dam-break entropy solution,pointwise_analytic,500.0,260,0.25,state_scaled_space_time_rel_l2,,2.0,1.0,0.0,,1000.0,1000.0,20.0,20.0,True,6.062955071683973e-05,4.449571133591235e-05,,,,,,,,,,,,,,,,,,,,,,,,,,,,,,,,,,,,,,,,,,,,,,,,,,,,,,,,,,,,,,,,,,,,,,,,,,,,,,,,,,,0.0007643744394298,0.000976017109333,0.9999500775537052,0.0014532495564362,0.0018658532193867,0.0071403499251187,,,,0.0004572783732296,0.0002852570073562,,0.0002134778449642,0.0007529149791014,0.0003002317660023,,0.0484930630598933,,,,,0.0049250895732738,0.0189385587143393,0.0120741506834502,0.0034956501736741,0.0133306668610426,0.0085695815270241,0.0061261597110736,0.0248883230580782,0.1067291078401413,0.0041285314031045,0.0169457108354115,0.0514379477050223,0.995336890220642,2.005706548690796,-0.1419092267751693,0.630876898765564,0.0,0.0035047279003963,0.0134431478819467,0.0086408003927766,1.1158804893493652,1.0,0.1158804893493652,0.0041879892948243,0.017836092919539,0.0540442652612987,1.323177933692932,1.2122725243735315,0.1109054093194004,2026-07-13 06:53:30,0.0129265552110578,0.0163921478977684,0.0089622156414972,0.0113956036516499,2.0,2.8284271247461903,0.788582148700677,0.786462561830874,exact_stoker_entropy_solution,sqrt(mean((dh/h_scale)^2+(dq/q_scale)^2))/sqrt(mean((h_ref/h_scale)^2+(q_ref/q_scale)^2)),2026-07-20 06:45:46,,,,,,,,,,,,,,,,,,,,,,,,,,,,,,,,,,,,,,,,,,,,,,,,,,,,,,,,,,,,,,,,,,,,,,,,,,,,,,,,,,,,cPINN,state_scaled_space_time_rel_l2,0.0163921478977684,True,success
1d_shallowwater,cpinn,cPINN,31415,cPINN,,,,,,,,,,,,,,,,,,,,,,,,,,,,,,,,,,,,,1.0,0.0182574185835055,0.8,0.0087519101798534,0.9853810667991638,0.0059535256410256,0.0188701923076923,0.5953654646873474,2.0,0.9999998807907104,36.04746627807617,0.0128909945487976,,,,3000,7000,10000,2026-07-04 02:21:51,AdamW,False,927.9427106380464,166406,,,,,,,,exact_stoker_entropy_solution,True,Stoker wet-bed dam-break entropy solution,pointwise_analytic,500.0,260,0.25,state_scaled_space_time_rel_l2,,2.0,1.0,0.0,,1000.0,1000.0,20.0,20.0,True,3.142629429930821e-05,1.66407335200347e-05,,,,,,,,,,,,,,,,,,,,,,,,,,,,,,,,,,,,,,,,,,,,,,,,,,,,,,,,,,,,,,,,,,,,,,,,,,,,,,,,,,,0.0020897846350909,0.0028763157305133,0.986498972373733,0.000557976017661,0.0004500799763829,0.0044850364449151,,,,0.0004949658602724,0.0002486878028548,,0.0002225311405273,0.0007738221194198,0.0004446582223114,,0.1142248829762425,,,,,0.0052992604581809,0.0193493111748193,0.012336023150951,0.0040893138727663,0.0150364865695725,0.0096661629070128,0.0058113224638014,0.02486661329903,0.1066360094337429,0.0037233638802053,0.018184513391778,0.0551982774858223,0.9953848123550416,2.000449180603028,-0.1680509448051452,0.6257472634315491,0.0,0.0040151940256331,0.0138177266488427,0.008881566944223,1.109074592590332,1.0,0.109074592590332,0.0036617139725066,0.0171545192480402,0.0519790625028376,1.323401689529419,1.2122725243735315,0.1111291651558872,2026-07-13 06:53:30,0.0130725865021209,0.016577329988567,0.009892347951887,0.0125782820848397,2.0,2.8284271247461903,0.788582148700677,0.786462561830874,exact_stoker_entropy_solution,sqrt(mean((dh/h_scale)^2+(dq/q_scale)^2))/sqrt(mean((h_ref/h_scale)^2+(q_ref/q_scale)^2)),2026-07-20 06:45:46,,,,,,,,,,,,,,,,,,,,,,,,,,,,,,,,,,,,,,,,,,,,,,,,,,,,,,,,,,,,,,,,,,,,,,,,,,,,,,,,,,,,cPINN,state_scaled_space_time_rel_l2,0.016577329988567,True,success
1d_shallowwater,gpinn_subsampled,gPINN-subsampled,7,gPINN-subsampled,,,,,,,,,,,,,,,,,,,,,,,,,,,,,,,,,,,,,1.0,0.0182574185835055,0.8,0.0056039881892502,0.9965689182281494,0.004150641025641,0.008701923076923,0.5600026845932007,2.0,0.9999998807907104,33.63311767578125,0.0133117353543639,,,,3000,7000,10000,2026-07-02 08:45:27,AdamW,False,1660.2460989952087,83202,,,,,,,,exact_stoker_entropy_solution,True,Stoker wet-bed dam-break entropy solution,pointwise_analytic,500.0,260,0.25,state_scaled_space_time_rel_l2,,,,,,,,,,,,,0.0001,1024.0,512.0,False,40.81892967224121,0.0040818929672241,,,,,,,,,,,,,,,,,,,,,,,,,,,,,,,,,,,,,,,,,,,,,,,,,,,,,,,,,,,,,,,,,,,,,,,,,,,,,0.0015547676839747,0.0027965734540631,0.9954066103693552,0.0009178317077313,0.0008722686082944,0.0040508053028483,,,,0.000726583123485,0.0005495304276792,,0.0003970961167292,0.0004028146446271,0.0002211284264572,,0.0184036560731221,,,,,0.0080087768797511,0.0274587189522508,0.0175061215166791,0.006920935853533,0.0245016344083094,0.0157508064522232,0.0110743450561465,0.0350941681695851,0.1504950434141835,0.0085807213614942,0.030207958220728,0.0916949067717032,0.995842218399048,2.0144355297088623,-0.1773906052112579,0.6395673751831055,0.0,0.0068370569645822,0.0236496695153383,0.015201206996436,1.1351134777069092,1.0,0.1351134777069091,0.0085059051881156,0.0294129817285308,0.0891228249277104,1.3480162620544434,1.2122725243735315,0.1357437376809116,2026-07-13 06:53:30,0.0185052800995841,0.0234665216934611,0.0162526187013899,0.0206654702844766,2.0,2.8284271247461903,0.788582148700677,0.786462561830874,exact_stoker_entropy_solution,sqrt(mean((dh/h_scale)^2+(dq/q_scale)^2))/sqrt(mean((h_ref/h_scale)^2+(q_ref/q_scale)^2)),2026-07-20 06:45:46,,,,,,,,,,,,,,,,,,,,,,,,,,,,,,,,,,,,,,,,,,,,,,,,,,,,,,,,,,,,,,,,,,,,,,,,,,,,,,,,,,,,gPINN-sub.,state_scaled_space_time_rel_l2,0.0234665216934611,True,success
1d_shallowwater,gpinn_subsampled,gPINN-subsampled,42,gPINN-subsampled,,,,,,,,,,,,,,,,,,,,,,,,,,,,,,,,,,,,,1.0,0.0182574185835055,0.8,0.0069236876443028,0.9951472878456116,0.0054487179487179,0.0102964743589743,0.5672544836997986,2.0,1.0000001192092896,33.2841682434082,0.0132994996383786,,,,3000,7000,10000,2026-07-02 09:12:16,AdamW,False,1608.8224697113037,83202,,,,,,,,exact_stoker_entropy_solution,True,Stoker wet-bed dam-break entropy solution,pointwise_analytic,500.0,260,0.25,state_scaled_space_time_rel_l2,,,,,,,,,,,,,0.0001,1024.0,512.0,False,68.69998741149902,0.0068699987411499,,,,,,,,,,,,,,,,,,,,,,,,,,,,,,,,,,,,,,,,,,,,,,,,,,,,,,,,,,,,,,,,,,,,,,,,,,,,,0.0003377876532208,0.000778629239721,0.9855313537522572,0.0024559118554759,0.0033828827513461,0.0082270727482213,,,,0.0003288793401435,0.0002095568522369,,0.0002024316862619,0.0008663559449929,0.0005305077322202,,0.0547564670665396,,,,,0.0077200972128713,0.0270094660254522,0.0172197033359207,0.006080623580267,0.0228131287948623,0.014665355389339,0.0094757537069319,0.0345016368305749,0.1479540790819422,0.0078630004843001,0.0283675957910144,0.0861085688873063,0.9952547550201416,2.012176275253296,-0.2096830308437347,0.647567868232727,0.0,0.0060201402106324,0.0220877532230646,0.014197260076393,1.1411657333374023,1.0,0.1411657333374023,0.0078146947208185,0.0277547242875427,0.0840982208613059,1.3599061965942385,1.2122725243735315,0.1476336722207065,2026-07-13 06:53:30,0.0181981642410333,0.0230770684715535,0.0151888041900289,0.0193128127480732,2.0,2.8284271247461903,0.788582148700677,0.786462561830874,exact_stoker_entropy_solution,sqrt(mean((dh/h_scale)^2+(dq/q_scale)^2))/sqrt(mean((h_ref/h_scale)^2+(q_ref/q_scale)^2)),2026-07-20 06:45:46,,,,,,,,,,,,,,,,,,,,,,,,,,,,,,,,,,,,,,,,,,,,,,,,,,,,,,,,,,,,,,,,,,,,,,,,,,,,,,,,,,,,gPINN-sub.,state_scaled_space_time_rel_l2,0.0230770684715535,True,success
1d_shallowwater,gpinn_subsampled,gPINN-subsampled,100,gPINN-subsampled,,,,,,,,,,,,,,,,,,,,,,,,,,,,,,,,,,,,,1.0,0.0182574185835055,0.8,0.0062947068363428,0.999296247959137,0.004863782051282,0.009014423076923,0.6299732327461243,2.0,1.0,33.696128845214844,0.0131718423217535,,,,3000,7000,10000,2026-07-02 09:39:40,AdamW,False,1642.896594285965,83202,,,,,,,,exact_stoker_entropy_solution,True,Stoker wet-bed dam-break entropy solution,pointwise_analytic,500.0,260,0.25,state_scaled_space_time_rel_l2,,,,,,,,,,,,,0.0001,1024.0,512.0,False,41.12575435638428,0.0041125754356384,,,,,,,,,,,,,,,,,,,,,,,,,,,,,,,,,,,,,,,,,,,,,,,,,,,,,,,,,,,,,,,,,,,,,,,,,,,,,0.0011731390159799,0.002069589463773,0.8298845881503715,0.0014720531064487,0.0017723735892914,0.0055600504710089,,,,0.0007016540881377,0.0005013732735678,,0.0003832942905606,0.0007930966093604,0.0002985343616107,,0.0628918172834543,,,,,0.0074502218412979,0.0272757272394067,0.017389456381384,0.0063066311403589,0.024206874658055,0.0155613209795892,0.0090845300878547,0.0346432214765433,0.1485612394323124,0.0069866460693944,0.0298884122066735,0.090724939130928,0.9963490962982178,2.0112013816833496,-0.2262278497219085,0.6440736651420593,0.0,0.0062277394187824,0.0234097767936753,0.0150470120755906,1.1294875144958496,1.0,0.1294875144958496,0.0069225239364081,0.0291554676385248,0.0883425441873267,1.336777687072754,1.2122725243735315,0.1245051626992221,2026-07-13 06:53:30,0.018330587098992,0.0232449937259821,0.0160672910973567,0.0204298232072635,2.0,2.8284271247461903,0.788582148700677,0.786462561830874,exact_stoker_entropy_solution,sqrt(mean((dh/h_scale)^2+(dq/q_scale)^2))/sqrt(mean((h_ref/h_scale)^2+(q_ref/q_scale)^2)),2026-07-20 06:45:46,,,,,,,,,,,,,,,,,,,,,,,,,,,,,,,,,,,,,,,,,,,,,,,,,,,,,,,,,,,,,,,,,,,,,,,,,,,,,,,,,,,,gPINN-sub.,state_scaled_space_time_rel_l2,0.0232449937259821,True,success
1d_shallowwater,gpinn_subsampled,gPINN-subsampled,2026,gPINN-subsampled,,,,,,,,,,,,,,,,,,,,,,,,,,,,,,,,,,,,,1.0,0.0182574185835055,0.8,0.0086840996518731,0.9999556541442872,0.0074759615384615,0.011650641025641,0.5648059248924255,2.0,1.0000001192092896,33.50859069824219,0.0132380183786153,,,,3000,7000,10000,2026-07-02 08:17:45,AdamW,False,2064.7606155872345,83202,,,,,,,,exact_stoker_entropy_solution,True,Stoker wet-bed dam-break entropy solution,pointwise_analytic,500.0,260,0.25,state_scaled_space_time_rel_l2,,,,,,,,,,,,,0.0001,1024.0,512.0,False,284.437837600708,0.0284437837600708,,,,,,,,,,,,,,,,,,,,,,,,,,,,,,,,,,,,,,,,,,,,,,,,,,,,,,,,,,,,,,,,,,,,,,,,,,,,,0.0010094857168413,0.0019319593897636,0.947245916587244,0.0025378646673834,0.003639124074785,0.0076015613690371,,,,0.0006269365536827,0.0004638141448716,,0.0003063419221076,0.0010176560576225,0.0009292106208027,,0.0482478085082429,,,,,0.0076398288537322,0.0274066751215707,0.0174729413225971,0.0064899531714052,0.0245683867672636,0.0157937180175741,0.0096544676164853,0.0349061000092071,0.1496885468525856,0.0080093766640491,0.0303191294131205,0.0920323619564479,0.9978719353675842,2.010206460952759,-0.2016353011131286,0.6464031338691711,0.0,0.0064056743661722,0.0236806785561195,0.015221138558159,1.1330132484436035,1.0,0.1330132484436035,0.0079355111252053,0.0294317643152764,0.0891797371172212,1.3342819213867188,1.2122725243735315,0.122009397013187,2026-07-13 06:53:30,0.0184414190759937,0.0233855396122721,0.0163036072122907,0.020730303009358,2.0,2.8284271247461903,0.788582148700677,0.786462561830874,exact_stoker_entropy_solution,sqrt(mean((dh/h_scale)^2+(dq/q_scale)^2))/sqrt(mean((h_ref/h_scale)^2+(q_ref/q_scale)^2)),2026-07-20 06:45:46,,,,,,,,,,,,,,,,,,,,,,,,,,,,,,,,,,,,,,,,,,,,,,,,,,,,,,,,,,,,,,,,,,,,,,,,,,,,,,,,,,,,gPINN-sub.,state_scaled_space_time_rel_l2,0.0233855396122721,True,success
1d_shallowwater,gpinn_subsampled,gPINN-subsampled,31415,gPINN-subsampled,,,,,,,,,,,,,,,,,,,,,,,,,,,,,,,,,,,,,1.0,0.0182574185835055,0.8,0.0072436928749084,0.996556520462036,0.0057291666666666,0.0103285256410256,0.5620188117027283,2.0,0.9999999403953552,33.666656494140625,0.0132198184728622,,,,3000,7000,10000,2026-07-02 10:07:17,AdamW,False,1656.8378703594208,83202,,,,,,,,exact_stoker_entropy_solution,True,Stoker wet-bed dam-break entropy solution,pointwise_analytic,500.0,260,0.25,state_scaled_space_time_rel_l2,,,,,,,,,,,,,0.0001,1024.0,512.0,False,29.20748233795166,0.0029207482337951,,,,,,,,,,,,,,,,,,,,,,,,,,,,,,,,,,,,,,,,,,,,,,,,,,,,,,,,,,,,,,,,,,,,,,,,,,,,,0.0019612895780658,0.0033660481825245,0.9999999989180428,0.000367133482216,0.0010004554213179,0.002105608224965,,,,0.0006760438413564,0.0004080751529003,,0.0003394760676956,0.0006344248936043,0.0002357425580897,,0.023092462104655,,,,,0.0076339965999892,0.0271110496582398,0.0172844672975162,0.0063900904975277,0.0238677068768719,0.0153432879297436,0.0095997768850969,0.0345176015824506,0.1480225410558807,0.0073227462763109,0.02927440318836,0.0888611422043085,0.9953981041908264,2.013735294342041,-0.2188273966312408,0.6400347948074341,0.0,0.0063008933312483,0.0229543050202762,0.0147542502378835,1.135396122932434,1.0,0.135396122932434,0.0072449063882039,0.0284130209337954,0.0860928930538761,1.3475021123886108,1.2122725243735315,0.1352295880150791,2026-07-13 06:53:30,0.0182396643546005,0.0231296947117435,0.0157968570653912,0.0200859619160972,2.0,2.8284271247461903,0.788582148700677,0.786462561830874,exact_stoker_entropy_solution,sqrt(mean((dh/h_scale)^2+(dq/q_scale)^2))/sqrt(mean((h_ref/h_scale)^2+(q_ref/q_scale)^2)),2026-07-20 06:45:46,,,,,,,,,,,,,,,,,,,,,,,,,,,,,,,,,,,,,,,,,,,,,,,,,,,,,,,,,,,,,,,,,,,,,,,,,,,,,,,,,,,,gPINN-sub.,state_scaled_space_time_rel_l2,0.0231296947117435,True,success
2d_burgers,aaf_pinn,AAF-PINN,7,AAF-PINN,0.0311220848068124,0.0772278377780293,0.114521068914592,0.0145723915100097,0.0493468815600773,0.0663867551388065,0.0002543303217932,0.0006537653275589,0.0002025841089992,,,0.6836788352097932,0.6830127018922193,0.0006661333175739,0.3245270517571333,0.1390766547581957,0.2130717259841308,0.0816343891044848,0.0178239345550537,0.0183988213539123,-0.0183988213539123,1.0178239345550537,,,,0.0035938928598521,0.0049402506270632,0.0049402506270632,0.0062951856711147,0.0011544164314386,0.0019019751126685,0.0050547479753829,0.002252559344608,0.0267958217741704,0.1146475556596896,0.9999999979229264,1.0,0.0316227766016837,0.7,0.0285220779478549,0.9689366817474364,0.030545229244114,0.0342317224287484,0.8985468149185181,2.0,1.426849126815796,33.24552917480469,0.024930577725172,1.0,0.4190395240118997,,3000,7000,10000,2026-07-03 00:40:40,AdamW,False,415.0949459075928,83202,5.0,0.2548655867576599,1.2743279337882996,1.0,1e-06,20.0,6.0,analytical_planar_entropy_shock,True,Analytical oblique planar entropy-shock solution,pointwise_analytic_on_fixed_evaluation_grids,,45,0.5,space_time_rel_l2,2026-07-21 00:37:38,,,,,,,,,,,,,,,,,,,,,,,,,,,,,,,,,,,,,,,,,,,,,,,,,,,,,,,,,,,,,,,,,,,,,,,,,,,,,,,,,,,,,,,,,,,,,,,,,,,,,,,,,,,,,,,,,,,,,,,,,,,,,,,,,,,,,,,,,,,,,,,,,,,,,,,,,,,,0.0913037668371104,0.0915063509461096,1.0076783091522927,0.0076783091522926,180.0,,,,,,,,,,,,,,,,,,,,,,,,,,,,,,,,,,,,,,,,,,,,,,,,,,,,,,,,,,,,,,,,,,,,,,,,,,,,,,,AAF-PINN,space_time_rel_l2,0.114521068914592,True,success
2d_burgers,aaf_pinn,AAF-PINN,42,AAF-PINN,0.0298811594932985,0.0755146854263743,0.1119806373270991,0.0145010966798405,0.0477553577962657,0.0642456654677779,0.0010794940963336,0.0022895651154899,0.0016944473145176,,,0.688216364084945,0.6830127018922193,0.0052036621927257,0.3219635636882245,0.1398430946091071,0.2103247983461894,0.0799410903600586,0.0261472463607788,0.0236611366271972,-0.0236611366271972,1.0261472463607788,,,,0.007184110453205,0.0100013793346737,0.0097793084235539,0.0112402604431405,0.0031622351448234,0.0042639427493669,0.0045754929600857,0.0022839756222849,0.0273095349905959,0.1557118765749264,0.9999999930815378,1.0,0.0316227766016837,0.7,0.0293105095624923,0.971884787082672,0.0312577447335811,0.0343246592317224,0.7390995025634766,2.0,1.4263957738876345,33.95276641845703,0.0250244308263063,1.0,0.4288142796430089,,3000,7000,10000,2026-07-03 00:47:28,AdamW,False,406.1330292224884,83202,5.0,0.2540245950222015,1.2701229751110077,1.0,1e-06,20.0,6.0,analytical_planar_entropy_shock,True,Analytical oblique planar entropy-shock solution,pointwise_analytic_on_fixed_evaluation_grids,,45,0.5,space_time_rel_l2,2026-07-21 00:37:38,,,,,,,,,,,,,,,,,,,,,,,,,,,,,,,,,,,,,,,,,,,,,,,,,,,,,,,,,,,,,,,,,,,,,,,,,,,,,,,,,,,,,,,,,,,,,,,,,,,,,,,,,,,,,,,,,,,,,,,,,,,,,,,,,,,,,,,,,,,,,,,,,,,,,,,,,,,,0.0932007982606273,0.0915063509461096,1.0084241240523582,0.0084241240523582,180.0,,,,,,,,,,,,,,,,,,,,,,,,,,,,,,,,,,,,,,,,,,,,,,,,,,,,,,,,,,,,,,,,,,,,,,,,,,,,,,,AAF-PINN,space_time_rel_l2,0.1119806373270991,True,success
2d_burgers,aaf_pinn,AAF-PINN,100,AAF-PINN,0.0306681253108795,0.0765445246843865,0.113507784739626,0.0147282432148486,0.0485510563927872,0.0653161251649576,0.0005003621067209,0.0013681866880452,0.0007806953010536,,,0.6798287647407495,0.6830127018922193,0.0031839371514698,0.3130088531636516,0.1353702071132227,0.2006662795543194,0.0794361033651307,0.0404016971588134,0.0214208960533142,-0.0214208960533142,1.0404016971588137,,,,0.0026034415433202,0.0037725404700285,0.0008333870724305,0.0045144482671059,0.0017143423040464,0.0036696529865736,0.0055470157325143,0.0040742072699817,0.0190854838831496,0.089551536519214,0.934163928351404,1.0,0.0316227766016837,0.7,0.0288374442607164,0.9754613637924194,0.0308240396530359,0.034355638166047,0.8126156330108643,2.0,1.4271914958953855,34.17325592041016,0.0250110998749732,1.0,0.4228644283892903,,3000,7000,10000,2026-07-03 00:54:17,AdamW,False,407.9816386699677,83202,5.0,0.259723424911499,1.2986171245574951,1.0,1e-06,20.0,6.0,analytical_planar_entropy_shock,True,Analytical oblique planar entropy-shock solution,pointwise_analytic_on_fixed_evaluation_grids,,45,0.5,space_time_rel_l2,2026-07-21 00:37:38,,,,,,,,,,,,,,,,,,,,,,,,,,,,,,,,,,,,,,,,,,,,,,,,,,,,,,,,,,,,,,,,,,,,,,,,,,,,,,,,,,,,,,,,,,,,,,,,,,,,,,,,,,,,,,,,,,,,,,,,,,,,,,,,,,,,,,,,,,,,,,,,,,,,,,,,,,,,0.0907256556450559,0.0915063509461096,1.0074715669765029,0.0074715669765028,180.0,,,,,,,,,,,,,,,,,,,,,,,,,,,,,,,,,,,,,,,,,,,,,,,,,,,,,,,,,,,,,,,,,,,,,,,,,,,,,,,AAF-PINN,space_time_rel_l2,0.113507784739626,True,success
2d_burgers,aaf_pinn,AAF-PINN,2026,AAF-PINN,0.0306379658897881,0.0758010069774738,0.1124052232151495,0.0139285859327625,0.0477728064575917,0.0642691392916616,0.0003963605089725,0.000994292443602,0.000994292443602,,,0.6808040425210571,0.6830127018922193,0.0022086593711622,0.3330265682549249,0.1471593198010016,0.2163585085910283,0.083799932290559,0.017363429069519,0.0131187438964843,-0.0131187438964843,1.017363429069519,,,,0.0018261237552764,0.0022247279751159,0.0020099820580149,0.0033489076078732,0.0015243933254973,0.0024376822161098,0.0066638704061758,0.0044797685431918,0.0275739898519282,0.0498751416510794,0.354107267620405,1.0,0.0316227766016837,0.7,0.0292526539415121,0.9692915678024292,0.0311648079306071,0.0342936802973977,0.7730148434638977,2.0,1.42586088180542,33.21614074707031,0.0248672403395175,1.0,0.4275393115172121,,3000,7000,10000,2026-07-03 00:33:44,AdamW,False,411.922705411911,83202,5.0,0.2548636198043823,1.2743180990219116,1.0,1e-06,20.0,6.0,analytical_planar_entropy_shock,True,Analytical oblique planar entropy-shock solution,pointwise_analytic_on_fixed_evaluation_grids,,45,0.5,space_time_rel_l2,2026-07-21 00:37:38,,,,,,,,,,,,,,,,,,,,,,,,,,,,,,,,,,,,,,,,,,,,,,,,,,,,,,,,,,,,,,,,,,,,,,,,,,,,,,,,,,,,,,,,,,,,,,,,,,,,,,,,,,,,,,,,,,,,,,,,,,,,,,,,,,,,,,,,,,,,,,,,,,,,,,,,,,,,0.0905120585025076,0.0915063509461096,1.003371468810148,0.003371468810148,180.0,,,,,,,,,,,,,,,,,,,,,,,,,,,,,,,,,,,,,,,,,,,,,,,,,,,,,,,,,,,,,,,,,,,,,,,,,,,,,,,AAF-PINN,space_time_rel_l2,0.1124052232151495,True,success
2d_burgers,aaf_pinn,AAF-PINN,31415,AAF-PINN,0.0313778050740559,0.0772182787524147,0.1145068938468616,0.0144004776659939,0.0485418896460112,0.0653037930670743,0.0003466488251162,0.0015579071515212,0.0015579071515212,,,0.6848196249638381,0.6830127018922193,0.0018069230716187,0.311749408124103,0.1346186160863354,0.2024486536437351,0.0810176863949476,0.0395725965499877,0.0167029500007629,-0.0167029500007629,1.0395725965499878,,,,0.0065073153528624,0.0108962775061851,0.0100370342287554,0.0096154980120219,0.003603857027258,0.0036344733727142,0.0046708308979887,0.0027041547910541,0.0194109613330322,0.113106733609171,0.9999999959168197,1.0,0.0316227766016837,0.7,0.0290965363383293,0.9845198392868042,0.0310099132589838,0.0343246592317224,0.732367217540741,2.0,1.4267430305480957,35.63917922973633,0.0250482577830553,1.0,0.425414364640884,,3000,7000,10000,2026-07-03 01:01:07,AdamW,False,409.692724943161,83202,5.0,0.2583294212818146,1.2916471064090729,1.0,1e-06,20.0,6.0,analytical_planar_entropy_shock,True,Analytical oblique planar entropy-shock solution,pointwise_analytic_on_fixed_evaluation_grids,,45,0.5,space_time_rel_l2,2026-07-21 00:37:38,,,,,,,,,,,,,,,,,,,,,,,,,,,,,,,,,,,,,,,,,,,,,,,,,,,,,,,,,,,,,,,,,,,,,,,,,,,,,,,,,,,,,,,,,,,,,,,,,,,,,,,,,,,,,,,,,,,,,,,,,,,,,,,,,,,,,,,,,,,,,,,,,,,,,,,,,,,,0.0930642580976309,0.0915063509461096,1.010467676229255,0.0104676762292551,180.0,,,,,,,,,,,,,,,,,,,,,,,,,,,,,,,,,,,,,,,,,,,,,,,,,,,,,,,,,,,,,,,,,,,,,,,,,,,,,,,AAF-PINN,space_time_rel_l2,0.1145068938468616,True,success
2d_burgers,lra_pinn,LRA-PINN,7,LRA-PINN,0.0006470604480866,0.0112120552188982,0.0166263433671186,0.0007149935200994,0.0128042079962611,0.017225603606973,0.0002850359681283,0.0007329897826195,0.0002628315682738,,,0.6838566077657041,0.6830127018922193,0.0008439058734848,0.004249549102046,0.0046972731321126,0.0032660907501404,0.004174081671948,0.0156383514404296,0.0119505524635314,-0.0119505524635314,1.0156383514404297,,,,0.0007264164934045,0.0013260451670522,0.0013082645116953,0.000848080331816,0.0005666523020181,0.001023742539524,0.0003777061170815,0.0002159374629087,0.0047048058211408,0.0780219191740165,0.999930129156539,1.0,0.0316227766016837,0.7,0.0344761088490486,0.997562289237976,0.0346034696406443,0.0348203221809169,1.4910364151000977,2.0,1.424548625946045,40.634307861328125,0.0246147103607654,1.0,0.4747131321716957,,3000,7000,10000,2026-07-01 21:51:59,AdamW,False,369.5315725803375,83201,,,,,,,,analytical_planar_entropy_shock,True,Analytical oblique planar entropy-shock solution,pointwise_analytic_on_fixed_evaluation_grids,,45,0.5,space_time_rel_l2,2026-07-21 00:37:38,,,,,,,,,,,,,,,,,,0.9,500.0,9999.999986939716,10000.0,999999.9986939715,300000.0,1.0,,,,,,,,,,,,,,,,,,,,,,,,,,,,,,,,,,,,,,,,,,,,,,,,,,,,,,,,,,,,,,,,,,,,,,,,,,,,,,,,,,,,,,,,,,,,,,,,,,,,,,,,,,,,,,,,,,,,,,,,,,,,,,,,,,,,0.0917691825143835,0.0915063509461096,1.026849200559217,0.0268492005592168,180.0,,,,,,,,,,,,,,,,,,,,,,,,,,,,,,,,,,,,,,,,,,,,,,,,,,,,,,,,,,,,,,,,,,,,,,,,,,,,,,,LRA-PINN,space_time_rel_l2,0.0166263433671186,True,success
2d_burgers,lra_pinn,LRA-PINN,42,LRA-PINN,0.0012847737393588,0.0124616793595884,0.0184794095211219,0.0012634378616456,0.0128197302417586,0.0172464858082077,0.000430385681597,0.0010904552435714,0.000761390231477,,,0.6853259514128316,0.6830127018922193,0.0023132495206122,0.0059645738295513,0.0049045791399307,0.0038552431681019,0.0043437056204842,0.0267515182495117,0.0299890041351318,-0.0299890041351318,1.0267515182495115,,,,0.0011474370242238,0.0021017708248914,0.0016704105868141,0.0012292156536863,0.0009826057985137,0.0009044769683907,0.000281307350905,0.0002225682283077,0.0011529998759192,0.0047206745861148,0.0423295702097587,1.0,0.0316227766016837,0.7,0.0344443693757057,0.9975475668907166,0.0346034696406443,0.0347583643122676,1.513097882270813,2.0,1.423814058303833,40.63563919067383,0.0246338881552219,1.0,0.4747131321716957,,3000,7000,10000,2026-07-01 21:57:47,AdamW,False,346.7017295360565,83201,,,,,,,,analytical_planar_entropy_shock,True,Analytical oblique planar entropy-shock solution,pointwise_analytic_on_fixed_evaluation_grids,,45,0.5,space_time_rel_l2,2026-07-21 00:37:38,,,,,,,,,,,,,,,,,,0.9,500.0,9999.999659902724,10000.0,999999.9659902726,300000.0,1.0,,,,,,,,,,,,,,,,,,,,,,,,,,,,,,,,,,,,,,,,,,,,,,,,,,,,,,,,,,,,,,,,,,,,,,,,,,,,,,,,,,,,,,,,,,,,,,,,,,,,,,,,,,,,,,,,,,,,,,,,,,,,,,,,,,,,0.0922677411775867,0.0915063509461096,1.0109842793886052,0.0109842793886051,180.0,,,,,,,,,,,,,,,,,,,,,,,,,,,,,,,,,,,,,,,,,,,,,,,,,,,,,,,,,,,,,,,,,,,,,,,,,,,,,,,LRA-PINN,space_time_rel_l2,0.0184794095211219,True,success
2d_burgers,lra_pinn,LRA-PINN,100,LRA-PINN,0.0005736979397399,0.0106526461014994,0.0157967962513595,0.0006137757122884,0.0105124838963283,0.0141425288136303,0.0003330729892255,0.0008165513767207,3.188543309559644e-05,,,0.6827599923711156,0.6830127018922193,0.0002527095211036,0.004060908416001,0.0046774106649781,0.0031607451184143,0.0041424138771319,0.009442925453186,0.0079348087310791,-0.0079348087310791,1.009442925453186,,,,0.000390338255,0.0006416172141796,0.0002454445074728,0.0008895800719915,0.0006290933507034,0.0003945164176739,0.0001690898983986,0.0001445512906745,0.0008691446459867,0.1055402781537219,0.9999770659944006,1.0,0.0316227766016837,0.7,0.0345065668225288,0.9975332021713256,0.0346654275092936,0.0347893432465923,1.395901799201965,2.0,1.423845291137695,40.62606430053711,0.0245987884700298,1.0,0.4755631109222269,,3000,7000,10000,2026-07-01 22:04:02,AdamW,False,374.2762897014618,83201,,,,,,,,analytical_planar_entropy_shock,True,Analytical oblique planar entropy-shock solution,pointwise_analytic_on_fixed_evaluation_grids,,45,0.5,space_time_rel_l2,2026-07-21 00:37:38,,,,,,,,,,,,,,,,,,0.9,500.0,9999.999999858925,10000.0,999999.9999858924,300000.0,1.0,,,,,,,,,,,,,,,,,,,,,,,,,,,,,,,,,,,,,,,,,,,,,,,,,,,,,,,,,,,,,,,,,,,,,,,,,,,,,,,,,,,,,,,,,,,,,,,,,,,,,,,,,,,,,,,,,,,,,,,,,,,,,,,,,,,,0.0915382363792052,0.0915063509461096,1.0136784730955612,0.0136784730955611,180.0,,,,,,,,,,,,,,,,,,,,,,,,,,,,,,,,,,,,,,,,,,,,,,,,,,,,,,,,,,,,,,,,,,,,,,,,,,,,,,,LRA-PINN,space_time_rel_l2,0.0157967962513595,True,success
2d_burgers,lra_pinn,LRA-PINN,2026,LRA-PINN,0.0006827580224829,0.010478324134904,0.015538294414144,0.0007221488323476,0.0110244319605746,0.0148312566462802,0.0003096479471208,0.0007163285022917,0.000573944764474,,,0.6832222010184235,0.6830127018922193,0.0002094991262041,0.0044848474948633,0.0046941612507259,0.0032926496435907,0.0038426809493958,0.0153136253356933,0.0150798559188842,-0.0150798559188842,1.0153136253356934,,,,0.000287661635932,0.0006138078967989,0.0004926001508062,0.0005659693177639,0.0003470004511242,0.0004149986924648,0.0003194923048798,0.0001878205519345,0.0026404274123006,0.0091991297724162,0.1984825035796111,1.0,0.0316227766016837,0.7,0.0344755016267299,0.9975666999816896,0.0346034696406443,0.0348203221809169,1.310843586921692,2.0,1.4233217239379885,40.61179733276367,0.0246242024004459,1.0,0.4747131321716957,,3000,7000,10000,2026-07-01 21:45:49,AdamW,False,368.837060213089,83201,,,,,,,,analytical_planar_entropy_shock,True,Analytical oblique planar entropy-shock solution,pointwise_analytic_on_fixed_evaluation_grids,,45,0.5,space_time_rel_l2,2026-07-21 00:37:38,,,,,,,,,,,,,,,,,,0.9,500.0,9999.99999999432,10000.0,999999.999999432,300000.0,1.0,,,,,,,,,,,,,,,,,,,,,,,,,,,,,,,,,,,,,,,,,,,,,,,,,,,,,,,,,,,,,,,,,,,,,,,,,,,,,,,,,,,,,,,,,,,,,,,,,,,,,,,,,,,,,,,,,,,,,,,,,,,,,,,,,,,,0.0909324061816356,0.0915063509461096,1.0112526915794195,0.0112526915794195,180.0,,,,,,,,,,,,,,,,,,,,,,,,,,,,,,,,,,,,,,,,,,,,,,,,,,,,,,,,,,,,,,,,,,,,,,,,,,,,,,,LRA-PINN,space_time_rel_l2,0.015538294414144,True,success
2d_burgers,lra_pinn,LRA-PINN,31415,LRA-PINN,0.0006629966118862,0.0110981840044838,0.0164574838785127,0.0007338084446059,0.0138404628417244,0.0186196855532338,0.0002709659716187,0.0008978961571884,0.0008978961571884,,,0.6834971080450133,0.6830127018922193,0.0004844061527939,0.0043304266354102,0.0046792551605424,0.0033330494860723,0.0041162161044688,0.0209351778030395,0.0161722302436828,-0.0161722302436828,1.0209351778030396,,,,0.0007589771838966,0.0016038928382025,0.0016038928382025,0.0015973052849017,0.0002879451855712,0.0011121767737014,0.0001874960613064,0.0001783959244728,0.0008066234216386,0.0256432640023221,0.2889103576048047,1.0,0.0316227766016837,0.7,0.0344552621245384,0.9977471232414246,0.0345724907063197,0.0348513011152416,1.4441249370574951,2.0,1.4236211776733398,40.70506286621094,0.0246833991259336,1.0,0.4742881427964301,,3000,7000,10000,2026-07-01 22:10:08,AdamW,False,365.66231393814087,83201,,,,,,,,analytical_planar_entropy_shock,True,Analytical oblique planar entropy-shock solution,pointwise_analytic_on_fixed_evaluation_grids,,45,0.5,space_time_rel_l2,2026-07-21 00:37:38,,,,,,,,,,,,,,,,,,0.9,500.0,9999.999999999854,10000.0,999999.9999999854,300000.0,1.0,,,,,,,,,,,,,,,,,,,,,,,,,,,,,,,,,,,,,,,,,,,,,,,,,,,,,,,,,,,,,,,,,,,,,,,,,,,,,,,,,,,,,,,,,,,,,,,,,,,,,,,,,,,,,,,,,,,,,,,,,,,,,,,,,,,,0.0924042471032981,0.0915063509461096,1.0265786509181178,0.0265786509181177,180.0,,,,,,,,,,,,,,,,,,,,,,,,,,,,,,,,,,,,,,,,,,,,,,,,,,,,,,,,,,,,,,,,,,,,,,,,,,,,,,,LRA-PINN,space_time_rel_l2,0.0164574838785127,True,success
2d_burgers,rad_pinn,RAD-PINN,7,RAD-PINN,0.0390754879917872,0.0880496578149092,0.1305687329937928,0.0259699987082017,0.0697957906377497,0.0938968363613134,0.0024473652142949,0.005231558665244,0.005231558665244,,,0.672445054057594,0.6830127018922193,0.0105676478346252,0.4012792820505392,0.2323725264074985,0.2697776470951909,0.1497507951798528,0.0150549411773681,0.0251610279083251,-0.0251610279083251,1.0150549411773682,,,,0.0031480184649339,0.0059414434668264,0.0059338125025326,0.0037357925462924,0.0051493439797169,0.0083281775920305,0.0064140752325979,0.0028956795665234,0.0292465117268098,0.120857878303089,0.9999999949828616,1.0,0.0316227766016837,0.7,0.0238337349146604,0.876068115234375,0.0276022304832713,0.0337050805452292,0.6844330430030823,2.0,1.4252910614013672,26.313194274902344,0.0252807345241308,1.0,0.378665533361666,,3000,7000,10000,2026-07-01 06:11:18,AdamW,False,350.3521180152893,83201,,,,,,,,analytical_planar_entropy_shock,True,Analytical oblique planar entropy-shock solution,pointwise_analytic_on_fixed_evaluation_grids,,45,0.5,space_time_rel_l2,2026-07-21 00:37:38,,,,,,,,,,,,,,,,,,,,,,,,,,,1.0,1.0,3.0,500.0,14.0,,,,,,,,,,,,,,,,,,,,,,,,,,,,,,,,,,,,,,,,,,,,,,,,,,,,,,,,,,,,,,,,,,,,,,,,,,,,,,,,,,,,,,,,,,,,,,,,,,,,,,,,,,,,,,,,,,,,,,,,,,,,,0.0862747922808656,0.0915063509461096,1.0091065528780916,0.0091065528780915,180.0,,,,,,,,,,,,,,,,,,,,,,,,,,,,,,,,,,,,,,,,,,,,,,,,,,,,,,,,,,,,,,,,,,,,,,,,,,,,,,,RAD-PINN,space_time_rel_l2,0.1305687329937928,True,success
2d_burgers,rad_pinn,RAD-PINN,42,RAD-PINN,0.0393142513053898,0.0889037784500031,0.1318353074691019,0.0229904841098152,0.068285892828354,0.0918655587407622,0.0013956545493079,0.0025979906561097,0.0006173872547949,,,0.6803832165109968,0.6830127018922193,0.0026294853812225,0.3996313014131484,0.225210253204925,0.2639832839514153,0.137858259209376,0.0254417657852172,0.0226411521434783,-0.0226411521434783,1.0254417657852173,,,,0.0131667940250038,0.0211427947526764,0.0211427947526764,0.0208177940854367,0.0099585512996077,0.0137074708930176,0.0052137776001215,0.0026805558509503,0.0254051991707583,0.0795823748933458,0.5690163197802063,1.0,0.0316227766016837,0.7,0.0276794582605361,0.9806355834007264,0.0311957868649318,0.0338599752168525,0.6214516162872314,2.0,1.4229133129119873,29.93207359313965,0.0252521745860576,1.0,0.4279643008924776,,3000,7000,10000,2026-07-01 06:17:20,AdamW,False,361.2080502510071,83201,,,,,,,,analytical_planar_entropy_shock,True,Analytical oblique planar entropy-shock solution,pointwise_analytic_on_fixed_evaluation_grids,,45,0.5,space_time_rel_l2,2026-07-21 00:37:38,,,,,,,,,,,,,,,,,,,,,,,,,,,1.0,1.0,3.0,500.0,14.0,,,,,,,,,,,,,,,,,,,,,,,,,,,,,,,,,,,,,,,,,,,,,,,,,,,,,,,,,,,,,,,,,,,,,,,,,,,,,,,,,,,,,,,,,,,,,,,,,,,,,,,,,,,,,,,,,,,,,,,,,,,,,0.0921237382009046,0.0915063509461096,1.006676707156869,0.0066767071568688,180.0,,,,,,,,,,,,,,,,,,,,,,,,,,,,,,,,,,,,,,,,,,,,,,,,,,,,,,,,,,,,,,,,,,,,,,,,,,,,,,,RAD-PINN,space_time_rel_l2,0.1318353074691019,True,success
2d_burgers,rad_pinn,RAD-PINN,100,RAD-PINN,0.0360684465182988,0.0853082964070935,0.1265035714181624,0.0221737596806552,0.0639195759219783,0.0859915176229036,0.0046144056874223,0.0073157431613939,0.0068350793002929,,,0.6986196745994864,0.6830127018922193,0.015606972707267,0.3612279641860873,0.1936709221312038,0.2417235494260358,0.1219664504573873,0.0263161659240722,0.0388439893722534,-0.0388439893722534,1.0263161659240725,,,,0.0108244016268784,0.0174996719172425,0.0174996719172425,0.0149691255379617,0.0166951923581039,0.0222303522512006,0.0062062018852793,0.004019947193305,0.025164586147473,0.109209663988952,0.9999999990260316,1.0,0.0316227766016837,0.7,0.027739705517888,0.9410080909729004,0.0298327137546468,0.0333333333333333,0.6580306887626648,2.0,1.4262511730194092,30.245540618896484,0.0255895219743251,1.0,0.4092647683807904,,3000,7000,10000,2026-07-01 06:23:22,AdamW,False,361.578019618988,83201,,,,,,,,analytical_planar_entropy_shock,True,Analytical oblique planar entropy-shock solution,pointwise_analytic_on_fixed_evaluation_grids,,45,0.5,space_time_rel_l2,2026-07-21 00:37:38,,,,,,,,,,,,,,,,,,,,,,,,,,,1.0,1.0,3.0,500.0,14.0,,,,,,,,,,,,,,,,,,,,,,,,,,,,,,,,,,,,,,,,,,,,,,,,,,,,,,,,,,,,,,,,,,,,,,,,,,,,,,,,,,,,,,,,,,,,,,,,,,,,,,,,,,,,,,,,,,,,,,,,,,,,,0.0983414302464026,0.0915063509461096,1.0087871634682943,0.0087871634682943,180.0,,,,,,,,,,,,,,,,,,,,,,,,,,,,,,,,,,,,,,,,,,,,,,,,,,,,,,,,,,,,,,,,,,,,,,,,,,,,,,,RAD-PINN,space_time_rel_l2,0.1265035714181624,True,success
2d_burgers,rad_pinn,RAD-PINN,2026,RAD-PINN,0.0404293680061855,0.0900754806203723,0.133572823225867,0.0292026007984891,0.0815172117788028,0.1096657581364932,0.0055247129263101,0.0110856672815365,0.0110856672815365,,,0.706470507861189,0.6830127018922193,0.0234578059689697,0.4012898489964933,0.2494888025037975,0.2629939283290452,0.1628429151208042,0.0138001441955566,0.0077508687973022,-0.0077508687973022,1.0138001441955566,,,,0.0216150838914619,0.0368156461285521,0.0368156461285521,0.0294195215549603,0.0223584951571563,0.0366618265081837,0.0085377568782842,0.0062021930620028,0.0338418462406733,0.0827422762478787,0.9950435769663554,1.0,0.0316227766016837,0.7,0.0252356138080358,0.9671522974967957,0.0302044609665427,0.034541511771995,0.6484935283660889,2.0,1.4261972904205322,23.70384979248047,0.0250277202576398,1.0,0.4143646408839779,,3000,7000,10000,2026-07-01 06:05:27,AdamW,False,358.1203513145447,83201,,,,,,,,analytical_planar_entropy_shock,True,Analytical oblique planar entropy-shock solution,pointwise_analytic_on_fixed_evaluation_grids,,45,0.5,space_time_rel_l2,2026-07-21 00:37:38,,,,,,,,,,,,,,,,,,,,,,,,,,,1.0,1.0,3.0,500.0,14.0,,,,,,,,,,,,,,,,,,,,,,,,,,,,,,,,,,,,,,,,,,,,,,,,,,,,,,,,,,,,,,,,,,,,,,,,,,,,,,,,,,,,,,,,,,,,,,,,,,,,,,,,,,,,,,,,,,,,,,,,,,,,,0.1025920182276462,0.0915063509461096,1.0064440078513568,0.0064440078513566,180.0,,,,,,,,,,,,,,,,,,,,,,,,,,,,,,,,,,,,,,,,,,,,,,,,,,,,,,,,,,,,,,,,,,,,,,,,,,,,,,,RAD-PINN,space_time_rel_l2,0.133572823225867,True,success
2d_burgers,rad_pinn,RAD-PINN,31415,RAD-PINN,0.0369551398912738,0.085449584758252,0.1267130877462817,0.0252544431820695,0.0693044022268471,0.0932357675950343,0.0038807462190007,0.0066411229789521,0.0066411229789521,,,0.6690771902278048,0.6830127018922193,0.0139355116644145,0.376936464983272,0.201311746125102,0.2496451988546893,0.1317148057697228,0.0272643566131591,0.0257542729377746,-0.0257542729377746,1.0272643566131592,,,,0.0082099257608115,0.0144825193236244,0.0143124864466724,0.0099797270487456,0.0156860959609942,0.0227099374693233,0.005869693440231,0.0040343755261587,0.0228027062106269,0.1051328361047614,0.9999999986331044,1.0,0.0316227766016837,0.7,0.0258237458765506,0.9492604732513428,0.0293990086741016,0.0335811648079306,0.6632541418075562,2.0,1.4261945486068726,28.869705200195312,0.0255953073501586,1.0,0.4033149171270718,,3000,7000,10000,2026-07-01 06:29:23,AdamW,False,360.323317527771,83201,,,,,,,,analytical_planar_entropy_shock,True,Analytical oblique planar entropy-shock solution,pointwise_analytic_on_fixed_evaluation_grids,,45,0.5,space_time_rel_l2,2026-07-21 00:37:38,,,,,,,,,,,,,,,,,,,,,,,,,,,1.0,1.0,3.0,500.0,14.0,,,,,,,,,,,,,,,,,,,,,,,,,,,,,,,,,,,,,,,,,,,,,,,,,,,,,,,,,,,,,,,,,,,,,,,,,,,,,,,,,,,,,,,,,,,,,,,,,,,,,,,,,,,,,,,,,,,,,,,,,,,,,0.0848652279671575,0.0915063509461096,1.0143165643825087,0.0143165643825087,180.0,,,,,,,,,,,,,,,,,,,,,,,,,,,,,,,,,,,,,,,,,,,,,,,,,,,,,,,,,,,,,,,,,,,,,,,,,,,,,,,RAD-PINN,space_time_rel_l2,0.1267130877462817,True,success
2d_burgers,rar_d_pinn,RAR-D-PINN,7,RAR-D-PINN,0.0370528389780037,0.0885978775940322,0.1313816874531128,0.0161295985513263,0.0519898179349378,0.0699423186195849,0.0009659955932911,0.0015722747390704,0.001109785138264,,,0.6820126995467924,0.6830127018922193,0.0010000023454268,0.3595912434052251,0.1468284894327336,0.2462881373308607,0.0812786381146526,0.0405905246734619,0.0342595279216766,-0.0342595279216766,1.040590524673462,,,,0.0024932973674138,0.0069686552341955,0.0069686552341955,0.0034537324918138,0.0013711018608952,0.0029445841111881,0.0050630536449501,0.0021509894936742,0.0267010263226651,0.0762412458861279,0.4857973923654096,1.0,0.0316227766016837,0.7,0.0263157878071069,0.9761886596679688,0.0281598513011152,0.0334572490706319,0.7481047511100769,2.0,1.4276772737503052,34.098270416259766,0.0253454651683568,1.0,0.3863153421164471,,3000,7000,10000,2026-07-01 07:45:42,AdamW,False,355.47196912765503,83201,,,,,,,,analytical_planar_entropy_shock,True,Analytical oblique planar entropy-shock solution,pointwise_analytic_on_fixed_evaluation_grids,,45,0.5,space_time_rel_l2,2026-07-21 00:37:38,,,,,,,,,,,,,,,,,,,,,,,,,,,,,,,,2.0,0.0,0.5,8000.0,16000.0,500.0,3.0,14.0,,,,,,,,,,,,,,,,,,,,,,,,,,,,,,,,,,,,,,,,,,,,,,,,,,,,,,,,,,,,,,,,,,,,,,,,,,,,,,,,,,,,,,,,,,,,,,,,,,,,,,,,,,,,,,,,,,,,,0.0903965658078455,0.0915063509461096,1.006525577500809,0.006525577500809,180.0,,,,,,,,,,,,,,,,,,,,,,,,,,,,,,,,,,,,,,,,,,,,,,,,,,,,,,,,,,,,,,,,,,,,,,,,,,,,,,,RAR-D-PINN,space_time_rel_l2,0.1313816874531128,True,success
2d_burgers,rar_d_pinn,RAR-D-PINN,42,RAR-D-PINN,0.0359405293036226,0.0877568777570049,0.1301345697936726,0.014494398754136,0.0477641116753398,0.064257442131434,0.0005172650894506,0.0017588664961955,0.0017588664961955,,,0.6849714499839791,0.6830127018922193,0.0019587480917597,0.3245170611356964,0.099396181873313,0.2263791711233507,0.0598794510418052,0.0289204120635986,0.0373367071151733,-0.0373367071151733,1.0289204120635986,,,,0.0083772133145599,0.012097725384812,0.0082792601384407,0.0131117568008644,0.0014135096134678,0.0012323466656982,0.0044849196954666,0.0020607369582611,0.0294078464956055,0.1275256523960759,0.9999999982882928,1.0,0.0316227766016837,0.7,0.0276179369539022,0.9686772227287292,0.0296468401486988,0.0338289962825278,0.685722827911377,2.0,1.427427053451538,34.18979263305664,0.0255933161824941,1.0,0.4067148321291968,,3000,7000,10000,2026-07-01 07:51:39,AdamW,False,355.7905116081238,83201,,,,,,,,analytical_planar_entropy_shock,True,Analytical oblique planar entropy-shock solution,pointwise_analytic_on_fixed_evaluation_grids,,45,0.5,space_time_rel_l2,2026-07-21 00:37:38,,,,,,,,,,,,,,,,,,,,,,,,,,,,,,,,2.0,0.0,0.5,8000.0,16000.0,500.0,3.0,14.0,,,,,,,,,,,,,,,,,,,,,,,,,,,,,,,,,,,,,,,,,,,,,,,,,,,,,,,,,,,,,,,,,,,,,,,,,,,,,,,,,,,,,,,,,,,,,,,,,,,,,,,,,,,,,,,,,,,,,0.0932652174423052,0.0915063509461096,1.0147303841834845,0.0147303841834844,180.0,,,,,,,,,,,,,,,,,,,,,,,,,,,,,,,,,,,,,,,,,,,,,,,,,,,,,,,,,,,,,,,,,,,,,,,,,,,,,,,RAR-D-PINN,space_time_rel_l2,0.1301345697936726,True,success
2d_burgers,rar_d_pinn,RAR-D-PINN,100,RAR-D-PINN,0.0411470426503359,0.0919561404704376,0.1363616514837975,0.0245698456015483,0.0665978248646548,0.0895945873840954,0.0003177639257039,0.0009590754606726,0.0003252170963582,,,0.6838129948364551,0.6830127018922193,0.0008002929442357,0.409340550012182,0.2192906288288744,0.2743020878126948,0.1369097814214074,0.0350623130798339,0.0388271212577819,-0.0388271212577819,1.035062313079834,,,,0.009727835594777,0.0171850275390841,0.0171308390580027,0.0126692181920168,0.0072995185823055,0.0112195068640299,0.0074243628360117,0.0054755305641339,0.0270113066431853,0.1147892944245708,0.9999999966114084,1.0,0.0316227766016837,0.7,0.0225477702915668,0.829647421836853,0.026363073110285,0.0334882280049566,0.682206392288208,2.0,1.4264291524887085,25.972753524780277,0.0255746114999055,1.0,0.3616659583510412,,3000,7000,10000,2026-07-01 07:57:39,AdamW,False,360.1392743587494,83201,,,,,,,,analytical_planar_entropy_shock,True,Analytical oblique planar entropy-shock solution,pointwise_analytic_on_fixed_evaluation_grids,,45,0.5,space_time_rel_l2,2026-07-21 00:37:38,,,,,,,,,,,,,,,,,,,,,,,,,,,,,,,,2.0,0.0,0.5,8000.0,16000.0,500.0,3.0,14.0,,,,,,,,,,,,,,,,,,,,,,,,,,,,,,,,,,,,,,,,,,,,,,,,,,,,,,,,,,,,,,,,,,,,,,,,,,,,,,,,,,,,,,,,,,,,,,,,,,,,,,,,,,,,,,,,,,,,,0.0911811338497514,0.0915063509461096,1.0074579854344212,0.0074579854344212,180.0,,,,,,,,,,,,,,,,,,,,,,,,,,,,,,,,,,,,,,,,,,,,,,,,,,,,,,,,,,,,,,,,,,,,,,,,,,,,,,,RAR-D-PINN,space_time_rel_l2,0.1363616514837975,True,success
2d_burgers,rar_d_pinn,RAR-D-PINN,2026,RAR-D-PINN,0.037659700812708,0.0903594800938934,0.1339939657078346,0.0171032598476718,0.0588095731084852,0.0791169898956555,0.0032097803639687,0.0062154255578007,0.0062154255578007,,,0.6710746830819149,0.6830127018922193,0.0119380188103044,0.3476148821855302,0.1239886498370471,0.2403497444074507,0.0748374334410399,0.0242764949798584,0.0353002548217773,-0.0353002548217773,1.0242764949798584,,,,0.0039641352987302,0.007589887695003,0.007589887695003,0.0054495674265153,0.0125922333444593,0.0200768913154285,0.0064678035420544,0.0037118710588063,0.0298115167779963,0.0512942335109351,0.6125448458912881,1.0,0.0316227766016837,0.7,0.0260927751660347,0.9526363611221312,0.028810408921933,0.0336121437422552,0.7235220074653625,2.0,1.4264041185379028,32.547607421875,0.0255135539919137,1.0,0.395240118997025,,3000,7000,10000,2026-07-01 07:33:06,AdamW,False,352.97805738449097,83201,,,,,,,,analytical_planar_entropy_shock,True,Analytical oblique planar entropy-shock solution,pointwise_analytic_on_fixed_evaluation_grids,,45,0.5,space_time_rel_l2,2026-07-21 00:37:38,,,,,,,,,,,,,,,,,,,,,,,,,,,,,,,,2.0,0.0,0.5,8000.0,16000.0,500.0,3.0,14.0,,,,,,,,,,,,,,,,,,,,,,,,,,,,,,,,,,,,,,,,,,,,,,,,,,,,,,,,,,,,,,,,,,,,,,,,,,,,,,,,,,,,,,,,,,,,,,,,,,,,,,,,,,,,,,,,,,,,,0.0852909253883089,0.0915063509461096,1.0086789851964906,0.0086789851964906,180.0,,,,,,,,,,,,,,,,,,,,,,,,,,,,,,,,,,,,,,,,,,,,,,,,,,,,,,,,,,,,,,,,,,,,,,,,,,,,,,,RAR-D-PINN,space_time_rel_l2,0.1339939657078346,True,success
2d_burgers,rar_d_pinn,RAR-D-PINN,31415,RAR-D-PINN,0.0373798840251152,0.0890412031408926,0.1320390943799974,0.0158958568607951,0.0515958297213465,0.0694122831191366,0.0012884970633247,0.0019731280413285,0.0019731280413285,,,0.6827821035359493,0.6830127018922193,0.00023059835627,0.3520460352153041,0.1361875701207744,0.2453228332979625,0.0806125230568403,0.0347211360931396,0.0404078960418701,-0.0404078960418701,1.0347211360931396,,,,0.0055283826313564,0.0083006474319524,0.0066750430522375,0.0082443025841147,0.0040888226968354,0.0035795186962683,0.0051306813381232,0.0030962890070392,0.0203584131646202,0.0921613360769864,0.9999999109948804,1.0,0.0316227766016837,0.7,0.0261780768632888,0.9683496952056884,0.0282218091697645,0.0333952912019826,0.761889636516571,2.0,1.4284489154815674,34.18184280395508,0.0253750048577785,1.0,0.3871653208669783,,3000,7000,10000,2026-07-01 08:03:34,AdamW,False,353.66433477401733,83201,,,,,,,,analytical_planar_entropy_shock,True,Analytical oblique planar entropy-shock solution,pointwise_analytic_on_fixed_evaluation_grids,,45,0.5,space_time_rel_l2,2026-07-21 00:37:38,,,,,,,,,,,,,,,,,,,,,,,,,,,,,,,,2.0,0.0,0.5,8000.0,16000.0,500.0,3.0,14.0,,,,,,,,,,,,,,,,,,,,,,,,,,,,,,,,,,,,,,,,,,,,,,,,,,,,,,,,,,,,,,,,,,,,,,,,,,,,,,,,,,,,,,,,,,,,,,,,,,,,,,,,,,,,,,,,,,,,,0.089533222904781,0.0915063509461096,1.0134819607402004,0.0134819607402003,180.0,,,,,,,,,,,,,,,,,,,,,,,,,,,,,,,,,,,,,,,,,,,,,,,,,,,,,,,,,,,,,,,,,,,,,,,,,,,,,,,RAR-D-PINN,space_time_rel_l2,0.1320390943799974,True,success
2d_burgers,sa_pinn,SA-PINN,7,SA-PINN,0.0216679598477315,0.0645075850511137,0.0956582212541781,0.0117664658774932,0.0643586671531657,0.0865822305742974,0.0082602417675705,0.0147718877925784,0.0141129836763903,,,0.7313896001992848,0.6830127018922193,0.0483768983070654,0.268534129617636,0.0874895645216706,0.1554326829011081,0.0333308157440694,0.0809023380279541,0.1146122813224792,-0.1146122813224792,1.080902338027954,,,,0.0099945187114672,0.0206900752993702,0.0206900752993702,0.010903338249991,0.0087496378994049,0.0163204932703613,0.0070224719876238,0.0044304301627052,0.0282068456959472,0.0686934134194115,0.5269397924333364,1.0,0.0316227766016837,0.7,0.0334754362702369,0.9989425539970398,0.0333023543990086,0.0356877323420074,0.8378227353096008,2.0,1.4260506629943848,42.19151306152344,0.025095822289586,0.9944186046511628,0.454313642158946,,3000,7000,10000,2026-07-01 09:18:55,AdamW,False,318.54936599731445,83201,,,,,,,,analytical_planar_entropy_shock,True,Analytical oblique planar entropy-shock solution,pointwise_analytic_on_fixed_evaluation_grids,,45,0.5,space_time_rel_l2,2026-07-21 00:37:38,,,,,,,,,,,,,,,,,,,,,,,,,,,,,,,,,,,,,,,,Adam,0.005,100.0,99.21094512939452,98.29728698730467,74.41148376464844,100.0,100.0,100.0,,,,,,,,,,,,,,,,,,,,,,,,,,,,,,,,,,,,,,,,,,,,,,,,,,,,,,,,,,,,,,,,,,,,,,,,,,,,,,,,,,,,,,,,,,,,,,,,,,,,,,,,,,,,0.1056193346224999,0.0915063509461096,1.1152335654857546,0.1152335654857546,180.0,,,,,,,,,,,,,,,,,,,,,,,,,,,,,,,,,,,,,,,,,,,,,,,,,,,,,,,,,,,,,,,,,,,,,,,,,,,,,,,SA-PINN,space_time_rel_l2,0.0956582212541781,True,success
2d_burgers,sa_pinn,SA-PINN,42,SA-PINN,0.0203297036389101,0.0600111779550556,0.0889905045119875,0.0100340130603239,0.0524216970369903,0.0705233290358687,0.005935247668908,0.0103522864638249,0.0055406410951881,,,0.6848833260187104,0.6830127018922193,0.001870624126491,0.2565262108331319,0.1040443361166059,0.1476490740231771,0.039881516568488,0.2421827316284179,0.0954578220844268,-0.0954578220844268,1.242182731628418,,,,0.0059292982999781,0.0144221781577007,0.0144221781577007,0.0178434603076884,0.0046938548740555,0.0132042452167904,0.0037385331099523,0.0024071034581542,0.0179890151814193,0.1401686668943206,0.9999999988962992,1.0,0.0316227766016837,0.7,0.0336391888558864,0.9997352957725524,0.0337360594795539,0.0355018587360594,0.8127540946006775,2.0,1.4302607774734497,44.04252243041992,0.0253426115959882,0.9972451790633609,0.4615384615384615,,3000,7000,10000,2026-07-01 09:24:21,AdamW,False,324.8753590583801,83201,,,,,,,,analytical_planar_entropy_shock,True,Analytical oblique planar entropy-shock solution,pointwise_analytic_on_fixed_evaluation_grids,,45,0.5,space_time_rel_l2,2026-07-21 00:37:38,,,,,,,,,,,,,,,,,,,,,,,,,,,,,,,,,,,,,,,,Adam,0.005,100.0,98.26981353759766,85.57740020751953,88.19488525390625,100.0,100.0,100.0,,,,,,,,,,,,,,,,,,,,,,,,,,,,,,,,,,,,,,,,,,,,,,,,,,,,,,,,,,,,,,,,,,,,,,,,,,,,,,,,,,,,,,,,,,,,,,,,,,,,,,,,,,,,0.0859657098509214,0.0915063509461096,1.2036303198614786,0.2036303198614786,180.0,,,,,,,,,,,,,,,,,,,,,,,,,,,,,,,,,,,,,,,,,,,,,,,,,,,,,,,,,,,,,,,,,,,,,,,,,,,,,,,SA-PINN,space_time_rel_l2,0.0889905045119875,True,success
2d_burgers,sa_pinn,SA-PINN,100,SA-PINN,0.0205334108275641,0.0660858670451593,0.0979986537485624,0.0143270629699583,0.0802325490847782,0.1079374911212748,0.0071170692591355,0.0181831936685001,0.0181831936685001,,,0.7339197676937398,0.6830127018922193,0.0509070658015204,0.2112501909348724,0.0635965557323008,0.1244456554237399,0.0365699058251424,0.1299942731857299,0.0850670635700225,-0.0850670635700225,1.12999427318573,,,,0.0157229117603958,0.0376446308737841,0.0376446308737841,0.0312545872028438,0.0130168252372838,0.0307252638572843,0.007064007004229,0.0047945771959417,0.0334872545173643,0.0838742056769494,0.6129192264828514,1.0,0.0316227766016837,0.7,0.0300864391028881,0.998698592185974,0.0298327137546468,0.0344175960346964,0.8766807913780212,2.0,1.4311259984970093,42.860382080078125,0.0251951068639755,0.9937694704049844,0.4067148321291968,,3000,7000,10000,2026-07-01 09:29:53,AdamW,False,329.84977412223816,83201,,,,,,,,analytical_planar_entropy_shock,True,Analytical oblique planar entropy-shock solution,pointwise_analytic_on_fixed_evaluation_grids,,45,0.5,space_time_rel_l2,2026-07-21 00:37:38,,,,,,,,,,,,,,,,,,,,,,,,,,,,,,,,,,,,,,,,Adam,0.005,100.0,100.0,100.0,79.86942291259766,100.0,100.0,100.0,,,,,,,,,,,,,,,,,,,,,,,,,,,,,,,,,,,,,,,,,,,,,,,,,,,,,,,,,,,,,,,,,,,,,,,,,,,,,,,,,,,,,,,,,,,,,,,,,,,,,,,,,,,,0.1096895446146097,0.0915063509461096,1.2141492976698764,0.2141492976698764,180.0,,,,,,,,,,,,,,,,,,,,,,,,,,,,,,,,,,,,,,,,,,,,,,,,,,,,,,,,,,,,,,,,,,,,,,,,,,,,,,,SA-PINN,space_time_rel_l2,0.0979986537485624,True,success
2d_burgers,sa_pinn,SA-PINN,2026,SA-PINN,0.0191206982043381,0.0581541488853491,0.0862367183101841,0.0088937205738491,0.0453349211264397,0.0609894326228897,0.0048571051195318,0.0060824191409783,0.0060039896326204,,,0.6841723760888716,0.6830127018922193,0.0011596741966523,0.1552187374925466,0.0574328890909824,0.07897891181793,0.0280135394460295,0.1687424182891845,0.1086199283599853,-0.1086199283599853,1.1687424182891846,,,,0.0195287699403444,0.0348642397667194,0.0085921646183796,0.0311134592624896,0.0174447987612095,0.0048286088542845,0.0083190576090164,0.0052590898101366,0.0351346134566019,0.0662332967901153,0.6423835159909468,1.0,0.0316227766016837,0.7,0.0337172858417034,0.9994373917579652,0.0335811648079306,0.03590458488228,0.8655614852905273,2.0,1.4234943389892578,40.18922424316406,0.0253924317657947,0.9907749077490776,0.4564385890352741,,3000,7000,10000,2026-07-01 09:13:35,AdamW,False,315.6288809776306,83201,,,,,,,,analytical_planar_entropy_shock,True,Analytical oblique planar entropy-shock solution,pointwise_analytic_on_fixed_evaluation_grids,,45,0.5,space_time_rel_l2,2026-07-21 00:37:38,,,,,,,,,,,,,,,,,,,,,,,,,,,,,,,,,,,,,,,,Adam,0.005,100.0,98.6447982788086,94.12513732910156,84.77576446533203,100.0,100.0,100.0,,,,,,,,,,,,,,,,,,,,,,,,,,,,,,,,,,,,,,,,,,,,,,,,,,,,,,,,,,,,,,,,,,,,,,,,,,,,,,,,,,,,,,,,,,,,,,,,,,,,,,,,,,,,0.09751034057873,0.0915063509461096,1.1884101740149564,0.1884101740149564,180.0,,,,,,,,,,,,,,,,,,,,,,,,,,,,,,,,,,,,,,,,,,,,,,,,,,,,,,,,,,,,,,,,,,,,,,,,,,,,,,,SA-PINN,space_time_rel_l2,0.0862367183101841,True,success
2d_burgers,sa_pinn,SA-PINN,31415,SA-PINN,0.023633643856755,0.0701698350371689,0.1040547650332291,0.0151035862213667,0.0768849073565911,0.1034338818824409,0.0089215829512426,0.0180254311853983,0.0180254311853983,,,0.7257167451093239,0.6830127018922193,0.0427040432171046,0.2456603016982185,0.0897097943553492,0.1461500655103891,0.0348306908191258,0.109972596168518,0.0699013769626617,-0.0699013769626617,1.109972596168518,,,,0.0291755630131137,0.0440319970655179,0.0319447688418764,0.0386198746784863,0.0228352142032809,0.0256424205307053,0.0063792918920816,0.0047682120166808,0.0294659834869702,0.1214471366335416,0.9283332683907974,1.0,0.0316227766016837,0.7,0.0316039770841598,0.997665286064148,0.0314436183395291,0.0358736059479553,0.8349133133888245,2.0,1.425098538398743,39.19150924682617,0.0252609848976135,1.0,0.4313642158946026,,3000,7000,10000,2026-07-01 09:35:16,AdamW,False,321.8039946556092,83201,,,,,,,,analytical_planar_entropy_shock,True,Analytical oblique planar entropy-shock solution,pointwise_analytic_on_fixed_evaluation_grids,,45,0.5,space_time_rel_l2,2026-07-21 00:37:38,,,,,,,,,,,,,,,,,,,,,,,,,,,,,,,,,,,,,,,,Adam,0.005,100.0,100.0,100.0,77.09149169921875,100.0,100.0,100.0,,,,,,,,,,,,,,,,,,,,,,,,,,,,,,,,,,,,,,,,,,,,,,,,,,,,,,,,,,,,,,,,,,,,,,,,,,,,,,,,,,,,,,,,,,,,,,,,,,,,,,,,,,,,0.1095317821315079,0.0915063509461096,1.1058033094849695,0.1058033094849697,180.0,,,,,,,,,,,,,,,,,,,,,,,,,,,,,,,,,,,,,,,,,,,,,,,,,,,,,,,,,,,,,,,,,,,,,,,,,,,,,,,SA-PINN,space_time_rel_l2,0.1040547650332291,True,success
2d_burgers,xpinn,XPINN,7,XPINN,0.0276118334538325,0.0784762625136085,0.1163723564721807,0.0140370000618291,0.0509358945471201,0.0685244670417312,0.0019703731251655,0.0041501006761686,0.0026093998200973,,,0.6755712568637063,0.6830127018922193,0.0074414450285129,0.248313256173304,0.1308688080622226,0.1693077003551305,0.0858958770368479,0.017622947692871,0.0154165625572204,-0.0154165625572204,1.017622947692871,,,,0.0021365041707428,0.0042093680612033,0.0025777950498571,0.0035162830300765,0.0030291881763987,0.0050726967585745,0.0062362401240335,0.0037965727020193,0.0255239903282193,0.1283821031120421,0.999999999098514,1.0,0.0316227766016837,0.7,0.0271700788289308,1.0,0.029089219330855,0.0337360594795539,0.6804012656211853,2.0,1.4252033233642578,39.89962768554688,0.0253463685512542,0.9978700745473909,0.3982150446238844,,3000,7000,10000,2026-07-05 02:33:28,AdamW,False,3271.028054714203,332808,,,,,,,,analytical_planar_entropy_shock,True,Analytical oblique planar entropy-shock solution,pointwise_analytic_on_fixed_evaluation_grids,,45,0.5,space_time_rel_l2,2026-07-21 00:37:38,,,,,,,,,,,,,,,,,,,,,,,,,,,,,,,,,,,,,,,,,,,,,,,,,4.0,2.0,0.0,0.25,512.0,2048.0,1.0,20.0,True,0.0010027142707258,0.0006900428561493,,,,,,,,,,,,,,,,,,,,,,,,,,,,,,,,,,,,,,,,,,,,,,,,,,,,,,,,,,,,,,,,,,,,,,,,,,,,,,,,,,,,,,,,,,,,,,,,,0.0888969511260123,0.0915063509461096,1.019136292989864,0.0191362929898639,180.0,,,,,,,,,,,,,,,,,,,,,,,,,,,,,,,,,,,,,,,,,,,,,,,,,,,,,,,,,,,,,,,,,,,,,,,,,,,,,,,XPINN,space_time_rel_l2,0.1163723564721807,True,success
2d_burgers,xpinn,XPINN,42,XPINN,0.026940601254973,0.0775381360727586,0.1149812098872929,0.012839623130398,0.0495383431569005,0.0666443299590373,0.0026397597462537,0.0062501261362955,0.0062501261362955,,,0.6963743545579235,0.6830127018922193,0.0133616526657042,0.2447972522865562,0.1202149963401128,0.1649989286946138,0.0754776998123279,0.0170174837112426,0.0097206532955169,-0.0097206532955169,1.017017483711243,,,,0.0071356412442931,0.0116923503626207,0.0116923503626207,0.0094294511632052,0.0041682414766701,0.0070032597842435,0.004732542263807,0.0015275153233799,0.0251549802468771,0.1367732049272046,0.9985758038231402,1.0,0.0316227766016837,0.7,0.0277079455554485,0.995964765548706,0.029089219330855,0.0336121437422552,0.7188268899917603,2.0,1.4259952306747437,38.60146713256836,0.0253010503947734,1.0,0.3990650233744156,,3000,7000,10000,2026-07-05 03:28:31,AdamW,False,3300.4631559848785,332808,,,,,,,,analytical_planar_entropy_shock,True,Analytical oblique planar entropy-shock solution,pointwise_analytic_on_fixed_evaluation_grids,,45,0.5,space_time_rel_l2,2026-07-21 00:37:38,,,,,,,,,,,,,,,,,,,,,,,,,,,,,,,,,,,,,,,,,,,,,,,,,4.0,2.0,0.0,0.25,512.0,2048.0,1.0,20.0,True,0.0023739233147352,0.0007317129638977,,,,,,,,,,,,,,,,,,,,,,,,,,,,,,,,,,,,,,,,,,,,,,,,,,,,,,,,,,,,,,,,,,,,,,,,,,,,,,,,,,,,,,,,,,,,,,,,,0.0977564770824052,0.0915063509461096,1.0193841401920762,0.0193841401920762,180.0,,,,,,,,,,,,,,,,,,,,,,,,,,,,,,,,,,,,,,,,,,,,,,,,,,,,,,,,,,,,,,,,,,,,,,,,,,,,,,,XPINN,space_time_rel_l2,0.1149812098872929,True,success
2d_burgers,xpinn,XPINN,100,XPINN,0.0265762284719813,0.0779743419758371,0.1156280591028696,0.0119609369585911,0.0537473121382736,0.0723066896526902,0.004548089059057,0.0098707744941715,0.0098707744941715,,,0.7021253838213197,0.6830127018922193,0.0191126819291004,0.2413592610687087,0.1006016411591197,0.16454838644592,0.0640825019000796,0.0216901302337646,0.0160280466079711,-0.0160280466079711,1.0216901302337646,,,,0.0101540834886816,0.0178345733793598,0.0178345733793598,0.0130730070453845,0.0117851477364594,0.0171913562896151,0.0061322157667257,0.0033055288413948,0.0239171309341717,0.143486598168216,0.9999999742881388,1.0,0.0316227766016837,0.7,0.0288531500846147,0.9999902248382568,0.0304213135068153,0.0343866171003717,0.7746022343635559,2.0,1.4242682456970217,37.9615478515625,0.0253080949187278,0.9979633401221996,0.416489587760306,,3000,7000,10000,2026-07-05 04:18:54,AdamW,False,3020.302342414856,332808,,,,,,,,analytical_planar_entropy_shock,True,Analytical oblique planar entropy-shock solution,pointwise_analytic_on_fixed_evaluation_grids,,45,0.5,space_time_rel_l2,2026-07-21 00:37:38,,,,,,,,,,,,,,,,,,,,,,,,,,,,,,,,,,,,,,,,,,,,,,,,,4.0,2.0,0.0,0.25,512.0,2048.0,1.0,20.0,True,0.0011183681199327,0.0006786269368603,,,,,,,,,,,,,,,,,,,,,,,,,,,,,,,,,,,,,,,,,,,,,,,,,,,,,,,,,,,,,,,,,,,,,,,,,,,,,,,,,,,,,,,,,,,,,,,,,0.1013771254402811,0.0915063509461096,1.0187330024186956,0.0187330024186954,180.0,,,,,,,,,,,,,,,,,,,,,,,,,,,,,,,,,,,,,,,,,,,,,,,,,,,,,,,,,,,,,,,,,,,,,,,,,,,,,,,XPINN,space_time_rel_l2,0.1156280591028696,True,success
2d_burgers,xpinn,XPINN,2026,XPINN,0.0280708511789803,0.0798955189525616,0.1184769701597993,0.0143186451030182,0.0538648455074621,0.0724648082359578,0.0032201652314184,0.006162522545533,0.0057423282859228,,,0.694618064956053,0.6830127018922193,0.0116053630638337,0.2553242635526723,0.1263653495372894,0.1760444809418965,0.0859485855702754,0.046282410621643,0.0134342610836029,-0.0134342610836029,1.046282410621643,,,,0.0126798285809129,0.0229193126042652,0.0229193126042652,0.0153547148268613,0.0119893654094171,0.0157106384055167,0.0072991068254076,0.0048979801900103,0.0298014312744248,0.0891845968198622,0.9998998875875534,1.0,0.0316227766016837,0.7,0.0276939515024423,1.0,0.0291511771995043,0.0348203221809169,0.7582205533981323,2.0,1.4259567260742188,38.07769393920898,0.0252211708575487,0.9904357066950054,0.3960900977475563,,3000,7000,10000,2026-07-05 01:38:51,AdamW,False,3332.782881736756,332808,,,,,,,,analytical_planar_entropy_shock,True,Analytical oblique planar entropy-shock solution,pointwise_analytic_on_fixed_evaluation_grids,,45,0.5,space_time_rel_l2,2026-07-21 00:37:38,,,,,,,,,,,,,,,,,,,,,,,,,,,,,,,,,,,,,,,,,,,,,,,,,4.0,2.0,0.0,0.25,512.0,2048.0,1.0,20.0,True,0.0016082886140793,0.0007794671691954,,,,,,,,,,,,,,,,,,,,,,,,,,,,,,,,,,,,,,,,,,,,,,,,,,,,,,,,,,,,,,,,,,,,,,,,,,,,,,,,,,,,,,,,,,,,,,,,,0.0972486792320324,0.0915063509461096,1.0189442828644153,0.0189442828644153,180.0,,,,,,,,,,,,,,,,,,,,,,,,,,,,,,,,,,,,,,,,,,,,,,,,,,,,,,,,,,,,,,,,,,,,,,,,,,,,,,,XPINN,space_time_rel_l2,0.1184769701597993,True,success
2d_burgers,xpinn,XPINN,31415,XPINN,0.0280551063037785,0.0791758663485899,0.1174097981681284,0.015806045781499,0.054162869875336,0.0728657428058831,0.0013640567274091,0.0051943362581343,8.569287961492089e-05,,,0.6863979933552576,0.6830127018922193,0.0033852914630383,0.2612812201842281,0.1745543429409491,0.1783715723042334,0.1131538882066981,0.0182266235351562,0.0154264867305755,-0.0154264867305755,1.0182266235351562,,,,0.0030208715766334,0.0042009922461149,0.0023897118443537,0.0048919947319493,0.0040954754062967,0.004854786247447,0.0059846841217989,0.002897969768689,0.0230916360779035,0.16006132449761,0.9999999986049872,1.0,0.0316227766016837,0.7,0.0266312714666128,1.0,0.0282218091697645,0.0347893432465923,0.7218031287193298,2.0,1.4245764017105105,39.25611877441406,0.0251615494489669,0.9967069154774972,0.3858903527411815,,3000,7000,10000,2026-07-05 05:06:02,AdamW,False,2825.1961390972137,332808,,,,,,,,analytical_planar_entropy_shock,True,Analytical oblique planar entropy-shock solution,pointwise_analytic_on_fixed_evaluation_grids,,45,0.5,space_time_rel_l2,2026-07-21 00:37:38,,,,,,,,,,,,,,,,,,,,,,,,,,,,,,,,,,,,,,,,,,,,,,,,,4.0,2.0,0.0,0.25,512.0,2048.0,1.0,20.0,True,0.0017761318013072,0.0007038860348984,,,,,,,,,,,,,,,,,,,,,,,,,,,,,,,,,,,,,,,,,,,,,,,,,,,,,,,,,,,,,,,,,,,,,,,,,,,,,,,,,,,,,,,,,,,,,,,,,0.0914206580664947,0.0915063509461096,1.0190781216288722,0.0190781216288721,180.0,,,,,,,,,,,,,,,,,,,,,,,,,,,,,,,,,,,,,,,,,,,,,,,,,,,,,,,,,,,,,,,,,,,,,,,,,,,,,,,XPINN,space_time_rel_l2,0.1174097981681284,True,success
2d_burgers,cpinn,cPINN,7,cPINN,0.0324035733228521,0.0790705327785721,0.1172535991422577,0.0171214562691288,0.0556902016831486,0.0749204745241889,0.0012827572093526,0.0045111490878549,0.0045111490878549,,,0.6720648763134626,0.6830127018922193,0.0109478255787567,0.3267901121908448,0.1763463508055786,0.2030877749730087,0.0883155838232502,0.0249590873718261,0.027292788028717,-0.027292788028717,1.0249590873718262,,,,0.0007194846256515,0.0022497473643513,0.0017664608548834,0.0011716420527414,0.0065626508885672,0.0106369697220976,0.0056609736044793,0.0033281461753187,0.0262692305926653,0.1032933752903239,0.7628936868174141,1.0,0.0316227766016837,0.7,0.0293375346809625,1.0,0.0307001239157372,0.0359665427509293,0.7528759241104126,2.0,1.4279212951660156,39.01657485961914,0.0251378044486045,0.9909182643794148,0.4173395665108372,,3000,7000,10000,2026-07-04 01:48:24,AdamW,False,1519.5510411262512,332808,,,,,,,,analytical_planar_entropy_shock,True,Analytical oblique planar entropy-shock solution,pointwise_analytic_on_fixed_evaluation_grids,,45,0.5,space_time_rel_l2,2026-07-21 00:37:38,4.0,2.0,0.0,0.0,1000.0,4000.0,20.0,20.0,True,4.316258491599001e-05,7.80982882133685e-05,,,,,,,,,,,,,,,,,,,,,,,,,,,,,,,,,,,,,,,,,,,,,,,,,,,,,,,,,,,,,,,,,,,,,,,,,,,,,,,,,,,,,,,,,,,,,,,,,,,,,,,,,,,,,,,,,,,,,,,,,,,,,,,,,,,,,,,,,,,,,,,,,0.0869952018582546,0.0915063509461096,1.0187715264253838,0.0187715264253838,180.0,,,,,,,,,,,,,,,,,,,,,,,,,,,,,,,,,,,,,,,,,,,,,,,,,,,,,,,,,,,,,,,,,,,,,,,,,,,,,,,cPINN,space_time_rel_l2,0.1172535991422577,True,success
2d_burgers,cpinn,cPINN,42,cPINN,0.0318100916507394,0.0782223478612685,0.1159958267358098,0.0158813625068208,0.0528263609346281,0.0710677266196003,0.002281352229539,0.0065654233029133,0.0065654233029133,,,0.6713701708606675,0.6830127018922193,0.0116425310315517,0.3374396766981216,0.1812067299299334,0.2117169910765395,0.1194633849578907,0.0314340591430664,0.0221226215362548,-0.0221226215362548,1.0314340591430664,,,,0.0015277252120794,0.0026157506586069,0.0014269882193572,0.0027435948995438,0.0069333071133869,0.0096180933392759,0.0048074240668918,0.0023567942930278,0.0304688760907731,0.1999499095725476,0.999999998376058,1.0,0.0316227766016837,0.7,0.0293098092079162,0.9945257902145386,0.0307930607187112,0.0360594795539033,0.828576922416687,2.0,1.4288920164108276,37.79107284545898,0.0252291597425937,0.9859154929577464,0.416489587760306,,3000,7000,10000,2026-07-04 02:13:28,AdamW,False,1501.859875202179,332808,,,,,,,,analytical_planar_entropy_shock,True,Analytical oblique planar entropy-shock solution,pointwise_analytic_on_fixed_evaluation_grids,,45,0.5,space_time_rel_l2,2026-07-21 00:37:38,4.0,2.0,0.0,0.0,1000.0,4000.0,20.0,20.0,True,4.0616643673274666e-05,7.547181303380057e-05,,,,,,,,,,,,,,,,,,,,,,,,,,,,,,,,,,,,,,,,,,,,,,,,,,,,,,,,,,,,,,,,,,,,,,,,,,,,,,,,,,,,,,,,,,,,,,,,,,,,,,,,,,,,,,,,,,,,,,,,,,,,,,,,,,,,,,,,,,,,,,,,,0.0849409276431963,0.0915063509461096,1.0350630699202072,0.0350630699202071,180.0,,,,,,,,,,,,,,,,,,,,,,,,,,,,,,,,,,,,,,,,,,,,,,,,,,,,,,,,,,,,,,,,,,,,,,,,,,,,,,,cPINN,space_time_rel_l2,0.1159958267358098,True,success
2d_burgers,cpinn,cPINN,100,cPINN,0.0327494564950466,0.0786293720065967,0.1165994023574789,0.0178995432428739,0.0545526429496068,0.0733901076456311,0.000479734238821,0.0022507678517336,0.0022507678517336,,,0.6798652607749315,0.6830127018922193,0.0031474411172878,0.3372809500717521,0.1855379223978814,0.2096194279551357,0.108087941014602,0.0268951654434204,0.0127524733543396,-0.0127524733543396,1.0268951654434204,,,,0.0040598510650865,0.0055587303113784,0.0044372957009205,0.0073438989183775,0.0021768240198367,0.0003496347641465,0.0058212122237543,0.0042616836791743,0.0217639756094234,0.1398602539964023,0.9999999975204572,1.0,0.0316227766016837,0.7,0.0284744519740343,0.9937773942947388,0.0300185873605947,0.0364002478314745,0.7847082614898682,2.0,1.428158164024353,37.60427474975586,0.0250052157789468,0.9948400412796696,0.4096897577560561,,3000,7000,10000,2026-07-04 02:39:33,AdamW,False,1563.541550397873,332808,,,,,,,,analytical_planar_entropy_shock,True,Analytical oblique planar entropy-shock solution,pointwise_analytic_on_fixed_evaluation_grids,,45,0.5,space_time_rel_l2,2026-07-21 00:37:38,4.0,2.0,0.0,0.0,1000.0,4000.0,20.0,20.0,True,3.5112905607093126e-05,6.98825460858643e-05,,,,,,,,,,,,,,,,,,,,,,,,,,,,,,,,,,,,,,,,,,,,,,,,,,,,,,,,,,,,,,,,,,,,,,,,,,,,,,,,,,,,,,,,,,,,,,,,,,,,,,,,,,,,,,,,,,,,,,,,,,,,,,,,,,,,,,,,,,,,,,,,,0.0892555830943759,0.0915063509461096,1.0215462751166766,0.0215462751166765,180.0,,,,,,,,,,,,,,,,,,,,,,,,,,,,,,,,,,,,,,,,,,,,,,,,,,,,,,,,,,,,,,,,,,,,,,,,,,,,,,,cPINN,space_time_rel_l2,0.1165994023574789,True,success
2d_burgers,cpinn,cPINN,2026,cPINN,0.0319947876233214,0.0787390450011355,0.1167620363108177,0.0177476383846851,0.0567704121497872,0.0763736903197971,0.0031208658877959,0.0061089158969521,0.0059047745964571,,,0.6701306746410736,0.6830127018922193,0.0128820272511457,0.3261664081948942,0.1749215671903094,0.2055145158621252,0.0877408795255665,0.0230963230133056,0.0354531407356262,-0.0354531407356262,1.0230963230133057,,,,0.0023495890291481,0.0036040028576778,0.0028864022905109,0.0029651928549681,0.0055689572251128,0.0080735089078345,0.0069598008125968,0.0044978599400007,0.03369386064411,0.0532203341737244,0.5268935600941057,1.0,0.0316227766016837,0.7,0.0292343329638242,1.0,0.0308859975216852,0.0365861214374225,0.711081326007843,2.0,1.429965615272522,39.659549713134766,0.0252171214669942,0.978936810431294,0.4147896302592435,,3000,7000,10000,2026-07-04 01:23:02,AdamW,False,1526.8585419654846,332808,,,,,,,,analytical_planar_entropy_shock,True,Analytical oblique planar entropy-shock solution,pointwise_analytic_on_fixed_evaluation_grids,,45,0.5,space_time_rel_l2,2026-07-21 00:37:38,4.0,2.0,0.0,0.0,1000.0,4000.0,20.0,20.0,True,5.0791059038601816e-05,8.657932630740106e-05,,,,,,,,,,,,,,,,,,,,,,,,,,,,,,,,,,,,,,,,,,,,,,,,,,,,,,,,,,,,,,,,,,,,,,,,,,,,,,,,,,,,,,,,,,,,,,,,,,,,,,,,,,,,,,,,,,,,,,,,,,,,,,,,,,,,,,,,,,,,,,,,,0.0856015763496525,0.0915063509461096,1.020617116329282,0.0206171163292818,180.0,,,,,,,,,,,,,,,,,,,,,,,,,,,,,,,,,,,,,,,,,,,,,,,,,,,,,,,,,,,,,,,,,,,,,,,,,,,,,,,cPINN,space_time_rel_l2,0.1167620363108177,True,success
2d_burgers,cpinn,cPINN,31415,cPINN,0.0317289934827957,0.0772952085994597,0.1146209730256722,0.0172114562703135,0.0531621411152585,0.0715194543869332,0.0018312545041136,0.0049511069528522,0.0047260733746474,,,0.6714003314436329,0.6830127018922193,0.0116123704485864,0.3219951631913652,0.1501143574431235,0.1982678956297274,0.0910348369433668,0.0288337469100952,0.0226452052593231,-0.0226452052593231,1.0288337469100952,,,,0.0005247042913681,0.0016811875561763,0.0001609910299485,0.002164851584089,0.0024749198829605,0.002958210307101,0.0054361459786252,0.0036865404663294,0.0217153560300669,0.1388695917905062,0.9999999964813384,1.0,0.0316227766016837,0.7,0.0295921768993139,0.9999998807907104,0.0312267657992565,0.0367410161090458,0.7694305181503296,2.0,1.4289692640304563,38.183536529541016,0.02513481490314,0.9712301587301588,0.4160645983850404,,3000,7000,10000,2026-07-04 03:02:19,AdamW,False,1364.2073249816897,332808,,,,,,,,analytical_planar_entropy_shock,True,Analytical oblique planar entropy-shock solution,pointwise_analytic_on_fixed_evaluation_grids,,45,0.5,space_time_rel_l2,2026-07-21 00:37:38,4.0,2.0,0.0,0.0,1000.0,4000.0,20.0,20.0,True,3.865030885208398e-05,7.686247408855706e-05,,,,,,,,,,,,,,,,,,,,,,,,,,,,,,,,,,,,,,,,,,,,,,,,,,,,,,,,,,,,,,,,,,,,,,,,,,,,,,,,,,,,,,,,,,,,,,,,,,,,,,,,,,,,,,,,,,,,,,,,,,,,,,,,,,,,,,,,,,,,,,,,,0.0867802775714621,0.0915063509461096,1.0488983836284904,0.0488983836284903,180.0,,,,,,,,,,,,,,,,,,,,,,,,,,,,,,,,,,,,,,,,,,,,,,,,,,,,,,,,,,,,,,,,,,,,,,,,,,,,,,,cPINN,space_time_rel_l2,0.1146209730256722,True,success
2d_burgers,gpinn_subsampled,gPINN-subsampled,7,gPINN-subsampled,0.0355004860217106,0.0884644802321216,0.1311838726635767,0.0218514024452478,0.0676153013360402,0.0909634066332536,0.0022763803586252,0.0052373054455633,0.0011126218122039,,,0.6843018981367361,0.6830127018922193,0.0012891962445168,0.358750292691276,0.2051558895604008,0.2394720774595433,0.1310974045442208,0.0160560607910156,0.017450213432312,-0.017450213432312,1.0160560607910156,,,,0.0014460609200793,0.0031697256973119,0.0021145963843696,0.001603881700009,0.0025393146811633,0.0036897884066116,0.0058505900403599,0.0026743948776446,0.0308971345270485,0.1139817583348025,0.8227236099282943,1.0,0.0316227766016837,0.7,0.0179627239704132,0.8361018300056458,0.0194857496902106,0.0312887236679058,0.7895622253417969,2.0,1.4262529611587524,27.91774559020996,0.0249753762036561,1.0,0.2673183170420739,,3000,7000,10000,2026-07-02 08:38:09,AdamW,False,1473.6378438472748,83201,,,,,,,,analytical_planar_entropy_shock,True,Analytical oblique planar entropy-shock solution,pointwise_analytic_on_fixed_evaluation_grids,,45,0.5,space_time_rel_l2,2026-07-21 00:37:38,,,,,,,,,,,,0.0001,1024.0,512.0,False,1217.6747436523438,0.1217674743652343,,,,,,,,,,,,,,,,,,,,,,,,,,,,,,,,,,,,,,,,,,,,,,,,,,,,,,,,,,,,,,,,,,,,,,,,,,,,,,,,,,,,,,,,,,,,,,,,,,,,,,,,,,,,,,,,,,,,,,,,,,,,,,,,,,,,,,,,,,,0.0903937291339057,0.0915063509461096,1.0110622034516443,0.0110622034516445,180.0,,,,,,,,,,,,,,,,,,,,,,,,,,,,,,,,,,,,,,,,,,,,,,,,,,,,,,,,,,,,,,,,,,,,,,,,,,,,,,,gPINN-sub.,space_time_rel_l2,0.1311838726635767,True,success
2d_burgers,gpinn_subsampled,gPINN-subsampled,42,gPINN-subsampled,0.0373544076985292,0.0900641402426082,0.1335560065931501,0.0223854774448238,0.0692248999279471,0.0931288125153376,0.0060102414562175,0.0120735796322311,0.0015354589857858,,,0.685796254805747,0.6830127018922193,0.0027835529135277,0.3727894076597384,0.2098303677212672,0.2470168166817752,0.138137568741782,0.0152288675308227,0.0177537202835083,-0.0177537202835083,1.0152288675308228,,,,0.0030778407337949,0.0076859570869848,0.0076859570869848,0.0033806371525334,0.0017298833163713,0.0010445532712233,0.0055606735105514,0.0025283076285879,0.0310269314010674,0.0718569463829258,0.5490961441522595,1.0,0.0316227766016837,0.7,0.0171191152185201,0.8190280199050903,0.0182156133828996,0.0309789343246592,0.6968056559562683,2.0,1.4260234832763672,27.50419044494629,0.024967223405838,1.0,0.2498937526561836,,3000,7000,10000,2026-07-02 09:00:12,AdamW,False,1321.5347719192505,83201,,,,,,,,analytical_planar_entropy_shock,True,Analytical oblique planar entropy-shock solution,pointwise_analytic_on_fixed_evaluation_grids,,45,0.5,space_time_rel_l2,2026-07-21 00:37:38,,,,,,,,,,,,0.0001,1024.0,512.0,False,935.2067260742188,0.0935206726074218,,,,,,,,,,,,,,,,,,,,,,,,,,,,,,,,,,,,,,,,,,,,,,,,,,,,,,,,,,,,,,,,,,,,,,,,,,,,,,,,,,,,,,,,,,,,,,,,,,,,,,,,,,,,,,,,,,,,,,,,,,,,,,,,,,,,,,,,,,,0.0899708919603237,0.0915063509461096,1.0056922823883767,0.0056922823883766,180.0,,,,,,,,,,,,,,,,,,,,,,,,,,,,,,,,,,,,,,,,,,,,,,,,,,,,,,,,,,,,,,,,,,,,,,,,,,,,,,,gPINN-sub.,space_time_rel_l2,0.1335560065931501,True,success
2d_burgers,gpinn_subsampled,gPINN-subsampled,100,gPINN-subsampled,0.0360709424288675,0.0885942998250204,0.1313763819836947,0.023104019149402,0.068759122441106,0.0925021983303977,0.0020530955290219,0.0044870066661628,0.0004691952586594,,,0.6874083054589674,0.6830127018922193,0.004395603566748,0.3594998009471448,0.2192725257551461,0.2404354808024916,0.1389729681802399,0.0124742984771728,0.0195099115371704,-0.0195099115371704,1.0124742984771729,,,,0.0005753803990815,0.0014105426909563,0.0004856400636734,0.0013745406237664,0.003737568641418,0.0042098097465834,0.0066499872911228,0.0050268516418337,0.0224960540569877,0.1015454121885599,0.8075891228980614,1.0,0.0316227766016837,0.7,0.0176937133073806,0.8330862522125244,0.0188971499380421,0.0311338289962825,0.819558322429657,2.0,1.42618989944458,28.080965042114254,0.0249458607286214,1.0,0.2592435189120272,,3000,7000,10000,2026-07-02 09:22:58,AdamW,False,1365.2174260616302,83201,,,,,,,,analytical_planar_entropy_shock,True,Analytical oblique planar entropy-shock solution,pointwise_analytic_on_fixed_evaluation_grids,,45,0.5,space_time_rel_l2,2026-07-21 00:37:38,,,,,,,,,,,,0.0001,1024.0,512.0,False,1901.5310668945312,0.1901531066894531,,,,,,,,,,,,,,,,,,,,,,,,,,,,,,,,,,,,,,,,,,,,,,,,,,,,,,,,,,,,,,,,,,,,,,,,,,,,,,,,,,,,,,,,,,,,,,,,,,,,,,,,,,,,,,,,,,,,,,,,,,,,,,,,,,,,,,,,,,,0.0910371556874502,0.0915063509461096,1.0104041182717611,0.0104041182717611,180.0,,,,,,,,,,,,,,,,,,,,,,,,,,,,,,,,,,,,,,,,,,,,,,,,,,,,,,,,,,,,,,,,,,,,,,,,,,,,,,,gPINN-sub.,space_time_rel_l2,0.1313763819836947,True,success
2d_burgers,gpinn_subsampled,gPINN-subsampled,2026,gPINN-subsampled,0.034909133833704,0.0872622031482875,0.1294010174039494,0.020937008390456,0.0647634962079825,0.0871268503453052,0.0007454206538684,0.0016436337472565,8.97503927320964e-05,,,0.6865552273445452,0.6830127018922193,0.0035425254523259,0.3489563916686471,0.1850156163224808,0.2333060929341899,0.1181660255520757,0.0150496959686279,0.017260193824768,-0.017260193824768,1.015049695968628,,,,0.0019560093151346,0.0039959618760304,0.0033915902545368,0.0019384257496616,0.0040806979382681,0.0027923553468607,0.007159592622916,0.0046627928188946,0.0289236716053098,0.086918769119205,0.9845070985987636,1.0,0.0316227766016837,0.7,0.0189239662140607,0.8490153551101685,0.0209417596034696,0.0315365551425031,0.7509286999702454,2.0,1.4259893894195557,28.85870742797852,0.0249752048403024,1.0,0.287292817679558,,3000,7000,10000,2026-07-02 08:13:35,AdamW,False,1804.8410472869875,83201,,,,,,,,analytical_planar_entropy_shock,True,Analytical oblique planar entropy-shock solution,pointwise_analytic_on_fixed_evaluation_grids,,45,0.5,space_time_rel_l2,2026-07-21 00:37:38,,,,,,,,,,,,0.0001,1024.0,512.0,False,748.4847412109375,0.0748484741210937,,,,,,,,,,,,,,,,,,,,,,,,,,,,,,,,,,,,,,,,,,,,,,,,,,,,,,,,,,,,,,,,,,,,,,,,,,,,,,,,,,,,,,,,,,,,,,,,,,,,,,,,,,,,,,,,,,,,,,,,,,,,,,,,,,,,,,,,,,,0.0914166005533775,0.0915063509461096,1.0102700383164165,0.0102700383164161,180.0,,,,,,,,,,,,,,,,,,,,,,,,,,,,,,,,,,,,,,,,,,,,,,,,,,,,,,,,,,,,,,,,,,,,,,,,,,,,,,,gPINN-sub.,space_time_rel_l2,0.1294010174039494,True,success
2d_burgers,gpinn_subsampled,gPINN-subsampled,31415,gPINN-subsampled,0.0362141755197927,0.0892992652766476,0.1324217744145982,0.0230402326685043,0.068811368765238,0.0925724857288594,0.0024305992207223,0.0060166803473017,0.001087383248023,,,0.6851540070838298,0.6830127018922193,0.0021413051916104,0.3662335894575367,0.2133595774396053,0.244466790559301,0.1435908292991212,0.0206243991851806,0.0254051685333251,-0.0254051685333251,1.0206243991851809,,,,0.0009343312760446,0.0020330144014621,0.0020330144014621,0.0014452886688309,0.0038370485394139,0.0041766793943711,0.0060502899410092,0.0034990590763656,0.0241145135977701,0.1514597507970002,0.9999999978994086,1.0,0.0316227766016837,0.7,0.0178600586950778,0.8374218344688416,0.019175960346964,0.0310408921933085,0.7202311754226685,2.0,1.4267966747283936,27.7408390045166,0.0252803992480039,1.0,0.2630684232894177,,3000,7000,10000,2026-07-02 09:46:31,AdamW,False,1412.0317833423617,83201,,,,,,,,analytical_planar_entropy_shock,True,Analytical oblique planar entropy-shock solution,pointwise_analytic_on_fixed_evaluation_grids,,45,0.5,space_time_rel_l2,2026-07-21 00:37:38,,,,,,,,,,,,0.0001,1024.0,512.0,False,1827.812789916992,0.1827812789916992,,,,,,,,,,,,,,,,,,,,,,,,,,,,,,,,,,,,,,,,,,,,,,,,,,,,,,,,,,,,,,,,,,,,,,,,,,,,,,,,,,,,,,,,,,,,,,,,,,,,,,,,,,,,,,,,,,,,,,,,,,,,,,,,,,,,,,,,,,,0.0904189676980866,0.0915063509461096,1.009017315021781,0.009017315021781,180.0,,,,,,,,,,,,,,,,,,,,,,,,,,,,,,,,,,,,,,,,,,,,,,,,,,,,,,,,,,,,,,,,,,,,,,,,,,,,,,,gPINN-sub.,space_time_rel_l2,0.1324217744145982,True,success
2d_euler,aaf_pinn,AAF-PINN,7,AAF-PINN,,,,,,,,,,,,,,,,,,,,,,,,,,,,,,,,,,,,,1.0,0.0282842712474619,0.7,0.061635348945856,0.999997615814209,0.0547222222222222,0.0803086419753086,0.6686230897903442,2.0,0.9999999403953552,14.12899112701416,0.0546826757490634,,,,3000,7000,10000,2026-07-03 01:00:09,AdamW,False,996.405434846878,83589,5.0,0.2980870604515075,1.4904353022575378,1.0,1e-06,20.0,6.0,analytical_rotated_sod_riemann_solution,True,Analytical rotated Sod Riemann solution,pointwise_analytic_on_fixed_evaluation_grids,,41,0.2,primitive_scaled_space_time_rel_l2,2026-07-21 00:37:38,,,,,,,,,,,,,,,,,,,,,,,,,,,,,,,,,,,,,,,,,,,,,,,,,,,,,,,,,,,,0.0041412390901937,0.0120895471947123,0.0173852393677495,0.0052161198928156,0.0122791872086505,0.0181242637596327,0.1242217794060707,1.0081572532653809,0.015265078312374,0.05939253083601,0.2089567705203242,0.0144915295228713,0.0584093399667863,0.1448278235680499,,,0.0044765374487695,0.0131863696885135,0.0192152103770919,0.0045584077032863,0.0130204919274257,0.019709551490685,0.0999316722154617,1.0091633796691897,0.0597225546533586,0.0585247486001568,0.0,0.0,,,,,,,0.0013226927131921,0.0020672844719243,,,,,0.0036006119501238,0.0067675676578854,,,,,,,,,,,,,,,,,,,,,,,,,,,,,,,,,,,,,,,,,,,,,,,,,,,,,,,,,,,220.0,,,,,0.0091550912255571,0.0342781685649337,0.2088828830812405,0.0175027382571923,0.0685422282016696,0.2088398948808946,0.00930337400086,0.0342995537907027,0.1473054459517576,0.0169359253394007,0.0676660267044862,0.14530180626156,0.0039793315937105,0.0151782107697672,0.0131675669493548,0.1385083247321325,0.0034980655248708,0.0161022315736896,0.2387622594833374,0.131075032195191,0.0665937423706054,0.0036701023109215,0.0039567428883617,0.0029160073043317,0.0035007632789237,0.0003662302706864,0.0002327954839982,0.0017793314717731,0.0003483685648072,0.0001868187446753,0.0022727402494135,0.0002425883643501,0.0001051884035976,0.0018040160001552,0.0005767731587727,0.0004447838157242,0.0023687614439276,0.9339506030082704,,,,,,,,,,,,,,,,,,,,,,,,,,,,,,,,,,,,,AAF-PINN,primitive_scaled_space_time_rel_l2,0.0597225546533586,True,success
2d_euler,aaf_pinn,AAF-PINN,42,AAF-PINN,,,,,,,,,,,,,,,,,,,,,,,,,,,,,,,,,,,,,1.0,0.0282842712474619,0.7,0.0639231726527214,0.9999908208847046,0.0562962962962962,0.081574074074074,0.6593500375747681,2.0,1.0000001192092896,14.043977737426758,0.0547132305800914,,,,3000,7000,10000,2026-07-03 01:17:06,AdamW,False,1012.4705536365508,83589,5.0,0.2952833473682403,1.4764167368412018,1.0,1e-06,20.0,6.0,analytical_rotated_sod_riemann_solution,True,Analytical rotated Sod Riemann solution,pointwise_analytic_on_fixed_evaluation_grids,,41,0.2,primitive_scaled_space_time_rel_l2,2026-07-21 00:37:38,,,,,,,,,,,,,,,,,,,,,,,,,,,,,,,,,,,,,,,,,,,,,,,,,,,,,,,,,,,,0.0041492441589196,0.0118421349028874,0.0170294508632983,0.0054933835571822,0.0123086523312741,0.0181677547208068,0.1241496130824089,1.004796862602234,0.0147067658395908,0.0579508444069061,0.2038845815415398,0.0152751328690958,0.0610863443288455,0.1514655413655745,,,0.0043997011656716,0.0130247065898839,0.018979634511728,0.0045544332570166,0.0133099406465504,0.0201476996394108,0.0994662418961525,1.005892038345337,0.0584601487189114,0.0605804011190432,0.0,0.0,,,,,,,0.0007228263034099,0.0013787158045964,,,,,0.0006245069508997,1.078917071139834e-05,,,,,,,,,,,,,,,,,,,,,,,,,,,,,,,,,,,,,,,,,,,,,,,,,,,,,,,,,,,220.0,,,,,0.0091484063395256,0.0338074919129705,0.2060146932047931,0.0170915496922756,0.0670500925933742,0.2042935378137216,0.0086748468100085,0.0347118267819914,0.1490760245781218,0.0174098370209156,0.0702085144135551,0.1507613858248599,0.0042754627031128,0.0154305999600654,0.0135791417478852,0.1467014893988093,0.0035467299518341,0.0168275796323398,0.2368713617324829,0.151003010710816,0.0659856557846069,0.0049072253607314,0.0072047650042186,0.0027055468433471,0.0038450303293176,0.0003072054595835,6.718681366395677e-05,0.0022417320188985,0.0003713453884021,6.231492787630698e-05,0.0016802670674095,0.0002216317969197,9.164967108369496e-05,0.0010040683180782,0.0004628372567356,0.0002284018282388,0.0022763202250258,0.9339506030082704,,,,,,,,,,,,,,,,,,,,,,,,,,,,,,,,,,,,,AAF-PINN,primitive_scaled_space_time_rel_l2,0.0584601487189114,True,success
2d_euler,aaf_pinn,AAF-PINN,100,AAF-PINN,,,,,,,,,,,,,,,,,,,,,,,,,,,,,,,,,,,,,1.0,0.0282842712474619,0.7,0.0617293938994407,0.9999910593032836,0.0557098765432098,0.080679012345679,0.6401159763336182,2.0,1.0000001192092896,14.416626930236816,0.0544969737529754,,,,3000,7000,10000,2026-07-03 01:33:32,AdamW,False,981.4970510005952,83589,5.0,0.2981264889240265,1.4906324446201324,1.0,1e-06,20.0,6.0,analytical_rotated_sod_riemann_solution,True,Analytical rotated Sod Riemann solution,pointwise_analytic_on_fixed_evaluation_grids,,41,0.2,primitive_scaled_space_time_rel_l2,2026-07-21 00:37:38,,,,,,,,,,,,,,,,,,,,,,,,,,,,,,,,,,,,,,,,,,,,,,,,,,,,,,,,,,,,0.0041405992624419,0.0118921915164076,0.0171014342216466,0.0052794849466478,0.0121007022523229,0.0178608172976936,0.1234801560640335,1.0039128065109253,0.0150194787513299,0.059029994291507,0.2076812824333775,0.0146966666119437,0.0599052301984901,0.1485369311641564,,,0.0046614036730451,0.0131831277973461,0.0192104862853006,0.0047679406568859,0.0133196981238342,0.020162469857158,0.0989199727773666,1.007390022277832,0.0596064379094867,0.0599870203379941,0.0,0.0,,,,,,,0.0005053198263786,0.0005402743929602,,,,,0.0021310711455748,0.0046891784806605,,,,,,,,,,,,,,,,,,,,,,,,,,,,,,,,,,,,,,,,,,,,,,,,,,,,,,,,,,,220.0,,,,,0.0092249478410959,0.0347082497322249,0.211503693875509,0.0173138190181988,0.0684034776370071,0.2084171386604007,0.0100481058415026,0.0353462579064469,0.151800700248361,0.0172056937642138,0.0694114020177967,0.1490497163721375,0.0041373839284243,0.0152766091227391,0.0132996819287144,0.1458641182774814,0.003852780337748,0.0169651230730674,0.2208188772201538,0.1379920320120855,0.0570134878158569,0.0047525698231271,0.0056368172972195,0.0018809455900098,0.0014441160634676,0.0003594458586697,0.0002123357988625,0.0014304799572931,0.0004314450020483,0.0001641700325243,0.0025109900422474,0.0002538529720221,0.0002094517481364,0.000940211382942,0.0005009777968427,0.0002908923913335,0.0017794120145466,0.9339506030082704,,,,,,,,,,,,,,,,,,,,,,,,,,,,,,,,,,,,,AAF-PINN,primitive_scaled_space_time_rel_l2,0.0596064379094867,True,success
2d_euler,aaf_pinn,AAF-PINN,2026,AAF-PINN,,,,,,,,,,,,,,,,,,,,,,,,,,,,,,,,,,,,,1.0,0.0282842712474619,0.7,0.0606613382697105,0.9999890327453612,0.0542901234567901,0.0801543209876543,0.6411329507827759,2.0,1.0000001192092896,14.135784149169922,0.0540678054094314,,,,3000,7000,10000,2026-07-03 00:43:28,AdamW,False,999.1426017284392,83589,5.0,0.2908818125724792,1.4544090628623962,1.0,1e-06,20.0,6.0,analytical_rotated_sod_riemann_solution,True,Analytical rotated Sod Riemann solution,pointwise_analytic_on_fixed_evaluation_grids,,41,0.2,primitive_scaled_space_time_rel_l2,2026-07-21 00:37:38,,,,,,,,,,,,,,,,,,,,,,,,,,,,,,,,,,,,,,,,,,,,,,,,,,,,,,,,,,,,0.0042013944662474,0.0117594862921254,0.0169105989444986,0.0054473059762557,0.0119666135257382,0.0176629003340934,0.1243836358189582,1.005012035369873,0.0161621371413271,0.0587938291348338,0.2068503983516046,0.0168059804414142,0.0608553697974602,0.1508928326395521,,,0.0046411898718246,0.013095515083537,0.0190828168230213,0.004924397713832,0.0132611241043345,0.0200738044165756,0.0991957560181617,1.008907914161682,0.0591648232048037,0.0603465906953415,0.0,0.0,,,,,,,0.0005370934367552,0.0002482041702017,,,,,0.0005562191505816,0.001390538181175,,,,,,,,,,,,,,,,,,,,,,,,,,,,,,,,,,,,,,,,,,,,,,,,,,,,,,,,,,,220.0,,,,,0.0094044600187797,0.0341227971997992,0.2079360874951204,0.018376401955907,0.0679335061798386,0.2069851923655807,0.0098260231676694,0.0347122570722713,0.1490778725351523,0.0190182888291076,0.0699782229199784,0.1502668722319531,0.004407711694348,0.0150281480014596,0.0153848702790232,0.1456387224095513,0.0038819783009596,0.0167248775397559,0.1909191608428955,0.1440118627158209,0.0667929410934448,0.0035997638731978,0.0045538684849546,0.0030899791019528,0.003944395173004,0.0002065482764101,0.0001302756732325,0.0008187389344404,0.0002947180486607,0.0001207694280692,0.002723418677579,0.0002271129656704,4.883201185197335e-05,0.0021078714320793,0.0005680768141214,0.0003674167030875,0.0026484303362684,0.9339506030082704,,,,,,,,,,,,,,,,,,,,,,,,,,,,,,,,,,,,,AAF-PINN,primitive_scaled_space_time_rel_l2,0.0591648232048037,True,success
2d_euler,aaf_pinn,AAF-PINN,31415,AAF-PINN,,,,,,,,,,,,,,,,,,,,,,,,,,,,,,,,,,,,,1.0,0.0282842712474619,0.7,0.0628700703382492,0.9999934434890748,0.0558333333333333,0.0809567901234567,0.6496389508247375,2.0,1.0,14.42396354675293,0.0543014593422412,,,,3000,7000,10000,2026-07-03 01:49:53,AdamW,False,975.9299566745758,83589,5.0,0.2986316680908203,1.4931583404541016,1.0,1e-06,20.0,6.0,analytical_rotated_sod_riemann_solution,True,Analytical rotated Sod Riemann solution,pointwise_analytic_on_fixed_evaluation_grids,,41,0.2,primitive_scaled_space_time_rel_l2,2026-07-21 00:37:38,,,,,,,,,,,,,,,,,,,,,,,,,,,,,,,,,,,,,,,,,,,,,,,,,,,,,,,,,,,,0.0039757591715998,0.0118265945509,0.0170071032323399,0.0050778487439936,0.0119994925751711,0.0177114303022388,0.1246460750699043,1.0043470859527588,0.0147911173045948,0.0579585633818376,0.2039117386949852,0.0152531138383705,0.0591411025996196,0.1466422523827212,,,0.0043204353084487,0.0129573090314587,0.018881422623647,0.004485136277807,0.0128534892863135,0.019456754040909,0.0999301820993423,1.0074483156204224,0.0582874454491919,0.058704739487284,0.0,0.0,,,,,,,0.0012886449608145,0.0028920859974441,,,,,0.0029133364075177,0.0059558983064664,,,,,,,,,,,,,,,,,,,,,,,,,,,,,,,,,,,,,,,,,,,,,,,,,,,,,,,,,,,220.0,,,,,0.008765961430818,0.0334051333943039,0.2035628175378607,0.0170249285740424,0.0668748382207462,0.2037595588971132,0.0089296554718785,0.0337197829313919,0.1448155183713072,0.0174799774056033,0.0680361031141925,0.1460964852667268,0.0039003381580516,0.0148201696948943,0.0139899502201193,0.1394800271647892,0.0035862145003182,0.016021990723019,0.2177184820175171,0.1385296659079595,0.0606721997261047,0.004234695119373,0.0054165005670516,0.0020047591917061,0.0021653892926835,0.0004351809314893,0.0001884994916114,0.0021098571787402,0.0005661550120077,0.0001306930773659,0.0064902933645708,0.0003204968126534,0.0001460813863423,0.0037902365684824,0.0008819832936595,0.0003526602024818,0.0086701959528432,0.9339506030082704,,,,,,,,,,,,,,,,,,,,,,,,,,,,,,,,,,,,,AAF-PINN,primitive_scaled_space_time_rel_l2,0.0582874454491919,True,success
2d_euler,lra_pinn,LRA-PINN,7,LRA-PINN,,,,,,,,,,,,,,,,,,,,,,,,,,,,,,,,,,,,,1.0,0.0282842712474619,0.7,0.063399538397789,0.9990285634994508,0.0517283950617284,0.1009259259259259,0.6481236815452576,2.0,1.0,18.77158737182617,0.0537022016942501,,,,3000,7000,10000,2026-07-01 22:05:58,AdamW,False,729.8002943992615,83588,,,,,,,,analytical_rotated_sod_riemann_solution,True,Analytical rotated Sod Riemann solution,pointwise_analytic_on_fixed_evaluation_grids,,41,0.2,primitive_scaled_space_time_rel_l2,2026-07-21 00:37:38,,,,,,,,,,,,,,,,,,0.9,500.0,9239.049419014049,10000.0,923904.9419014048,10000.0,1.0,,,,,,,,,,,,,,,,,,,,,,,,,,,,,,,,,,,,0.0033970558898494,0.0093179436632544,0.0133995656240736,0.0047835478123144,0.0108084350065238,0.0159534115376204,0.1102649644017219,1.0022474527359009,0.0037179623246024,0.0189677602421634,0.0667330027600579,0.0053578649894249,0.0195376478502825,0.0484442217187254,,,0.0028492656284633,0.0081733254733373,0.0119101900038058,0.0031264635069315,0.0073758889094991,0.0111651282502724,0.0981929972767829,1.0014901161193848,0.0219323081269211,0.0226509150420241,0.0,0.0,,,,,,,0.0034019939223716,0.0003414613361552,,,,,0.0106358738914083,0.0026015346526328,,,,,,,,,,,,,,,,,,,,,,,,,,,,,,,,,,,,,,,,,,,,,,,,,,,,,,,,,,,220.0,,,,,0.0027724375768507,0.0109434322020721,0.0666866336467976,0.0036518543584087,0.0214018112266135,0.0652087351709095,0.0042568097392703,0.0115327733109252,0.0495295165060388,0.0053989001725175,0.0218250467838947,0.0468657445085764,0.0040238919456825,0.0144834890073292,0.0045618351070904,0.0551578389618465,0.0028259022626791,0.0109259265989629,0.172742486000061,0.2478655652609869,0.1054442882537841,0.001614382137067,0.0003161061082803,0.0015657749939535,0.0022295194157722,0.0005451665030666,0.0005367102627799,0.0017277199776501,0.0003300255848806,0.0002205804321762,0.0013089093780621,0.0003067961270293,0.0002253826484023,0.0009736606321297,0.0020634764873584,0.0016705222606624,0.0062421597256061,0.9339506030082704,,,,,,,,,,,,,,,,,,,,,,,,,,,,,,,,,,,,,LRA-PINN,primitive_scaled_space_time_rel_l2,0.0219323081269211,True,success
2d_euler,lra_pinn,LRA-PINN,42,LRA-PINN,,,,,,,,,,,,,,,,,,,,,,,,,,,,,,,,,,,,,1.0,0.0282842712474619,0.7,0.0584715604782104,0.998890459537506,0.0528086419753086,0.0800617283950617,0.6675205230712891,2.0,1.0000001192092896,18.545764923095703,0.0535715520381927,,,,3000,7000,10000,2026-07-01 22:20:19,AdamW,False,858.0163304805756,83588,,,,,,,,analytical_rotated_sod_riemann_solution,True,Analytical rotated Sod Riemann solution,pointwise_analytic_on_fixed_evaluation_grids,,41,0.2,primitive_scaled_space_time_rel_l2,2026-07-21 00:37:38,,,,,,,,,,,,,,,,,,0.9,500.0,7443.375760534054,10000.0,744337.5760534054,10000.0,1.0,,,,,,,,,,,,,,,,,,,,,,,,,,,,,,,,,,,,0.0026374876480225,0.0087486746129001,0.0125809345748157,0.0044165666136169,0.0114147487484467,0.0168483396784634,0.1100180298089981,1.004103660583496,0.0037397781422299,0.019235304017505,0.0676742841380573,0.0047131508217455,0.0243758510831615,0.0604407011276045,,,0.0025539942359441,0.0082093716530904,0.0119627165856936,0.0048364151290693,0.01052444904434,0.0159312083987845,0.0974084585905075,1.003278732299805,0.0222009977650166,0.0278425991644733,0.0,0.0,,,,,,,0.0029318146264964,0.0037516763954947,,,,,0.0049511617338547,0.0090331128012936,,,,,,,,,,,,,,,,,,,,,,,,,,,,,,,,,,,,,,,,,,,,,,,,,,,,,,,,,,,220.0,,,,,0.0029163052008409,0.0118420058742116,0.0721623246523382,0.0041690742013336,0.0220159843075717,0.0670800464053298,0.0045536090498517,0.0144308816892953,0.0619759509319014,0.0055059266041657,0.027824751846443,0.0597491370333379,0.003694485244102,0.0155656083948601,0.0049906290632141,0.0703635913083566,0.0040704827619646,0.0151789186974792,0.1060434579849243,0.2028611974326177,0.108769154548645,0.0021637220107954,0.0036716363020198,0.000672799028249,0.0013481650445591,0.0007723692262799,0.0004692995928578,0.0025887867104922,0.0001431688473939,9.103234181956832e-05,0.0005133923623054,0.0001737067254723,0.0001332982587931,0.0005990669866056,0.0018170769744748,0.0015295444452018,0.0065791325028075,0.9339506030082704,,,,,,,,,,,,,,,,,,,,,,,,,,,,,,,,,,,,,LRA-PINN,primitive_scaled_space_time_rel_l2,0.0222009977650166,True,success
2d_euler,lra_pinn,LRA-PINN,100,LRA-PINN,,,,,,,,,,,,,,,,,,,,,,,,,,,,,,,,,,,,,1.0,0.0282842712474619,0.7,0.0632343217730522,0.998840630054474,0.0561728395061728,0.0860802469135802,0.6902686953544617,2.0,1.0000001192092896,18.8387451171875,0.0523529797792434,,,,3000,7000,10000,2026-07-01 22:34:12,AdamW,False,829.4121508598328,83588,,,,,,,,analytical_rotated_sod_riemann_solution,True,Analytical rotated Sod Riemann solution,pointwise_analytic_on_fixed_evaluation_grids,,41,0.2,primitive_scaled_space_time_rel_l2,2026-07-21 00:37:38,,,,,,,,,,,,,,,,,,0.9,500.0,324.3437232347899,10000.0,32434.372323478987,10000.0,1.0,,,,,,,,,,,,,,,,,,,,,,,,,,,,,,,,,,,,0.0021563916092375,0.0069987034891031,0.01006440799331,0.0032590287415201,0.0082129814977365,0.0121224833849829,0.1119766235351562,1.00392484664917,0.0023921677507569,0.0150678647586689,0.0530122612101166,0.0036109702948204,0.0168956028178103,0.0418931866952289,,,0.0018737586773501,0.0060238232552968,0.0087779300792525,0.0025781829108604,0.0063533941235978,0.0096173439004945,0.0989656597375869,1.0012128353118896,0.017369305430175,0.0193499779328886,0.0,0.0,,,,,,,0.0021471294130665,0.0020138057669426,,,,,0.0042342185774403,0.0005173063369949,,,,,,,,,,,,,,,,,,,,,,,,,,,,,,,,,,,,,,,,,,,,,,,,,,,,,,,,,,,220.0,,,,,0.0017467094003868,0.0094464377635727,0.0575643109743366,0.002613380303656,0.0175757040063656,0.0535510483602531,0.0025194248335077,0.010684810880483,0.0458877932134026,0.0040206101126251,0.0196945595618583,0.0422908690998131,0.0027397631735683,0.0110925291507596,0.0033449504319851,0.0488460726687733,0.0021978388639366,0.0093153988814452,0.0844286680221557,0.1795362310019537,0.0850656986236572,0.0015354303406363,0.0018765606886405,0.0012004971175461,0.0009738882147968,0.000511522960582,0.0003299682958502,0.0020837580874011,0.0002963095898438,0.0002467276834466,0.0013041889105282,0.0002123451655801,0.0001407688321289,0.001282556379947,0.0010136255930714,0.0005734366191779,0.0045951057845074,0.9339506030082704,,,,,,,,,,,,,,,,,,,,,,,,,,,,,,,,,,,,,LRA-PINN,primitive_scaled_space_time_rel_l2,0.017369305430175,True,success
2d_euler,lra_pinn,LRA-PINN,2026,LRA-PINN,,,,,,,,,,,,,,,,,,,,,,,,,,,,,,,,,,,,,1.0,0.0282842712474619,0.7,0.0553314797580242,0.998810648918152,0.0479938271604938,0.0829629629629629,0.6266379952430725,2.0,1.0000001192092896,18.564023971557617,0.0533819422125816,,,,3000,7000,10000,2026-07-01 21:53:45,AdamW,False,852.131872177124,83588,,,,,,,,analytical_rotated_sod_riemann_solution,True,Analytical rotated Sod Riemann solution,pointwise_analytic_on_fixed_evaluation_grids,,41,0.2,primitive_scaled_space_time_rel_l2,2026-07-21 00:37:38,,,,,,,,,,,,,,,,,,0.9,500.0,9999.030425430488,10000.0,999903.0425430489,10000.0,1.0,,,,,,,,,,,,,,,,,,,,,,,,,,,,,,,,,,,,0.0034316655182867,0.0090969959828144,0.0130818342607452,0.004927027278216,0.0113183809558899,0.0167060993770041,0.1147102564573288,1.001550316810608,0.0038965450961896,0.0178953404947744,0.0629599800600258,0.0054301860105908,0.0203645151463634,0.0504944655827906,,,0.0028544109557186,0.0081436392087116,0.0118669311059007,0.0038168308158817,0.0090584232823631,0.0137120364655419,0.0947281941771507,1.0008171796798706,0.0208089636145731,0.0237863818127673,0.0,0.0,,,,,,,0.0026539961185972,0.0003759822266777,,,,,0.0082825503537692,0.0039790759746819,,,,,,,,,,,,,,,,,,,,,,,,,,,,,,,,,,,,,,,,,,,,,,,,,,,,,,,,,,,220.0,,,,,0.0026645617414485,0.0098149717486765,0.0598100681003655,0.0039498851912678,0.0200671968561901,0.0611423262994955,0.0041002576547466,0.0110922000851776,0.047637397562184,0.0058695847271658,0.022848236008208,0.0490628772453539,0.0040897174954925,0.0149300345411106,0.0047513589028744,0.0541589598949965,0.0032409726791437,0.0128459354405496,0.1031186580657959,0.226273425063233,0.0638507366180419,0.0023897785557346,0.0026764757265144,0.0011497156924345,0.0012126859719779,0.0004816601897643,0.0003909564019492,0.0014834802061551,0.0007885587644627,0.0005089406422844,0.0030057222144667,0.0004379348756651,0.0002733537377628,0.0015104801712211,0.0018681193635257,0.0012949163699048,0.0065277103746337,0.9339506030082704,,,,,,,,,,,,,,,,,,,,,,,,,,,,,,,,,,,,,LRA-PINN,primitive_scaled_space_time_rel_l2,0.0208089636145731,True,success
2d_euler,lra_pinn,LRA-PINN,31415,LRA-PINN,,,,,,,,,,,,,,,,,,,,,,,,,,,,,,,,,,,,,1.0,0.0282842712474619,0.7,0.062302891165018,0.9987159967422484,0.0538271604938271,0.0922839506172839,0.6563705801963806,2.0,1.0,18.20283508300781,0.0546263456344604,,,,3000,7000,10000,2026-07-01 22:48:22,AdamW,False,847.4435105323792,83588,,,,,,,,analytical_rotated_sod_riemann_solution,True,Analytical rotated Sod Riemann solution,pointwise_analytic_on_fixed_evaluation_grids,,41,0.2,primitive_scaled_space_time_rel_l2,2026-07-21 00:37:38,,,,,,,,,,,,,,,,,,0.9,500.0,918.5893812249852,10000.0,91858.93812249854,10000.0,1.0,,,,,,,,,,,,,,,,,,,,,,,,,,,,,,,,,,,,0.0031853400022028,0.0083681066121932,0.0120336629788299,0.0049213717623863,0.010295679617013,0.0151965769226127,0.1201721057295799,1.0068436861038208,0.0030340720206481,0.0167341737153605,0.0588747246104513,0.004932562143346,0.0191335766453126,0.0474423142632466,,,0.0027829583646134,0.0076297436829565,0.0111180812804759,0.0041186141019126,0.0082312047939993,0.0124598483392153,0.0988230854272842,1.005410075187683,0.0199845762269235,0.0225938992732055,0.0,0.0,,,,,,,0.0025797917744206,0.0001920288018953,,,,,0.0070251705744562,0.0021358436652901,,,,,,,,,,,,,,,,,,,,,,,,,,,,,,,,,,,,,,,,,,,,,,,,,,,,,,,,,,,220.0,,,,,0.0027954274258328,0.0108237088475036,0.0659570684301772,0.0034869831874136,0.0194294829927034,0.0591992891425651,0.0037799800789883,0.0118869104531697,0.0510504205383396,0.0053218422415581,0.0219795239842613,0.0471974592158328,0.0040486580586942,0.0138178819212524,0.0044832445567204,0.0583445228891277,0.0035683484581517,0.0121613401851209,0.1496345996856689,0.2077590303031011,0.1084288120269775,0.0018935410316905,0.0047793970907932,0.0012163496296546,0.0022413533627451,0.0008152764292262,0.0004325173801402,0.0068497845628275,0.0005902637571659,0.0002920462406703,0.0036332892646245,0.000354623070044,0.0002134591301151,0.0013330829763018,0.0025111401282587,0.0010995954030975,0.017543988016458,0.9339506030082704,,,,,,,,,,,,,,,,,,,,,,,,,,,,,,,,,,,,,LRA-PINN,primitive_scaled_space_time_rel_l2,0.0199845762269235,True,success
2d_euler,rad_pinn,RAD-PINN,7,RAD-PINN,,,,,,,,,,,,,,,,,,,,,,,,,,,,,,,,,,,,,1.0,0.0282842712474619,0.7,0.0774125903844833,0.9999998807907104,0.0680864197530864,0.1085493827160493,0.6314141750335693,2.0,0.9999999403953552,12.359620094299316,0.0564449913799762,,,,3000,7000,10000,2026-07-01 06:28:59,AdamW,False,880.587030172348,83588,,,,,,,,analytical_rotated_sod_riemann_solution,True,Analytical rotated Sod Riemann solution,pointwise_analytic_on_fixed_evaluation_grids,,41,0.2,primitive_scaled_space_time_rel_l2,2026-07-21 00:37:38,,,,,,,,,,,,,,,,,,,,,,,,,,,1.0,1.0,3.0,500.0,14.0,,,,,,,,,,,,,,,,,,,,,,,,,,,,,0.007380271304923,0.0201013823022713,0.0289065700575186,0.0092976887709041,0.0199250149181016,0.0294096196803549,0.1261754781007766,1.010385036468506,0.0181253549571621,0.0628644462977751,0.2211717785726524,0.0206098281918084,0.0664160992461625,0.1646808388721901,,,0.0057559360372737,0.0146770574289207,0.0213874442227293,0.0067794739222889,0.0149960749605136,0.0227000572052005,0.0993866473436355,1.0161763429641724,0.0653692477452595,0.0677610117980855,0.0,0.0,,,,,,,0.0012180139622412,0.0031200674550499,,,,,0.0084946407104601,0.0145718237590851,,,,,,,,,,,,,,,,,,,,,,,,,,,,,,,,,,,,,,,,,,,,,,,,,,,,,,,,,,,220.0,,,,,0.0108734619993952,0.0367600086394111,0.2240066172772893,0.0209197578923431,0.0727835876935878,0.2217628052338834,0.0123191175788082,0.038340106514545,0.1646583078726176,0.0235435593039409,0.0765947621073016,0.1644748158920279,0.0074606475486781,0.025359197158938,0.0190883269235859,0.1615016249496842,0.0053311592835965,0.019207061299214,0.3723912239074707,0.1414643601981207,0.0704512357711791,0.0011879712275031,0.0006615970763837,0.0011247682773861,0.0010104590367368,0.0004528935682623,0.0003573152390184,0.0017437890291489,0.0002687627453206,0.0002093322383205,0.0017034733700289,0.0001896525444118,0.0001132281424787,0.0009690955165836,0.0015264938175085,0.0011442234164184,0.0068357678289919,0.9339506030082704,,,,,,,,,,,,,,,,,,,,,,,,,,,,,,,,,,,,,RAD-PINN,primitive_scaled_space_time_rel_l2,0.0653692477452595,True,success
2d_euler,rad_pinn,RAD-PINN,42,RAD-PINN,,,,,,,,,,,,,,,,,,,,,,,,,,,,,,,,,,,,,1.0,0.0282842712474619,0.7,0.0785922855138778,0.9999997615814208,0.0702469135802469,0.1014197530864197,0.6547402739524841,2.0,0.9999999403953552,13.342242240905762,0.0552500188350677,,,,3000,7000,10000,2026-07-01 06:43:39,AdamW,False,876.17080950737,83588,,,,,,,,analytical_rotated_sod_riemann_solution,True,Analytical rotated Sod Riemann solution,pointwise_analytic_on_fixed_evaluation_grids,,41,0.2,primitive_scaled_space_time_rel_l2,2026-07-21 00:37:38,,,,,,,,,,,,,,,,,,,,,,,,,,,1.0,1.0,3.0,500.0,14.0,,,,,,,,,,,,,,,,,,,,,,,,,,,,,0.0061974570312011,0.0179924863714431,0.0258738956348441,0.0072439166001187,0.0171588563818277,0.0253267283569726,0.1266723275184631,1.0127633810043335,0.0136938444642631,0.0396067728799734,0.1393458610912294,0.0156918040028714,0.0401146745728273,0.0994656165405532,,,0.0045568395301451,0.0116810139844769,0.0170216023387388,0.005109461451566,0.0117241914957424,0.0177472984323468,0.0996989831328392,1.0191848278045654,0.0437303100632724,0.0431354680260532,0.0,0.0,,,,,,,0.0016119833293846,0.0048545687029221,,,,,0.0085124480453529,0.014797315127944,,,,,,,,,,,,,,,,,,,,,,,,,,,,,,,,,,,,,,,,,,,,,,,,,,,,,,,,,,,220.0,,,,,0.0081852060307394,0.0234205234027256,0.1427190149428701,0.0157378105755164,0.045932887284426,0.1399519625161798,0.0082110726098951,0.0228521068165727,0.0981423783555139,0.0174155723325139,0.0460300569463923,0.0988420739678194,0.0059177621997489,0.0219912525327495,0.0144834057661307,0.0988462260305407,0.0039679813695474,0.0154472963710899,0.3232889175415039,0.1102136449423833,0.0812781810760497,0.0012000949193634,0.0018553965450926,0.0003559155005185,0.0008457883572797,0.0004631541410674,0.000137500784671,0.0021832755423638,0.0003301317121613,0.000102807639141,0.001738159036647,0.0001342280350579,6.02280938062894e-05,0.0007169266067086,0.0012562234935098,0.0004235819256215,0.0055667777727979,0.9339506030082704,,,,,,,,,,,,,,,,,,,,,,,,,,,,,,,,,,,,,RAD-PINN,primitive_scaled_space_time_rel_l2,0.0437303100632724,True,success
2d_euler,rad_pinn,RAD-PINN,100,RAD-PINN,,,,,,,,,,,,,,,,,,,,,,,,,,,,,,,,,,,,,1.0,0.0282842712474619,0.7,0.0729389414191246,0.9999998807907104,0.0666975308641975,0.0982407407407407,0.6316400170326233,2.0,1.0000001192092896,12.373961448669434,0.0561972446739673,,,,3000,7000,10000,2026-07-01 06:58:06,AdamW,False,864.6143932342529,83588,,,,,,,,analytical_rotated_sod_riemann_solution,True,Analytical rotated Sod Riemann solution,pointwise_analytic_on_fixed_evaluation_grids,,41,0.2,primitive_scaled_space_time_rel_l2,2026-07-21 00:37:38,,,,,,,,,,,,,,,,,,,,,,,,,,,1.0,1.0,3.0,500.0,14.0,,,,,,,,,,,,,,,,,,,,,,,,,,,,,0.0065014477801095,0.0186722526321672,0.0268514259729511,0.0071564646194048,0.0167639519055256,0.0247438434504442,0.1240234524011612,1.0123831033706665,0.0155819313244111,0.0478730120790616,0.1684284178214557,0.0171658503849504,0.0455534742109671,0.1129512939144524,,,0.0050070542688657,0.0128322553109146,0.0186991940341675,0.0054436887517307,0.0122800727957723,0.0185887544362148,0.0999533757567405,1.0180610418319702,0.0510909818129527,0.0477396815555646,0.0,0.0,,,,,,,0.0007652791010362,0.0020496993558828,,,,,0.0074081987965481,0.0124434957739519,,,,,,,,,,,,,,,,,,,,,,,,,,,,,,,,,,,,,,,,,,,,,,,,,,,,,,,,,,,220.0,,,,,0.0089785794432092,0.0275471224718751,0.1678655133402816,0.0178428953556479,0.0551877264784444,0.1681503402918721,0.0094760039936298,0.0259155280575404,0.1112987778466685,0.0192343886314143,0.0522804580714001,0.1122637955843289,0.005641523236381,0.021363004045004,0.0159238283853948,0.1114273154613407,0.0043098160828878,0.016045453618229,0.3761322498321533,0.1371210889426275,0.0894872903823852,0.000801885442087,0.000745962648473,0.0006944525021637,0.0003411550013704,0.000544689114574,0.0003547310788506,0.0028105632732973,0.0004669719878217,0.0002604776478833,0.0027018340542852,0.0002518521699412,0.0001838770595387,0.0015422087946259,0.0018647510425038,0.0016159385653094,0.0056895405694244,0.9339506030082704,,,,,,,,,,,,,,,,,,,,,,,,,,,,,,,,,,,,,RAD-PINN,primitive_scaled_space_time_rel_l2,0.0510909818129527,True,success
2d_euler,rad_pinn,RAD-PINN,2026,RAD-PINN,,,,,,,,,,,,,,,,,,,,,,,,,,,,,,,,,,,,,1.0,0.0282842712474619,0.7,0.0757235363125801,0.9999998807907104,0.0697222222222222,0.1012345679012345,0.6165634393692017,2.0,1.0000001192092896,12.115596771240234,0.0555443651974201,,,,3000,7000,10000,2026-07-01 06:14:15,AdamW,False,881.1050069332123,83588,,,,,,,,analytical_rotated_sod_riemann_solution,True,Analytical rotated Sod Riemann solution,pointwise_analytic_on_fixed_evaluation_grids,,41,0.2,primitive_scaled_space_time_rel_l2,2026-07-21 00:37:38,,,,,,,,,,,,,,,,,,,,,,,,,,,1.0,1.0,3.0,500.0,14.0,,,,,,,,,,,,,,,,,,,,,,,,,,,,,0.0068502767927202,0.0188780474494701,0.0271473669293683,0.008171162911237,0.0178536599299429,0.0263522687737109,0.1251022666692733,1.0131081342697144,0.0174981884583672,0.0482639485278331,0.1698038233928994,0.0187705898283293,0.048838548302338,0.1210967400226189,,,0.0055348051663294,0.0132523098094563,0.019311298483685,0.0069096640320739,0.0139526686265161,0.0211206183498749,0.0984671413898468,1.017641544342041,0.0515611757379656,0.0520127336223461,0.0,0.0,,,,,,,0.0013454613748713,0.003582255687395,,,,,0.0098666198939735,0.0195994542743539,,,,,,,,,,,,,,,,,,,,,,,,,,,,,,,,,,,,,,,,,,,,,,,,,,,,,,,,,,,220.0,,,,,0.0107889803450625,0.0276550159995108,0.1685229904477783,0.020119908287854,0.0555297023157356,0.1691922993846166,0.0134472151373082,0.0295646803325378,0.1269707019333332,0.0219925105599487,0.0568506277620074,0.1220774929936235,0.0066164541705104,0.0228470232003057,0.0176309080599666,0.1216244363223767,0.0055415164496341,0.0183486378970802,0.3456171751022339,0.1154706554022833,0.0773254394531249,0.0007264627341726,0.0010660609863743,0.0009022395770729,0.0006703607392028,0.0005915875230886,0.0004925576572039,0.0017987826002878,0.0005148285086846,0.0003389849237026,0.0021086701013135,0.0002137633433457,0.0001212909112422,0.0008887692614436,0.0028208798418114,0.0023767425574931,0.0108310584806651,0.9339506030082704,,,,,,,,,,,,,,,,,,,,,,,,,,,,,,,,,,,,,RAD-PINN,primitive_scaled_space_time_rel_l2,0.0515611757379656,True,success
2d_euler,rad_pinn,RAD-PINN,31415,RAD-PINN,,,,,,,,,,,,,,,,,,,,,,,,,,,,,,,,,,,,,1.0,0.0282842712474619,0.7,0.060421135276556,1.0,0.0521296296296296,0.0825,0.6177211403846741,2.0,1.0000001192092896,12.101106643676758,0.0562988929450511,,,,3000,7000,10000,2026-07-01 07:12:25,AdamW,False,855.3438918590546,83588,,,,,,,,analytical_rotated_sod_riemann_solution,True,Analytical rotated Sod Riemann solution,pointwise_analytic_on_fixed_evaluation_grids,,41,0.2,primitive_scaled_space_time_rel_l2,2026-07-21 00:37:38,,,,,,,,,,,,,,,,,,,,,,,,,,,1.0,1.0,3.0,500.0,14.0,,,,,,,,,,,,,,,,,,,,,,,,,,,,,0.0092820619237943,0.0238842792901255,0.0343465231490743,0.0136542598433814,0.0292344401807618,0.0431504704422178,0.1219100579619407,1.0125752687454224,0.034042510978099,0.1146971531624656,0.4035313258308339,0.0477179385170752,0.142967397804993,0.3544922280761727,,,0.00953747191013,0.0246957172794595,0.0359866600245068,0.0138942399358722,0.0323457567640213,0.0489628473331955,0.1031078174710273,1.0205494165420532,0.1152032113303827,0.1429638075639276,0.0,0.0,,,,,,,0.0068028733879003,0.0099392952560393,,,,,0.0206959721354835,0.0383177327974038,,,,,,,,,,,,,,,,,,,,,,,,,,,,,,,,,,,,,,,,,,,,,,,,,,,,,,,,,,,220.0,,,,,0.0199328594957889,0.0660064281020082,0.4022272361991568,0.0393770824423114,0.1323044437254161,0.4031156681775062,0.0286487464813362,0.0833865532592254,0.3581181693844573,0.0556024488632677,0.1654657629839503,0.3553108614019027,0.0105895484462636,0.0372070829988597,0.0446749350145888,0.3543229529099403,0.0112944600619517,0.0420500373630155,0.2774256467819214,0.2287291364279791,0.0945619106292724,0.0093510426962977,0.0145342229932144,0.0050527001532723,0.0082589315684687,0.0010193561289934,0.0004621451554378,0.0061042854714025,0.0015739396446374,0.0008915655835134,0.0064943952936183,0.0009136100664601,0.0005180486785215,0.0033747191024538,0.0039542608576133,0.0025670507890106,0.0158305146492248,0.9339506030082704,,,,,,,,,,,,,,,,,,,,,,,,,,,,,,,,,,,,,RAD-PINN,primitive_scaled_space_time_rel_l2,0.1152032113303827,True,success
2d_euler,rar_d_pinn,RAR-D-PINN,7,RAR-D-PINN,,,,,,,,,,,,,,,,,,,,,,,,,,,,,,,,,,,,,1.0,0.0282842712474619,0.7,0.0850794687867164,1.0,0.0789506172839506,0.113395061728395,0.6438954472541809,2.0,0.9999999403953552,9.962322235107422,0.0587399862706661,,,,3000,7000,10000,2026-07-01 07:57:24,AdamW,False,868.5659658908844,83588,,,,,,,,analytical_rotated_sod_riemann_solution,True,Analytical rotated Sod Riemann solution,pointwise_analytic_on_fixed_evaluation_grids,,41,0.2,primitive_scaled_space_time_rel_l2,2026-07-21 00:37:38,,,,,,,,,,,,,,,,,,,,,,,,,,,,,,,,2.0,0.0,0.5,10000.0,20000.0,500.0,3.0,14.0,,,,,,,,,,,,,,,,,,,,,0.0103982459954675,0.0284763977971024,0.040950168278462,0.0137221025458089,0.0305395347405661,0.0450768095093909,0.121214672923088,1.0152026414871216,0.0299922875765493,0.097784553733017,0.344028857959255,0.0369130761997101,0.1131342368156148,0.2805199527739044,,,0.0086670210496066,0.0215086386237495,0.0313424411602995,0.010957589860086,0.0249222794829455,0.0377256829828144,0.0996831655502319,1.0198568105697632,0.1007791954883107,0.1146527090448355,0.0,0.0,,,,,,,0.0022485309258853,0.0021056049556447,,,,,0.0076885688963476,0.0136655504194185,,,,,,,,,,,,,,,,,,,,,,,,,,,,,,,,,,,,,,,,,,,,,,,,,,,,,,,,,,,220.0,,,,,0.0181847872036928,0.0576314779131789,0.3511923118043319,0.0350220757252175,0.1134777227626468,0.3457529221744383,0.0212410350067708,0.065991869743107,0.2834136519972354,0.0425384089923037,0.1309503097379212,0.2811945293984461,0.0106980496960677,0.0389285748676722,0.0340676470185324,0.2807872096091635,0.008656859090581,0.0323584258680115,0.4864881038665771,0.1938914136496587,0.0949333667755126,0.0051947998033195,0.0072503464507615,0.0033132663767443,0.0042116343314863,0.0003792852174766,0.0002611757925192,0.0021482175987883,0.0005253977840865,0.0003048445947019,0.0029064065545455,0.0003653544479411,0.0002268407795167,0.0021319574043452,0.0013267619332434,0.0009751321308695,0.0059301535083145,0.9339506030082704,,,,,,,,,,,,,,,,,,,,,,,,,,,,,,,,,,,,,RAR-D-PINN,primitive_scaled_space_time_rel_l2,0.1007791954883107,True,success
2d_euler,rar_d_pinn,RAR-D-PINN,42,RAR-D-PINN,,,,,,,,,,,,,,,,,,,,,,,,,,,,,,,,,,,,,1.0,0.0282842712474619,0.7,0.0747814550995826,0.9999998807907104,0.067253086419753,0.1016049382716049,0.630600094795227,2.0,0.9999999403953552,10.136756896972656,0.0567697621881961,,,,3000,7000,10000,2026-07-01 08:11:58,AdamW,False,870.5461137294769,83588,,,,,,,,analytical_rotated_sod_riemann_solution,True,Analytical rotated Sod Riemann solution,pointwise_analytic_on_fixed_evaluation_grids,,41,0.2,primitive_scaled_space_time_rel_l2,2026-07-21 00:37:38,,,,,,,,,,,,,,,,,,,,,,,,,,,,,,,,2.0,0.0,0.5,10000.0,20000.0,500.0,3.0,14.0,,,,,,,,,,,,,,,,,,,,,0.0088220414004496,0.0243182462320218,0.0349705845006738,0.0106868655205888,0.0231511106083108,0.0341713851139802,0.1253001242876052,1.0157408714294434,0.0238206055134422,0.0744263313233306,0.2618491856819414,0.0280925548461398,0.0825039721651666,0.2045712334909897,,,0.0075216001044095,0.017654008521511,0.0257254646845904,0.0090350072886657,0.0186189882842441,0.0281841815453837,0.1012296006083488,1.0234549045562744,0.0777745654210902,0.0842367937904551,0.0,0.0,,,,,,,0.0011809634026904,0.0004241583821433,,,,,0.0049738022799019,0.007660249060038,,,,,,,,,,,,,,,,,,,,,,,,,,,,,,,,,,,,,,,,,,,,,,,,,,,,,,,,,,,220.0,,,,,0.0145842344039317,0.0439453167768553,0.267792150239276,0.0276741007591103,0.0863831580655846,0.2631990544109121,0.0165498021286323,0.0489035341195409,0.2100247993327723,0.0322177738930377,0.0958082288225161,0.205732616212701,0.0083697133704196,0.0294347091624662,0.0258238710208814,0.2045472060508955,0.0072359646724588,0.0240986295075793,0.3963007926940918,0.149460680922608,0.0916052818298339,0.0040873331418795,0.0049261752110075,0.0022717322324185,0.0026907813060552,0.0002600049772961,7.806685001360893e-05,0.0009395829945577,0.0002841216702873,0.0001503963386201,0.0014264734186227,0.0002014295907172,0.000138169768227,0.0009368693387157,0.0008792087009884,0.000446416821136,0.0039804275891447,0.9339506030082704,,,,,,,,,,,,,,,,,,,,,,,,,,,,,,,,,,,,,RAR-D-PINN,primitive_scaled_space_time_rel_l2,0.0777745654210902,True,success
2d_euler,rar_d_pinn,RAR-D-PINN,100,RAR-D-PINN,,,,,,,,,,,,,,,,,,,,,,,,,,,,,,,,,,,,,1.0,0.0282842712474619,0.7,0.0626714155077934,1.0,0.0561419753086419,0.0902469135802469,0.632515013217926,2.0,0.9999999403953552,10.263110160827637,0.0583803430199623,,,,3000,7000,10000,2026-07-01 08:26:31,AdamW,False,869.8553669452667,83588,,,,,,,,analytical_rotated_sod_riemann_solution,True,Analytical rotated Sod Riemann solution,pointwise_analytic_on_fixed_evaluation_grids,,41,0.2,primitive_scaled_space_time_rel_l2,2026-07-21 00:37:38,,,,,,,,,,,,,,,,,,,,,,,,,,,,,,,,2.0,0.0,0.5,10000.0,20000.0,500.0,3.0,14.0,,,,,,,,,,,,,,,,,,,,,0.0121551531682331,0.0304078678704982,0.0437276974130782,0.0172416268934692,0.0364871751065153,0.0538556155417608,0.1172633245587349,1.012739896774292,0.041621399915443,0.1265653308504186,0.4452863419368732,0.0586310069167159,0.1571549392084867,0.3896706900210943,,,0.0109482880944997,0.0259560107762311,0.0378231628110503,0.0162361368111869,0.0336566536702339,0.0509471955602816,0.1055989861488342,1.0199896097183228,0.1275011934344834,0.1571732605989929,0.0,0.0,,,,,,,0.0089816024232782,0.0138384608818281,,,,,0.0181437393795195,0.0357727717093038,,,,,,,,,,,,,,,,,,,,,,,,,,,,,,,,,,,,,,,,,,,,,,,,,,,,,,,,,,,220.0,,,,,0.0241876347075871,0.0722382446926356,0.4402024218867433,0.0480927722548122,0.1456988710678764,0.4439268713084988,0.0331745542402595,0.0904326447674342,0.3883788444406714,0.0673388069922594,0.1812707107777594,0.3892494207374378,0.0135469911029592,0.0466521747501462,0.0550815753505507,0.3924631439337561,0.0134301927374181,0.0441885447525436,0.3846924304962158,0.2559307889548345,0.0958890676498412,0.0094206392391142,0.0154261126359342,0.0052419268972433,0.0080826342168645,0.001189049638352,0.0003503841328393,0.004545134582578,0.0012778853249879,0.0005750568144319,0.0048290676919266,0.0006625651147729,0.0003176423282419,0.002551416329546,0.002746554819142,0.0009754126626851,0.0113420776680896,0.9339506030082704,,,,,,,,,,,,,,,,,,,,,,,,,,,,,,,,,,,,,RAR-D-PINN,primitive_scaled_space_time_rel_l2,0.1275011934344834,True,success
2d_euler,rar_d_pinn,RAR-D-PINN,2026,RAR-D-PINN,,,,,,,,,,,,,,,,,,,,,,,,,,,,,,,,,,,,,1.0,0.0282842712474619,0.7,0.0836943686008453,0.9999996423721312,0.0786111111111111,0.1133641975308642,0.6195322275161743,2.0,1.0,9.55775260925293,0.0593122728168964,,,,3000,7000,10000,2026-07-01 07:41:36,AdamW,False,853.1135621070862,83588,,,,,,,,analytical_rotated_sod_riemann_solution,True,Analytical rotated Sod Riemann solution,pointwise_analytic_on_fixed_evaluation_grids,,41,0.2,primitive_scaled_space_time_rel_l2,2026-07-21 00:37:38,,,,,,,,,,,,,,,,,,,,,,,,,,,,,,,,2.0,0.0,0.5,10000.0,20000.0,500.0,3.0,14.0,,,,,,,,,,,,,,,,,,,,,0.0110591748588215,0.0290864976565512,0.0418275156202539,0.0152993942402425,0.03259732171165,0.0481141338201389,0.1181412935256958,1.0137468576431274,0.0353312878378759,0.1100280851401544,0.3871044559610233,0.045362070439587,0.1292412503263629,0.3204578071011285,,,0.0097938512395684,0.0233538493019798,0.0340312867038258,0.0134391016132335,0.0280442661725922,0.0424515380239143,0.1017105504870414,1.0186738967895508,0.1113198129243577,0.1294564447247063,0.0,0.0,,,,,,,0.0048146108585224,0.0060540631570368,,,,,0.0090800041562843,0.0169022440211905,,,,,,,,,,,,,,,,,,,,,,,,,,,,,,,,,,,,,,,,,,,,,,,,,,,,,,,,,,,220.0,,,,,0.020134865176583,0.0619701845825754,0.3776313427061893,0.0403918826661074,0.126228197869263,0.3846020805810269,0.0269223007468072,0.0731534926571566,0.3141704969267561,0.0522798044052461,0.1484406056521748,0.3187521001937437,0.0119622004102468,0.0416553640622469,0.0423413759242028,0.3197528412651659,0.0108320817790329,0.0366162715780176,0.4628671407699585,0.2505103425589605,0.1019110441207885,0.0066960824292386,0.0092551441581073,0.0038338843450735,0.0055482131714631,0.0004012763044133,0.000105432586648,0.0037325478566957,0.0006694006584904,0.0002685557509975,0.0046545058301702,0.0003590149604533,0.0001160663042127,0.0024292360360444,0.0012565875147164,0.0007072894157153,0.0048351096476756,0.9339506030082704,,,,,,,,,,,,,,,,,,,,,,,,,,,,,,,,,,,,,RAR-D-PINN,primitive_scaled_space_time_rel_l2,0.1113198129243577,True,success
2d_euler,rar_d_pinn,RAR-D-PINN,31415,RAR-D-PINN,,,,,,,,,,,,,,,,,,,,,,,,,,,,,,,,,,,,,1.0,0.0282842712474619,0.7,0.077085755765438,1.0,0.0711111111111111,0.1027777777777777,0.6336550712585449,2.0,1.0,10.346229553222656,0.0573366060853004,,,,3000,7000,10000,2026-07-01 08:40:57,AdamW,False,862.6850249767303,83588,,,,,,,,analytical_rotated_sod_riemann_solution,True,Analytical rotated Sod Riemann solution,pointwise_analytic_on_fixed_evaluation_grids,,41,0.2,primitive_scaled_space_time_rel_l2,2026-07-21 00:37:38,,,,,,,,,,,,,,,,,,,,,,,,,,,,,,,,2.0,0.0,0.5,10000.0,20000.0,500.0,3.0,14.0,,,,,,,,,,,,,,,,,,,,,0.0093012032454543,0.0250390817188937,0.0360071739843161,0.0119933673672219,0.0254146052820895,0.037512337066988,0.1249325945973396,1.0140608549118042,0.0259156462508229,0.0836788055909323,0.294401547318436,0.0310820716597018,0.0939122950240388,0.2328585343088319,,,0.0077289921709753,0.0189663736454324,0.0276378463744253,0.0096843238640403,0.0209108630341811,0.0316534685466634,0.1002903059124946,1.0229814052581787,0.0865548455371311,0.0956352079232813,0.0,0.0,,,,,,,0.0028416709242829,0.0019077586216601,,,,,0.0041709941711027,0.0069765701876789,,,,,,,,,,,,,,,,,,,,,,,,,,,,,,,,,,,,,,,,,,,,,,,,,,,,,,,,,,,220.0,,,,,0.0159566508863285,0.0493432361404626,0.3006857675623381,0.0302493795034145,0.0970899308441434,0.2958212985406031,0.018437170780578,0.0557945198509974,0.239619345443006,0.0360256419273283,0.1091722442036986,0.2344296694957829,0.0093674585804353,0.0323812336501881,0.0289445562175404,0.2330613264922237,0.0076049193751259,0.0270640265162733,0.3889775276184082,0.1878742055502935,0.0955044984817504,0.0047153825472955,0.0059317005892777,0.0037135182403884,0.0041493472570674,0.0005854423534516,0.0002144540147527,0.0068362901038044,0.0005985844339686,0.0003184305483315,0.0035809244728167,0.0004603879206811,0.0002531736599711,0.0021541736484822,0.0011923896606707,0.0007722384950101,0.0076381820976713,0.9339506030082704,,,,,,,,,,,,,,,,,,,,,,,,,,,,,,,,,,,,,RAR-D-PINN,primitive_scaled_space_time_rel_l2,0.0865548455371311,True,success
2d_euler,sa_pinn,SA-PINN,7,SA-PINN,,,,,,,,,,,,,,,,,,,,,,,,,,,,,,,,,,,,,1.0,0.0282842712474619,0.7,0.0626089796423912,0.9999943971633912,0.0572839506172839,0.0819135802469135,0.6621294021606445,2.0,1.0000001192092896,13.456246376037598,0.0537426061928272,,,,3000,7000,10000,2026-07-01 09:41:27,AdamW,False,990.7987942695618,83588,,,,,,,,analytical_rotated_sod_riemann_solution,True,Analytical rotated Sod Riemann solution,pointwise_analytic_on_fixed_evaluation_grids,,41,0.2,primitive_scaled_space_time_rel_l2,2026-07-21 00:37:38,,,,,,,,,,,,,,,,,,,,,,,,,,,,,,,,,,,,,,,,Adam,0.005,100.0,100.0,99.92906951904295,95.68009948730467,100.0,100.0,100.0,,,,,,,,,,,,0.0048307724194584,0.0140737634288398,0.0202386195342762,0.0059287323587528,0.012750029742989,0.018819234374267,0.1244423985481262,1.0032050609588623,0.0151214488186994,0.0528420185637495,0.1859105411308972,0.0164608280042138,0.0566020631397296,0.1403466229656045,,,0.0047092156039814,0.0127398126166935,0.0185644863125396,0.0051318695733826,0.0127540690500284,0.0193062583240653,0.0990666225552558,1.0057404041290283,0.0541098105891528,0.0569300980920048,0.0,0.0,,,,,,,0.0004262968454836,4.928990255263679e-05,,,,,0.0013178865970561,0.0020163235606184,,,,,,,,,,,,,,,,,,,,,,,,,,,,,,,,,,,,,,,,,,,,,,,,,,,,,,,,,,,220.0,,,,,0.0091254287645276,0.0305141343904156,0.1859457676137016,0.0175244542908969,0.0609609251340031,0.1857405796521389,0.0103498572706545,0.0332671741522193,0.1428717106336168,0.0192993588478994,0.0655967234672978,0.1408583135265796,0.0045185561804821,0.0159711180522477,0.0151220839801821,0.1374638496012571,0.0038913126585607,0.0161524190837372,0.2178457975387573,0.1254365520087286,0.0615845680236816,0.0007356104828358,0.0006506920686176,0.0005824213442509,0.000774464513099,0.0003072627679974,0.0001673719572029,0.0032882837240635,0.0003501656974538,0.0001362346722386,0.0028767886529646,0.0002178348489325,0.0001137833294811,0.0015944024511356,0.0005094643231609,0.0002382767443942,0.0016653507250312,0.9339506030082704,,,,,,,,,,,,,,,,,,,,,,,,,,,,,,,,,,,,,SA-PINN,primitive_scaled_space_time_rel_l2,0.0541098105891528,True,success
2d_euler,sa_pinn,SA-PINN,42,SA-PINN,,,,,,,,,,,,,,,,,,,,,,,,,,,,,,,,,,,,,1.0,0.0282842712474619,0.7,0.0684535205364227,0.9999982118606568,0.061574074074074,0.0985185185185185,0.6687023043632507,2.0,1.0,13.999247550964355,0.0541581697762012,,,,3000,7000,10000,2026-07-01 09:57:26,AdamW,False,954.828633069992,83588,,,,,,,,analytical_rotated_sod_riemann_solution,True,Analytical rotated Sod Riemann solution,pointwise_analytic_on_fixed_evaluation_grids,,41,0.2,primitive_scaled_space_time_rel_l2,2026-07-21 00:37:38,,,,,,,,,,,,,,,,,,,,,,,,,,,,,,,,,,,,,,,,Adam,0.005,100.0,99.84933471679688,89.99197387695312,99.24896240234376,100.0,100.0,100.0,,,,,,,,,,,,0.0044829516995889,0.0130117879579795,0.0187114574771513,0.0057245730654896,0.0129054519062826,0.0190486398091513,0.1236218065023422,1.004452347755432,0.0146573813589214,0.0527795851429256,0.1856908858004328,0.0155861889514458,0.0558643182413241,0.1385173609324219,,,0.004391831761921,0.0126159748682682,0.0183840296406254,0.0045204420959196,0.0122165386581692,0.0184925806999625,0.0996211841702461,1.0073797702789309,0.0540100197410108,0.0559683739659706,0.0,0.0,,,,,,,0.0002315858493107,0.0002224464148039,,,,,0.0025963079118198,0.0003618107807652,,,,,,,,,,,,,,,,,,,,,,,,,,,,,,,,,,,,,,,,,,,,,,,,,,,,,,,,,,,220.0,,,,,0.0087284550368878,0.0310932868761167,0.1894749830304397,0.0167678728091085,0.0611014063992,0.1861686091082305,0.0089559328747228,0.0322990218703895,0.1387138109567176,0.0176053837721974,0.0643999948629555,0.1382885331466081,0.0044203156579004,0.0162989303569988,0.0135750772355274,0.1369046485891576,0.0033942180357285,0.0156464526827077,0.241707444190979,0.1061601714697881,0.0613839387893676,0.0022525759908283,0.0032140522196239,0.0011726541639463,0.0016908015274871,0.0002025192801247,7.192231554237292e-05,0.0016864938561189,0.0003173358888415,6.384860484034798e-05,0.0015198276072992,0.0002535674653333,4.746238001851997e-05,0.0012042189836906,0.0005465599917643,0.0001446464939391,0.0033447732658012,0.9339506030082704,,,,,,,,,,,,,,,,,,,,,,,,,,,,,,,,,,,,,SA-PINN,primitive_scaled_space_time_rel_l2,0.0540100197410108,True,success
2d_euler,sa_pinn,SA-PINN,100,SA-PINN,,,,,,,,,,,,,,,,,,,,,,,,,,,,,,,,,,,,,1.0,0.0282842712474619,0.7,0.0716710686683654,1.0,0.0660185185185185,0.095,0.6316638588905334,2.0,1.0000001192092896,13.16423225402832,0.056222815066576,,,,3000,7000,10000,2026-07-01 10:11:45,AdamW,False,855.57759308815,83588,,,,,,,,analytical_rotated_sod_riemann_solution,True,Analytical rotated Sod Riemann solution,pointwise_analytic_on_fixed_evaluation_grids,,41,0.2,primitive_scaled_space_time_rel_l2,2026-07-21 00:37:38,,,,,,,,,,,,,,,,,,,,,,,,,,,,,,,,,,,,,,,,Adam,0.005,100.0,100.0,97.55479431152344,100.0,100.0,100.0,100.0,,,,,,,,,,,,0.0057174333479817,0.0181833147798272,0.0261483143127723,0.0066811575986362,0.017043469446706,0.0251564155169592,0.1232076585292816,1.003959894180298,0.0143977848004683,0.0441904602042669,0.1554723417593777,0.0147450478341914,0.0415002721766857,0.1029012500440653,,,0.0050442514519667,0.0133784227153866,0.0194950705207172,0.0051377642063961,0.0116106158496615,0.017575375201105,0.1000409722328186,1.0042181015014648,0.048118655723218,0.0444640401958744,0.0,0.0,,,,,,,0.0021482596574726,0.0028680564066887,,,,,0.0098979279685628,0.0081355536227253,,,,,,,,,,,,,,,,,,,,,,,,,,,,,,,,,,,,,,,,,,,,,,,,,,,,,,,,,,,220.0,,,,,0.0085247004344419,0.0260238457196956,0.1585830325938808,0.0162929516764033,0.0510599838071908,0.155573606675573,0.0088008903240326,0.0242797130877769,0.104273483725178,0.0165453632224854,0.047807016398524,0.1026578058885939,0.0050114663521538,0.0211919306705693,0.0127802205605104,0.1014772654321601,0.0039871340220094,0.0149837251913151,0.4075950384140014,0.1415294484702154,0.0664869904518127,0.0009247907046239,0.0013579301487812,0.0008857952661871,2.302917329033427e-05,0.0004604109363331,0.0001814529427465,0.0046060848658103,0.0005270424345836,0.0001784602971703,0.0044238926469161,0.0002886437202122,8.775608202484485e-05,0.0020126119632251,0.000842741332584,0.0004915178829168,0.0046969246060019,0.9339506030082704,,,,,,,,,,,,,,,,,,,,,,,,,,,,,,,,,,,,,SA-PINN,primitive_scaled_space_time_rel_l2,0.048118655723218,True,success
2d_euler,sa_pinn,SA-PINN,2026,SA-PINN,,,,,,,,,,,,,,,,,,,,,,,,,,,,,,,,,,,,,1.0,0.0282842712474619,0.7,0.0610915496945381,0.9999974966049194,0.0571296296296296,0.0799074074074074,0.6127909421920776,2.0,1.0000001192092896,13.713976860046388,0.0538498051464557,,,,3000,7000,10000,2026-07-01 09:24:53,AdamW,False,983.478018283844,83588,,,,,,,,analytical_rotated_sod_riemann_solution,True,Analytical rotated Sod Riemann solution,pointwise_analytic_on_fixed_evaluation_grids,,41,0.2,primitive_scaled_space_time_rel_l2,2026-07-21 00:37:38,,,,,,,,,,,,,,,,,,,,,,,,,,,,,,,,,,,,,,,,Adam,0.005,100.0,100.0,95.49262237548828,100.0,100.0,100.0,100.0,,,,,,,,,,,,0.0066719611635679,0.0205670745021077,0.0295762535647215,0.0077157294120636,0.0170006375922765,0.025093195059953,0.1247062683105468,1.00526762008667,0.0173073633650334,0.0525010514932583,0.1847109394823274,0.0177558733736518,0.0459538733583208,0.1139440963858161,,,0.0061282984710462,0.0177558370150511,0.0258738494160953,0.0066788953498457,0.0144300673972733,0.021843272740068,0.098483882844448,1.0057964324951172,0.0572267546707657,0.0490844763141462,0.0,0.0,,,,,,,0.0047900165616505,0.0054812293393124,,,,,0.0179729277549562,0.0183068056294214,,,,,,,,,,,,,,,,,,,,,,,,,,,,,,,,,,,,,,,,,,,,,,,,,,,,,,,,,,,220.0,,,,,0.0105191951286704,0.0306445612331297,0.1867405573028207,0.020104841149249,0.0606987929068819,0.1849418944008249,0.0106088880337639,0.0271082345604858,0.1164210649871372,0.0205575008739611,0.0532155560939511,0.1142717667675885,0.0060982600311042,0.0213056038871642,0.0161232199882268,0.1118995431961587,0.005261623115882,0.0186968910426932,0.194211721420288,0.1356674508658453,0.0592494964599609,0.0105650688721541,0.0097539173431704,0.0061814407241666,0.0060674826834998,0.0003956976770018,4.018474982015179e-05,0.0033198284031965,0.0009345089033201,0.0002017501587827,0.0078632392323167,0.00056132642223,0.000233012876896,0.0043668544215424,0.0019575031760286,0.000596585207173,0.0152427524470173,0.9339506030082704,,,,,,,,,,,,,,,,,,,,,,,,,,,,,,,,,,,,,SA-PINN,primitive_scaled_space_time_rel_l2,0.0572267546707657,True,success
2d_euler,sa_pinn,SA-PINN,31415,SA-PINN,,,,,,,,,,,,,,,,,,,,,,,,,,,,,,,,,,,,,1.0,0.0282842712474619,0.7,0.0666068196296691,0.9999998807907104,0.0608333333333333,0.0939506172839506,0.6543344259262085,2.0,0.9999999403953552,13.912971496582031,0.0542030930519104,,,,3000,7000,10000,2026-07-01 10:25:55,AdamW,False,847.0572247505188,83588,,,,,,,,analytical_rotated_sod_riemann_solution,True,Analytical rotated Sod Riemann solution,pointwise_analytic_on_fixed_evaluation_grids,,41,0.2,primitive_scaled_space_time_rel_l2,2026-07-21 00:37:38,,,,,,,,,,,,,,,,,,,,,,,,,,,,,,,,,,,,,,,,Adam,0.005,100.0,56.00285720825195,75.0644760131836,96.7609634399414,100.0,100.0,100.0,,,,,,,,,,,,0.0048599348628726,0.0151988618858345,0.0218565549020865,0.005759259860102,0.0132692356908965,0.0195855901098337,0.1234987154603004,1.0033923387527466,0.0135853251267059,0.0442641485634592,0.1557315945870486,0.0147494045139637,0.0456226977270285,0.1131229358329642,,,0.0043713341104826,0.0119817455837171,0.0174598291656018,0.0047496934763697,0.010647427536309,0.0161173650304402,0.0993119701743125,1.005302667617798,0.046830493240026,0.0467102478785751,0.0,0.0,,,,,,,0.0019755772034043,0.0018426632246389,,,,,0.0102324650583717,0.0092996127891135,,,,,,,,,,,,,,,,,,,,,,,,,,,,,,,,,,,,,,,,,,,,,,,,,,,,,,,,,,,220.0,,,,,0.0087861270184429,0.0261375323557308,0.1592758115052706,0.015910807145151,0.051282534823768,0.1562516927566218,0.0093584928984149,0.0268640292473732,0.1153722824644449,0.0172844924344459,0.0527919468158828,0.1133621346190763,0.004452719414206,0.0166849118940933,0.0135366805691928,0.1075539207520592,0.0036188659918817,0.0132541769437046,0.3135652542114258,0.1274015979376836,0.0647608399391174,0.0019345735925854,0.0005942828716736,0.0006775149581257,0.0004767650884905,0.000535290185972,0.0001304645132915,0.007043437185789,0.0003704922864398,0.0002267743208429,0.001230313788951,0.0002761334274235,0.000183214958035,0.0010566433681215,0.0018266241976835,0.0005907593942319,0.0227005838230162,0.9339506030082704,,,,,,,,,,,,,,,,,,,,,,,,,,,,,,,,,,,,,SA-PINN,primitive_scaled_space_time_rel_l2,0.046830493240026,True,success
2d_euler,xpinn,XPINN,7,XPINN,,,,,,,,,,,,,,,,,,,,,,,,,,,,,,,,,,,,,1.0,0.0282842712474619,0.7,0.025437431409955,0.9448933005332948,0.0208641975308641,0.0279938271604938,0.5609643459320068,2.0,1.0000001192092896,13.721841812133787,0.0527031980454921,,,,3000,7000,10000,2026-07-05 06:19:53,AdamW,False,9272.784239530563,334356,,,,,,,,analytical_rotated_sod_riemann_solution,True,Analytical rotated Sod Riemann solution,pointwise_analytic_on_fixed_evaluation_grids,,41,0.2,primitive_scaled_space_time_rel_l2,2026-07-21 00:37:38,,,,,,,,,,,,,,,,,,,,,,,,,,,,,,,,,,,,,,,,,,,,,,,,,4.0,2.0,0.0,0.1,512.0,2048.0,1.0,20.0,True,0.0018984423950314,9.58233795245178e-05,0.0062416603957787,0.0149591032506448,0.0215117726537422,0.0103998877159382,0.0197696895294984,0.0291803570863594,0.1090394854545593,1.008661150932312,0.0166741800057964,0.0565993710639969,0.1991297832326691,0.0206085615938376,0.0552031769973366,0.1368780401064679,,,0.0064065937822778,0.0150433075690994,0.0219211448287652,0.0082997529982535,0.015435822797338,0.0233657181250119,0.0976337790489196,1.0168652534484863,0.0583057593337872,0.0579997800126352,0.0,0.0,,,,,,,0.0028205869405755,0.0052944733120964,,,,,0.0029993524648672,0.0044425560460889,,,,,,,,,,,,,,,,,,,,,,,,,,,,,,,,,,,,,,,,,,,,,,,,,,,,,,,,,,,220.0,,,,,0.0096395670499591,0.0327940640975725,0.1998391087807293,0.0191335721649172,0.0653727504710833,0.1991828788566204,0.0116724879538742,0.0319132875047941,0.1370572071102163,0.0235771353403573,0.0637215877721144,0.1368317640635,0.0085626618432338,0.0251584115067753,0.0200287690259223,0.1438444503932142,0.0069767758388418,0.0209741462427417,0.058204174041748,0.1855129079428716,0.0824398159980773,0.0035661614719383,0.0033932154667584,0.0017876376460201,0.0012410296077182,0.0012149102725374,0.0012254236972888,0.0033383411512191,0.0006795213066404,0.0004011838656573,0.0038245777464236,0.0004644878115839,0.0003408493548469,0.0026715629685896,0.00330392687708,0.0026074647541226,0.0098632033294479,0.9339506030082704,,,,,,,,,,,,,,,,,,,,,,,,,,,,,,,,,,,,,XPINN,primitive_scaled_space_time_rel_l2,0.0583057593337872,True,success
2d_euler,xpinn,XPINN,42,XPINN,,,,,,,,,,,,,,,,,,,,,,,,,,,,,,,,,,,,,1.0,0.0282842712474619,0.7,0.0249531250447034,0.9320917129516602,0.0213888888888888,0.028179012345679,0.5691758394241333,2.0,0.9999999403953552,13.241579055786133,0.0526514835655689,,,,3000,7000,10000,2026-07-05 08:50:24,AdamW,False,9024.180269002914,334356,,,,,,,,analytical_rotated_sod_riemann_solution,True,Analytical rotated Sod Riemann solution,pointwise_analytic_on_fixed_evaluation_grids,,41,0.2,primitive_scaled_space_time_rel_l2,2026-07-21 00:37:38,,,,,,,,,,,,,,,,,,,,,,,,,,,,,,,,,,,,,,,,,,,,,,,,,4.0,2.0,0.0,0.1,512.0,2048.0,1.0,20.0,True,0.0017697265138849,0.0001052058505592,0.0067284812295086,0.0156762466751032,0.0225430528079461,0.0117147635657728,0.0213407768120808,0.0314993053860375,0.112438753247261,1.0060151815414429,0.0169327354259575,0.0559262863075234,0.1967617141334166,0.0213006330591465,0.0527782178768699,0.1308652765337517,,,0.0065766646901031,0.0155117243933909,0.0226037229784413,0.0087269056955461,0.0159251194483188,0.024106382732039,0.0958850309252739,1.010082483291626,0.0579805348022717,0.056685228925736,0.0,0.0,,,,,,,0.0048960141182272,0.009452135146674,,,,,0.0109553704861874,0.0194637232159483,,,,,,,,,,,,,,,,,,,,,,,,,,,,,,,,,,,,,,,,,,,,,,,,,,,,,,,,,,,220.0,,,,,0.0100227187536397,0.0323385652877816,0.1970634090099269,0.0195258789578534,0.0645738413525905,0.1967486992172526,0.0132091554579871,0.0307687581885434,0.1321418253427465,0.0248305731564237,0.0610457223248556,0.1310857774623123,0.0097170366880793,0.0278326570104619,0.020580596415532,0.1327491649096684,0.0073413803308292,0.0214975813549307,0.0530338883399963,0.2038544492331548,0.0752501845359802,0.0019471029353519,0.0003056688597829,0.0011494866405101,7.929346581436736e-05,0.0010943800416388,0.0002482873758787,0.0074101940773253,0.0004411635792325,0.000256514145305,0.0018813556064997,0.0002305606482213,0.0002143637641621,0.0009678703871899,0.0037175268181958,0.0009272370750858,0.01616888648959,0.9339506030082704,,,,,,,,,,,,,,,,,,,,,,,,,,,,,,,,,,,,,XPINN,primitive_scaled_space_time_rel_l2,0.0579805348022717,True,success
2d_euler,xpinn,XPINN,100,XPINN,,,,,,,,,,,,,,,,,,,,,,,,,,,,,,,,,,,,,1.0,0.0282842712474619,0.7,0.0249957777559757,0.9223962426185608,0.0212345679012345,0.0283024691358024,0.5675058960914612,2.0,0.9999999403953552,13.617631912231444,0.0522913485765457,,,,3000,7000,10000,2026-07-05 11:13:32,AdamW,False,8581.72440123558,334356,,,,,,,,analytical_rotated_sod_riemann_solution,True,Analytical rotated Sod Riemann solution,pointwise_analytic_on_fixed_evaluation_grids,,41,0.2,primitive_scaled_space_time_rel_l2,2026-07-21 00:37:38,,,,,,,,,,,,,,,,,,,,,,,,,,,,,,,,,,,,,,,,,,,,,,,,,4.0,2.0,0.0,0.1,512.0,2048.0,1.0,20.0,True,0.0020950231701135,8.436368079856038e-05,0.0064373334636087,0.0152073790653253,0.0218688029376665,0.0110530693989266,0.0208488490246391,0.0307732126228287,0.1058045849204063,1.0078418254852295,0.0145205103261489,0.0457924640878671,0.1611085649202057,0.0185778089315503,0.0468355761443743,0.1161303065982688,,,0.0057917818041393,0.0139569847195663,0.0203381524977218,0.0073315102750878,0.0142821624050749,0.0216193840363452,0.0992028191685676,1.0137228965759275,0.04851789855328,0.0510224738811401,0.0,0.0,,,,,,,0.0077430966136949,0.0143623389956991,,,,,0.008395886147236,0.0146231887160253,,,,,,,,,,,,,,,,,,,,,,,,,,,,,,,,,,,,,,,,,,,,,,,,,,,,,,,,,,,220.0,,,,,0.0086846137533144,0.0265664209832185,0.1618893552499043,0.0167689255952627,0.0529013621887499,0.1611840643121309,0.0112524837825101,0.0272094649925652,0.1168558168218796,0.021615453018915,0.0541298755268328,0.1162351193030928,0.0088064481892514,0.0267998191528488,0.017871365795415,0.1168231997454291,0.0059982674196451,0.018802448802554,0.0613747835159301,0.1607323960867925,0.0714313745498657,0.0035686935566665,0.0039988892802342,0.0010790834010184,0.0009742701728138,0.002995185745753,0.0023147533118576,0.00770853716028,0.0015923672003938,0.0018568091719345,0.0059726277975526,0.0007296675059838,0.0006803727694492,0.002070499878774,0.0039241331099209,0.0033542426895346,0.0124077551848395,0.9339506030082704,,,,,,,,,,,,,,,,,,,,,,,,,,,,,,,,,,,,,XPINN,primitive_scaled_space_time_rel_l2,0.04851789855328,True,success
2d_euler,xpinn,XPINN,2026,XPINN,,,,,,,,,,,,,,,,,,,,,,,,,,,,,,,,,,,,,1.0,0.0282842712474619,0.7,0.0251462124288082,0.9222903847694396,0.0209259259259259,0.0281481481481481,0.5626048445701599,2.0,1.0000001192092896,13.25508975982666,0.0524518936872482,,,,3000,7000,10000,2026-07-05 03:45:11,AdamW,False,10914.114323616028,334356,,,,,,,,analytical_rotated_sod_riemann_solution,True,Analytical rotated Sod Riemann solution,pointwise_analytic_on_fixed_evaluation_grids,,41,0.2,primitive_scaled_space_time_rel_l2,2026-07-21 00:37:38,,,,,,,,,,,,,,,,,,,,,,,,,,,,,,,,,,,,,,,,,,,,,,,,,4.0,2.0,0.0,0.1,512.0,2048.0,1.0,20.0,True,0.002258337335661,8.565602183807641e-05,0.0064526900775555,0.0151248895535859,0.0217501798094533,0.0105710286382805,0.0197952158049478,0.0292180342502616,0.1134892627596855,1.0069267749786377,0.0175337845633485,0.0579318123533392,0.2038176223398736,0.021861611550712,0.054233465744328,0.1344736100899236,,,0.0065181979950623,0.0153629974779953,0.0223869977511369,0.0083655211829765,0.0153305651655189,0.0232063861484868,0.0981205105781555,1.0105726718902588,0.0597347464067093,0.0570412681328664,0.0,0.0,,,,,,,0.0037782255193004,0.0064545182668683,,,,,0.0056243899818633,0.0088555921595707,,,,,,,,,,,,,,,,,,,,,,,,,,,,,,,,,,,,,,,,,,,,,,,,,,,,,,,,,,,220.0,,,,,0.0104374591319091,0.0338500911862895,0.2062742828911905,0.0202552243528654,0.0670598725734615,0.204323336232404,0.0121669058682447,0.0310733728892421,0.1334500465692878,0.0247203457711789,0.0624448692836394,0.1340902183943107,0.0087166420351387,0.0254848215240081,0.0210351169432335,0.1385726738602394,0.007087421855332,0.0207294403318701,0.0513660311698913,0.1857627706137701,0.0733244776725768,0.0030838617121102,0.002480268270208,0.0015711173951086,0.000702848467262,0.0011670614742213,0.000259834062622,0.0055494690858426,0.0012122500443763,0.0007782627224626,0.0050045529711932,0.000566255358132,0.0003100444916178,0.0023908460341186,0.0038139647099972,0.0009999209010896,0.0155019800431675,0.9339506030082704,,,,,,,,,,,,,,,,,,,,,,,,,,,,,,,,,,,,,XPINN,primitive_scaled_space_time_rel_l2,0.0597347464067093,True,success
2d_euler,xpinn,XPINN,31415,XPINN,,,,,,,,,,,,,,,,,,,,,,,,,,,,,,,,,,,,,1.0,0.0282842712474619,0.7,0.0222640875726938,0.8719174861907959,0.019074074074074,0.0279320987654321,0.5862508416175842,2.0,1.0000001192092896,13.20641040802002,0.0522734485566616,,,,3000,7000,10000,2026-07-05 13:46:53,AdamW,False,9194.808485984802,334356,,,,,,,,analytical_rotated_sod_riemann_solution,True,Analytical rotated Sod Riemann solution,pointwise_analytic_on_fixed_evaluation_grids,,41,0.2,primitive_scaled_space_time_rel_l2,2026-07-21 00:37:38,,,,,,,,,,,,,,,,,,,,,,,,,,,,,,,,,,,,,,,,,,,,,,,,,4.0,2.0,0.0,0.1,512.0,2048.0,1.0,20.0,True,0.0019373982213437,9.326959843747318e-05,0.0063198173157273,0.0152223494926865,0.0218903309948319,0.011152309684566,0.0219263996375764,0.0323636934251306,0.1059014350175857,1.0074012279510498,0.0145942668784506,0.0479533723052323,0.1687111438326654,0.0177703614866594,0.0481461804480018,0.1193799918191809,,,0.0055955345585294,0.0141000931549666,0.0205466904621434,0.0070769296382405,0.0148677565717064,0.0225058173941784,0.1005267277359962,1.012113332748413,0.0505059018210398,0.0526937921175873,0.0,0.0,,,,,,,0.0033341487705083,0.0063456678617662,,,,,0.010375971051671,0.0173035848792579,,,,,,,,,,,,,,,,,,,,,,,,,,,,,,,,,,,,,,,,,,,,,,,,,,,,,,,,,,,220.0,,,,,0.0088016799163664,0.0279501235029638,0.1703213043227858,0.0169327879226675,0.0554688102162259,0.169006768508333,0.0105975419183157,0.0279703067004669,0.1201233849006086,0.020519933839074,0.0556478242916923,0.1194946678252755,0.0089026272056032,0.0279627481717683,0.016522491273454,0.1189795765590031,0.0057278412720531,0.0196505750460431,0.0577744245529174,0.1799916104880377,0.0770401120185851,0.003624148282561,0.0045424479329461,0.0025459728693056,0.0036258511713095,0.0012161008807872,0.0005144119401728,0.0039026698800885,0.0005172650960115,0.0002524216900785,0.0053209176619285,0.0003073397280416,0.0001533502478921,0.0032298202216321,0.0038913049148738,0.0018017416559362,0.01717166401419,0.9339506030082704,,,,,,,,,,,,,,,,,,,,,,,,,,,,,,,,,,,,,XPINN,primitive_scaled_space_time_rel_l2,0.0505059018210398,True,success
2d_euler,cpinn,cPINN,7,cPINN,,,,,,,,,,,,,,,,,,,,,,,,,,,,,,,,,,,,,1.0,0.0282842712474619,0.7,0.0595183111727237,0.9999853372573853,0.0533333333333333,0.0795061728395061,0.6477330923080444,2.0,1.0,13.569899559020996,0.0541280731558799,,,,3000,7000,10000,2026-07-04 03:04:37,AdamW,False,3777.31063747406,334356,,,,,,,,analytical_rotated_sod_riemann_solution,True,Analytical rotated Sod Riemann solution,pointwise_analytic_on_fixed_evaluation_grids,,41,0.2,primitive_scaled_space_time_rel_l2,2026-07-21 00:37:38,4.0,2.0,0.0,0.0,1000.0,4000.0,20.0,20.0,True,1.1901132893399335e-05,3.237880446249619e-05,,,,,,,,,,,,,,,,,,,,,,,,,,,,,,,,,,,,,,,,,,,,,,,,,0.0043535874478818,0.0123025083922293,0.0176914858578161,0.0060741868114201,0.0131017955136646,0.0193384459068385,0.1246379390358924,1.0071556568145752,0.0162720155153229,0.0614784679347735,0.2162955835584425,0.0173555986701427,0.0647290557975814,0.1604977607709537,,,0.0047466744403324,0.0137911306668208,0.0200964695637013,0.0053316658190747,0.0144059295715848,0.0218067345108726,0.0988523140549659,1.007718205451965,0.0618417921581478,0.0645318052594632,0.0,0.0,,,,,,,0.0006339049228881,0.0017030052130061,,,,,0.0016833971001991,0.0024850950777478,,,,,,,,,,,,,,,,,,,,,,,,,,,,,,,,,,,,,,,,,,,,,,,,,,,,,,,,,,,220.0,,,,,0.0095996919294715,0.0355635327662301,0.2167155821843914,0.0187146543755103,0.0709667090689911,0.2162269953991679,0.0106296019013168,0.0374541014914263,0.1608532039974362,0.0200017376576782,0.0746987696454433,0.1604034799087664,0.0049176757002735,0.0177112569140647,0.0173084196527572,0.1793803450000483,0.0045437734517999,0.0207971448764428,0.170890212059021,0.1396149472800298,0.0658793807029723,0.0051576791406244,0.0065447312415815,0.0031475974495256,0.004210914531337,0.0003241807719571,0.0002208615569809,0.001278424410355,0.0003836324591227,0.0001907305433352,0.0033359833008993,0.0002509405538903,0.000155682863887,0.0021689037280981,0.0004598181737338,0.0002964082440954,0.0017944107832586,0.9339506030082704,,,,,,,,,,,,,,,,,,,,,,,,,,,,,,,,,,,,,cPINN,primitive_scaled_space_time_rel_l2,0.0618417921581478,True,success
2d_euler,cpinn,cPINN,42,cPINN,,,,,,,,,,,,,,,,,,,,,,,,,,,,,,,,,,,,,1.0,0.0282842712474619,0.7,0.0588847436010837,0.9999659061431884,0.0530555555555555,0.0796296296296296,0.6611196398735046,2.0,1.0,13.833535194396973,0.05348976328969,,,,3000,7000,10000,2026-07-04 04:06:52,AdamW,False,3726.7064051628113,334356,,,,,,,,analytical_rotated_sod_riemann_solution,True,Analytical rotated Sod Riemann solution,pointwise_analytic_on_fixed_evaluation_grids,,41,0.2,primitive_scaled_space_time_rel_l2,2026-07-21 00:37:38,4.0,2.0,0.0,0.0,1000.0,4000.0,20.0,20.0,True,1.3445929653244091e-05,4.137808718951419e-05,,,,,,,,,,,,,,,,,,,,,,,,,,,,,,,,,,,,,,,,,,,,,,,,,0.0042833290522988,0.0119196959835619,0.0171409867158352,0.0059109555878266,0.0129703846503072,0.0191444815093666,0.1241577640175819,1.00716233253479,0.0162567064209561,0.0605472684247364,0.2130194065781298,0.0180973723635739,0.0662658453039019,0.1643082794244632,,,0.0046674824621371,0.013517333190344,0.0196974912068453,0.0055191054061418,0.0147091552299613,0.0222657372705518,0.09890728443861,1.0074478387832642,0.0608260504841755,0.0660127351534567,0.0,0.0,,,,,,,0.0009351996923723,0.0022752549077335,,,,,0.0031263369664199,0.0065012191425532,,,,,,,,,,,,,,,,,,,,,,,,,,,,,,,,,,,,,,,,,,,,,,,,,,,,,,,,,,,220.0,,,,,0.0098080896785053,0.0349559855516573,0.2130133361455597,0.01881003633252,0.0698559861226691,0.2128427566687143,0.0107856057129416,0.0384475665991683,0.1651198140421745,0.0208380969095858,0.0765331684510011,0.1643425535153141,0.0043069217209486,0.017076001277637,0.0168583423238929,0.1754226204403756,0.0043874962316592,0.0202661175737816,0.1465733051300048,0.1604138688651128,0.0583522677421569,0.0054976710025561,0.0071872082654502,0.0022231230037932,0.002342143990153,0.0002790611342015,0.0001015108303728,0.0015337038575589,0.0003976829422603,0.0001115628638771,0.0017370597627709,0.0001673079302609,8.806400792625417e-05,0.0009605622072404,0.0004531922917459,0.000179425046509,0.0027959579900823,0.9339506030082704,,,,,,,,,,,,,,,,,,,,,,,,,,,,,,,,,,,,,cPINN,primitive_scaled_space_time_rel_l2,0.0608260504841755,True,success
2d_euler,cpinn,cPINN,100,cPINN,,,,,,,,,,,,,,,,,,,,,,,,,,,,,,,,,,,,,1.0,0.0282842712474619,0.7,0.0593012683093547,0.9999442100524902,0.0531172839506172,0.0808024691358024,0.6537382006645203,2.0,1.0,13.441446304321287,0.0539101921021938,,,,3000,7000,10000,2026-07-04 05:09:04,AdamW,False,3724.300347328186,334356,,,,,,,,analytical_rotated_sod_riemann_solution,True,Analytical rotated Sod Riemann solution,pointwise_analytic_on_fixed_evaluation_grids,,41,0.2,primitive_scaled_space_time_rel_l2,2026-07-21 00:37:38,4.0,2.0,0.0,0.0,1000.0,4000.0,20.0,20.0,True,1.2746837455779314e-05,3.347777601447888e-05,,,,,,,,,,,,,,,,,,,,,,,,,,,,,,,,,,,,,,,,,,,,,,,,,0.0041830394826842,0.0119078677387844,0.0171239772395127,0.006038465899552,0.0132305778998534,0.0195285306327425,0.1247772797942161,1.0046513080596924,0.0165921836530115,0.0619433435918049,0.2179311245030608,0.0194507020030124,0.0700929210240191,0.1737976358782405,,,0.0047652653777428,0.0137362262834872,0.020016462761124,0.005702018624164,0.0152282800265252,0.0230515537331706,0.0990270525217056,1.0066992044448853,0.0620637388967005,0.0693775741361987,0.0,0.0,,,,,,,0.0008484498778777,0.0018309996856048,,,,,0.0026813763240167,0.0065955648807129,,,,,,,,,,,,,,,,,,,,,,,,,,,,,,,,,,,,,,,,,,,,,,,,,,,,,,,,,,,220.0,,,,,0.0097202961951317,0.0355329762706885,0.2165293782781501,0.0190509275126356,0.0713347626065429,0.2173484100964947,0.0110630396143767,0.0399368416236377,0.171515766682344,0.0219627680036102,0.0805557800686134,0.1729804588630069,0.004516133444086,0.017084103250809,0.0176328217622989,0.1846414376924816,0.0043246569826419,0.0209041600769492,0.1416091918945312,0.1304732637015386,0.0540323019027709,0.0052710836407332,0.0069868071285146,0.0029943655355526,0.0040852229068145,0.0004451597229127,0.0003251825151599,0.0013101040192308,0.0005891560377945,0.0002496054330531,0.0030622692670688,0.0003103296356706,0.0001091224591659,0.0016804836249836,0.0008148991456871,0.0004328678516536,0.0027810968983993,0.9339506030082704,,,,,,,,,,,,,,,,,,,,,,,,,,,,,,,,,,,,,cPINN,primitive_scaled_space_time_rel_l2,0.0620637388967005,True,success
2d_euler,cpinn,cPINN,2026,cPINN,,,,,,,,,,,,,,,,,,,,,,,,,,,,,,,,,,,,,1.0,0.0282842712474619,0.7,0.0596175715327262,0.9999629259109496,0.0530864197530864,0.0809259259259259,0.6212702989578247,2.0,1.0000001192092896,13.75251293182373,0.0542051345109939,,,,3000,7000,10000,2026-07-04 02:01:32,AdamW,False,3807.586848735809,334356,,,,,,,,analytical_rotated_sod_riemann_solution,True,Analytical rotated Sod Riemann solution,pointwise_analytic_on_fixed_evaluation_grids,,41,0.2,primitive_scaled_space_time_rel_l2,2026-07-21 00:37:38,4.0,2.0,0.0,0.0,1000.0,4000.0,20.0,20.0,True,1.6409561794716865e-05,4.9024638428818434e-05,,,,,,,,,,,,,,,,,,,,,,,,,,,,,,,,,,,,,,,,,,,,,,,,,0.0043149448969827,0.0118400068097201,0.0170263905825024,0.0059916096215604,0.0130233441183354,0.0192226504753415,0.1239182204008102,1.006390929222107,0.0166574933015387,0.0612514494091452,0.2154968794571717,0.0184073965491932,0.0677470514475776,0.1679809773554134,,,0.0047707244771745,0.0136378237690686,0.0198730703748302,0.0053622995662774,0.0148125451517543,0.0224222420323193,0.0996008813381195,1.0082626342773438,0.061569351379969,0.0671198004832886,0.0,0.0,,,,,,,0.0004005577839254,0.0011110912298744,,,,,0.0040405297854218,0.0078575108532376,,,,,,,,,,,,,,,,,,,,,,,,,,,,,,,,,,,,,,,,,,,,,,,,,,,,,,,,,,,220.0,,,,,0.0097472853744195,0.0355752013449169,0.2167866876856362,0.0191345694666514,0.0707812279591727,0.2156618568489169,0.0108372159440656,0.0386036311938525,0.1657900607998297,0.0211343444199111,0.0779107085433287,0.1673005972096344,0.0048995101329025,0.0171543975824011,0.0179861605854781,0.1804262604368833,0.0042923327068097,0.0204426657667851,0.1671640872955322,0.185239203414063,0.0607449769973754,0.0043644807316781,0.0053708571557677,0.0033278055642988,0.0042265254608422,0.00027676852952,0.0002014393118466,0.0010783946828653,0.0004181795478738,0.0001873166044256,0.0030305764107143,0.0003239695047132,0.0001426179995696,0.0023713537843355,0.0006151079595648,0.0004052982439804,0.002475053385708,0.9339506030082704,,,,,,,,,,,,,,,,,,,,,,,,,,,,,,,,,,,,,cPINN,primitive_scaled_space_time_rel_l2,0.061569351379969,True,success
2d_euler,cpinn,cPINN,31415,cPINN,,,,,,,,,,,,,,,,,,,,,,,,,,,,,,,,,,,,,1.0,0.0282842712474619,0.7,0.0586383864283561,0.9999951124191284,0.0527469135802469,0.0798148148148148,0.6318141222000122,2.0,1.0,13.51859188079834,0.0546525716781616,,,,3000,7000,10000,2026-07-04 06:11:48,AdamW,False,3756.240767478943,334356,,,,,,,,analytical_rotated_sod_riemann_solution,True,Analytical rotated Sod Riemann solution,pointwise_analytic_on_fixed_evaluation_grids,,41,0.2,primitive_scaled_space_time_rel_l2,2026-07-21 00:37:38,4.0,2.0,0.0,0.0,1000.0,4000.0,20.0,20.0,True,1.6320958820870146e-05,4.512488885666244e-05,,,,,,,,,,,,,,,,,,,,,,,,,,,,,,,,,,,,,,,,,,,,,,,,,0.0044194620655784,0.012132623379272,0.0174471845975879,0.0061583276190018,0.013417441130741,0.0198043435530959,0.1228787675499916,1.004375696182251,0.0168671939976407,0.0604256944614835,0.2125916810311107,0.0188446533407603,0.0668466777530382,0.1657484720291724,,,0.0046936293900742,0.0134580733441482,0.0196111376130614,0.0054427790943937,0.0144783147737895,0.021916306397862,0.0989989787340164,1.0075116157531738,0.0607260743478011,0.0663085272296543,0.0,0.0,,,,,,,0.0004434898941412,0.0002287915716354,,,,,0.0004803676889076,0.0019617009983409,,,,,,,,,,,,,,,,,,,,,,,,,,,,,,,,,,,,,,,,,,,,,,,,,,,,,,,,,,,220.0,,,,,0.0094444712099728,0.0348446250325066,0.2123347320288444,0.0190187788513264,0.0696681053057183,0.2122703065005247,0.0106082963491235,0.0380968461203255,0.1636135834697419,0.0210960965653392,0.0767937614170233,0.1649021346006266,0.0047047135489412,0.0172433467519048,0.0175358009741091,0.1746361916630375,0.0041992502468508,0.0197066748133096,0.1825612783432006,0.1651316957083746,0.0629380702972411,0.0048010812610323,0.0064565300889354,0.002462593567138,0.0028691927946689,0.0003636216446067,0.0001795942059624,0.0029014908227623,0.0006939466942525,0.0002468450939962,0.0060896389205175,0.0003226681818074,0.0001121089945546,0.0029808981020973,0.000789520545292,0.0003297219192684,0.008012636251492,0.9339506030082704,,,,,,,,,,,,,,,,,,,,,,,,,,,,,,,,,,,,,cPINN,primitive_scaled_space_time_rel_l2,0.0607260743478011,True,success
2d_euler,gpinn_subsampled,gPINN-subsampled,7,gPINN-subsampled,,,,,,,,,,,,,,,,,,,,,,,,,,,,,,,,,,,,,1.0,0.0282842712474619,0.7,0.0639714524149894,0.9999988079071044,0.0484567901234567,0.0973765432098765,0.6615745425224304,2.0,0.9999999403953552,8.953034400939941,0.0564429461956024,,,,3000,7000,10000,2026-07-02 11:40:52,AdamW,False,6849.913972377777,83588,,,,,,,,analytical_rotated_sod_riemann_solution,True,Analytical rotated Sod Riemann solution,pointwise_analytic_on_fixed_evaluation_grids,,41,0.2,primitive_scaled_space_time_rel_l2,2026-07-21 00:37:38,,,,,,,,,,,,0.0001,1024.0,512.0,False,386.6858215332031,0.0386685821533203,,,,,,,,,,,,,,,,,,,,,,,,,,,,,,,,,,,,,,,,,,,0.0072719902642079,0.0189215617399465,0.0272099421725652,0.0097873734806488,0.0190743697058633,0.0281540546392409,0.1246407553553581,1.0105247497558594,0.0261254127397841,0.0796648217082612,0.2802794161811137,0.0297141034732527,0.0811325953661511,0.2011708609271828,,,0.0084474025754758,0.0190170751772401,0.0277117287714109,0.0098419943510501,0.0190848670180837,0.0288893976727165,0.1003569588065147,1.0124465227127075,0.0809593931452973,0.0818651252266325,0.0,0.0,,,,,,,0.0018842655609507,0.0039049106678382,,,,,0.0034557916334084,0.0018259964723863,,,,,,,,,,,,,,,,,,,,,,,,,,,,,,,,,,,,,,,,,,,,,,,,,,,,,,,,,,,220.0,,,,,0.0146294906618185,0.0459424729744764,0.2799623379122962,0.0298742043790733,0.0919389909013884,0.2801270063588887,0.0165854804416486,0.0474668190649647,0.2038545746962841,0.0339363866784694,0.0939590800535207,0.201761869454438,0.0076632439944006,0.0242930800446987,0.0275217135814045,0.2002525391567187,0.0079581892646355,0.0247090413135438,0.3099995851516723,0.2117878274527593,0.091309642791748,0.0073754248854901,0.0092475812488406,0.0050336915823117,0.0067311483221702,0.0005700049863811,0.0004157543756191,0.0029876890737756,0.0005410423913342,0.000254117792941,0.0052818352687298,0.0003734113740841,0.000211196790558,0.0034032368652452,0.0012299082240846,0.0010940078670663,0.0045243969597371,0.9339506030082704,,,,,,,,,,,,,,,,,,,,,,,,,,,,,,,,,,,,,gPINN-sub.,primitive_scaled_space_time_rel_l2,0.0809593931452973,True,success
2d_euler,gpinn_subsampled,gPINN-subsampled,42,gPINN-subsampled,,,,,,,,,,,,,,,,,,,,,,,,,,,,,,,,,,,,,1.0,0.0282842712474619,0.7,0.0632577762007713,0.999996781349182,0.0469135802469135,0.0976851851851851,0.6326305866241455,2.0,1.0,9.070399284362791,0.0561623983085155,,,,3000,7000,10000,2026-07-02 13:39:45,AdamW,False,7129.658868074417,83588,,,,,,,,analytical_rotated_sod_riemann_solution,True,Analytical rotated Sod Riemann solution,pointwise_analytic_on_fixed_evaluation_grids,,41,0.2,primitive_scaled_space_time_rel_l2,2026-07-21 00:37:38,,,,,,,,,,,,0.0001,1024.0,512.0,False,228.78670501708984,0.0228786705017089,,,,,,,,,,,,,,,,,,,,,,,,,,,,,,,,,,,,,,,,,,,0.0073343562085643,0.0191320688001517,0.0275126595176671,0.0100897228672923,0.0195285669466819,0.0288244565519746,0.125703677535057,1.008486270904541,0.0265914836356257,0.0809492258374703,0.2847982493593723,0.0304317148375698,0.0841570288107446,0.2086700402289173,,,0.0082419150166561,0.0192664889773553,0.0280751751750362,0.0100737210337981,0.0196629542769185,0.0297644675746542,0.1006969660520553,1.0155750513076782,0.0824343720990898,0.0847546598237976,0.0,0.0,,,,,,,0.0014990985938461,0.0035425131199197,,,,,0.0014574733769478,0.0041481430954655,,,,,,,,,,,,,,,,,,,,,,,,,,,,,,,,,,,,,,,,,,,,,,,,,,,,,,,,,,,220.0,,,,,0.0154124863622495,0.0472000833198368,0.2876259117182901,0.0306453534197959,0.0936791896368247,0.2854291818281642,0.0168061612259476,0.0490432918079219,0.210625013222952,0.0345847235032009,0.0973584999929017,0.2090615718529664,0.0079471509998444,0.024879612229572,0.0276522704792377,0.2077695282172137,0.0079294111141505,0.0254769820926887,0.2940038442611694,0.2081219033804937,0.09064701795578,0.0074260458861161,0.0097157118042049,0.0051087927349527,0.0065066519343063,0.0004762901770425,0.0001650055900176,0.002460431130277,0.0004337888842795,0.0001162342609333,0.0021589997310547,0.0003142711535818,9.396011285050988e-05,0.0014024722742561,0.0005159392815673,0.0002580767740302,0.0017781671217233,0.9339506030082704,,,,,,,,,,,,,,,,,,,,,,,,,,,,,,,,,,,,,gPINN-sub.,primitive_scaled_space_time_rel_l2,0.0824343720990898,True,success
2d_euler,gpinn_subsampled,gPINN-subsampled,100,gPINN-subsampled,,,,,,,,,,,,,,,,,,,,,,,,,,,,,,,,,,,,,1.0,0.0282842712474619,0.7,0.0653845518827438,0.9999995231628418,0.0496604938271604,0.0987654320987654,0.6528716087341309,2.0,1.0,9.133136749267578,0.0572623945772647,,,,3000,7000,10000,2026-07-02 15:42:03,AdamW,False,7334.277628660202,83588,,,,,,,,analytical_rotated_sod_riemann_solution,True,Analytical rotated Sod Riemann solution,pointwise_analytic_on_fixed_evaluation_grids,,41,0.2,primitive_scaled_space_time_rel_l2,2026-07-21 00:37:38,,,,,,,,,,,,0.0001,1024.0,512.0,False,177.24725723266602,0.0177247257232666,,,,,,,,,,,,,,,,,,,,,,,,,,,,,,,,,,,,,,,,,,,0.0074393189565842,0.0196949505281526,0.0283221053487988,0.0100045227621749,0.0197662747965867,0.0291753168895688,0.1250209361314773,1.009737253189087,0.0257445995385397,0.0803531317039675,0.2827010512216674,0.028653250677469,0.079101724652365,0.1961352521428173,,,0.0077919571213713,0.0189278804640081,0.0275817540156773,0.0089340515022867,0.0182472749646953,0.027621506736148,0.1003699153661727,1.0134975910186768,0.0817229583716941,0.0794189811247661,0.0,0.0,,,,,,,0.0019258763461639,0.0041518321522819,,,,,0.0009650312627692,0.0013583189092467,,,,,,,,,,,,,,,,,,,,,,,,,,,,,,,,,,,,,,,,,,,,,,,,,,,,,,,,,,,220.0,,,,,0.0142070737148985,0.0462911423436814,0.2820870448651687,0.0293389415081111,0.092712060726854,0.2824824567917341,0.0154033713130124,0.0447720277851375,0.1922813211885531,0.0323989552365644,0.0908463477114282,0.1950777821252077,0.0077626150278091,0.0251275579510168,0.0262563044375117,0.193259289798599,0.0071370871878363,0.0235945569404739,0.3612265586853027,0.2223399953452154,0.0949534535408019,0.0061220047141753,0.0070973234054082,0.0033751063066128,0.0037015058544326,0.000631247093381,0.0005270823308401,0.0016340010194677,0.0005011751951443,0.0001816955363988,0.0029621460959262,0.0002680625318076,0.0001149861028829,0.0014744337085786,0.000985590034541,0.0006721468708695,0.0028674360325151,0.9339506030082704,,,,,,,,,,,,,,,,,,,,,,,,,,,,,,,,,,,,,gPINN-sub.,primitive_scaled_space_time_rel_l2,0.0817229583716941,True,success
2d_euler,gpinn_subsampled,gPINN-subsampled,2026,gPINN-subsampled,,,,,,,,,,,,,,,,,,,,,,,,,,,,,,,,,,,,,1.0,0.0282842712474619,0.7,0.0631653890013694,0.9999983310699464,0.048395061728395,0.0975,0.6407835483551025,2.0,1.0,8.438470840454102,0.0568261258304119,,,,3000,7000,10000,2026-07-02 09:46:39,AdamW,False,7383.885151147842,83588,,,,,,,,analytical_rotated_sod_riemann_solution,True,Analytical rotated Sod Riemann solution,pointwise_analytic_on_fixed_evaluation_grids,,41,0.2,primitive_scaled_space_time_rel_l2,2026-07-21 00:37:38,,,,,,,,,,,,0.0001,1024.0,512.0,False,310.7087631225586,0.0310708763122558,,,,,,,,,,,,,,,,,,,,,,,,,,,,,,,,,,,,,,,,,,,0.0081077823587435,0.0196832215091985,0.028305238563072,0.011159751055003,0.0202083259511945,0.029827790997604,0.1251708716154098,1.0082942247390747,0.027006183036614,0.0823779789112353,0.2898249357787346,0.0313641704521896,0.0862122795432079,0.2137661000480928,,,0.008147589017368,0.0194306723863186,0.0283144236428237,0.0099753151501571,0.0197866292583067,0.0299516785054983,0.0995597764849662,1.0160598754882812,0.0835775413825975,0.0866830875327431,0.0,0.0,,,,,,,0.0015805548148044,0.0039401833683765,,,,,0.001301356625217,0.0005927974225286,,,,,,,,,,,,,,,,,,,,,,,,,,,,,,,,,,,,,,,,,,,,,,,,,,,,,,,,,,,220.0,,,,,0.0152161872071161,0.0472196433083103,0.2877451055654655,0.0309233695320543,0.0949378043994354,0.2892640290692808,0.0179667728395407,0.0499658752161976,0.214587209384833,0.0360013475800078,0.0996189623357873,0.2139155477313186,0.0091225091387142,0.0258954196618084,0.0290346037919036,0.212897245820101,0.0078460549996492,0.0256689408178501,0.3318504095077514,0.2265657262412115,0.1056936740875243,0.0074080897741135,0.0088730251423214,0.0036816758210422,0.0037996441252583,0.0006675036418943,0.0006740198432532,0.0025081672139952,0.0005416151827856,0.0001817779982316,0.0053401664034384,0.0002507758417758,6.671946343096051e-05,0.0025211497703376,0.0008356643466513,0.000478499800171,0.0041130933720901,0.9339506030082704,,,,,,,,,,,,,,,,,,,,,,,,,,,,,,,,,,,,,gPINN-sub.,primitive_scaled_space_time_rel_l2,0.0835775413825975,True,success
2d_euler,gpinn_subsampled,gPINN-subsampled,31415,gPINN-subsampled,,,,,,,,,,,,,,,,,,,,,,,,,,,,,,,,,,,,,1.0,0.0282842712474619,0.7,0.0673303380608558,0.9999991655349731,0.0535185185185185,0.1004938271604938,0.6525887250900269,2.0,1.0000001192092896,9.242085456848145,0.0570809170603752,,,,3000,7000,10000,2026-07-02 17:38:51,AdamW,False,7004.354888916016,83588,,,,,,,,analytical_rotated_sod_riemann_solution,True,Analytical rotated Sod Riemann solution,pointwise_analytic_on_fixed_evaluation_grids,,41,0.2,primitive_scaled_space_time_rel_l2,2026-07-21 00:37:38,,,,,,,,,,,,0.0001,1024.0,512.0,False,152.88927459716797,0.0152889274597167,,,,,,,,,,,,,,,,,,,,,,,,,,,,,,,,,,,,,,,,,,,0.0075280772578225,0.0198671207430711,0.0285696928183827,0.0105373476491317,0.0205436586823054,0.0303227471182837,0.124609000980854,1.006270408630371,0.0259399559291755,0.0826482535100077,0.2907758248302398,0.0290517759486609,0.0827440472048066,0.2051665072178259,,,0.0082282457805887,0.0195939102126649,0.0285522942052937,0.0098643986764135,0.0196764074053175,0.0297848320223547,0.1005392223596572,1.0163543224334717,0.0841000685313854,0.083670488911252,0.0,0.0,,,,,,,0.0008617158381145,0.0019702939037809,,,,,0.0023959592161459,0.0076215227645632,,,,,,,,,,,,,,,,,,,,,,,,,,,,,,,,,,,,,,,,,,,,,,,,,,,,,,,,,,,220.0,,,,,0.014889979393195,0.0478801734186673,0.2917702165789662,0.0297007606625001,0.0954597706415275,0.2908543971969283,0.0169922681140132,0.0481131495620321,0.2066303543079867,0.033340313714594,0.0956066611569176,0.2052997823768487,0.008201062061535,0.026026026121803,0.026387081342918,0.2024072551966441,0.0077226527688018,0.025364863419931,0.313723087310791,0.2329753713217779,0.1008157491683959,0.0077780851349192,0.0092598386312963,0.0035573814048996,0.0036374723589017,0.0006908268976843,0.0003346985065484,0.0038364603123891,0.0007368100325226,0.000228207725334,0.0055575700425693,0.0003297617848043,8.752526618667776e-05,0.0030583042769218,0.0009357200972966,0.0006264247843536,0.0078465421965172,0.9339506030082704,,,,,,,,,,,,,,,,,,,,,,,,,,,,,,,,,,,,,gPINN-sub.,primitive_scaled_space_time_rel_l2,0.0841000685313854,True,success
2d_shallowwater,aaf_pinn,AAF-PINN,7,AAF-PINN,,,,,,,,,,,,,,,,,,,,,,,,,,,,,,,,,,,,,1.0,0.0282842712474619,0.7,0.0498014539480209,0.9947569370269777,0.0425018559762435,0.0664748824548379,,,,,0.0190193429589271,,,,3000,7000,10000,2026-07-03 00:52:23,AdamW,False,769.1621844768524,83460,5.0,0.3418761789798736,1.7093808948993685,1.0,1e-06,20.0,6.0,finite_volume_1024x1024_order2,False,finite_volume_1024x1024_order2,bilinear_space_linear_time_from_canonical_fv1024,,41,,state_scaled_space_time_rel_l2,,,,,,,,,,,,,,,,,,,,,,,,,,,,,,,,,,,,,,,,,,,,,,,,,,,,,,,,,,,,,,,,,,,,,,,,,,,,,,,,,,,,,,,,,,,,,,,0.0003001935058641,0.0007050898229704,,,,,,,,0.0002146849753751,0.0001671900084271,,0.0001895680799704,,,,,,,,,0.009787594499942,0.0286327366236621,0.0256060868867187,0.011283139882103,0.031430190608795,0.028381042762893,,,,,,,0.985825538635254,2.004646778106689,,,0.0,,,,,,,,,,,,,2026-07-20T09:43:41,,0.0337737329393115,,0.0362960829102316,,,,,,,,,,,,1024.0,,,,,,,,,,,,,,,,,,,,,,,,,,0.0012288125787043,0.002179405370995,0.000321195816692,0.0001285223112964,,,,,,,,,,,,,,True,f0076f3b633a64b4d178a1a0254994ad04a55be7670f3e6c3ee928082680640b,True,False,fd43d8acf50b553c3f7394b9d24dcd01ca67ca52490f5721e780b0ef36d1daf0,0.0110702001250781,0.0029846110718146,0.0002653861462503,0.0114526755184843,0.0003823782308665,0.1860616228880438,0.0001882672593296,0.0002702399604559,0.0772387445219579,0.0002421058822633,0.0085556554411811,0.0261717702947555,0.139113903517413,0.0079120445087535,0.0253757136879742,0.1811046512965706,220x220,90x90x41,be1d9ab7b6ae514ade13e8a56011ebfd287aa920a0e9423a5ef794fc4e3aa883,0.0085416910413252,0.0257672541125334,0.1369637308500277,0.0079046212985831,0.0247730880119204,0.176803755003916,True,fixed_saved_checkpoint_against_canonical_fv1024,0.35,1024.0,2.0,9df6008a0562c9de764fe48c4653a682a99912fe95983f1faff9d4bbf759572c,AAF-PINN,state_scaled_space_time_rel_l2,0.0337737329393115,True,success
2d_shallowwater,aaf_pinn,AAF-PINN,42,AAF-PINN,,,,,,,,,,,,,,,,,,,,,,,,,,,,,,,,,,,,,1.0,0.0282842712474619,0.7,0.0522185638546943,0.9959784746170044,0.0453786191536748,0.0669698094531056,,,,,0.0188888385891914,,,,3000,7000,10000,2026-07-03 01:05:27,AdamW,False,778.3394360542297,83460,5.0,0.3512646555900574,1.7563232779502869,1.0,1e-06,20.0,6.0,finite_volume_1024x1024_order2,False,finite_volume_1024x1024_order2,bilinear_space_linear_time_from_canonical_fv1024,,41,,state_scaled_space_time_rel_l2,,,,,,,,,,,,,,,,,,,,,,,,,,,,,,,,,,,,,,,,,,,,,,,,,,,,,,,,,,,,,,,,,,,,,,,,,,,,,,,,,,,,,,,,,,,,,,,0.0005180689307182,0.0008313295156379,,,,,,,,0.0002971922326481,0.0001959947911276,,0.0002763390433499,,,,,,,,,0.0097466839185616,0.028406988912365,0.0254042020446958,0.0112760321344919,0.0315974427876891,0.0285320692488747,,,,,,,0.9885746240615844,2.007625102996826,,,0.0,,,,,,,,,,,,,2026-07-20T09:43:41,,0.0335072501122248,,0.0366676760837244,,,,,,,,,,,,1024.0,,,,,,,,,,,,,,,,,,,,,,,,,,0.0015435517918521,0.0033960126291648,0.0009854306176852,0.0021509449875225,,,,,,,,,,,,,,True,862fed6e0a5d1c8e1f0d2839763ec4582c43254d61da01616c2bc8c15cc0e21d,True,False,55e1b3ed8bf258085f0d49f23bf0f2e7edee1f556d307e18071f2f07587e08c5,0.0122576610381488,0.0015996717290075,0.0002653861462503,0.0123739403423255,0.0002996849368436,0.0505534688798449,0.0001937644852394,0.000355850030965,0.1182956061217241,0.0001803519079702,0.0085234581046613,0.026752917488325,0.1422029438729236,0.0077784010251486,0.0252085791906799,0.1799118243588025,220x220,90x90x41,65b1da38220c6f36d52d2e0d149d863f1eb020768be6f6e82c5ac250a2497e52,0.0084574391104611,0.0260870414599996,0.1386635343291378,0.0077048009039998,0.024543289112332,0.175163696714717,True,fixed_saved_checkpoint_against_canonical_fv1024,0.35,1024.0,2.0,9df6008a0562c9de764fe48c4653a682a99912fe95983f1faff9d4bbf759572c,AAF-PINN,state_scaled_space_time_rel_l2,0.0335072501122248,True,success
2d_shallowwater,aaf_pinn,AAF-PINN,100,AAF-PINN,,,,,,,,,,,,,,,,,,,,,,,,,,,,,,,,,,,,,1.0,0.0282842712474619,0.7,0.0539320707321167,0.9998229742050172,0.0475129918337045,0.0700321702548874,,,,,0.0189906060695648,,,,3000,7000,10000,2026-07-03 01:19:34,AdamW,False,842.8323888778687,83460,5.0,0.3508795499801636,1.754397749900818,1.0,1e-06,20.0,6.0,finite_volume_1024x1024_order2,False,finite_volume_1024x1024_order2,bilinear_space_linear_time_from_canonical_fv1024,,41,,state_scaled_space_time_rel_l2,,,,,,,,,,,,,,,,,,,,,,,,,,,,,,,,,,,,,,,,,,,,,,,,,,,,,,,,,,,,,,,,,,,,,,,,,,,,,,,,,,,,,,,,,,,,,,,0.0009944070912283,0.0020704785027378,,,,,,,,0.0004332186207629,0.0004164299392216,,0.00026385112149,,,,,,,,,0.009748317610411,0.0282774426648832,0.0252883496023509,0.0113278329912421,0.0316455454902479,0.0285755053474757,,,,,,,0.985823392868042,2.01611852645874,,,0.0,,,,,,,,,,,,,2026-07-20T09:43:41,,0.0333573804049338,,0.0367406256033132,,,,,,,,,,,,1024.0,,,,,,,,,,,,,,,,,,,,,,,,,,0.000275615505955,8.777791632067419e-05,0.0002961173625606,0.0003220033403456,,,,,,,,,,,,,,True,89a6bd61d2e07b10acd1208620bc7cd99c1ad721ef8b19dfc8251736a0b7bef9,True,False,4e9209d2d4bbc474054799993825bf33461e75c262d16a89ca241df3f202fe64,0.0120661350844277,0.0021502147211808,0.0002653861462503,0.0122413705069583,0.0002974435235087,0.1282334045184187,0.0001436480337752,0.0003604409561722,0.0323700048642367,0.0001722677492361,0.0083465130384403,0.0260686541494287,0.1385657980843252,0.0075774659114619,0.0245654323557095,0.1753217314569028,220x220,90x90x41,6dc204ffb947a0de8e2e5999370417f6f179d2a5e5e08eaf7e4a94986c6cd901,0.0086039483558781,0.0269092456200013,0.1430338932654231,0.0078475591333493,0.0249723478861591,0.1782258584562615,True,fixed_saved_checkpoint_against_canonical_fv1024,0.35,1024.0,2.0,9df6008a0562c9de764fe48c4653a682a99912fe95983f1faff9d4bbf759572c,AAF-PINN,state_scaled_space_time_rel_l2,0.0333573804049338,True,success
2d_shallowwater,aaf_pinn,AAF-PINN,2026,AAF-PINN,,,,,,,,,,,,,,,,,,,,,,,,,,,,,,,,,,,,,1.0,0.0282842712474619,0.7,0.0509512834250927,0.9953274726867676,0.0446671615936649,0.0665986142044048,,,,,0.0189529247581958,,,,3000,7000,10000,2026-07-03 00:39:30,AdamW,False,767.8290004730225,83460,5.0,0.3476502299308777,1.7382511496543884,1.0,1e-06,20.0,6.0,finite_volume_1024x1024_order2,False,finite_volume_1024x1024_order2,bilinear_space_linear_time_from_canonical_fv1024,,41,,state_scaled_space_time_rel_l2,,,,,,,,,,,,,,,,,,,,,,,,,,,,,,,,,,,,,,,,,,,,,,,,,,,,,,,,,,,,,,,,,,,,,,,,,,,,,,,,,,,,,,,,,,,,,,,0.0005643734296221,0.0006973448689993,,,,,,,,0.0002042729109088,0.000121717524669,,0.0001292604682631,,,,,,,,,0.0094258469709817,0.0283783745554816,0.025378612394702,0.0108157173280409,0.0312067131276821,0.028179245579193,,,,,,,0.987900972366333,2.0131630897521973,,,0.0,,,,,,,,,,,,,2026-07-20T09:43:41,,0.0334389419293896,,0.0361940906445488,,,,,,,,,,,,1024.0,,,,,,,,,,,,,,,,,,,,,,,,,,0.0013301436656954,0.0022159347554698,0.000482699313606,0.0010319574630928,,,,,,,,,,,,,,True,fde87d659b8a85cd38b2f94059101fb62fdb16d32d95e368e49aef4c529ef58d,True,False,a09025a2119aa97150bd12082f2d033bb1d95079edd6ab5b467a05cb4bf161b8,0.0115681676047529,0.00232244469409,0.0002653861462503,0.0117870493280666,0.0004578791282116,0.0927246036810313,0.0004512681360254,0.0002836808351419,0.0764520451033982,0.0002038530775336,0.0085537196400171,0.0261114569559803,0.1387933129002447,0.0076836454627685,0.0247131468985202,0.1763759595702914,220x220,90x90x41,cb9915c778a02d852103d75259487bf421bea00f5b9c8a2ff85d2d4b8ea5783b,0.0081805558010884,0.026008506975747,0.1382460907041154,0.0076023960576469,0.0248744896451693,0.1775274511984844,True,fixed_saved_checkpoint_against_canonical_fv1024,0.35,1024.0,2.0,9df6008a0562c9de764fe48c4653a682a99912fe95983f1faff9d4bbf759572c,AAF-PINN,state_scaled_space_time_rel_l2,0.0334389419293896,True,success
2d_shallowwater,aaf_pinn,AAF-PINN,31415,AAF-PINN,,,,,,,,,,,,,,,,,,,,,,,,,,,,,,,,,,,,,1.0,0.0282842712474619,0.7,0.0509828180074691,0.9955846667289734,0.043955704033655,0.0657015590200445,,,,,0.0189127847552299,,,,3000,7000,10000,2026-07-03 01:32:06,AdamW,False,746.8570489883423,83460,5.0,0.3482339978218078,1.7411699891090393,1.0,1e-06,20.0,6.0,finite_volume_1024x1024_order2,False,finite_volume_1024x1024_order2,bilinear_space_linear_time_from_canonical_fv1024,,41,,state_scaled_space_time_rel_l2,,,,,,,,,,,,,,,,,,,,,,,,,,,,,,,,,,,,,,,,,,,,,,,,,,,,,,,,,,,,,,,,,,,,,,,,,,,,,,,,,,,,,,,,,,,,,,,0.0006542812338379,0.0010722549574043,,,,,,,,0.0005068561590094,0.0002894381919265,,0.0002574969229562,,,,,,,,,0.0094535805568187,0.0280291751059855,0.0250663253939128,0.0111609447360859,0.0315022790758013,0.0284461376867604,,,,,,,0.9885257482528688,2.0086379051208496,,,0.0,,,,,,,,,,,,,2026-07-20T09:43:41,,0.0330174081438137,,0.0364277706731181,,,,,,,,,,,,1024.0,,,,,,,,,,,,,,,,,,,,,,,,,,0.0001468498613071,0.0003989451741724,0.0005175810147641,0.0009066924799018,,,,,,,,,,,,,,True,855202ca4fcae44f1e9628dde94ccbfea358cc8940a03fd9214f7ce55eedb32b,True,False,99f551f99c31c8ce19f39777e4dd60d1e536c14624ff0afeee42c68606f3aa56,0.0114532520325203,0.0021172065874494,0.0002653861462503,0.0116639148569761,0.0002990887341007,0.1798096007004057,0.0002329113205594,0.0004367101100443,0.0936294882161447,0.0002017365897924,0.0081759771622176,0.0255945679794514,0.1360458318395364,0.0075021140320999,0.0240620011098201,0.1717287787084722,220x220,90x90x41,9fdb358af3cabdf8143c8758c68a78b954d807475ec231d77e2413ac5a5eacaa,0.0082517581530771,0.0266256624431192,0.141526530092675,0.0074277782325403,0.0248744876901863,0.1775274372459109,True,fixed_saved_checkpoint_against_canonical_fv1024,0.35,1024.0,2.0,9df6008a0562c9de764fe48c4653a682a99912fe95983f1faff9d4bbf759572c,AAF-PINN,state_scaled_space_time_rel_l2,0.0330174081438137,True,success
2d_shallowwater,lra_pinn,LRA-PINN,7,LRA-PINN,,,,,,,,,,,,,,,,,,,,,,,,,,,,,,,,,,,,,1.0,0.0282842712474619,0.7,0.0979230031371116,1.0,0.0892105914377629,0.1520044543429844,,,,,0.0140075106173753,,,,3000,7000,10000,2026-07-01 22:02:01,AdamW,False,659.8162617683411,83459,,,,,,,,finite_volume_1024x1024_order2,False,finite_volume_1024x1024_order2,bilinear_space_linear_time_from_canonical_fv1024,,41,,state_scaled_space_time_rel_l2,,,,,,,,,,,,,,,,,,,0.9,500.0,9967.169861773633,9999.999999998874,996716.9861773632,299999.99999996624,1.0,,,,,,,,,,,,,,,,,,,,,,,,,,,,,,,,,,,,,,,,,,,,,,,,,,,,,,,,,,,,,,,,,,,,,,0.2787121269283559,0.4673112655116842,,,,,,,,0.0465811524082939,0.0218285601367261,,0.0334602964829092,,,,,,,,,0.0694946042801369,0.1550708024851272,0.1386789008056577,0.116436024870358,0.2022497433422056,0.1826288197238312,,,,,,,0.526236355304718,1.5721911191940308,,,0.0,,,,,,,,,,,,,2026-07-20T09:43:41,,0.1734220768086732,,0.2248060578873207,,,,,,,,,,,,1024.0,,,,,,,,,,,,,,,,,,,,,,,,,,0.0102601787666552,0.0404041688770747,0.0121978635152064,0.0344723564395479,,,,,,,,,,,,,,True,3a64d98d2c955b5d150add51175c0ffb5447be3a7995177ba9177c3361174e4e,True,False,9ae53bb1c09c72602af7b2020fe4af2db709fdc330f59ae1b0e827b23ef14ea3,0.2906980925578486,0.081813996180491,0.0002653861462503,0.3019751903715976,0.008547633581297,0.4553172730536634,0.0060158985643182,0.0089792986622132,0.5379164586975891,0.0058286220974435,0.0726421194978426,0.1477230201586466,0.7852096263342513,0.042822307007174,0.1162890408050768,0.8299465561276756,220x220,90x90x41,d11bade72faef660553599413cc203dfccf4376bb8a571baec7517cfa4843392,0.0772157282386759,0.1546154276990088,0.8218456546492631,0.0445222338453867,0.1215495185863526,0.8674902093208784,True,fixed_saved_checkpoint_against_canonical_fv1024,0.35,1024.0,2.0,9df6008a0562c9de764fe48c4653a682a99912fe95983f1faff9d4bbf759572c,LRA-PINN,state_scaled_space_time_rel_l2,0.1734220768086732,True,success
2d_shallowwater,lra_pinn,LRA-PINN,42,LRA-PINN,,,,,,,,,,,,,,,,,,,,,,,,,,,,,,,,,,,,,1.0,0.0282842712474619,0.7,0.1257299333810806,1.0,0.1140497401633259,0.1947537738183618,,,,,0.0074492986313998,,,,3000,7000,10000,2026-07-01 22:12:57,AdamW,False,652.9865250587463,83459,,,,,,,,finite_volume_1024x1024_order2,False,finite_volume_1024x1024_order2,bilinear_space_linear_time_from_canonical_fv1024,,41,,state_scaled_space_time_rel_l2,,,,,,,,,,,,,,,,,,,0.9,500.0,9999.99999980624,10000.0,999999.999980624,300000.0,1.0,,,,,,,,,,,,,,,,,,,,,,,,,,,,,,,,,,,,,,,,,,,,,,,,,,,,,,,,,,,,,,,,,,,,,,0.2920993981263945,0.4625845577643538,,,,,,,,0.0557728027405019,0.0221019255922513,,0.0433644808249879,,,,,,,,,0.0708479232354431,0.1680996546426681,0.150330526172983,0.1135327365813856,0.2049783965594587,0.1850927571719959,,,,,,,0.4795176982879638,1.5936018228530884,,,0.0,,,,,,,,,,,,,2026-07-20T09:43:41,,0.1901721889808172,,0.2421953901825591,,,,,,,,,,,,1024.0,,,,,,,,,,,,,,,,,,,,,,,,,,0.0103055780585737,0.0156368218971369,0.0078499928636315,0.0255254425519509,,,,,,,,,,,,,,True,46ce94c9a9e8ee2b321c9baabfd7f7b7d905413917945cf6f4f15a152c3fb078,True,False,a464ade4326c697f16cbd1b41a2351130bbff6b816e2cbec851cf1475cb83fdd,0.2405182926829268,0.195948715929701,0.0002653861462503,0.2651172180565053,0.0134935855441441,0.6380742199489684,0.0072779142467861,0.0092139101126912,0.5690546867261912,0.0047659538719725,0.0898327240960603,0.1781208394328159,0.9467867474086304,0.0491779214163505,0.1329727990120256,0.9490173436349318,220x220,90x90x41,4a1de2868ccffe0382b153aca2370c8a9575782f0a23f85518995755e3298dcc,0.0900680197269182,0.1796455231026267,0.9548910786994768,0.0484196995209482,0.1329054552762934,0.9485367162158668,True,fixed_saved_checkpoint_against_canonical_fv1024,0.35,1024.0,2.0,9df6008a0562c9de764fe48c4653a682a99912fe95983f1faff9d4bbf759572c,LRA-PINN,state_scaled_space_time_rel_l2,0.1901721889808172,True,success
2d_shallowwater,lra_pinn,LRA-PINN,100,LRA-PINN,,,,,,,,,,,,,,,,,,,,,,,,,,,,,,,,,,,,,1.0,0.0282842712474619,0.7,0.1317246854305267,1.0,0.1264847809948032,0.1746782974511259,,,,,0.0082450155168771,,,,3000,7000,10000,2026-07-01 22:24:04,AdamW,False,663.0416736602783,83459,,,,,,,,finite_volume_1024x1024_order2,False,finite_volume_1024x1024_order2,bilinear_space_linear_time_from_canonical_fv1024,,41,,state_scaled_space_time_rel_l2,,,,,,,,,,,,,,,,,,,0.9,500.0,9999.999999993865,10000.0,999999.9999993864,300000.0,1.0,,,,,,,,,,,,,,,,,,,,,,,,,,,,,,,,,,,,,,,,,,,,,,,,,,,,,,,,,,,,,,,,,,,,,,0.3225030432876258,0.540878840443507,,,,,,,,0.0914174518827893,0.0737223603347409,,0.0546947934016925,,,,,,,,,0.0783800752487532,0.1764713301538928,0.1578172660311173,0.1332865076984292,0.2306081337292573,0.2082360678719385,,,,,,,0.6142956018447876,1.5470097064971924,,,0.0,,,,,,,,,,,,,2026-07-20T09:43:41,,0.1951635384498017,,0.2568777557146691,,,,,,,,,,,,1024.0,,,,,,,,,,,,,,,,,,,,,,,,,,0.0051710470246273,0.0067798876598723,0.0036527211003361,0.0152355699546161,,,,,,,,,,,,,,True,9d961b6cc05b71549cd1a3d493ff3f27549150c140564a4978ce40b41715b986,True,False,0ca36e1b128b716496ec2cf3271ad96fdaa595a07d52a597e0849a8d8b685bcf,0.2898553783614759,0.0685901156897083,0.0002653861462503,0.2978417341375507,0.0143771672871107,0.5786850560538,0.0033669170591226,0.0056471159904824,0.5676767295488204,0.0032788146585218,0.0856515689976023,0.1740802813962322,0.9253094917806288,0.0471860916369937,0.1313086217739706,0.9371402298678236,220x220,90x90x41,490b021a6b1033bc7b31a42fdd52eb44d82a60180fd30c60b7f6501b0ddf47ee,0.0872631977418543,0.172799463646483,0.9185014098337336,0.0478637951053317,0.1312239054374861,0.9365356154413365,True,fixed_saved_checkpoint_against_canonical_fv1024,0.35,1024.0,2.0,9df6008a0562c9de764fe48c4653a682a99912fe95983f1faff9d4bbf759572c,LRA-PINN,state_scaled_space_time_rel_l2,0.1951635384498017,True,success
2d_shallowwater,lra_pinn,LRA-PINN,2026,LRA-PINN,,,,,,,,,,,,,,,,,,,,,,,,,,,,,,,,,,,,,1.0,0.0282842712474619,0.7,0.1105654686689376,1.0,0.1020168275179411,0.1654293491709972,,,,,0.0103220036253333,,,,3000,7000,10000,2026-07-01 21:50:58,AdamW,False,695.0075399875641,83459,,,,,,,,finite_volume_1024x1024_order2,False,finite_volume_1024x1024_order2,bilinear_space_linear_time_from_canonical_fv1024,,41,,state_scaled_space_time_rel_l2,,,,,,,,,,,,,,,,,,,0.9,500.0,9999.999996293358,10000.0,999999.9996293358,300000.0,1.0,,,,,,,,,,,,,,,,,,,,,,,,,,,,,,,,,,,,,,,,,,,,,,,,,,,,,,,,,,,,,,,,,,,,,,0.3167179199066692,0.5158463697502776,,,,,,,,0.0937178400310592,0.0735685488164177,,0.0489494798801218,,,,,,,,,0.0767509560336436,0.1708878524809801,0.1528239949965734,0.1268936080440773,0.2208732969679263,0.1994456401633708,,,,,,,0.513770341873169,1.5774235725402832,,,0.0,,,,,,,,,,,,,2026-07-20T09:43:41,,0.1899952209058275,,0.2494220846164477,,,,,,,,,,,,1024.0,,,,,,,,,,,,,,,,,,,,,,,,,,0.0114537035314768,0.0173130170647039,0.013688780186238,0.0279117054514823,,,,,,,,,,,,,,True,d9f222f112133fde484c911f088d36935d99fe76877487b3dcf2b4b58bd9009c,True,False,3ff32a0016b875bf7f6ae08efce31d3c9bec7df65cf566cbab87306d2ae67963,0.2988187929956222,0.0449747800504302,0.0002653861462503,0.3021793534773004,0.0105357452128578,0.3964206798292826,0.0038286885327327,0.0129104577591148,0.5231794026106165,0.007334005390275,0.0831746955336478,0.1664370135712415,0.884682327061222,0.0452022937539973,0.1243808976858979,0.8876975591836943,220x220,90x90x41,681698c83bc97134612a9607fc8d706a1030a7cd74bbf79793038e85e5b80f41,0.0899490496792282,0.178118934585343,0.9467766223477508,0.0487246892578372,0.1334683620567655,0.9525541415952437,True,fixed_saved_checkpoint_against_canonical_fv1024,0.35,1024.0,2.0,9df6008a0562c9de764fe48c4653a682a99912fe95983f1faff9d4bbf759572c,LRA-PINN,state_scaled_space_time_rel_l2,0.1899952209058275,True,success
2d_shallowwater,lra_pinn,LRA-PINN,31415,LRA-PINN,,,,,,,,,,,,,,,,,,,,,,,,,,,,,,,,,,,,,1.0,0.0282842712474619,0.7,0.0982546135783195,1.0,0.086395694135115,0.1576651818856718,,,,,0.0115246474742889,,,,3000,7000,10000,2026-07-01 22:35:02,AdamW,False,654.7109701633453,83459,,,,,,,,finite_volume_1024x1024_order2,False,finite_volume_1024x1024_order2,bilinear_space_linear_time_from_canonical_fv1024,,41,,state_scaled_space_time_rel_l2,,,,,,,,,,,,,,,,,,,0.9,500.0,9999.947066806211,10000.0,999994.7066806213,300000.0,1.0,,,,,,,,,,,,,,,,,,,,,,,,,,,,,,,,,,,,,,,,,,,,,,,,,,,,,,,,,,,,,,,,,,,,,,0.3103555711211875,0.5076760660747268,,,,,,,,0.0903958043839707,0.0548477003114827,,0.0492523973795366,,,,,,,,,0.0756358218465777,0.1652448786263125,0.1477775168788412,0.1251062628021083,0.2150184961372661,0.1941588331308773,,,,,,,0.5651896595954895,1.437468409538269,,,0.0,,,,,,,,,,,,,2026-07-20T09:43:41,,0.1861991111862,,0.242852718741938,,,,,,,,,,,,1024.0,,,,,,,,,,,,,,,,,,,,,,,,,,0.0202525495778981,0.0347197550986019,0.020536311631617,0.0276176618831267,,,,,,,,,,,,,,True,24a51f428275aaaa86dd97b10bd78a33be599991010e34e558747f10313b8eda,True,False,15848ed3a9410aec51599abd4e7094b3aaf061b01b0e980d242194c310b1ec1c,0.311076454033771,0.0270214003386194,0.0002653861462503,0.3122431264526216,0.011954937633137,0.5535084288748268,0.0076493115898743,0.0146111768782525,0.4775285807726719,0.0112379499230039,0.0870724353718848,0.1686033334219429,0.8961972229702205,0.049139344012761,0.1293348248580106,0.9230533826330756,220x220,90x90x41,a3adeb8a0ff88acbfb6ad25983b52482876ba9c97d7909e364cfa6d9a1974bdf,0.0864162178748021,0.1671629799729836,0.8885411420680569,0.0502910564480221,0.1293180846612709,0.922933909047802,True,fixed_saved_checkpoint_against_canonical_fv1024,0.35,1024.0,2.0,9df6008a0562c9de764fe48c4653a682a99912fe95983f1faff9d4bbf759572c,LRA-PINN,state_scaled_space_time_rel_l2,0.1861991111862,True,success
2d_shallowwater,rad_pinn,RAD-PINN,7,RAD-PINN,,,,,,,,,,,,,,,,,,,,,,,,,,,,,,,,,,,,,1.0,0.0282842712474619,0.7,0.0469272807240486,0.989425539970398,0.039872556297946,0.0638146498391487,,,,,0.0189438965171575,,,,3000,7000,10000,2026-07-01 06:20:46,AdamW,False,626.8566794395447,83459,,,,,,,,finite_volume_1024x1024_order2,False,finite_volume_1024x1024_order2,bilinear_space_linear_time_from_canonical_fv1024,,41,,state_scaled_space_time_rel_l2,,,,,,,,,,,,,,,,,,,,,,,,,,,,1.0,1.0,3.0,500.0,14.0,,,,,,,,,,,,,,,,,,,,,,,,,,,,,,,,,,,,,,,,,,,,,,,,,,,,,,,,,,,,,,,0.0015788457268723,0.0022876803322496,,,,,,,,0.0003564417331757,0.0002050117951373,,0.0002395769398316,,,,,,,,,0.0129520452885105,0.0346666202928399,0.0310021533377905,0.0150288744389545,0.0382340039028044,0.0345247953876062,,,,,,,0.9842952489852904,2.000842571258545,,,0.0,,,,,,,,,,,,,2026-07-20T09:43:41,,0.0409915699538714,,0.0441963389417716,,,,,,,,,,,,1024.0,,,,,,,,,,,,,,,,,,,,,,,,,,0.0023131522149752,0.0042794075912707,0.0022933024676518,0.0039259675004034,,,,,,,,,,,,,,True,27f1864f1557966579f9d52d3fc63a45db302592e4d2649d84e212bdc80399ab,True,False,4f4d9b70c367240e5050528cd6e31362a9a8ddaf4244776b7cd6f47dd978516b,0.0145942776735459,0.0048957270722462,0.0002653861462503,0.0153977337842497,0.0005324172629542,0.0878212822400592,0.0003053919088397,0.0005388659675324,0.0634682320502043,0.000371818033493,0.0107175993721789,0.0324206435194753,0.172329277834313,0.0099792320519925,0.031326188740377,0.2235727655993055,220x220,90x90x41,97592fd8e437e5d862d45b795ee15aa4f711a077fa760588e5575497137c3b25,0.0104233761260957,0.0308973359063156,0.1642322608600006,0.0095780187117346,0.0297173516206644,0.2120906102935961,True,fixed_saved_checkpoint_against_canonical_fv1024,0.35,1024.0,2.0,9df6008a0562c9de764fe48c4653a682a99912fe95983f1faff9d4bbf759572c,RAD-PINN,state_scaled_space_time_rel_l2,0.0409915699538714,True,success
2d_shallowwater,rad_pinn,RAD-PINN,42,RAD-PINN,,,,,,,,,,,,,,,,,,,,,,,,,,,,,,,,,,,,,1.0,0.0282842712474619,0.7,0.0472823604941368,0.9889543056488036,0.0404293491709972,0.0651138332096015,,,,,0.0191419050097465,,,,3000,7000,10000,2026-07-01 06:31:26,AdamW,False,636.5492894649506,83459,,,,,,,,finite_volume_1024x1024_order2,False,finite_volume_1024x1024_order2,bilinear_space_linear_time_from_canonical_fv1024,,41,,state_scaled_space_time_rel_l2,,,,,,,,,,,,,,,,,,,,,,,,,,,,1.0,1.0,3.0,500.0,14.0,,,,,,,,,,,,,,,,,,,,,,,,,,,,,,,,,,,,,,,,,,,,,,,,,,,,,,,,,,,,,,,0.0002811692581748,0.0001619841583179,,,,,,,,0.0004115501692937,0.0003281937764254,,0.0003795476705399,,,,,,,,,0.0144443733698674,0.0390930237900334,0.0349606597856565,0.017647165017806,0.0445355008943803,0.0402149630933698,,,,,,,0.9833794832229614,2.0021026134490967,,,0.0,,,,,,,,,,,,,2026-07-20T09:43:41,,0.0467739157034689,,0.0520022417035494,,,,,,,,,,,,1024.0,,,,,,,,,,,,,,,,,,,,,,,,,,0.0020509407528883,0.0051716859425035,0.0043946425201303,0.0078869390206968,,,,,,,,,,,,,,True,ac7c74d915e56d0aeb9f2cfe147b6ae4b2ff741311ef141f796bac75b99e56cc,True,False,73f18421cb1bd174e11fc724c2356f8097ba8ec963cbc6cc10026e9e3ec17c08,0.0191909005628517,0.006219965687192,0.0002653861462503,0.020171093000955,0.0006452970931306,0.1401088709918115,0.0003862578833578,0.0006583113796596,0.0882944314571623,0.0003937329520207,0.0119862348915134,0.0382028370106414,0.2030640542132068,0.0108677993014503,0.0356753975961151,0.2546127577319283,220x220,90x90x41,50e6f7afa82feeba76e373d52d06141b7c122f892b1d11f3faa12da9ec236b1e,0.0122621087318197,0.0373921003816144,0.1987546499994958,0.0108605628181293,0.0350395142555794,0.2500745038696303,True,fixed_saved_checkpoint_against_canonical_fv1024,0.35,1024.0,2.0,9df6008a0562c9de764fe48c4653a682a99912fe95983f1faff9d4bbf759572c,RAD-PINN,state_scaled_space_time_rel_l2,0.0467739157034689,True,success
2d_shallowwater,rad_pinn,RAD-PINN,100,RAD-PINN,,,,,,,,,,,,,,,,,,,,,,,,,,,,,,,,,,,,,1.0,0.0282842712474619,0.7,0.0476068630814552,0.985186755657196,0.0414810690423162,0.0646807720861172,,,,,0.018928188830614,,,,3000,7000,10000,2026-07-01 06:42:07,AdamW,False,637.6523797512054,83459,,,,,,,,finite_volume_1024x1024_order2,False,finite_volume_1024x1024_order2,bilinear_space_linear_time_from_canonical_fv1024,,41,,state_scaled_space_time_rel_l2,,,,,,,,,,,,,,,,,,,,,,,,,,,,1.0,1.0,3.0,500.0,14.0,,,,,,,,,,,,,,,,,,,,,,,,,,,,,,,,,,,,,,,,,,,,,,,,,,,,,,,,,,,,,,,0.0001987873562157,0.0001806051258656,,,,,,,,0.0004523997119853,0.0003666552295989,,0.0003079346932186,,,,,,,,,0.0133473409155295,0.0362663827416109,0.0324328114268077,0.015608911202783,0.041024350960987,0.0370444415509812,,,,,,,0.9863520860671996,2.009660482406616,,,0.0,,,,,,,,,,,,,2026-07-20T09:43:41,,0.0430084195657578,,0.0478067625449969,,,,,,,,,,,,1024.0,,,,,,,,,,,,,,,,,,,,,,,,,,0.0011422553602019,0.0030008438054447,0.0028046496881203,0.0067748139298663,,,,,,,,,,,,,,True,eafef3daf5c5bcc05badf3fb884b4862b7f43669d6324858c9101b987e61788a,True,False,ef65c1d7b55933538f581c9ca72a98fdc5775609769ad0997156add33b4dc910,0.0160115697310819,0.0058500441765479,0.0002653861462503,0.0170523076132973,0.0004658100771246,0.0920738552496997,0.0003970101673002,0.0010318861333287,0.0305829982255251,0.0007404620987309,0.0104166569516062,0.0306109522433735,0.1627100119327481,0.0097389587588656,0.0290913553573024,0.207622919793019,220x220,90x90x41,1cb811a3b69982554a4e6ec142f8855c07b23cb68844e030dadbfa899f1a62ef,0.0117572279518862,0.0382709629913418,0.2034261722892654,0.0103827355388647,0.0349500901200522,0.2494362902185266,True,fixed_saved_checkpoint_against_canonical_fv1024,0.35,1024.0,2.0,9df6008a0562c9de764fe48c4653a682a99912fe95983f1faff9d4bbf759572c,RAD-PINN,state_scaled_space_time_rel_l2,0.0430084195657578,True,success
2d_shallowwater,rad_pinn,RAD-PINN,2026,RAD-PINN,,,,,,,,,,,,,,,,,,,,,,,,,,,,,,,,,,,,,1.0,0.0282842712474619,0.7,0.0456724166870117,0.9881678223609924,0.0390373669883692,0.0621752041573867,,,,,0.0191583484411239,,,,3000,7000,10000,2026-07-01 06:10:16,AdamW,False,638.0883231163025,83459,,,,,,,,finite_volume_1024x1024_order2,False,finite_volume_1024x1024_order2,bilinear_space_linear_time_from_canonical_fv1024,,41,,state_scaled_space_time_rel_l2,,,,,,,,,,,,,,,,,,,,,,,,,,,,1.0,1.0,3.0,500.0,14.0,,,,,,,,,,,,,,,,,,,,,,,,,,,,,,,,,,,,,,,,,,,,,,,,,,,,,,,,,,,,,,,0.0015410844529183,0.0023728573628118,,,,,,,,0.0008915448875955,0.000571912778748,,0.0005129869398608,,,,,,,,,0.0148429019316731,0.040090897821339,0.0358530526254836,0.0184676772316793,0.0468585036880113,0.0423126036213885,,,,,,,0.9797938466072084,1.987892508506775,,,0.0,,,,,,,,,,,,,2026-07-20T09:43:41,,0.0483244138456208,,0.055454473700368,,,,,,,,,,,,1024.0,,,,,,,,,,,,,,,,,,,,,,,,,,0.0053241356486241,0.0086936785090437,0.0014165362827033,0.0031649457549941,,,,,,,,,,,,,,True,ce20152d08141d0b3f68ce0faeaec936784e75c0e06fbdd81dd2a8024ea6f418,True,False,22041e67cb5f48f35682186233cc1c6d051fa0b5d2f3a379f27720df261c8042,0.0218722639149468,0.0076286977646279,0.0002653861462503,0.023164729582929,0.001509845555804,0.0595617889053317,0.0009008166957583,0.0008676202481605,0.1148464710441044,0.0004404021332375,0.0129129455550492,0.0392464996618225,0.2086115576386907,0.0109431878791591,0.0353588579304915,0.2523536368075194,220x220,90x90x41,ab15bb5e7d2f4f9d0a64820bcf399beb2f80e9264e728362e28c7b8a9b7facff,0.0139899237535852,0.0427655919092798,0.2273170045331161,0.0117222947411679,0.0382981122302878,0.2733308842489904,True,fixed_saved_checkpoint_against_canonical_fv1024,0.35,1024.0,2.0,9df6008a0562c9de764fe48c4653a682a99912fe95983f1faff9d4bbf759572c,RAD-PINN,state_scaled_space_time_rel_l2,0.0483244138456208,True,success
2d_shallowwater,rad_pinn,RAD-PINN,31415,RAD-PINN,,,,,,,,,,,,,,,,,,,,,,,,,,,,,,,,,,,,,1.0,0.0282842712474619,0.7,0.0464305281639099,0.9902878999710084,0.0397488245483791,0.0608141549121504,,,,,0.0189192816615104,,,,3000,7000,10000,2026-07-01 06:52:45,AdamW,False,634.8286578655243,83459,,,,,,,,finite_volume_1024x1024_order2,False,finite_volume_1024x1024_order2,bilinear_space_linear_time_from_canonical_fv1024,,41,,state_scaled_space_time_rel_l2,,,,,,,,,,,,,,,,,,,,,,,,,,,,1.0,1.0,3.0,500.0,14.0,,,,,,,,,,,,,,,,,,,,,,,,,,,,,,,,,,,,,,,,,,,,,,,,,,,,,,,,,,,,,,,0.0006945701507775,0.0015087032924209,,,,,,,,0.0005666500481523,0.0004714038152847,,0.0003648699218781,,,,,,,,,0.0137954031300582,0.037073658753614,0.0331547535861133,0.0169596170725285,0.0427960108607852,0.0386442268021531,,,,,,,0.984666347503662,1.9906136989593504,,,0.0,,,,,,,,,,,,,2026-07-20T09:43:41,,0.0443296139401945,,0.0501632717510327,,,,,,,,,,,,1024.0,,,,,,,,,,,,,,,,,,,,,,,,,,0.0037309849764231,0.0067089520513215,0.004976117995938,0.0092931841511203,,,,,,,,,,,,,,True,a6d4d44f1351abd2620b521d28153bf4492f95eae5a033e14b71659c9f7ed325,True,False,512fb3214aff084b721d50593322823ac66b221573044c4d589babff5867640d,0.0171607254534083,0.0073145865522416,0.0002653861462503,0.0186527007350375,0.001442074610771,0.1554117837540348,0.0010983472936002,0.0014422353249597,0.0860536693318165,0.0005089206869398,0.0115883157585477,0.0348571578325336,0.1852803702995219,0.0102436452370341,0.0321808332903005,0.2296723025463101,220x220,90x90x41,6be0f5d2f83b290c4d4cd54b1754ea5e99d21a4e0a9b805f3cbd51d050ccaef4,0.0124387122428615,0.0383704798236673,0.2039551458686055,0.0108425962705653,0.0347403427918387,0.2479393385582275,True,fixed_saved_checkpoint_against_canonical_fv1024,0.35,1024.0,2.0,9df6008a0562c9de764fe48c4653a682a99912fe95983f1faff9d4bbf759572c,RAD-PINN,state_scaled_space_time_rel_l2,0.0443296139401945,True,success
2d_shallowwater,rar_d_pinn,RAR-D-PINN,7,RAR-D-PINN,,,,,,,,,,,,,,,,,,,,,,,,,,,,,,,,,,,,,1.0,0.0282842712474619,0.7,0.046230524778366,0.9894940257072448,0.0398416233605543,0.0602264291017075,,,,,0.0194257348775863,,,,3000,7000,10000,2026-07-01 07:50:43,AdamW,False,635.637199640274,83459,,,,,,,,finite_volume_1024x1024_order2,False,finite_volume_1024x1024_order2,bilinear_space_linear_time_from_canonical_fv1024,,41,,state_scaled_space_time_rel_l2,,,,,,,,,,,,,,,,,,,,,,,,,,,,,,,,,2.0,0.0,0.5,10000.0,20000.0,500.0,3.0,14.0,,,,,,,,,,,,,,,,,,,,,,,,,,,,,,,,,,,,,,,,,,,,,,,,,,,,,,,0.0008176642694246,0.0018759215932937,,,,,,,,0.0003093789594848,0.000254269766265,,0.0002753635236939,,,,,,,,,0.0179779127835156,0.045438739279035,0.0406355955874788,0.0226823117689221,0.0533892306300788,0.0482097629139487,,,,,,,0.9844574332237244,2.002953052520752,,,0.0,,,,,,,,,,,,,2026-07-20T09:43:41,,0.0548921371364266,,0.0625304645478253,,,,,,,,,,,,1024.0,,,,,,,,,,,,,,,,,,,,,,,,,,0.000146648304697,0.0005728692625872,0.0012985108845341,0.0021658859639569,,,,,,,,,,,,,,True,4d6bfbd3bcfb7fc058998c77b19cbf170ef256e8ff44b2ae9b61a6ed31a6c629,True,False,61bd51e74193511b4f17976e7e13562d73140c2f7d9a880b43293889125be369,0.0243237961225766,0.0022671366513162,0.0002653861462503,0.0244409930887124,0.000601385909004,0.1296398995628748,0.0004002377258238,0.0006085256587284,0.1048206609732895,0.000328036967433,0.0151823078966161,0.0456852840173628,0.2428363890321388,0.01351453130735,0.0421341632208365,0.3007085054478155,220x220,90x90x41,4e38896a04f2f1d0d83d1df52b09b98b400abbfde4929361e78b49bda5c77da8,0.015255460485576,0.0456018054517171,0.2423926655470168,0.0133353947822725,0.0418183609444453,0.2984546472175498,True,fixed_saved_checkpoint_against_canonical_fv1024,0.35,1024.0,2.0,9df6008a0562c9de764fe48c4653a682a99912fe95983f1faff9d4bbf759572c,RAR-D-PINN,state_scaled_space_time_rel_l2,0.0548921371364266,True,success
2d_shallowwater,rar_d_pinn,RAR-D-PINN,42,RAR-D-PINN,,,,,,,,,,,,,,,,,,,,,,,,,,,,,,,,,,,,,1.0,0.0282842712474619,0.7,0.0459760688245296,0.9880657196044922,0.0395941598614204,0.0608450878495421,,,,,0.0193079933524131,,,,3000,7000,10000,2026-07-01 08:01:32,AdamW,False,645.1750774383545,83459,,,,,,,,finite_volume_1024x1024_order2,False,finite_volume_1024x1024_order2,bilinear_space_linear_time_from_canonical_fv1024,,41,,state_scaled_space_time_rel_l2,,,,,,,,,,,,,,,,,,,,,,,,,,,,,,,,,2.0,0.0,0.5,10000.0,20000.0,500.0,3.0,14.0,,,,,,,,,,,,,,,,,,,,,,,,,,,,,,,,,,,,,,,,,,,,,,,,,,,,,,,0.0005601557204792,0.0013109608344608,,,,,,,,0.0004063036770619,0.0002679114510293,,0.0003767494021399,,,,,,,,,0.0174706919045897,0.0443878276694547,0.0396957715553276,0.022019307128667,0.0519539356131973,0.046913710664107,,,,,,,0.9842733144760132,2.012422561645508,,,0.0,,,,,,,,,,,,,2026-07-20T09:43:41,,0.0534557658503696,,0.06093826635593,,,,,,,,,,,,1024.0,,,,,,,,,,,,,,,,,,,,,,,,,,0.0011683792786313,0.0020962902319218,0.000851875129059,0.0001261114779565,,,,,,,,,,,,,,True,34d6efc1a3868b5301576723b7ecaf7d72774affe94c62ef419ee1ed093b902b,True,False,1b1b7ba69ef792cc9d25f330f065406992c7e88442700fb70927c4beb55209d0,0.0244387116948092,0.0015302911716955,0.0002653861462503,0.0244884937630105,0.0005265513853739,0.0938933666212529,0.0002877897243113,0.0006277592125279,0.1165849741877928,0.0002939280928272,0.0142865345200191,0.0439443300334139,0.2335824905826382,0.0125008280138229,0.0400977519826814,0.2861747842797174,220x220,90x90x41,966ce469c1e4a66b55af2f417c91bdb350fb0ea1576c539c0ff46f212de744e8,0.0155887157542667,0.0451868709449872,0.2401871151281812,0.013261721624921,0.0413489631132536,0.2951045885124969,True,fixed_saved_checkpoint_against_canonical_fv1024,0.35,1024.0,2.0,9df6008a0562c9de764fe48c4653a682a99912fe95983f1faff9d4bbf759572c,RAR-D-PINN,state_scaled_space_time_rel_l2,0.0534557658503696,True,success
2d_shallowwater,rar_d_pinn,RAR-D-PINN,100,RAR-D-PINN,,,,,,,,,,,,,,,,,,,,,,,,,,,,,,,,,,,,,1.0,0.0282842712474619,0.7,0.0477456822991371,0.9861461520195008,0.0416666666666666,0.0647426379609007,,,,,0.0194084402173757,,,,3000,7000,10000,2026-07-01 08:12:18,AdamW,False,642.8855886459351,83459,,,,,,,,finite_volume_1024x1024_order2,False,finite_volume_1024x1024_order2,bilinear_space_linear_time_from_canonical_fv1024,,41,,state_scaled_space_time_rel_l2,,,,,,,,,,,,,,,,,,,,,,,,,,,,,,,,,2.0,0.0,0.5,10000.0,20000.0,500.0,3.0,14.0,,,,,,,,,,,,,,,,,,,,,,,,,,,,,,,,,,,,,,,,,,,,,,,,,,,,,,,0.0011298835042231,0.001725410511474,,,,,,,,0.0003963512381999,0.0004432466668386,,0.0002633236587009,,,,,,,,,0.0170975058733697,0.0443252680416813,0.0396398248504974,0.0217318443962385,0.0520477807827222,0.0469984516000602,,,,,,,0.9786232709884644,2.0115325450897217,,,0.0,,,,,,,,,,,,,2026-07-20T09:43:41,,0.0533465803715493,,0.0609896885795563,,,,,,,,,,,,1024.0,,,,,,,,,,,,,,,,,,,,,,,,,,0.0008830216545862,0.0009878846819838,0.0015818719299872,0.0034261760324809,,,,,,,,,,,,,,True,05bd85334a231001ebca6cbaca9f45622c27646937f019e5e4e0f6578a41e08b,True,False,d591c915017a7bcdf13432b90eea4cdb578f66f1e05284175da5f14f3dd19fc6,0.0240173545966228,0.0019737397697667,0.0002653861462503,0.0240995365516476,0.0007328676823581,0.0863141110316526,0.000399061757315,0.0007610049834915,0.0398982026314057,0.0004390565597423,0.0143819440758806,0.044567258466114,0.2368936156960308,0.0126326816041467,0.0407045905944255,0.2905057479926826,220x220,90x90x41,a54bbfcdd333ad30c42bca0636bb11b5c6832e990b2e6116454a49a25bbf244b,0.0144585326648222,0.0445311058824846,0.2367014495959051,0.0127374097376565,0.0405238542317831,0.2892158455160294,True,fixed_saved_checkpoint_against_canonical_fv1024,0.35,1024.0,2.0,9df6008a0562c9de764fe48c4653a682a99912fe95983f1faff9d4bbf759572c,RAR-D-PINN,state_scaled_space_time_rel_l2,0.0533465803715493,True,success
2d_shallowwater,rar_d_pinn,RAR-D-PINN,2026,RAR-D-PINN,,,,,,,,,,,,,,,,,,,,,,,,,,,,,,,,,,,,,1.0,0.0282842712474619,0.7,0.0455240570008754,0.9856681823730468,0.0397178916109873,0.0583704528582034,,,,,0.0193338636308908,,,,3000,7000,10000,2026-07-01 07:38:09,AdamW,False,634.5067050457001,83459,,,,,,,,finite_volume_1024x1024_order2,False,finite_volume_1024x1024_order2,bilinear_space_linear_time_from_canonical_fv1024,,41,,state_scaled_space_time_rel_l2,,,,,,,,,,,,,,,,,,,,,,,,,,,,,,,,,2.0,0.0,0.5,10000.0,20000.0,500.0,3.0,14.0,,,,,,,,,,,,,,,,,,,,,,,,,,,,,,,,,,,,,,,,,,,,,,,,,,,,,,,0.0001828925464801,0.0006776229405934,,,,,,,,0.0003378459197958,0.0002823627780323,,0.000205039931343,,,,,,,,,0.0172864571546191,0.0446140530746324,0.0398980835961605,0.0218643389844771,0.0521493732344602,0.0470901882284839,,,,,,,0.9833716154098512,2.001528263092041,,,0.0,,,,,,,,,,,,,2026-07-20T09:43:41,,0.0538301282639305,,0.0613494877946161,,,,,,,,,,,,1024.0,,,,,,,,,,,,,,,,,,,,,,,,,,0.0014428230649075,0.0016978169588871,0.0002628771854698,0.0014929566764937,,,,,,,,,,,,,,True,e572bdc6cb461a4d0107166b3b380c4c59ac9602ec82df41e72704c4ee00c996,True,False,1327e36070ec20e44370ca9effba92914b94e29efbc91254338edc15c496878b,0.0245536272670419,0.0014651422505414,0.0002653861462503,0.024604697541676,0.0006183189921414,0.0637823104491145,0.0004654571387751,0.0005866505617545,0.0972809475039238,0.0003487756678372,0.0152049810187878,0.0456305476887126,0.2425454425559554,0.0131059472977363,0.0414019575216543,0.2954828058100313,220x220,90x90x41,3d85a63de80c18182ba0f1a055a2fc44dcc606d9184571ffc20b3d9a82776954,0.0145759939849189,0.0444637508570374,0.2363434294694122,0.0128600512564676,0.0408067623257086,0.2912349403217705,True,fixed_saved_checkpoint_against_canonical_fv1024,0.35,1024.0,2.0,9df6008a0562c9de764fe48c4653a682a99912fe95983f1faff9d4bbf759572c,RAR-D-PINN,state_scaled_space_time_rel_l2,0.0538301282639305,True,success
2d_shallowwater,rar_d_pinn,RAR-D-PINN,31415,RAR-D-PINN,,,,,,,,,,,,,,,,,,,,,,,,,,,,,,,,,,,,,1.0,0.0282842712474619,0.7,0.0464563108980655,0.9905904531478882,0.0400890868596882,0.0594531056669141,,,,,0.0193837974220514,,,,3000,7000,10000,2026-07-01 08:22:52,AdamW,False,630.4343461990356,83459,,,,,,,,finite_volume_1024x1024_order2,False,finite_volume_1024x1024_order2,bilinear_space_linear_time_from_canonical_fv1024,,41,,state_scaled_space_time_rel_l2,,,,,,,,,,,,,,,,,,,,,,,,,,,,,,,,,2.0,0.0,0.5,10000.0,20000.0,500.0,3.0,14.0,,,,,,,,,,,,,,,,,,,,,,,,,,,,,,,,,,,,,,,,,,,,,,,,,,,,,,,0.0007234917299099,0.0018060613387662,,,,,,,,0.0003861400856432,0.0002520520396047,,0.0002444621509524,,,,,,,,,0.0172984957460446,0.0447924949123711,0.0400576630754613,0.0220452180753819,0.0528446664318769,0.0477180287088121,,,,,,,0.981278955936432,1.988322377204895,,,0.0,,,,,,,,,,,,,2026-07-20T09:43:41,,0.0540700990050097,,0.061962128358471,,,,,,,,,,,,1024.0,,,,,,,,,,,,,,,,,,,,,,,,,,0.0005062944840807,0.0017725552921049,0.001757657987291,0.0040499620296801,,,,,,,,,,,,,,True,5d3fc06144366725b92e3108bc79a41589a859399d137d2acce12caf08c309c0,True,False,b97d036ea23531b5b94c9e776873bbf00c740f6494296a8e18ce475153fc029a,0.0243621013133208,0.0028582962701772,0.0002653861462503,0.0245373376755943,0.0004923646305649,0.1127767285161339,0.000374264602593,0.0007157438718382,0.0219372359408524,0.0004883536106368,0.0147653443817825,0.0447667940775827,0.237954230911949,0.0127760019797933,0.0408206629143158,0.2913341478271618,220x220,90x90x41,ada00ff010713d73c56f3ed6639bfc7b8ab9b8f28f5d36d0f66cdb2ee91f216f,0.0151813643338951,0.0458230429376302,0.243568635300806,0.0130806938576667,0.0417953093503793,0.2982901296415528,True,fixed_saved_checkpoint_against_canonical_fv1024,0.35,1024.0,2.0,9df6008a0562c9de764fe48c4653a682a99912fe95983f1faff9d4bbf759572c,RAR-D-PINN,state_scaled_space_time_rel_l2,0.0540700990050097,True,success
2d_shallowwater,sa_pinn,SA-PINN,7,SA-PINN,,,,,,,,,,,,,,,,,,,,,,,,,,,,,,,,,,,,,1.0,0.0282842712474619,0.7,0.0548920854926109,0.9999916553497314,0.0492761692650334,0.0731254639940608,,,,,0.0182778239250183,,,,3000,7000,10000,2026-07-01 09:37:20,AdamW,False,874.8421769142151,83459,,,,,,,,finite_volume_1024x1024_order2,False,finite_volume_1024x1024_order2,bilinear_space_linear_time_from_canonical_fv1024,,41,,state_scaled_space_time_rel_l2,,,,,,,,,,,,,,,,,,,,,,,,,,,,,,,,,,,,,,,,,Adam,0.005,100.0,80.64698791503906,99.1678695678711,99.0220947265625,100.0,100.0,100.0,,,,,,,,,,,,,,,,,,,,,,,,,,,,,,,,,,,,,,,,,,,,,,0.0089216225131123,0.0103271542339138,,,,,,,,0.0007133445191212,0.0001267145056753,,0.0004759145825898,,,,,,,,,0.0098888884252703,0.0289558738581826,0.0258950666029162,0.0104708169730745,0.0267531531535621,0.0241577403441201,,,,,,,0.9879360198974608,1.994585871696472,,,0.0,,,,,,,,,,,,,2026-07-20T09:43:41,,0.0343467077142895,,0.0318190396230065,,,,,,,,,,,,1024.0,,,,,,,,,,,,,,,,,,,,,,,,,,0.0058464366823392,0.0055730713379087,0.0025402472387728,0.0030486150335314,,,,,,,,,,,,,,True,c4ee32253bc4a6c73d3736f669a293911a99bd33adfbe13f74e8ccb13b7e681f,True,False,267ed2d2319c7801a010be0435e06cedcf42e765bae226bf735233995b361ac0,0.0096146028767979,0.0112285183735963,0.0002653861462503,0.0115932544022929,0.0004401826680097,0.0882708053426675,0.0002689265279386,0.0004634609814843,0.0579914893223022,0.0001982374002835,0.0085494923366748,0.0219649648530064,0.1167529734103167,0.00810589330879,0.0243744476867374,0.1739586875519124,220x220,90x90x41,bb589e75efd7a4d24312039d0a778528435c0652e5ebcede632f41104f794c9d,0.0083999710903775,0.0253202835578016,0.134587895439362,0.0080498980101497,0.0269340090088252,0.1922260934033807,True,fixed_saved_checkpoint_against_canonical_fv1024,0.35,1024.0,2.0,9df6008a0562c9de764fe48c4653a682a99912fe95983f1faff9d4bbf759572c,SA-PINN,state_scaled_space_time_rel_l2,0.0343467077142895,True,success
2d_shallowwater,sa_pinn,SA-PINN,42,SA-PINN,,,,,,,,,,,,,,,,,,,,,,,,,,,,,,,,,,,,,1.0,0.0282842712474619,0.7,0.0485745556652545,1.0,0.0428730512249443,0.0681452610739915,,,,,0.0179515480995178,,,,3000,7000,10000,2026-07-01 09:52:13,AdamW,False,888.9214015007019,83459,,,,,,,,finite_volume_1024x1024_order2,False,finite_volume_1024x1024_order2,bilinear_space_linear_time_from_canonical_fv1024,,41,,state_scaled_space_time_rel_l2,,,,,,,,,,,,,,,,,,,,,,,,,,,,,,,,,,,,,,,,,Adam,0.005,100.0,97.62508392333984,99.04734802246094,99.79318237304688,100.0,100.0,100.0,,,,,,,,,,,,,,,,,,,,,,,,,,,,,,,,,,,,,,,,,,,,,,0.0126810493778343,0.0140728837157724,,,,,,,,0.0007315957504467,0.0001256732567791,,0.0004676367826483,,,,,,,,,0.0107085914650037,0.0318628689642822,0.0284947751199338,0.0116656664964396,0.0301604187006508,0.0272344556717515,,,,,,,0.9848872423171996,2.0028939247131348,,,0.0,,,,,,,,,,,,,2026-07-20T09:43:41,,0.0389597029129699,,0.0366855392023751,,,,,,,,,,,,1024.0,,,,,,,,,,,,,,,,,,,,,,,,,,0.0039834376146148,0.0056274098704895,0.0018094973025037,0.0028705901267998,,,,,,,,,,,,,,True,f880cddb424ef07566ff3c042080c10b528bcd70074647cec45138769d8740e5,True,False,572c32d83b3f81ac83b21d20c8d96822d1b4063537086c836310ad5d29664a7b,0.0111468105065665,0.011931006252441,0.0002653861462503,0.0137036251063535,0.0006216253337362,0.0537110463759174,0.0001918327267607,0.0007143815240792,0.0995245107313629,0.0002133916883491,0.0100598092140695,0.0283412220820254,0.1506454469789735,0.0095315507918008,0.031047032219588,0.2215804455023687,220x220,90x90x41,e61af19c48520bb1ad52ab8b8982a3af510c1b43fcb82d3e5933d51c841121c5,0.0102090009617699,0.0278177868350915,0.1478631697535703,0.0091944396280695,0.0293423197791622,0.2094140348988892,True,fixed_saved_checkpoint_against_canonical_fv1024,0.35,1024.0,2.0,9df6008a0562c9de764fe48c4653a682a99912fe95983f1faff9d4bbf759572c,SA-PINN,state_scaled_space_time_rel_l2,0.0389597029129699,True,success
2d_shallowwater,sa_pinn,SA-PINN,100,SA-PINN,,,,,,,,,,,,,,,,,,,,,,,,,,,,,,,,,,,,,1.0,0.0282842712474619,0.7,0.055774338543415,0.9999916553497314,0.050018559762435,0.0722593417470923,,,,,0.0182085148990154,,,,3000,7000,10000,2026-07-01 10:03:56,AdamW,False,698.3631851673126,83459,,,,,,,,finite_volume_1024x1024_order2,False,finite_volume_1024x1024_order2,bilinear_space_linear_time_from_canonical_fv1024,,41,,state_scaled_space_time_rel_l2,,,,,,,,,,,,,,,,,,,,,,,,,,,,,,,,,,,,,,,,,Adam,0.005,100.0,78.08792877197266,99.87655639648438,99.67428588867188,100.0,100.0,100.0,,,,,,,,,,,,,,,,,,,,,,,,,,,,,,,,,,,,,,,,,,,,,,0.0077529417599736,0.0091931938918856,,,,,,,,0.0006886504485689,0.0002584773932825,,0.0003593614461679,,,,,,,,,0.0095710552265286,0.0274018031908391,0.0245052704035822,0.0101026605372546,0.025796730151694,0.0232941031344928,,,,,,,0.9871580600738524,2.004367589950561,,,0.0,,,,,,,,,,,,,2026-07-20T09:43:41,,0.0332967094736841,,0.0316551575549565,,,,,,,,,,,,1024.0,,,,,,,,,,,,,,,,,,,,,,,,,,0.0024536490853651,0.0026310607538871,0.0040720344395344,0.0039050713007117,,,,,,,,,,,,,,True,433327967541e5280e5400253f47c6537b453021e1f30832ba518dc26fe4c0c7,True,False,95a7ce50a8b45b397cec1ccb4c9559485a9fa617674d9f00349d69d23d54afea,0.0085420575359599,0.0092574223771947,0.0002653861462503,0.0108700385881971,0.0005485615795407,0.0849817509517363,0.0002392542398966,0.0006194269261356,0.0392404500269645,0.0003396951391415,0.0090010115736341,0.0222759988627901,0.1184062492392104,0.0082120979730163,0.0240786530676641,0.1718476225390668,220x220,90x90x41,72821a02d68b2a440ee39bd2e70aa717164805ee6c9d4d56fe0d042680001249,0.0093632579114624,0.0264882006984255,0.1407958634364543,0.0084808664415551,0.0271023111987075,0.1934272540795249,True,fixed_saved_checkpoint_against_canonical_fv1024,0.35,1024.0,2.0,9df6008a0562c9de764fe48c4653a682a99912fe95983f1faff9d4bbf759572c,SA-PINN,state_scaled_space_time_rel_l2,0.0332967094736841,True,success
2d_shallowwater,sa_pinn,SA-PINN,2026,SA-PINN,,,,,,,,,,,,,,,,,,,,,,,,,,,,,,,,,,,,,1.0,0.0282842712474619,0.7,0.050599455833435,0.9917633533477784,0.0437391734719128,0.0647735708982925,,,,,0.0181215442717075,,,,3000,7000,10000,2026-07-01 09:22:41,AdamW,False,844.6257653236389,83459,,,,,,,,finite_volume_1024x1024_order2,False,finite_volume_1024x1024_order2,bilinear_space_linear_time_from_canonical_fv1024,,41,,state_scaled_space_time_rel_l2,,,,,,,,,,,,,,,,,,,,,,,,,,,,,,,,,,,,,,,,,Adam,0.005,100.0,85.80440521240234,98.38215637207033,98.26261138916016,100.0,100.0,100.0,,,,,,,,,,,,,,,,,,,,,,,,,,,,,,,,,,,,,,,,,,,,,,0.0027509501279987,0.0029857892773111,,,,,,,,0.0004270468187457,0.0001263651066445,,0.0001830935476617,,,,,,,,,0.009276082261724,0.0267133514300836,0.0238895920688522,0.00985322276085,0.0251628874423402,0.0227217516249832,,,,,,,0.9875816702842712,1.9928364753723145,,,0.0,,,,,,,,,,,,,2026-07-20T09:43:41,,0.0316810692575062,,0.0296403755403284,,,,,,,,,,,,1024.0,,,,,,,,,,,,,,,,,,,,,,,,,,0.0035405820924779,0.0030491168509103,0.0045393610610551,0.0056269909482658,,,,,,,,,,,,,,True,55dae3443122e2050d87c3f11ce8a8d3a3ba426d52aff7f2dc9af6f06034c00d,True,False,f92914ddce23073ef4e550666beb50c0d6a0310194465077bd9892d05bc6382d,0.0078908692933082,0.0090979464843488,0.0002653861462503,0.0092568676157932,0.0007988996968672,0.10860855647653,0.0002589920652458,0.0006233584843661,0.1324046128497586,0.0002918803149956,0.0079324547867948,0.0189483157724748,0.1007182220576712,0.0074564803184661,0.0215806449971547,0.1540195178359455,220x220,90x90x41,0359f9b72cafc1d11e66454a4d52abb48eee2d413daf16994ad3966038f8c2be,0.0086219964870455,0.0243258621713162,0.1293021299272408,0.0080520025175484,0.0256213175857413,0.1828575087258881,True,fixed_saved_checkpoint_against_canonical_fv1024,0.35,1024.0,2.0,9df6008a0562c9de764fe48c4653a682a99912fe95983f1faff9d4bbf759572c,SA-PINN,state_scaled_space_time_rel_l2,0.0316810692575062,True,success
2d_shallowwater,sa_pinn,SA-PINN,31415,SA-PINN,,,,,,,,,,,,,,,,,,,,,,,,,,,,,,,,,,,,,1.0,0.0282842712474619,0.7,0.0518216490745544,0.9996612071990968,0.0456570155902004,0.073218262806236,,,,,0.0182266999036073,,,,3000,7000,10000,2026-07-01 10:15:31,AdamW,False,691.4494624137878,83459,,,,,,,,finite_volume_1024x1024_order2,False,finite_volume_1024x1024_order2,bilinear_space_linear_time_from_canonical_fv1024,,41,,state_scaled_space_time_rel_l2,,,,,,,,,,,,,,,,,,,,,,,,,,,,,,,,,,,,,,,,,Adam,0.005,100.0,81.79537200927734,94.9779052734375,99.95423126220705,100.0,100.0,100.0,,,,,,,,,,,,,,,,,,,,,,,,,,,,,,,,,,,,,,,,,,,,,,0.0071644810090639,0.008479133808418,,,,,,,,0.0008680046341386,0.0003092759786938,,0.0005342607952689,,,,,,,,,0.0099370263214748,0.0281169702821067,0.0251448401002625,0.0109582866812455,0.0264965798449793,0.0239260580697954,,,,,,,0.9815893173217772,1.9938621520996092,,,0.0,,,,,,,,,,,,,2026-07-20T09:43:41,,0.0338661563679089,,0.0319003240143338,,,,,,,,,,,,1024.0,,,,,,,,,,,,,,,,,,,,,,,,,,0.0020777294795597,0.0019181575627887,0.008016628261859,0.0084292703698682,,,,,,,,,,,,,,True,d7bd4a27e56b41d1e3114d2856a1a9750bdfd297bc0098a6a9d5aad6ab29003b,True,False,bfe3273887d3d2f3ded10273d501155b56438399a1c3335b33ce3cfc4c97f156,0.0081207004377736,0.0090866500957592,0.0002653861462503,0.0092314714976636,0.0008545610439921,0.1147149681492695,0.0004668215637939,0.000749064394967,0.070113914096158,0.0002345877077635,0.009180595487249,0.0247302424467515,0.1314515801932216,0.0087162887971661,0.0268275653977328,0.1914664129740274,220x220,90x90x41,62f2bcec37a75cc51980bf552780f638da619f9e16f1e99ccfb35b6f7110d2d8,0.0093510338822351,0.0235029203086977,0.124927849793058,0.008392846903885,0.0247453539607398,0.1766058190668275,True,fixed_saved_checkpoint_against_canonical_fv1024,0.35,1024.0,2.0,9df6008a0562c9de764fe48c4653a682a99912fe95983f1faff9d4bbf759572c,SA-PINN,state_scaled_space_time_rel_l2,0.0338661563679089,True,success
2d_shallowwater,xpinn,XPINN,7,XPINN,,,,,,,,,,,,,,,,,,,,,,,,,,,,,,,,,,,,,1.0,0.0282842712474619,0.7,0.0192683916538953,0.9986989498138428,0.0066505815392229,0.0194877505567928,,,,,0.0165918488055467,,,,3000,7000,10000,2026-07-05 04:43:40,AdamW,False,6526.948387145996,333840,,,,,,,,finite_volume_1024x1024_order2,False,finite_volume_1024x1024_order2,bilinear_space_linear_time_from_canonical_fv1024,,41,,state_scaled_space_time_rel_l2,,,,,,,,,,,,,,,,,,,,,,,,,,,,,,,,,,,,,,,,,,,,,,,,,,4.0,2.0,0.0,0.1,512.0,2048.0,1.0,20.0,True,0.0008072856580838,0.0001236232346855,,,,,,,,,,,,,,,,,,,,,,,,,,,,,,,,,,,0.0028022938062748,0.0057100259750412,,,,,,,,0.0021941518104199,0.0008309827822419,,0.0024606977033065,,,,,,,,,0.0186890621165581,0.0441832819213664,0.0395128475035089,0.0306973603856542,0.0570440208159804,0.0515099896878343,,,,,,,0.978396773338318,1.7495696544647217,,,0.0,,,,,,,,,,,,,2026-07-20T09:43:41,,0.0505555145192022,,0.0636758629954867,,,,,,,,,,,,1024.0,,,,,,,,,,,,,,,,,,,,,,,,,,0.0051555079778076,0.0104752519378849,0.0079098159438189,0.0160965585297217,,,,,,,,,,,,,,True,1e2c13038c41c2560936c8042253e0b09203ab58cf506b59b883a0e2d8bbd223,True,False,ad0d51465b155c697e5b761a8f7776098d26ee3b9a151c2731b98a5394e3951f,0.0507926829268292,0.1084800837738943,0.0002653861462503,0.1162078227781438,0.0029442383411134,0.2633392073760464,0.0021647666683978,0.0033292214261645,0.262211298475298,0.0021906022399512,0.0216142157048873,0.0407380646723071,0.2165398494057969,0.0130251733947593,0.0334039701952673,0.238401743041493,220x220,90x90x41,fb9fd433e09cca60c4872ad3f74adaac539b462ec0d6da9375f0892e63dd4af3,0.0234890504261567,0.0454385789444941,0.2415250484037522,0.0148710840892809,0.0383635060087757,0.2737975949628504,True,fixed_saved_checkpoint_against_canonical_fv1024,0.35,1024.0,2.0,9df6008a0562c9de764fe48c4653a682a99912fe95983f1faff9d4bbf759572c,XPINN,state_scaled_space_time_rel_l2,0.0505555145192022,True,success
2d_shallowwater,xpinn,XPINN,42,XPINN,,,,,,,,,,,,,,,,,,,,,,,,,,,,,,,,,,,,,1.0,0.0282842712474619,0.7,0.0176148358732461,0.9967939257621764,0.0062793862905221,0.0146312793862905,,,,,0.0165868364274501,,,,3000,7000,10000,2026-07-05 06:30:01,AdamW,False,6334.313695669174,333840,,,,,,,,finite_volume_1024x1024_order2,False,finite_volume_1024x1024_order2,bilinear_space_linear_time_from_canonical_fv1024,,41,,state_scaled_space_time_rel_l2,,,,,,,,,,,,,,,,,,,,,,,,,,,,,,,,,,,,,,,,,,,,,,,,,,4.0,2.0,0.0,0.1,512.0,2048.0,1.0,20.0,True,0.0009561101323924,0.0001295554684475,,,,,,,,,,,,,,,,,,,,,,,,,,,,,,,,,,,0.0034266253152907,0.0067856460591306,,,,,,,,0.0014969473628982,0.0006466923301694,,0.0014545574734548,,,,,,,,,0.0179702858285415,0.0439031282537974,0.0392623077368184,0.0289069553792204,0.0567478550430073,0.0512425559464271,,,,,,,0.9817869663238524,1.6461076736450195,,,0.0,,,,,,,,,,,,,2026-07-20T09:43:41,,0.0505724710668257,,0.0632191173328917,,,,,,,,,,,,1024.0,,,,,,,,,,,,,,,,,,,,,,,,,,0.0055012032153576,0.0103719618838797,0.0044893401900849,0.0094140980860706,,,,,,,,,,,,,,True,99a7e10726006ea95089f7a1933427d8042fd6127fa2bb6a754f474aa64de29b,True,False,2ae46355a8467a7af35215dfaebd3b31b01b313d7c8ed2c399b8e6817ed088d0,0.0168159787367104,0.0135965082573816,0.0002653861462503,0.0197737909810209,0.0038013011210597,0.1986574935441048,0.000605328855614,0.0027268705049089,0.2312962498226779,0.0004440653524121,0.0216857999014321,0.0399870227143608,0.2125477473317462,0.0136937943790214,0.0353045210613557,0.2519658384638596,220x220,90x90x41,8102b629bb30837701b0620965d26dace45326d7ec02c64fac9dbd7a801a906c,0.0228953784455199,0.045237476553756,0.2404561051008279,0.0141419639834185,0.0373481677415948,0.2665511984639412,True,fixed_saved_checkpoint_against_canonical_fv1024,0.35,1024.0,2.0,9df6008a0562c9de764fe48c4653a682a99912fe95983f1faff9d4bbf759572c,XPINN,state_scaled_space_time_rel_l2,0.0505724710668257,True,success
2d_shallowwater,xpinn,XPINN,100,XPINN,,,,,,,,,,,,,,,,,,,,,,,,,,,,,,,,,,,,,1.0,0.0282842712474619,0.7,0.0145893599838018,0.9216545820236206,0.0012373174956693,0.0157757980697847,,,,,0.0168255679309368,,,,3000,7000,10000,2026-07-05 09:10:11,AdamW,False,9561.055675506592,333840,,,,,,,,finite_volume_1024x1024_order2,False,finite_volume_1024x1024_order2,bilinear_space_linear_time_from_canonical_fv1024,,41,,state_scaled_space_time_rel_l2,,,,,,,,,,,,,,,,,,,,,,,,,,,,,,,,,,,,,,,,,,,,,,,,,,4.0,2.0,0.0,0.1,512.0,2048.0,1.0,20.0,True,0.0008135632961057,0.0001468166883569,,,,,,,,,,,,,,,,,,,,,,,,,,,,,,,,,,,0.0034427307131966,0.0069438925817075,,,,,,,,0.0021022407378244,0.0005664128059653,,0.0010468109236696,,,,,,,,,0.0197200777434607,0.0465553280266236,0.041634154295411,0.0319823005617908,0.0599313762838561,0.0541172331508289,,,,,,,0.9738056659698486,1.6907421350479126,,,0.0,,,,,,,,,,,,,2026-07-20T09:43:41,,0.0527312298017446,,0.06625290386441,,,,,,,,,,,,1024.0,,,,,,,,,,,,,,,,,,,,,,,,,,0.0028984201062817,0.0053599999197652,0.0010761692492144,0.0016425911484024,,,,,,,,,,,,,,True,c9a3467df54176b7c4118b6e96a544f4dcbc48f332856f572df9caef69fdc68b,True,False,13f1d7c951b6b74c6434b1bdcf00eedd8280412d6258b441451198723ad06869,0.0365431519699812,0.083215344603635,0.0002653861462503,0.0839526748128976,0.0017573974435846,0.2108904348095867,0.0016791118263482,0.00265555865376,0.1786646423633241,0.0019266536656806,0.0232369275757356,0.0425627490307161,0.2262388098095688,0.0141789865258995,0.0355531153399641,0.2537400380270832,220x220,90x90x41,be08c54b24b08820bc7329f30ed7ff27b75d25151948d5fe3b03ed26cca81168,0.0252890053194679,0.0456306322293217,0.2425458919246455,0.0152465259436498,0.0382607483729843,0.2730642210752469,True,fixed_saved_checkpoint_against_canonical_fv1024,0.35,1024.0,2.0,9df6008a0562c9de764fe48c4653a682a99912fe95983f1faff9d4bbf759572c,XPINN,state_scaled_space_time_rel_l2,0.0527312298017446,True,success
2d_shallowwater,xpinn,XPINN,2026,XPINN,,,,,,,,,,,,,,,,,,,,,,,,,,,,,,,,,,,,,1.0,0.0282842712474619,0.7,0.0144005771726369,0.8156094551086426,0.0016085127443702,0.0135795595149715,,,,,0.0166030991822481,,,,3000,7000,10000,2026-07-05 02:54:43,AdamW,False,7239.62464761734,333840,,,,,,,,finite_volume_1024x1024_order2,False,finite_volume_1024x1024_order2,bilinear_space_linear_time_from_canonical_fv1024,,41,,state_scaled_space_time_rel_l2,,,,,,,,,,,,,,,,,,,,,,,,,,,,,,,,,,,,,,,,,,,,,,,,,,4.0,2.0,0.0,0.1,512.0,2048.0,1.0,20.0,True,0.0008287826785817,0.0001205216103699,,,,,,,,,,,,,,,,,,,,,,,,,,,,,,,,,,,0.001749510004379,0.003316428240547,,,,,,,,0.0023265427487785,0.0019985652194286,,0.0018582513183367,,,,,,,,,0.0178126007325875,0.0419970335974655,0.0375576985677454,0.0285630807806472,0.0534304178258851,0.0482469544022223,,,,,,,0.9822849035263062,1.770451903343201,,,0.0,,,,,,,,,,,,,2026-07-20T09:43:41,,0.0483724833285046,,0.0600368519786901,,,,,,,,,,,,1024.0,,,,,,,,,,,,,,,,,,,,,,,,,,0.0028554080029937,0.0050067484689171,0.004337236462517,0.009160256408564,,,,,,,,,,,,,,True,118b239762b8b7ad11acdeb6bffcea2bc396fa61fe54a74e2fa0a5c682130536,True,False,f576b55c5f33d4e3859d677c88d45075f89ec57faa802672baf02cec4796fc90,0.0126790181363352,0.0138216997208571,0.0002653861462503,0.0177584120193633,0.0020997660365971,0.187264849551649,0.0017348807690151,0.0025211966663085,0.2522134945851107,0.0018162095910477,0.0216852405779221,0.0399430402143462,0.2123139619517521,0.0133384939378984,0.0332911198072783,0.2375963379042526,220x220,90x90x41,fd062835cabe6adf40d1dc2ca75dc8f833f2a34a7f5284b20549d1ec4aaee89e,0.0221650282968011,0.0423215973720318,0.2249569878998757,0.0141068614351458,0.0361602058349651,0.2580727994128141,True,fixed_saved_checkpoint_against_canonical_fv1024,0.35,1024.0,2.0,9df6008a0562c9de764fe48c4653a682a99912fe95983f1faff9d4bbf759572c,XPINN,state_scaled_space_time_rel_l2,0.0483724833285046,True,success
2d_shallowwater,xpinn,XPINN,31415,XPINN,,,,,,,,,,,,,,,,,,,,,,,,,,,,,,,,,,,,,1.0,0.0282842712474619,0.7,0.0145745323970913,0.7419014573097229,0.0008970551843603,0.0155902004454342,,,,,0.0163801722228527,,,,3000,7000,10000,2026-07-05 11:13:05,AdamW,False,7368.167083501816,333840,,,,,,,,finite_volume_1024x1024_order2,False,finite_volume_1024x1024_order2,bilinear_space_linear_time_from_canonical_fv1024,,41,,state_scaled_space_time_rel_l2,,,,,,,,,,,,,,,,,,,,,,,,,,,,,,,,,,,,,,,,,,,,,,,,,,4.0,2.0,0.0,0.1,512.0,2048.0,1.0,20.0,True,0.000871984870173,0.0001248807820957,,,,,,,,,,,,,,,,,,,,,,,,,,,,,,,,,,,0.0020393314391476,0.0031757087574674,,,,,,,,0.0014528404787541,0.0005930940487163,,0.0008376743861366,,,,,,,,,0.019133100940877,0.0456311779264114,0.0408076923307922,0.0314187213532053,0.0591342512279385,0.0533974398609644,,,,,,,0.981886386871338,1.6820673942565918,,,0.0,,,,,,,,,,,,,2026-07-20T09:43:41,,0.0518647692023521,,0.0654182838345924,,,,,,,,,,,,1024.0,,,,,,,,,,,,,,,,,,,,,,,,,,0.0024049226735383,0.0049463591672589,0.0023284744054566,0.0049249342572175,,,,,,,,,,,,,,True,6f5144c3efdbe6c0b7ecb9ff00ee9651e07f5718cf2e3d8f769958d22dd1f4e7,True,False,3917c7d8c91fe0e8477ef2e14d8fc8a87e1b6d55ea3f3e259b302296f6b796dd,0.028843808630394,0.0780784861275283,0.0002653861462503,0.0813212613794913,0.0017290891023968,0.2295656047524332,0.0007071681336789,0.0022753841414926,0.0991676115373188,0.0016775765970717,0.0228459510283129,0.0419490838661003,0.2229769228397189,0.0141893636680429,0.0348523886842701,0.2487390020682875,220x220,90x90x41,15f7fb1e257756ca2085b13355203d7c06e1eeaee6e4f88a5d6c5361a89e28cc,0.0243317534685164,0.0452382921283882,0.2404604402210513,0.0149518207082553,0.0381236337448982,0.2720856437941295,True,fixed_saved_checkpoint_against_canonical_fv1024,0.35,1024.0,2.0,9df6008a0562c9de764fe48c4653a682a99912fe95983f1faff9d4bbf759572c,XPINN,state_scaled_space_time_rel_l2,0.0518647692023521,True,success
2d_shallowwater,cpinn,cPINN,7,cPINN,,,,,,,,,,,,,,,,,,,,,,,,,,,,,,,,,,,,,1.0,0.0282842712474619,0.7,0.0573009923100471,0.9999997615814208,0.0512558772581044,0.071238554813165,,,,,0.018609058111906,,,,3000,7000,10000,2026-07-04 02:37:27,AdamW,False,2972.022191762924,333840,,,,,,,,finite_volume_1024x1024_order2,False,finite_volume_1024x1024_order2,bilinear_space_linear_time_from_canonical_fv1024,,41,,state_scaled_space_time_rel_l2,,4.0,2.0,0.0,0.0,1000.0,4000.0,20.0,20.0,True,6.385713277268224e-06,5.488859642355237e-06,,,,,,,,,,,,,,,,,,,,,,,,,,,,,,,,,,,,,,,,,,,,,,,,,,,,,,,,,,,,,,,,,,,,,,,,,,,,,,,,,,,0.0004703370692463,0.0007079229102036,,,,,,,,0.0001578855710258,8.977480993511977e-05,,0.000101163489245,,,,,,,,,0.0083068194357259,0.0274477037070428,0.0245463189635401,0.0095839892405207,0.0307500930941024,0.0277669237813165,,,,,,,0.9895594716072084,2.0118775367736816,,,0.0,,,,,,,,,,,,,2026-07-20T09:43:41,,0.0323470825240872,,0.0357827946747007,,,,,,,,,,,,1024.0,,,,,,,,,,,,,,,,,,,,,,,,,,0.0001538739851805,0.0003689343062611,0.0006587448958898,0.0002978790421837,,,,,,,,,,,,,,True,51ddda96581d8403679fb83cc561f0cb16f7be78dc84834d8f9c3344756836e6,True,False,6af3e5e94f0a39ebf028bd03cf1c19bc6e445192e6a384518b48318c6091833b,0.0129471544715447,0.0031090980941133,0.0002653861462503,0.0132586876170908,0.0002623188473413,0.1264657658600555,0.0001580467180736,0.0002899937634023,0.0657273802016292,0.0002170836374915,0.0068667788500136,0.026062715789681,0.1385342332189879,0.0063596342522816,0.0242522051716394,0.1730862514761168,220x220,90x90x41,3f77eed175aba428820e234046024f9e41432e9daa745d90d7806c656d89f714,0.0067081216174513,0.0257071634989404,0.1366443241103409,0.0063558091518105,0.0237228845552605,0.1693085281445831,True,fixed_saved_checkpoint_against_canonical_fv1024,0.35,1024.0,2.0,9df6008a0562c9de764fe48c4653a682a99912fe95983f1faff9d4bbf759572c,cPINN,state_scaled_space_time_rel_l2,0.0323470825240872,True,success
2d_shallowwater,cpinn,cPINN,42,cPINN,,,,,,,,,,,,,,,,,,,,,,,,,,,,,,,,,,,,,1.0,0.0282842712474619,0.7,0.0606485120952129,0.999992609024048,0.0557720861172977,0.0727233358079683,,,,,0.018589423969388,,,,3000,7000,10000,2026-07-04 03:23:45,AdamW,False,2769.5165786743164,333840,,,,,,,,finite_volume_1024x1024_order2,False,finite_volume_1024x1024_order2,bilinear_space_linear_time_from_canonical_fv1024,,41,,state_scaled_space_time_rel_l2,,4.0,2.0,0.0,0.0,1000.0,4000.0,20.0,20.0,True,6.805516022723168e-06,6.0395573200366925e-06,,,,,,,,,,,,,,,,,,,,,,,,,,,,,,,,,,,,,,,,,,,,,,,,,,,,,,,,,,,,,,,,,,,,,,,,,,,,,,,,,,,0.0001758879064195,9.867089919661248e-05,,,,,,,,0.0002083892993463,0.000127760882338,,0.000185921174234,,,,,,,,,0.0083484627862164,0.0280957440010029,0.0251258575627087,0.0094680754989628,0.0315705548260542,0.0285077897782706,,,,,,,0.9904454350471495,2.012861490249634,,,0.0,,,,,,,,,,,,,2026-07-20T09:43:41,,0.0330971691140476,,0.0366852059876896,,,,,,,,,,,,1024.0,,,,,,,,,,,,,,,,,,,,,,,,,,9.152446904605091e-05,8.966892553224372e-05,0.0002167409562612,0.0003932609745105,,,,,,,,,,,,,,True,549fe7ce1450676effa767b573a56a57f39dc762f41bc165073a3ac310fa5870,True,False,ae6ad1366151559547193c9130b183392e26cfa6973301e1c6966bf104e6d6ef,0.0131003752345215,0.0026966418994155,0.0002653861462503,0.0133293257708023,0.0001811326716285,0.0659394694014239,9.370571788924065e-05,0.0001997028144441,0.1285170671247708,0.0001480175323904,0.0069254432606561,0.0263387533736094,0.1400014884098032,0.0064296090726245,0.0245694750116334,0.1753505836027148,220x220,90x90x41,9b85afa87ce28f5c5227dd9dfef50208ef40a975996fefc43b5f41d151d467f2,0.0068665263843266,0.0266301399671336,0.1415503300052039,0.0063198772848951,0.024494549935042,0.1748158486968791,True,fixed_saved_checkpoint_against_canonical_fv1024,0.35,1024.0,2.0,9df6008a0562c9de764fe48c4653a682a99912fe95983f1faff9d4bbf759572c,cPINN,state_scaled_space_time_rel_l2,0.0330971691140476,True,success
2d_shallowwater,cpinn,cPINN,100,cPINN,,,,,,,,,,,,,,,,,,,,,,,,,,,,,,,,,,,,,1.0,0.0282842712474619,0.7,0.0588993802666664,0.9999769926071168,0.0528334570650829,0.0735894580549369,,,,,0.0186126884073019,,,,3000,7000,10000,2026-07-04 04:06:25,AdamW,False,2552.58877325058,333840,,,,,,,,finite_volume_1024x1024_order2,False,finite_volume_1024x1024_order2,bilinear_space_linear_time_from_canonical_fv1024,,41,,state_scaled_space_time_rel_l2,,4.0,2.0,0.0,0.0,1000.0,4000.0,20.0,20.0,True,8.185482329281513e-06,7.370901130343554e-06,,,,,,,,,,,,,,,,,,,,,,,,,,,,,,,,,,,,,,,,,,,,,,,,,,,,,,,,,,,,,,,,,,,,,,,,,,,,,,,,,,,0.0003697478874331,0.0006415879395807,,,,,,,,0.0002507555634649,0.0001498121405749,,0.000141467680184,,,,,,,,,0.0083258223580596,0.0280965457185305,0.0251265745339482,0.0094969912736909,0.031524494578143,0.028466197988965,,,,,,,0.9885886907577516,2.001684188842773,,,0.0,,,,,,,,,,,,,2026-07-20T09:43:41,,0.0331875338965549,,0.0367977642924283,,,,,,,,,,,,1024.0,,,,,,,,,,,,,,,,,,,,,,,,,,0.001188919079455,0.0026267984443562,0.0005505870520712,0.0011011103443489,,,,,,,,,,,,,,True,f5c4ea058056495a2a4d85bfea9b77c1ffcf88a662b7f33fa0b56a75513124ac,True,False,c7ac4fe23f01bea3da0c4f3e90bfa66de1d76f9b7f62ee628a90fc338b522a6b,0.0132919011882426,0.0028539295152936,0.0002653861462503,0.0135468298673073,0.0006253099054377,0.0491870984310991,0.0003688289226272,0.0003721036747467,0.0619136073413604,0.0002763742120328,0.00708249158922,0.0264351094845605,0.1405136614333012,0.0065163572392935,0.0244620458998178,0.1745838697252767,220x220,90x90x41,9a11711e2fded80f380184bc025241b026068ad8c7b37aa1646485ac85380528,0.006946156251032,0.0270326607957078,0.1436898965335424,0.0064524343122849,0.0249073170793138,0.17776173824502,True,fixed_saved_checkpoint_against_canonical_fv1024,0.35,1024.0,2.0,9df6008a0562c9de764fe48c4653a682a99912fe95983f1faff9d4bbf759572c,cPINN,state_scaled_space_time_rel_l2,0.0331875338965549,True,success
2d_shallowwater,cpinn,cPINN,2026,cPINN,,,,,,,,,,,,,,,,,,,,,,,,,,,,,,,,,,,,,1.0,0.0282842712474619,0.7,0.0581755302846431,0.9999642372131348,0.0527406582529077,0.0712076218757733,,,,,0.0186148900538682,,,,3000,7000,10000,2026-07-04 01:47:47,AdamW,False,2999.1455500125885,333840,,,,,,,,finite_volume_1024x1024_order2,False,finite_volume_1024x1024_order2,bilinear_space_linear_time_from_canonical_fv1024,,41,,state_scaled_space_time_rel_l2,,4.0,2.0,0.0,0.0,1000.0,4000.0,20.0,20.0,True,7.262950020958669e-06,6.549261343025137e-06,,,,,,,,,,,,,,,,,,,,,,,,,,,,,,,,,,,,,,,,,,,,,,,,,,,,,,,,,,,,,,,,,,,,,,,,,,,,,,,,,,,0.0003653064308149,0.0006693580047935,,,,,,,,0.0001835958778145,9.110119262929651e-05,,8.605118473781438e-05,,,,,,,,,0.0084571983871472,0.0279907641910186,0.0250319747400103,0.0097641713352508,0.0316241439744716,0.0285561800642791,,,,,,,0.9903368949890136,2.0103249549865723,,,0.0,,,,,,,,,,,,,2026-07-20T09:43:41,,0.0329956482763567,,0.0368496444849886,,,,,,,,,,,,1024.0,,,,,,,,,,,,,,,,,,,,,,,,,,0.00087998472501,0.0010215645017031,0.0013273824103612,0.0020426329221075,,,,,,,,,,,,,,True,729f16b880525a2168b0c675a3d18af824c2d88373a4d68bb9bc87f89d42a7f8,True,False,a5671f80906775621ebcfffbbd71bde6c298736dea0c67fd3579ee4341f7a2ea,0.0122576610381488,0.0030142072016022,0.0002653861462503,0.0125753088418446,0.000362910718681,0.0581187532870476,0.0001984472075421,0.0004138749770929,0.1287349165433526,0.0002345735560613,0.0070777284456373,0.0270696735693095,0.1438866349030812,0.0063364076797085,0.0247365139457096,0.1765427285126397,220x220,90x90x41,afd6d12747b3bca5b62377cc8d8ddf6cc9d138139e3dde3be21da452858917b8,0.0069981443691028,0.0263414014090187,0.1400155638253477,0.0064128377730628,0.024217347252916,0.1728374730065551,True,fixed_saved_checkpoint_against_canonical_fv1024,0.35,1024.0,2.0,9df6008a0562c9de764fe48c4653a682a99912fe95983f1faff9d4bbf759572c,cPINN,state_scaled_space_time_rel_l2,0.0329956482763567,True,success
2d_shallowwater,cpinn,cPINN,31415,cPINN,,,,,,,,,,,,,,,,,,,,,,,,,,,,,,,,,,,,,1.0,0.0282842712474619,0.7,0.0605491623282432,0.9999796152114868,0.0553080920564216,0.0738369215540707,,,,,0.0186024531722068,,,,3000,7000,10000,2026-07-04 04:55:18,AdamW,False,2924.686560869217,333840,,,,,,,,finite_volume_1024x1024_order2,False,finite_volume_1024x1024_order2,bilinear_space_linear_time_from_canonical_fv1024,,41,,state_scaled_space_time_rel_l2,,4.0,2.0,0.0,0.0,1000.0,4000.0,20.0,20.0,True,7.420928341161925e-06,6.862421741971048e-06,,,,,,,,,,,,,,,,,,,,,,,,,,,,,,,,,,,,,,,,,,,,,,,,,,,,,,,,,,,,,,,,,,,,,,,,,,,,,,,,,,,0.0004417829773492,0.0008193771977067,,,,,,,,0.0003595126871746,0.0001532871904085,,0.000162377526746,,,,,,,,,0.0082093281931136,0.0272819261038424,0.0243980650342279,0.0094782627136009,0.0311411466686931,0.0281200399415455,,,,,,,0.9904381036758424,2.0056655406951904,,,0.0,,,,,,,,,,,,,2026-07-20T09:43:41,,0.0322183944692448,,0.0363665062073848,,,,,,,,,,,,1024.0,,,,,,,,,,,,,,,,,,,,,,,,,,0.000546131694497,0.0010235079266727,0.0007379100377285,0.0012654567658416,,,,,,,,,,,,,,True,2d479d1972a9d8208ea47303215ea1cf68974c4450cd4f7464a9bf6fb4231d31,True,False,55a0ac712cbe025b5884d6b1f6d2e8c0505ec8ad3778a52a68fb28c9c0ccfc82,0.0134068167604753,0.002076975121559,0.0002653861462503,0.0135338261559938,0.0004120887736885,0.2219645138737102,0.0003349108093095,0.000451581798266,0.082864751829115,0.0002511600087553,0.0070560324213564,0.0266807478286449,0.1418193319521189,0.0064809973180961,0.0241424850273517,0.1723031866639987,220x220,90x90x41,c3a09d72841eecadc276a653b0d7b56597da212a301ab3d59edcdb95453105b8,0.0069074996919375,0.0261941991480196,0.1392331222517157,0.0062612753236609,0.02377239098293,0.1696618519734322,True,fixed_saved_checkpoint_against_canonical_fv1024,0.35,1024.0,2.0,9df6008a0562c9de764fe48c4653a682a99912fe95983f1faff9d4bbf759572c,cPINN,state_scaled_space_time_rel_l2,0.0322183944692448,True,success
2d_shallowwater,gpinn_subsampled,gPINN-subsampled,7,gPINN-subsampled,,,,,,,,,,,,,,,,,,,,,,,,,,,,,,,,,,,,,1.0,0.0282842712474619,0.7,0.0338147394359111,0.8742837905883789,0.0273447166542934,0.0584013857955951,,,,,0.0184200350195169,,,,3000,7000,10000,2026-07-02 10:28:28,AdamW,False,4644.367248296738,83459,,,,,,,,finite_volume_1024x1024_order2,False,finite_volume_1024x1024_order2,bilinear_space_linear_time_from_canonical_fv1024,,41,,state_scaled_space_time_rel_l2,,,,,,,,,,,,,0.0001,1024.0,512.0,False,112.2887191772461,0.0112288719177246,,,,,,,,,,,,,,,,,,,,,,,,,,,,,,,,,,,,,,,,,,,,,,,,,,,,,,,,,,,,,,,,,,,,,,,,,,,,,0.001634463200984,0.0034050134810926,,,,,,,,0.0003336597847618,0.0003080247865952,,0.0003421736044123,,,,,,,,,0.0137803165505019,0.0368546714994473,0.0329589145808873,0.0163737051432021,0.0402423559671125,0.036338310505269,,,,,,,0.987922191619873,2.0125348567962646,,,0.0,,,,,,,,,,,,,2026-07-20T09:43:41,,0.0435211625125074,,0.0467059203579489,,,,,,,,,,,,1024.0,,,,,,,,,,,,,,,,,,,,,,,,,,0.002002511008154,0.0034637334987184,0.0007170265281236,0.0010614440735777,,,,,,,,,,,,,,True,d9fe8ca1dc1b4fb9eca76c35696775edeee78a3362cb875721cb889f972320a2,True,False,e2874881d7348679163e878b51bd069258ed04a463106bc0242fa376786d0060,0.0179268292682926,0.0034466158354027,0.0002653861462503,0.0182377767305055,0.0005011520470638,0.0927415253906551,0.0002978742764756,0.0003361485694731,0.0680111995452398,0.0001772178394128,0.0118517461848977,0.0337380898176869,0.1793320558334576,0.0102972680052217,0.0323181295689937,0.2306521762548012,220x220,90x90x41,2fb8d7eea68931e8bc3aec4d53aeb894d80b9b8d11560f6664b1ad20f19e1d9e,0.0114875465303606,0.0335853032189334,0.1785199311694258,0.0101616189603705,0.0324039406032762,0.2312646034610747,True,fixed_saved_checkpoint_against_canonical_fv1024,0.35,1024.0,2.0,9df6008a0562c9de764fe48c4653a682a99912fe95983f1faff9d4bbf759572c,gPINN-sub.,state_scaled_space_time_rel_l2,0.0435211625125074,True,success
2d_shallowwater,gpinn_subsampled,gPINN-subsampled,42,gPINN-subsampled,,,,,,,,,,,,,,,,,,,,,,,,,,,,,,,,,,,,,1.0,0.0282842712474619,0.7,0.0356764197349548,0.8738625645637512,0.0285511012125711,0.0640621133382826,,,,,0.0184599682688713,,,,3000,7000,10000,2026-07-02 11:45:24,AdamW,False,4612.497804641724,83459,,,,,,,,finite_volume_1024x1024_order2,False,finite_volume_1024x1024_order2,bilinear_space_linear_time_from_canonical_fv1024,,41,,state_scaled_space_time_rel_l2,,,,,,,,,,,,,0.0001,1024.0,512.0,False,92.76947021484376,0.0092769470214843,,,,,,,,,,,,,,,,,,,,,,,,,,,,,,,,,,,,,,,,,,,,,,,,,,,,,,,,,,,,,,,,,,,,,,,,,,,,,0.0006775495570392,0.0007951649635028,,,,,,,,0.0001473923856337,0.000111774580507,,0.0001572270199105,,,,,,,,,0.0137290711198718,0.0369122848965821,0.0330104379009339,0.0159522827720877,0.0396879564229882,0.0358376951139924,,,,,,,0.9904003143310548,2.009798765182495,,,0.0,,,,,,,,,,,,,2026-07-20T09:43:41,,0.0435059709990627,,0.0459583508606286,,,,,,,,,,,,1024.0,,,,,,,,,,,,,,,,,,,,,,,,,,0.0006719497298237,0.0007719456882556,0.0006358751054753,0.0011043328121392,,,,,,,,,,,,,,True,08aa7864930f15a7d9deda8142419cc6258865c17d8cbfa56bbfbfa3f1f72262,True,False,03cf899d1930b26aaadda6dc9f44eb723aaa9f0fcaf7981f3bcd359a51c08e9c,0.0161264853033145,0.0030794609924587,0.0002653861462503,0.0164089350877656,0.0002347782445722,0.1151390315968766,0.0001844968109616,0.0002903019450496,0.1335428672214418,0.0002027563155564,0.0109666202686134,0.0330959161008907,0.1759186339871826,0.0099196039689987,0.0323275608682926,0.2307194867624704,220x220,90x90x41,b05cde0c87797f7f57f32f1fb1fabe75aa2d47c4ff40f188475f8c657767d006,0.011090197482002,0.0329347816738264,0.1750621371248192,0.0100489265495119,0.0322109866934436,0.2298875052250913,True,fixed_saved_checkpoint_against_canonical_fv1024,0.35,1024.0,2.0,9df6008a0562c9de764fe48c4653a682a99912fe95983f1faff9d4bbf759572c,gPINN-sub.,state_scaled_space_time_rel_l2,0.0435059709990627,True,success
2d_shallowwater,gpinn_subsampled,gPINN-subsampled,100,gPINN-subsampled,,,,,,,,,,,,,,,,,,,,,,,,,,,,,,,,,,,,,1.0,0.0282842712474619,0.7,0.0335199646651744,0.8517017364501953,0.0274684484038604,0.0566072754268745,,,,,0.0183714590966701,,,,3000,7000,10000,2026-07-02 13:03:17,AdamW,False,4668.549679040909,83459,,,,,,,,finite_volume_1024x1024_order2,False,finite_volume_1024x1024_order2,bilinear_space_linear_time_from_canonical_fv1024,,41,,state_scaled_space_time_rel_l2,,,,,,,,,,,,,0.0001,1024.0,512.0,False,120.43683242797852,0.0120436832427978,,,,,,,,,,,,,,,,,,,,,,,,,,,,,,,,,,,,,,,,,,,,,,,,,,,,,,,,,,,,,,,,,,,,,,,,,,,,,0.0008162971603884,0.0008158579661769,,,,,,,,0.0001923767369015,0.0001211131066621,,0.0001455174195297,,,,,,,,,0.0141780487051423,0.0367806558242731,0.0328927228006743,0.0170152220803359,0.0398959730554646,0.0360255313576598,,,,,,,0.9877690672874452,1.9999897480010984,,,0.0,,,,,,,,,,,,,2026-07-20T09:43:41,,0.0434021241743046,,0.046160847828941,,,,,,,,,,,,1024.0,,,,,,,,,,,,,,,,,,,,,,,,,,0.0004704076035084,0.0005277281735954,0.0004306286635973,0.0008054104338093,,,,,,,,,,,,,,True,76b2c1fbb83269ab7946a07a6d6b0cb8d2b98cb5c20d3acda4478cc4e68014ed,True,False,6a7019fcfdec32e192500c1c08c1082a41556430a87bcb6dadfa29d84fe76bf7,0.0164712320200125,0.0024598971968171,0.0002653861462503,0.0166482661457082,0.0002637532592305,0.1278216764536298,0.0001978876186892,0.0004907370569799,0.0650109223816618,0.0002988280474147,0.0113324457174419,0.0335886260040126,0.1785375931616295,0.0103133039631958,0.0323473235612798,0.2308605316870045,220x220,90x90x41,391751aec62e5dafd23f8249c5ed6fd66e644401de57b11f97ea84ec2ab362e4,0.0110505213702479,0.0326467354290787,0.1735310508800185,0.0101010256579856,0.0321363636106956,0.2293549256276882,True,fixed_saved_checkpoint_against_canonical_fv1024,0.35,1024.0,2.0,9df6008a0562c9de764fe48c4653a682a99912fe95983f1faff9d4bbf759572c,gPINN-sub.,state_scaled_space_time_rel_l2,0.0434021241743046,True,success
2d_shallowwater,gpinn_subsampled,gPINN-subsampled,2026,gPINN-subsampled,,,,,,,,,,,,,,,,,,,,,,,,,,,,,,,,,,,,,1.0,0.0282842712474619,0.7,0.0327304936945438,0.8626635670661926,0.0267260579064587,0.0578755258599356,,,,,0.0183844231069087,,,,3000,7000,10000,2026-07-02 09:11:00,AdamW,False,5236.051893234253,83459,,,,,,,,finite_volume_1024x1024_order2,False,finite_volume_1024x1024_order2,bilinear_space_linear_time_from_canonical_fv1024,,41,,state_scaled_space_time_rel_l2,,,,,,,,,,,,,0.0001,1024.0,512.0,False,108.74897384643556,0.0108748973846435,,,,,,,,,,,,,,,,,,,,,,,,,,,,,,,,,,,,,,,,,,,,,,,,,,,,,,,,,,,,,,,,,,,,,,,,,,,,,0.0004272275316516,0.0007893189952339,,,,,,,,0.0002338094068291,0.000197481536793,,0.0001414309998517,,,,,,,,,0.0137321982021822,0.0370492990561188,0.0331329688528273,0.016169152963355,0.0398941649347597,0.036023898648788,,,,,,,0.9890605211257936,1.988440752029419,,,0.0,,,,,,,,,,,,,2026-07-20T09:43:41,,0.0436477169190945,,0.0461039483285691,,,,,,,,,,,,1024.0,,,,,,,,,,,,,,,,,,,,,,,,,,0.0004579672499192,0.0009401081307941,0.0015045523010267,0.002369056788656,,,,,,,,,,,,,,True,3dae1c42953e1be7e6bba63686e7da21797d4fc126aeabc986544a3b133e3c8d,True,False,aebaa09d905360cb1f3762570e816f5cef3c749092e3c2200593b81459c42718,0.0173139462163852,0.0032503032155854,0.0002653861462503,0.0176183890972968,0.0003220876509735,0.0430119041137685,0.0002535595189665,0.0003766427894693,0.0583485859300477,0.0002313316056763,0.0114566039685199,0.0331797024190744,0.1763639933057388,0.0103933775781143,0.0325450095795685,0.2322714026421475,220x220,90x90x41,7f920a05e869ceaf59625e6ec976ab7a7fcb00454070f52fc81727b44a12aca8,0.0114402137239515,0.0328656733378583,0.1746947974197157,0.0102453108511847,0.0321644540021668,0.2295554047399108,True,fixed_saved_checkpoint_against_canonical_fv1024,0.35,1024.0,2.0,9df6008a0562c9de764fe48c4653a682a99912fe95983f1faff9d4bbf759572c,gPINN-sub.,state_scaled_space_time_rel_l2,0.0436477169190945,True,success
2d_shallowwater,gpinn_subsampled,gPINN-subsampled,31415,gPINN-subsampled,,,,,,,,,,,,,,,,,,,,,,,,,,,,,,,,,,,,,1.0,0.0282842712474619,0.7,0.0342077203094959,0.8870050311088562,0.0292006928977975,0.0539470428111853,,,,,0.0183307230472564,,,,3000,7000,10000,2026-07-02 14:28:44,AdamW,False,5123.105454206467,83459,,,,,,,,finite_volume_1024x1024_order2,False,finite_volume_1024x1024_order2,bilinear_space_linear_time_from_canonical_fv1024,,41,,state_scaled_space_time_rel_l2,,,,,,,,,,,,,0.0001,1024.0,512.0,False,222.5221290588379,0.0222522129058837,,,,,,,,,,,,,,,,,,,,,,,,,,,,,,,,,,,,,,,,,,,,,,,,,,,,,,,,,,,,,,,,,,,,,,,,,,,,,0.0008333542749393,0.0008255109387215,,,,,,,,0.0002865515375009,0.0002425380733035,,0.0001862252232056,,,,,,,,,0.0138180892352674,0.0363190102766635,0.0324798759199053,0.0162360451630947,0.0392790195030764,0.0354684305315468,,,,,,,0.9879581332206726,1.9877482652664185,,,0.0,,,,,,,,,,,,,2026-07-20T09:43:41,,0.0426738046230767,,0.0454047478853937,,,,,,,,,,,,1024.0,,,,,,,,,,,,,,,,,,,,,,,,,,0.0016628739039845,0.0030097363759464,0.0024783477084561,0.0036189956316831,,,,,,,,,,,,,,True,cfc24af417e776d743e965dd7e2cd710316ac6daa6e3f6893567329e20477cf9,True,False,7b28f067d5a3f5249794eb974799059658db2d78a20f7a26a13559c408f6d532,0.0161264853033145,0.0034735437591699,0.0002653861462503,0.0165059373746142,0.0005254555745896,0.1137263359090859,0.0004504994946986,0.0003771286317736,0.0455844989551075,0.0003224501652942,0.0112829218244323,0.0326816106500805,0.1737164272636161,0.0100155478601552,0.0315315818899107,0.2250386417981933,220x220,90x90x41,fb27a1fc3e58f35e265128e02e5ea5fb2ddb3eebdfe7489728d8fdde33526a65,0.011431088114772,0.0323866507512838,0.172148592056422,0.0100181302260908,0.0315136739376863,0.2249108340256552,True,fixed_saved_checkpoint_against_canonical_fv1024,0.35,1024.0,2.0,9df6008a0562c9de764fe48c4653a682a99912fe95983f1faff9d4bbf759572c,gPINN-sub.,state_scaled_space_time_rel_l2,0.0426738046230767,True,success
